antecedents,consequents,antecedent support,consequent support,support,confidence,lift,representativity,leverage,conviction,zhangs_metric,jaccard,certainty,kulczynski
RED RETROSPOT CHARLOTTE BAG + ROUND SNACK BOXES SET OF4 WOODLAND ,WOODLAND CHARLOTTE BAG,0.0215633423180593,0.1752021563342318,0.0215633423180593,1.0,5.707692307692308,1.0,0.01778539824616212,inf,0.8429752066115703,0.12307692307692308,1.0,0.5615384615384615
RED SPOTTY BOWL + RED SPOTTY PLATE ,RED SPOTTY CUP,0.022911051212938006,0.06064690026954178,0.022911051212938006,1.0,16.488888888888887,1.0,0.02152156697495659,inf,0.9613793103448277,0.37777777777777777,1.0,0.6888888888888889
BLUE  SPOTTY CUP + PINK SPOTTY BOWL,PINK  SPOTTY CUP,0.02021563342318059,0.03504043126684636,0.02021563342318059,1.0,28.53846153846154,1.0,0.01950726890969987,inf,0.9848693259972489,0.5769230769230769,1.0,0.7884615384615384
CHARLOTTE BAG SUKI DESIGN + ROUND SNACK BOXES SET OF 4 FRUITS ,WOODLAND CHARLOTTE BAG,0.02021563342318059,0.1752021563342318,0.02021563342318059,1.0,5.707692307692308,1.0,0.016673810855776985,inf,0.8418156808803301,0.11538461538461538,1.0,0.5576923076923077
PINK  SPOTTY PLATE  + PINK SPOTTY BOWL,PINK  SPOTTY CUP,0.0215633423180593,0.03504043126684636,0.0215633423180593,1.0,28.53846153846154,1.0,0.020807753503679863,inf,0.9862258953168044,0.6153846153846154,1.0,0.8076923076923077
BLUE STRIPE CERAMIC DRAWER KNOB + WHITE SPOT RED CERAMIC DRAWER KNOB,RED STRIPE CERAMIC DRAWER KNOB,0.02425876010781671,0.05256064690026954,0.022911051212938006,0.9444444444444445,17.96866096866097,1.0,0.021635995088672706,17.053908355795176,0.9678258043548911,0.42499999999999993,0.9413624150466257,0.6901709401709402
PINK  SPOTTY CUP + PINK SPOTTY BOWL,PINK  SPOTTY PLATE ,0.022911051212938006,0.02830188679245283,0.0215633423180593,0.9411764705882353,33.25490196078431,1.0,0.02091491634033464,16.518867924528298,0.9926724137931036,0.7272727272727272,0.9394631639063392,0.8515406162464987
PINK  SPOTTY CUP + RED SPOTTY PLATE ,RED SPOTTY CUP,0.022911051212938006,0.06064690026954178,0.0215633423180593,0.9411764705882353,15.518954248366013,1.0,0.020173858080077885,15.969002695417787,0.9575,0.3478260869565218,0.9373786817452949,0.6483660130718955
JAM JAR WITH GREEN LID,JAM JAR WITH PINK LID,0.0215633423180593,0.04043126684636118,0.02021563342318059,0.9374999999999999,23.1875,1.0,0.019343800175819704,15.353099730458194,0.9779614325068872,0.48387096774193544,0.9348665730337078,0.71875
JUMBO BAG RED RETROSPOT + WOODLAND CHARLOTTE BAG,JUMBO BAG WOODLAND ANIMALS,0.0215633423180593,0.09838274932614555,0.02021563342318059,0.9374999999999999,9.529109589041095,1.0,0.018094172521269096,14.425876010781646,0.9147842056932967,0.20270270270270271,0.9306801195814648,0.5714897260273972
BLUE  SPOTTY CUP + RED SPOTTY BOWL,RED SPOTTY CUP,0.0215633423180593,0.06064690026954178,0.02021563342318059,0.9374999999999999,15.45833333333333,1.0,0.018907883552139258,15.029649595687305,0.9559228650137741,0.3260869565217391,0.9334648493543758,0.6354166666666666
BLUE STRIPE CERAMIC DRAWER KNOB + RED SPOT CERAMIC DRAWER KNOB,RED STRIPE CERAMIC DRAWER KNOB,0.0215633423180593,0.05256064690026954,0.02021563342318059,0.9374999999999999,17.83653846153846,1.0,0.019082250201611438,15.159029649595661,0.9647382920110193,0.37499999999999994,0.9340327169274536,0.6610576923076923
CHILDS BREAKFAST SET CIRCUS PARADE + ROUND SNACK BOXES SET OF4 WOODLAND ,ROUND SNACK BOXES SET OF 4 FRUITS ,0.0215633423180593,0.1752021563342318,0.02021563342318059,0.9374999999999999,5.350961538461537,1.0,0.01643768935128341,13.196765498652267,0.8310376492194675,0.11450381679389313,0.9242238562091504,0.5264423076923076
COFFEE MUG PEARS  DESIGN,COFFEE MUG APPLES DESIGN,0.03369272237196765,0.0673854447439353,0.03099730458221024,0.92,13.652800000000001,1.0,0.02872690550054126,11.657681940700815,0.9590685828633799,0.4423076923076924,0.9142196531791908,0.6900000000000001
PINK  SPOTTY PLATE ,PINK  SPOTTY CUP,0.02830188679245283,0.03504043126684636,0.025606469002695417,0.9047619047619047,25.820512820512818,1.0,0.024614758683822405,10.132075471698101,0.9892692897291773,0.6785714285714287,0.9013035381750465,0.8177655677655677
BLUE SPOTTY BOWL + RED SPOTTY CUP,RED SPOTTY BOWL,0.025606469002695417,0.04177897574123989,0.022911051212938006,0.8947368421052632,21.41595925297114,1.0,0.02184123916565558,9.103099730458222,0.9783581482385485,0.5151515151515151,0.8901473092012733,0.7215619694397284
CHARLOTTE BAG SUKI DESIGN + ROUND SNACK BOXES SET OF4 WOODLAND ,WOODLAND CHARLOTTE BAG,0.025606469002695417,0.1752021563342318,0.022911051212938006,0.8947368421052632,5.106882591093117,1.0,0.018424742627560102,7.835579514824798,0.8253193393539988,0.12878787878787878,0.8723770209838323,0.512753036437247
JUMBO BAG PINK POLKADOT,JUMBO BAG RED RETROSPOT,0.025606469002695417,0.07142857142857142,0.022911051212938006,0.8947368421052632,12.526315789473685,1.0,0.021082017712745475,8.821428571428573,0.9443495240419819,0.3090909090909091,0.8866396761133604,0.6077457795431976
SPACEBOY CHILDRENS BOWL,SPACEBOY CHILDRENS CUP,0.025606469002695417,0.026954177897574125,0.022911051212938006,0.8947368421052632,33.194736842105264,1.0,0.022220849892110636,9.243935309973047,0.9953624603368318,0.7727272727272727,0.8918209651552704,0.8723684210526316
PINK SPOTTY BOWL,PINK  SPOTTY CUP,0.025606469002695417,0.03504043126684636,0.022911051212938006,0.8947368421052632,25.534412955465587,1.0,0.022013789495862426,9.167115902964959,0.9860873810104955,0.6071428571428571,0.8909144369303147,0.7742914979757085
RED RETROSPOT CHARLOTTE BAG,WOODLAND CHARLOTTE BAG,0.04851752021563342,0.1752021563342318,0.0431266846361186,0.888888888888889,5.073504273504274,1.0,0.03462631047434994,7.423180592991917,0.8438385269121812,0.23880597014925373,0.8652868554829342,0.5675213675213675
BLUE  SPOTTY CUP + PINK  SPOTTY CUP,RED SPOTTY CUP,0.02425876010781671,0.06064690026954178,0.0215633423180593,0.888888888888889,14.65679012345679,1.0,0.020092123713137802,8.454177897574128,0.9549378453038674,0.3404255319148936,0.8817152877411127,0.6222222222222222
ROUND SNACK BOXES SET OF4 WOODLAND  + SET/6 RED SPOTTY PAPER CUPS,SET/6 RED SPOTTY PAPER PLATES,0.02425876010781671,0.06064690026954178,0.0215633423180593,0.888888888888889,14.65679012345679,1.0,0.020092123713137802,8.454177897574128,0.9549378453038674,0.3404255319148936,0.8817152877411127,0.6222222222222222
ROUND SNACK BOXES SET OF4 WOODLAND  + SET/6 RED SPOTTY PAPER PLATES,SET/6 RED SPOTTY PAPER CUPS,0.02425876010781671,0.05929919137466307,0.0215633423180593,0.888888888888889,14.989898989898991,1.0,0.020124817459913836,8.466307277628037,0.9564917127071824,0.3478260869565218,0.8818847500795925,0.6262626262626263
LUNCH BOX WITH CUTLERY RETROSPOT  + ROUND SNACK BOXES SET OF4 WOODLAND ,ROUND SNACK BOXES SET OF 4 FRUITS ,0.03638814016172507,0.1752021563342318,0.03234501347708895,0.8888888888888888,5.073504273504273,1.0,0.025969732855762456,7.42318059299191,0.8332167832167832,0.1804511278195489,0.8652868554829338,0.5367521367521367
SWEETHEART CERAMIC TRINKET BOX,STRAWBERRY CERAMIC TRINKET BOX,0.03504043126684636,0.06873315363881402,0.03099730458221024,0.8846153846153846,12.870286576168928,1.0,0.02858886523637579,8.070979335130275,0.9557930531940735,0.4259259259259259,0.8760992986752755,0.6677978883861236
BLUE  SPOTTY PLATE ,RED SPOTTY CUP,0.022911051212938006,0.06064690026954178,0.02021563342318059,0.8823529411764706,14.549019607843137,1.0,0.018826149185199176,7.9845013477088935,0.953103448275862,0.3191489361702128,0.8747573634905899,0.6078431372549019
ROUND SNACK BOXES SET OF 4 FRUITS  + WOODLAND DESIGN  COTTON TOTE BAG,ROUND SNACK BOXES SET OF4 WOODLAND ,0.022911051212938006,0.2722371967654987,0.02021563342318059,0.8823529411764706,3.2411182294700054,1.0,0.01397839306601957,6.18598382749326,0.7076781609195402,0.07352941176470587,0.8383442265795207,0.4783051834595224
BLUE  SPOTTY PLATE ,PINK  SPOTTY CUP,0.022911051212938006,0.03504043126684636,0.02021563342318059,0.8823529411764706,25.18099547511312,1.0,0.01941282030790244,8.202156334231804,0.9828045977011495,0.5357142857142857,0.8780808412750575,0.7296380090497737
PINK  SPOTTY CUP + PINK SPOTTY BOWL,BLUE  SPOTTY CUP,0.022911051212938006,0.03773584905660377,0.02021563342318059,0.8823529411764706,23.38235294117647,1.0,0.019351065452881046,8.179245283018867,0.9796781609195403,0.4999999999999999,0.8777393310265282,0.7090336134453781
PLASTERS IN TIN STRONGMAN + PLASTERS IN TIN WOODLAND ANIMALS + ROUND SNACK BOXES SET OF4 WOODLAND ,PLASTERS IN TIN CIRCUS PARADE ,0.022911051212938006,0.12129380053908356,0.02021563342318059,0.8823529411764706,7.2745098039215685,1.0,0.01743666494721776,7.469002695417788,0.8827586206896552,0.1630434782608695,0.866113316492241,0.5245098039215687
ROUND SNACK BOXES SET OF 4 FRUITS  + SPACEBOY LUNCH BOX ,ROUND SNACK BOXES SET OF4 WOODLAND ,0.03099730458221024,0.2722371967654987,0.026954177897574125,0.8695652173913044,3.1941455015066724,1.0,0.01851555859082686,5.579514824797847,0.7089012517385257,0.0975609756097561,0.8207729468599035,0.4842875591907017
BLUE SPOTTY BOWL,RED SPOTTY BOWL,0.03099730458221024,0.04177897574123989,0.026954177897574125,0.8695652173913044,20.813464235624124,1.0,0.025659142261390138,7.346361185983833,0.9824061196105702,0.5882352941176472,0.8638781874885343,0.7573632538569426
GUMBALL COAT RACK + ROUND SNACK BOXES SET OF 4 FRUITS ,ROUND SNACK BOXES SET OF4 WOODLAND ,0.029649595687331536,0.2722371967654987,0.025606469002695417,0.8636363636363636,3.172367236723672,1.0,0.017534746187545858,5.336927223719677,0.7057017543859647,0.09268292682926828,0.8126262626262625,0.47884788478847884
LUNCH BOX WITH CUTLERY RETROSPOT  + ROUND SNACK BOXES SET OF 4 FRUITS ,ROUND SNACK BOXES SET OF4 WOODLAND ,0.03773584905660377,0.2722371967654987,0.03234501347708895,0.8571428571428572,3.1485148514851486,1.0,0.022071911712353152,5.094339622641512,0.7091503267973857,0.11650485436893204,0.8037037037037038,0.487977369165488
PLASTERS IN TIN CIRCUS PARADE  + RED TOADSTOOL LED NIGHT LIGHT,ROUND SNACK BOXES SET OF4 WOODLAND ,0.02830188679245283,0.2722371967654987,0.02425876010781671,0.8571428571428571,3.148514851485148,1.0,0.01655393378426486,5.094339622641508,0.7022653721682848,0.08780487804878047,0.8037037037037035,0.4731258840169731
SPACEBOY CHILDRENS CUP,SPACEBOY CHILDRENS BOWL,0.026954177897574125,0.025606469002695417,0.022911051212938006,0.85,33.194736842105264,1.0,0.022220849892110636,6.495956873315364,0.9967410787029494,0.7727272727272727,0.846058091286307,0.8723684210526316
PLASTERS IN TIN CIRCUS PARADE  + PLASTERS IN TIN WOODLAND ANIMALS + ROUND SNACK BOXES SET OF 4 FRUITS ,ROUND SNACK BOXES SET OF4 WOODLAND ,0.026954177897574125,0.2722371967654987,0.022911051212938006,0.85,3.1222772277227717,1.0,0.015573121380983863,4.851752021563342,0.6985497800228124,0.08292682926829267,0.7938888888888888,0.46707920792079205
BLUE SPOTTY BOWL + RED SPOTTY BOWL,RED SPOTTY CUP,0.026954177897574125,0.06064690026954178,0.022911051212938006,0.85,14.015555555555554,1.0,0.02127636387413634,6.262353998203054,0.9543751018412905,0.35416666666666663,0.8403156384505022,0.6138888888888889
PINK SPOTTY BOWL,PINK  SPOTTY CUP + PINK  SPOTTY PLATE ,0.025606469002695417,0.025606469002695417,0.0215633423180593,0.8421052631578948,32.88642659279779,1.0,0.0209076510632733,6.171159029649599,0.9950726141078838,0.7272727272727274,0.8379558855645338,0.8421052631578948
CHARLOTTE BAG SUKI DESIGN,WOODLAND CHARLOTTE BAG,0.05121293800539083,0.1752021563342318,0.0431266846361186,0.8421052631578948,4.806477732793523,1.0,0.03415406746536279,5.223719676549867,0.8346946022727273,0.23529411764705882,0.8085655314757484,0.5441295546558704
PINK  SPOTTY CUP + PINK  SPOTTY PLATE ,PINK SPOTTY BOWL,0.025606469002695417,0.025606469002695417,0.0215633423180593,0.8421052631578948,32.88642659279779,1.0,0.0209076510632733,6.171159029649599,0.9950726141078838,0.7272727272727274,0.8379558855645338,0.8421052631578948
JUMBO BAG WOODLAND ANIMALS + ROUND SNACK BOXES SET OF 4 FRUITS ,ROUND SNACK BOXES SET OF4 WOODLAND ,0.025606469002695417,0.2722371967654987,0.0215633423180593,0.8421052631578948,3.0932777488275143,1.0,0.014592308977702865,4.609164420485177,0.6945020746887967,0.07804878048780486,0.7830409356725145,0.460656591974987
BIG DOUGHNUT FRIDGE MAGNETS + WOODLAND CHARLOTTE BAG,SAVE THE PLANET COTTON TOTE BAG,0.025606469002695417,0.0646900269541779,0.0215633423180593,0.8421052631578948,13.017543859649123,1.0,0.01990685914807361,5.923629829290209,0.9474412171507607,0.3137254901960784,0.8311845897163659,0.5877192982456141
PINK SPOTTY BOWL,PINK  SPOTTY PLATE ,0.025606469002695417,0.02830188679245283,0.0215633423180593,0.8421052631578948,29.75438596491228,1.0,0.020838630931190563,6.154088050314468,0.9917876901798064,0.6666666666666669,0.8375063873275422,0.8020050125313284
SET/6 RED SPOTTY PAPER CUPS,SET/6 RED SPOTTY PAPER PLATES,0.05929919137466307,0.06064690026954178,0.04986522911051213,0.8409090909090909,13.865656565656566,1.0,0.04626891696514847,5.904505198305738,0.986370324479207,0.7115384615384616,0.8306377983565932,0.8315656565656566
ROUND SNACK BOXES SET OF 4 FRUITS  + WOODLAND CHARLOTTE BAG,ROUND SNACK BOXES SET OF4 WOODLAND ,0.05660377358490566,0.2722371967654987,0.04716981132075472,0.8333333333333334,3.061056105610561,1.0,0.03176015867365102,4.366576819407009,0.7137142857142856,0.16746411483253587,0.7709876543209876,0.5033003300330033
BLUE  SPOTTY CUP + PINK  SPOTTY CUP,PINK SPOTTY BOWL,0.02425876010781671,0.025606469002695417,0.02021563342318059,0.8333333333333333,32.54385964912281,1.0,0.01959445223443596,5.846361185983826,0.9933701657458562,0.6818181818181819,0.8289534347625633,0.8114035087719298
SAVE THE PLANET COTTON TOTE BAG + STRAWBERRY CERAMIC TRINKET BOX,BIG DOUGHNUT FRIDGE MAGNETS,0.02425876010781671,0.06199460916442048,0.02021563342318059,0.8333333333333333,13.442028985507246,1.0,0.01871172107148306,5.628032345013475,0.9486187845303867,0.30612244897959173,0.8223180076628351,0.5797101449275361
BLUE STRIPE CERAMIC DRAWER KNOB,RED STRIPE CERAMIC DRAWER KNOB,0.03908355795148248,0.05256064690026954,0.03234501347708895,0.8275862068965517,15.745358090185675,1.0,0.030290756387994857,5.495148247978436,0.974579242636746,0.5454545454545455,0.8180212880757345,0.7214854111405835
RED SPOTTY PLATE ,RED SPOTTY CUP,0.03908355795148248,0.06064690026954178,0.03234501347708895,0.8275862068965517,13.645977011494253,1.0,0.029974716835826535,5.448247978436657,0.9644109396914444,0.48,0.8164547568396576,0.6804597701149425
PLASTERS IN TIN SPACEBOY + PLASTERS IN TIN STRONGMAN,PLASTERS IN TIN WOODLAND ANIMALS,0.03099730458221024,0.13881401617250674,0.025606469002695417,0.8260869565217391,5.951034191642043,1.0,0.021303608663116366,4.951819407008086,0.8585755069175024,0.1775700934579439,0.798054024630877,0.5052764879696074
BLUE SPOTTY BOWL,RED SPOTTY CUP,0.03099730458221024,0.06064690026954178,0.025606469002695417,0.8260869565217391,13.621256038647342,1.0,0.023726578563073503,5.401280323450135,0.9562257521411318,0.3877551020408163,0.814858711246959,0.6241545893719807
SET/6 RED SPOTTY PAPER PLATES,SET/6 RED SPOTTY PAPER CUPS,0.06064690026954178,0.05929919137466307,0.04986522911051213,0.8222222222222222,13.865656565656565,1.0,0.04626891696514847,5.291442048517519,0.9877854899375702,0.7115384615384616,0.811015600127348,0.8315656565656566
PLASTERS IN TIN WOODLAND ANIMALS + ROUND SNACK BOXES SET OF 4 FRUITS ,ROUND SNACK BOXES SET OF4 WOODLAND ,0.0444743935309973,0.2722371967654987,0.03638814016172507,0.8181818181818182,3.0054005400540054,1.0,0.024280555939000734,4.0026954177897585,0.6983231468421877,0.12980769230769232,0.75016835016835,0.47592259225922595
PLASTERS IN TIN CIRCUS PARADE  + ROUND SNACK BOXES SET OF 4 FRUITS ,ROUND SNACK BOXES SET OF4 WOODLAND ,0.05121293800539083,0.2722371967654987,0.04177897574123989,0.8157894736842105,2.9966128191766543,1.0,0.02783690906052702,3.950712360415864,0.7022543988269795,0.14832535885167464,0.7468810916179336,0.484627410109432
RED SPOT CERAMIC DRAWER KNOB + ROUND SNACK BOXES SET OF4 WOODLAND ,RED STRIPE CERAMIC DRAWER KNOB,0.02830188679245283,0.05256064690026954,0.022911051212938006,0.8095238095238095,15.401709401709402,1.0,0.02142348573462849,4.974056603773585,0.9623072529982866,0.39534883720930236,0.7989568515884305,0.6227106227106227
CHILDRENS CUTLERY SPACEBOY ,CHILDRENS CUTLERY DOLLY GIRL ,0.02830188679245283,0.029649595687331536,0.022911051212938006,0.8095238095238095,27.303030303030305,1.0,0.022071911712353152,5.09433962264151,0.9914334665905197,0.6538461538461539,0.8037037037037037,0.7911255411255411
ROUND SNACK BOXES SET OF 4 FRUITS  + WOODLAND PARTY BAG + STICKER SET,ROUND SNACK BOXES SET OF4 WOODLAND ,0.02830188679245283,0.2722371967654987,0.022911051212938006,0.8095238095238095,2.9735973597359733,1.0,0.015206224889386156,3.8207547169811322,0.6830382638492289,0.0825242718446602,0.7382716049382716,0.44684111268269683
PINK  SPOTTY CUP,RED SPOTTY CUP,0.03504043126684636,0.06064690026954178,0.02830188679245283,0.8076923076923077,13.317948717948717,1.0,0.026176793252010666,4.884636118598383,0.9584996009577016,0.41999999999999993,0.7952764595519258,0.6371794871794871
RED SPOTTY BOWL,RED SPOTTY CUP,0.04177897574123989,0.06064690026954178,0.03369272237196765,0.8064516129032258,13.297491039426522,1.0,0.031158956996825072,4.853324348607366,0.9651195499296765,0.4901960784313725,0.793955662516777,0.6810035842293907
ROUND SNACK BOXES SET OF 4 FRUITS  + STRAWBERRY LUNCH BOX WITH CUTLERY,ROUND SNACK BOXES SET OF4 WOODLAND ,0.026954177897574125,0.2722371967654987,0.0215633423180593,0.8,2.9386138613861386,1.0,0.014225412486105158,3.6388140161725078,0.6779778393351801,0.07766990291262134,0.7251851851851853,0.4396039603960396
ROUND SNACK BOXES SET OF 4 FRUITS ,ROUND SNACK BOXES SET OF4 WOODLAND ,0.1752021563342318,0.2722371967654987,0.14016172506738545,0.8,2.9386138613861386,1.0,0.09246518115968352,3.6388140161725078,0.7998366013071896,0.45614035087719296,0.7251851851851853,0.6574257425742573
PINK SPOTTY BOWL,BLUE SPOTTY BOWL,0.025606469002695417,0.03099730458221024,0.02021563342318059,0.7894736842105263,25.469107551487415,1.0,0.019421901904229117,4.602762803234501,0.9859843245735361,0.5555555555555555,0.7827391845399312,0.7208237986270023
PINK SPOTTY BOWL,BLUE  SPOTTY CUP,0.025606469002695417,0.03773584905660377,0.02021563342318059,0.7894736842105263,20.92105263157895,1.0,0.019249351574022276,4.570754716981132,0.9772245274319963,0.46875,0.781217750257998,0.6625939849624061
PINK  POLKADOT CUP,RED RETROSPOT CUP,0.025606469002695417,0.05256064690026954,0.02021563342318059,0.7894736842105263,15.020242914979757,1.0,0.01886974084756722,4.50033692722372,0.9579529737206085,0.34883720930232553,0.7777944149135285,0.5870445344129555
CHILDS BREAKFAST SET CIRCUS PARADE + ROUND SNACK BOXES SET OF 4 FRUITS ,ROUND SNACK BOXES SET OF4 WOODLAND ,0.025606469002695417,0.2722371967654987,0.02021563342318059,0.7894736842105263,2.8999478895257944,1.0,0.013244600082824156,3.4568733153638815,0.6723835869064083,0.07281553398058252,0.7107212475633529,0.43186555497655027
PINK SPOTTY BOWL,BLUE  SPOTTY CUP + PINK  SPOTTY CUP,0.025606469002695417,0.02425876010781671,0.02021563342318059,0.7894736842105263,32.54385964912281,1.0,0.01959445223443596,4.634770889487871,0.994744121715076,0.6818181818181819,0.7842396045362025,0.8114035087719298
BLUE  SPOTTY CUP,RED SPOTTY CUP,0.03773584905660377,0.06064690026954178,0.029649595687331536,0.7857142857142857,12.955555555555554,1.0,0.027361033413009203,4.383647798742138,0.9590017825311943,0.4313725490196079,0.7718794835007173,0.6373015873015873
BIG DOUGHNUT FRIDGE MAGNETS + SAVE THE PLANET COTTON TOTE BAG,WOODLAND DESIGN  COTTON TOTE BAG,0.03099730458221024,0.09433962264150944,0.02425876010781671,0.782608695652174,8.295652173913043,1.0,0.021334486090627065,4.1660377358490575,0.9075876989646113,0.23999999999999996,0.759963768115942,0.5198757763975155
BIG DOUGHNUT FRIDGE MAGNETS + WOODLAND DESIGN  COTTON TOTE BAG,SAVE THE PLANET COTTON TOTE BAG,0.03099730458221024,0.0646900269541779,0.02425876010781671,0.782608695652174,12.097826086956522,1.0,0.02225354363888667,4.3024258760107825,0.946685210941122,0.339622641509434,0.7675729858413733,0.5788043478260869
PLASTERS IN TIN STRONGMAN + ROUND SNACK BOXES SET OF 4 FRUITS ,PLASTERS IN TIN CIRCUS PARADE ,0.03099730458221024,0.12129380053908356,0.02425876010781671,0.782608695652174,6.452173913043478,1.0,0.02049897922857288,4.042048517520216,0.8720445062586927,0.18947368421052635,0.7526006935182715,0.49130434782608695
PLASTERS IN TIN SPACEBOY + PLASTERS IN TIN STRONGMAN,PLASTERS IN TIN CIRCUS PARADE ,0.03099730458221024,0.12129380053908356,0.02425876010781671,0.782608695652174,6.452173913043478,1.0,0.02049897922857288,4.042048517520216,0.8720445062586927,0.18947368421052635,0.7526006935182715,0.49130434782608695
PLASTERS IN TIN STRONGMAN + PLASTERS IN TIN WOODLAND ANIMALS,PLASTERS IN TIN CIRCUS PARADE ,0.0431266846361186,0.12129380053908356,0.03369272237196765,0.7812499999999999,6.440972222222221,1.0,0.028461722887802323,4.016942626107045,0.8828169014084506,0.25773195876288657,0.7510544478527607,0.5295138888888888
PLASTERS IN TIN STRONGMAN + ROUND SNACK BOXES SET OF4 WOODLAND ,PLASTERS IN TIN CIRCUS PARADE ,0.03638814016172507,0.12129380053908356,0.02830188679245283,0.7777777777777778,6.412345679012345,1.0,0.023888230977688336,3.954177897574124,0.875924075924076,0.21875,0.7471029311520109,0.5055555555555555
CHILDRENS CUTLERY DOLLY GIRL ,CHILDRENS CUTLERY SPACEBOY ,0.029649595687331536,0.02830188679245283,0.022911051212938006,0.7727272727272727,27.3030303030303,1.0,0.022071911712353152,4.275471698113207,0.9928104575163399,0.6538461538461539,0.766107678729038,0.7911255411255411
RED SPOT CERAMIC DRAWER KNOB + RED STRIPE CERAMIC DRAWER KNOB,WHITE SPOT RED CERAMIC DRAWER KNOB,0.029649595687331536,0.05525606469002695,0.022911051212938006,0.7727272727272727,13.984478935698448,1.0,0.02127273123560567,4.156873315363881,0.9568627450980391,0.3695652173913044,0.7594345739852159,0.5936807095343681
RED SPOT CERAMIC DRAWER KNOB + RED STRIPE CERAMIC DRAWER KNOB,ROUND SNACK BOXES SET OF4 WOODLAND ,0.029649595687331536,0.2722371967654987,0.022911051212938006,0.7727272727272727,2.838433843384338,1.0,0.014839328397788449,3.202156334231806,0.6674836601307189,0.08212560386473429,0.6877104377104377,0.4284428442844284
PLASTERS IN TIN CIRCUS PARADE  + RED TOADSTOOL LED NIGHT LIGHT,PLASTERS IN TIN WOODLAND ANIMALS,0.02830188679245283,0.13881401617250674,0.0215633423180593,0.761904761904762,5.488673139158577,1.0,0.017634643747139297,3.616981132075473,0.841626213592233,0.14814814814814817,0.7235263432446531,0.45862228386500237
PINK  SPOTTY PLATE ,PINK SPOTTY BOWL,0.02830188679245283,0.025606469002695417,0.0215633423180593,0.761904761904762,29.754385964912284,1.0,0.020838630931190563,4.09245283018868,0.9945388349514563,0.6666666666666669,0.7556477639465192,0.8020050125313284
PINK  SPOTTY CUP + RED SPOTTY CUP,BLUE  SPOTTY CUP,0.02830188679245283,0.03773584905660377,0.0215633423180593,0.761904761904762,20.190476190476193,1.0,0.020495346590042214,4.041509433962266,0.9781553398058254,0.4848484848484849,0.7525676937441644,0.6666666666666667
PINK  SPOTTY PLATE ,PINK  SPOTTY CUP + PINK SPOTTY BOWL,0.02830188679245283,0.022911051212938006,0.0215633423180593,0.761904761904762,33.254901960784316,1.0,0.02091491634033464,4.103773584905661,0.9981796116504855,0.7272727272727272,0.7563218390804598,0.8515406162464987
PINK  SPOTTY CUP + RED SPOTTY CUP,RED SPOTTY PLATE ,0.02830188679245283,0.03908355795148248,0.0215633423180593,0.761904761904762,19.49425287356322,1.0,0.020457203885470173,4.035849056603775,0.9763349514563107,0.4705882352941176,0.7522206638616177,0.6568144499178983
BLUE POLKADOT CUP,RED RETROSPOT CUP,0.03369272237196765,0.05256064690026954,0.025606469002695417,0.76,14.45948717948718,1.0,0.02383555771899361,3.9476639712488772,0.963297364750789,0.42222222222222217,0.7466856330014225,0.6235897435897436
LUNCH BAG WOODLAND + ROUND SNACK BOXES SET OF 4 FRUITS ,ROUND SNACK BOXES SET OF4 WOODLAND ,0.03369272237196765,0.2722371967654987,0.025606469002695417,0.76,2.7916831683168315,1.0,0.01643405671275274,3.032345013477089,0.6641708874697203,0.09134615384615384,0.6702222222222222,0.427029702970297
ALARM CLOCK BAKELIKE GREEN,ALARM CLOCK BAKELIKE RED ,0.026954177897574125,0.03504043126684636,0.02021563342318059,0.7499999999999999,21.40384615384615,1.0,0.019271147405206294,3.8598382749326126,0.979686057248384,0.48387096774193544,0.7409217877094972,0.6634615384615383
LUNCH BAG RED RETROSPOT,LUNCH BAG WOODLAND,0.026954177897574125,0.0876010781671159,0.02021563342318059,0.7499999999999999,8.56153846153846,1.0,0.017854418378244852,3.6495956873315345,0.9076638965835642,0.21428571428571425,0.7259970457902509,0.4903846153846153
6 RIBBONS RUSTIC CHARM + ROUND SNACK BOXES SET OF 4 FRUITS ,ROUND SNACK BOXES SET OF4 WOODLAND ,0.026954177897574125,0.2722371967654987,0.02021563342318059,0.7499999999999999,2.754950495049504,1.0,0.012877703591226449,2.911051212938004,0.6546629732225299,0.07246376811594202,0.6564814814814812,0.41212871287128705
RED STRIPE CERAMIC DRAWER KNOB + ROUND SNACK BOXES SET OF4 WOODLAND ,RED SPOT CERAMIC DRAWER KNOB,0.03099730458221024,0.04582210242587601,0.022911051212938006,0.7391304347826088,16.130434782608695,1.0,0.02149068954744589,3.6576819407008094,0.9680111265646731,0.42499999999999993,0.726602800294768,0.6195652173913044
SAVE THE PLANET COTTON TOTE BAG + WOODLAND CHARLOTTE BAG,WOODLAND DESIGN  COTTON TOTE BAG,0.03099730458221024,0.09433962264150944,0.022911051212938006,0.7391304347826088,7.834782608695653,1.0,0.01998677719574836,3.471698113207548,0.9002699828192752,0.22368421052631574,0.7119565217391305,0.4909937888198758
BLUE SPOTTY BOWL,RED SPOTTY BOWL + RED SPOTTY CUP,0.03099730458221024,0.03369272237196765,0.022911051212938006,0.7391304347826088,21.93739130434783,1.0,0.021866667635370277,3.704177897574125,0.9849464125010228,0.5483870967741936,0.7300345643078043,0.7095652173913044
RED SPOT CERAMIC DRAWER KNOB + WHITE SPOT RED CERAMIC DRAWER KNOB,RED STRIPE CERAMIC DRAWER KNOB,0.03099730458221024,0.05256064690026954,0.022911051212938006,0.7391304347826088,14.062430323299889,1.0,0.021281812831932347,3.6318508535489675,0.9586026343778123,0.37777777777777777,0.7246582967406767,0.5875139353400223
COFFEE MUG APPLES DESIGN + ROUND SNACK BOXES SET OF4 WOODLAND ,ROUND SNACK BOXES SET OF 4 FRUITS ,0.03099730458221024,0.1752021563342318,0.022911051212938006,0.7391304347826088,4.218729096989967,1.0,0.017480256609585805,3.1617250673854453,0.7873680765769451,0.12500000000000003,0.6837169650468885,0.43494983277591975
PINK  SPOTTY CUP,PINK  SPOTTY PLATE ,0.03504043126684636,0.02830188679245283,0.025606469002695417,0.7307692307692307,25.820512820512818,1.0,0.024614758683822405,3.6091644204851745,0.9961775948250515,0.6785714285714287,0.7229275578790142,0.8177655677655677
BLUE  SPOTTY CUP + RED SPOTTY CUP,PINK  SPOTTY CUP,0.029649595687331536,0.03504043126684636,0.0215633423180593,0.7272727272727273,20.755244755244757,1.0,0.020524407698287575,3.538185085354897,0.9809027777777777,0.5,0.7173692229558152,0.6713286713286714
PLASTERS IN TIN STRONGMAN,PLASTERS IN TIN CIRCUS PARADE ,0.07277628032345014,0.12129380053908356,0.05256064690026954,0.7222222222222222,5.954320987654321,1.0,0.04373333527074055,3.163342318059299,0.8973613595706621,0.37142857142857144,0.6838786639400136,0.5777777777777777
PLASTERS IN TIN WOODLAND ANIMALS + RED TOADSTOOL LED NIGHT LIGHT,ROUND SNACK BOXES SET OF4 WOODLAND ,0.03369272237196765,0.2722371967654987,0.02425876010781671,0.7200000000000001,2.644752475247525,1.0,0.015086347817874034,2.5991528686946483,0.6435766310243297,0.08612440191387559,0.6152592592592593,0.4045544554455446
RED RETROSPOT PLATE ,RED RETROSPOT CUP,0.03773584905660377,0.05256064690026954,0.026954177897574125,0.7142857142857143,13.58974358974359,1.0,0.024970757259828107,3.316037735849057,0.9627450980392157,0.4255319148936171,0.6984352773826459,0.6135531135531136
PLASTERS IN TIN CIRCUS PARADE  + PLASTERS IN TIN STRONGMAN + ROUND SNACK BOXES SET OF4 WOODLAND ,PLASTERS IN TIN WOODLAND ANIMALS,0.02830188679245283,0.13881401617250674,0.02021563342318059,0.7142857142857142,5.1456310679611645,1.0,0.016286934852260588,3.0141509433962255,0.8291262135922329,0.13761467889908255,0.6682316118935836,0.4299583911234396
STRAWBERRY CHARLOTTE BAG,WOODLAND CHARLOTTE BAG,0.02830188679245283,0.1752021563342318,0.02021563342318059,0.7142857142857142,4.076923076923077,1.0,0.01525708182881554,2.8867924528301874,0.7766990291262136,0.11029411764705882,0.65359477124183,0.4148351648351648
PINK  SPOTTY PLATE ,RED SPOTTY PLATE ,0.02830188679245283,0.03908355795148248,0.02021563342318059,0.7142857142857142,18.275862068965512,1.0,0.019109494990591464,3.3632075471698104,0.9728155339805825,0.42857142857142844,0.702664796633941,0.6157635467980295
PINK HAPPY BIRTHDAY BUNTING,BLUE HAPPY BIRTHDAY BUNTING,0.02830188679245283,0.03099730458221024,0.02021563342318059,0.7142857142857142,23.043478260869563,1.0,0.019338351218023696,3.3915094339622627,0.9844660194174757,0.5172413793103448,0.7051460361613351,0.6832298136645962
RED SPOTTY CUP + RED SPOTTY PLATE ,RED SPOTTY BOWL,0.03234501347708895,0.04177897574123989,0.022911051212938006,0.7083333333333333,16.954301075268816,1.0,0.021559709679528628,3.2853292260300337,0.9724725544814026,0.4473684210526315,0.6956165025785278,0.6283602150537635
BLUE SPOT CERAMIC DRAWER KNOB,RED STRIPE CERAMIC DRAWER KNOB,0.03234501347708895,0.05256064690026954,0.022911051212938006,0.7083333333333333,13.476495726495726,1.0,0.021210976380584275,3.2483634963419323,0.9567425856136328,0.36956521739130427,0.6921526789947842,0.5721153846153846
COFFEE MUG APPLES DESIGN + ROUND SNACK BOXES SET OF 4 FRUITS ,ROUND SNACK BOXES SET OF4 WOODLAND ,0.03234501347708895,0.2722371967654987,0.022911051212938006,0.7083333333333333,2.6018976897689763,1.0,0.014105535414593034,2.4951867539468613,0.6362444699328199,0.08133971291866028,0.5992283950617282,0.3962458745874587
BLUE STRIPE CERAMIC DRAWER KNOB + RED STRIPE CERAMIC DRAWER KNOB,WHITE SPOT RED CERAMIC DRAWER KNOB,0.03234501347708895,0.05525606469002695,0.022911051212938006,0.7083333333333333,12.81910569105691,1.0,0.021123793055848186,3.2391220639199068,0.9528100933966902,0.35416666666666663,0.6912743699476936,0.5614837398373984
PLASTERS IN TIN SPACEBOY + ROUND SNACK BOXES SET OF 4 FRUITS ,ROUND SNACK BOXES SET OF4 WOODLAND ,0.03638814016172507,0.2722371967654987,0.025606469002695417,0.7037037037037036,2.5848918225155844,1.0,0.015700263729557323,2.4561994609164413,0.63629002576371,0.09047619047619046,0.592866941015089,0.3988815548221488
RED TOADSTOOL LED NIGHT LIGHT + ROUND SNACK BOXES SET OF 4 FRUITS ,ROUND SNACK BOXES SET OF4 WOODLAND ,0.04043126684636118,0.2722371967654987,0.02830188679245283,0.7000000000000001,2.5712871287128714,1.0,0.017294992044521618,2.4258760107816717,0.6368378812199037,0.0995260663507109,0.5877777777777778,0.401980198019802
SAVE THE PLANET COTTON TOTE BAG + WOODLAND CHARLOTTE BAG,BIG DOUGHNUT FRIDGE MAGNETS,0.03099730458221024,0.06199460916442048,0.0215633423180593,0.6956521739130436,11.221172022684312,1.0,0.019641676535334676,3.0820177127454764,0.9400208623087621,0.30188679245283023,0.675537231384308,0.5217391304347827
BIG DOUGHNUT FRIDGE MAGNETS + SAVE THE PLANET COTTON TOTE BAG,WOODLAND CHARLOTTE BAG,0.03099730458221024,0.1752021563342318,0.0215633423180593,0.6956521739130436,3.97056856187291,1.0,0.016132547714707103,2.7100500577589535,0.7720792767732964,0.11678832116788322,0.6310031258880366,0.4093645484949833
BLUE SPOTTY BOWL,BLUE  SPOTTY CUP,0.03099730458221024,0.03773584905660377,0.0215633423180593,0.6956521739130436,18.434782608695656,1.0,0.020393632711183444,3.161725067385446,0.976008344923505,0.45714285714285713,0.6837169650468884,0.6335403726708075
JUMBO BAG OWLS,JUMBO BAG WOODLAND ANIMALS,0.03099730458221024,0.09838274932614555,0.0215633423180593,0.6956521739130436,7.070875521143539,1.0,0.018513742271561526,2.9624566807855226,0.8860396383866481,0.20000000000000004,0.6624423214401769,0.4574151280524122
RED RETROSPOT BOWL,RED RETROSPOT CUP,0.03099730458221024,0.05256064690026954,0.0215633423180593,0.6956521739130436,13.235228539576367,1.0,0.01993410393705364,3.1130150173276867,0.9540159944367177,0.3478260869565218,0.6787680128641228,0.5529542920847269
PINK  SPOTTY CUP,BLUE  SPOTTY CUP,0.03504043126684636,0.03773584905660377,0.02425876010781671,0.6923076923076923,18.346153846153847,1.0,0.022936479682652697,3.1273584905660377,0.9798261949099939,0.5000000000000001,0.6802413273001509,0.6675824175824177
WHITE SPOT BLUE CERAMIC DRAWER KNOB,WHITE SPOT RED CERAMIC DRAWER KNOB,0.03504043126684636,0.05525606469002695,0.02425876010781671,0.6923076923076923,12.529080675422138,1.0,0.022322563770969406,3.0704177897574123,0.9536002482929858,0.3673469387755103,0.674311423241523,0.5656660412757973
PLASTERS IN TIN CIRCUS PARADE  + WOODLAND CHARLOTTE BAG,PLASTERS IN TIN WOODLAND ANIMALS,0.03504043126684636,0.13881401617250674,0.02425876010781671,0.6923076923076923,4.987303958177744,1.0,0.01939465711524909,2.7988544474393526,0.8285226567349474,0.16216216216216217,0.6427109666546286,0.43353248693054514
SAVE THE PLANET COTTON TOTE BAG,WOODLAND DESIGN  COTTON TOTE BAG,0.0646900269541779,0.09433962264150944,0.0444743935309973,0.6874999999999999,7.287499999999998,1.0,0.038371560799471086,2.8981132075471687,0.9224521875818705,0.38823529411764707,0.6549479166666665,0.5794642857142857
RED SPOT CERAMIC DRAWER KNOB + RED STRIPE CERAMIC DRAWER KNOB,BLUE STRIPE CERAMIC DRAWER KNOB,0.029649595687331536,0.03908355795148248,0.02021563342318059,0.6818181818181818,17.445141065830718,1.0,0.019056821731896746,3.0200231035810545,0.9714814814814816,0.4166666666666666,0.6688767053423434,0.5995297805642632
ROUND SNACK BOXES SET OF4 WOODLAND  + STRAWBERRY CERAMIC TRINKET BOX,BIG DOUGHNUT FRIDGE MAGNETS,0.029649595687331536,0.06199460916442048,0.02021563342318059,0.6818181818181818,10.99802371541502,1.0,0.018377518326661384,2.9480169426261065,0.9368518518518518,0.2830188679245283,0.6607889237199581,0.5039525691699605
BIG DOUGHNUT FRIDGE MAGNETS + ROUND SNACK BOXES SET OF4 WOODLAND ,SAVE THE PLANET COTTON TOTE BAG,0.029649595687331536,0.0646900269541779,0.02021563342318059,0.6818181818181818,10.539772727272727,1.0,0.018297600278986637,2.9395456295725833,0.9327777777777777,0.27272727272727265,0.6598113701860099,0.49715909090909083
BIG DOUGHNUT FRIDGE MAGNETS + ROUND SNACK BOXES SET OF4 WOODLAND ,STRAWBERRY CERAMIC TRINKET BOX,0.029649595687331536,0.06873315363881402,0.02021563342318059,0.6818181818181818,9.919786096256683,1.0,0.018177723207474517,2.926838659992298,0.9266666666666667,0.2586206896551724,0.6583344296803052,0.4879679144385026
BLUE  SPOTTY CUP + RED SPOTTY CUP,RED SPOTTY BOWL,0.029649595687331536,0.04177897574123989,0.02021563342318059,0.6818181818181818,16.319648093841643,1.0,0.018976903684221995,3.0115517905275313,0.9674074074074074,0.39473684210526316,0.6679452755402122,0.5828445747800586
RED SPOTTY BOWL + RED SPOTTY CUP,BLUE SPOTTY BOWL,0.03369272237196765,0.03099730458221024,0.022911051212938006,0.68,21.937391304347827,1.0,0.021866667635370277,3.028133423180593,0.987693822298794,0.5483870967741936,0.6697635605006954,0.7095652173913044
RED SPOTTY BOWL + RED SPOTTY CUP,RED SPOTTY PLATE ,0.03369272237196765,0.03908355795148248,0.022911051212938006,0.68,17.39862068965517,1.0,0.02159421974557,3.002863881401618,0.975387644597588,0.45945945945945954,0.6669845722300141,0.6331034482758621
ROUND SNACK BOXES SET OF4 WOODLAND  + SAVE THE PLANET COTTON TOTE BAG,WOODLAND DESIGN  COTTON TOTE BAG,0.04177897574123989,0.09433962264150944,0.02830188679245283,0.6774193548387097,7.180645161290323,1.0,0.02436047398667548,2.8075471698113215,0.8982653539615565,0.26249999999999996,0.6438172043010754,0.4887096774193549
RED SPOT CERAMIC DRAWER KNOB,WHITE SPOT RED CERAMIC DRAWER KNOB,0.04582210242587601,0.05525606469002695,0.03099730458221024,0.676470588235294,12.242467718794835,1.0,0.028465355526332996,2.920117618230825,0.9624170965364776,0.4423076923076923,0.6575480406142484,0.6187230989956958
SPACEBOY BIRTHDAY CARD,ROUND SNACK BOXES SET OF4 WOODLAND ,0.04851752021563342,0.2722371967654987,0.03234501347708895,0.6666666666666667,2.448844884488449,1.0,0.019136739779571494,2.1832884097035046,0.621813031161473,0.11214953271028037,0.5419753086419754,0.3927392739273928
BLUE SPOT CERAMIC DRAWER KNOB,WHITE SPOT RED CERAMIC DRAWER KNOB,0.03234501347708895,0.05525606469002695,0.0215633423180593,0.6666666666666666,12.065040650406504,1.0,0.01977608416096948,2.8342318059299187,0.9477715877437327,0.326530612244898,0.6471707085116499,0.5284552845528455
RED STRIPE CERAMIC DRAWER KNOB,WHITE SPOT RED CERAMIC DRAWER KNOB,0.05256064690026954,0.05525606469002695,0.03504043126684636,0.6666666666666666,12.065040650406504,1.0,0.0321361367615754,2.8342318059299187,0.9679943100995732,0.4814814814814815,0.6471707085116499,0.6504065040650406
ROBOT BIRTHDAY CARD,SPACEBOY BIRTHDAY CARD,0.03234501347708895,0.04851752021563342,0.0215633423180593,0.6666666666666666,13.74074074074074,1.0,0.0199940424728097,2.8544474393530996,0.9582172701949861,0.3636363636363637,0.6496694995278565,0.5555555555555556
RED SPOTTY CUP + RED SPOTTY PLATE ,PINK  SPOTTY CUP,0.03234501347708895,0.03504043126684636,0.0215633423180593,0.6666666666666666,19.025641025641026,1.0,0.020429959096490147,2.8948787061994605,0.9791086350974931,0.4705882352941176,0.654562383612663,0.641025641025641
BLUE SPOT CERAMIC DRAWER KNOB,WHITE SPOT BLUE CERAMIC DRAWER KNOB,0.03234501347708895,0.03504043126684636,0.0215633423180593,0.6666666666666666,19.025641025641026,1.0,0.020429959096490147,2.8948787061994605,0.9791086350974931,0.4705882352941176,0.654562383612663,0.641025641025641
PLASTERS IN TIN CIRCUS PARADE  + ROUND SNACK BOXES SET OF4 WOODLAND ,ROUND SNACK BOXES SET OF 4 FRUITS ,0.06334231805929919,0.1752021563342318,0.04177897574123989,0.6595744680851064,3.7646481178396076,1.0,0.03068126503004192,2.422843665768194,0.784033418426549,0.2123287671232877,0.5872618550966487,0.4490180032733224
PLASTERS IN TIN CIRCUS PARADE  + PLASTERS IN TIN SPACEBOY,PLASTERS IN TIN WOODLAND ANIMALS,0.04716981132075472,0.13881401617250674,0.03099730458221024,0.657142857142857,4.7339805825242705,1.0,0.024449473630676906,2.511792452830188,0.8278088678433061,0.19999999999999996,0.6018779342723003,0.4402219140083217
RED SPOTTY CHARLOTTE BAG,WOODLAND CHARLOTTE BAG,0.03908355795148248,0.1752021563342318,0.025606469002695417,0.6551724137931034,3.739522546419098,1.0,0.018758945372381774,2.3919137466307276,0.7623828153834796,0.1357142857142857,0.5819247239125536,0.40066312997347475
CARD CIRCUS PARADE,ROUND SNACK BOXES SET OF4 WOODLAND ,0.03908355795148248,0.2722371967654987,0.025606469002695417,0.6551724137931034,2.4066234209627857,1.0,0.01496647074636191,2.1105121293800537,0.6082527496862773,0.08962264150943394,0.5261813537675606,0.37461590986684873
BLUE HARMONICA IN BOX ,RED  HARMONICA IN BOX ,0.03908355795148248,0.04582210242587601,0.025606469002695417,0.6551724137931034,14.29817444219067,1.0,0.023815578207074927,2.7671159029649592,0.9678895696464161,0.43181818181818177,0.6386128969413598,0.6069979716024341
PINK  SPOTTY CUP,RED SPOTTY PLATE ,0.03504043126684636,0.03908355795148248,0.022911051212938006,0.6538461538461539,16.72944297082228,1.0,0.021541546486875278,2.7759808325846063,0.9743674005915215,0.4473684210526315,0.6397669651526594,0.620026525198939
RED STRIPE CERAMIC DRAWER KNOB + WHITE SPOT RED CERAMIC DRAWER KNOB,RED SPOT CERAMIC DRAWER KNOB,0.03504043126684636,0.04582210242587601,0.022911051212938006,0.6538461538461539,14.26923076923077,1.0,0.021305424982381704,2.756513926325247,0.9636871508379888,0.39534883720930236,0.6372229465449805,0.5769230769230769
RED STRIPE CERAMIC DRAWER KNOB + WHITE SPOT RED CERAMIC DRAWER KNOB,BLUE STRIPE CERAMIC DRAWER KNOB,0.03504043126684636,0.03908355795148248,0.022911051212938006,0.6538461538461539,16.72944297082228,1.0,0.021541546486875278,2.7759808325846063,0.9743674005915215,0.4473684210526315,0.6397669651526594,0.620026525198939
PINK  SPOTTY CUP,PINK SPOTTY BOWL,0.03504043126684636,0.025606469002695417,0.022911051212938006,0.6538461538461539,25.534412955465587,1.0,0.022013789495862426,2.8149146451033245,0.995727900098587,0.6071428571428571,0.6447494414299394,0.7742914979757085
BLUE SPOTTY BOWL,PINK  SPOTTY CUP,0.03099730458221024,0.03504043126684636,0.02021563342318059,0.6521739130434783,18.612040133779264,1.0,0.019129474502510152,2.774258760107817,0.9765414928140937,0.4411764705882353,0.6395433568132135,0.6145484949832776
BLUE HAPPY BIRTHDAY BUNTING,PINK HAPPY BIRTHDAY BUNTING,0.03099730458221024,0.02830188679245283,0.02021563342318059,0.6521739130434783,23.043478260869566,1.0,0.019338351218023696,2.7936320754716983,0.9872044506258693,0.5172413793103448,0.642043056141832,0.6832298136645962
PLASTERS IN TIN STRONGMAN + ROUND SNACK BOXES SET OF 4 FRUITS ,PLASTERS IN TIN SPACEBOY,0.03099730458221024,0.09838274932614555,0.02021563342318059,0.6521739130434783,6.628945801072067,1.0,0.017166033376682818,2.5921495956873315,0.8763096893834029,0.1851851851851852,0.6142197959316306,0.42882668254913636
BLUE SPOTTY BOWL,PINK SPOTTY BOWL,0.03099730458221024,0.025606469002695417,0.02021563342318059,0.6521739130434783,25.469107551487415,1.0,0.019421901904229117,2.8013814016172507,0.9914696337505796,0.5555555555555555,0.6430332551566541,0.7208237986270023
RED TOADSTOOL LED NIGHT LIGHT + WOODLAND DESIGN  COTTON TOTE BAG,ROUND SNACK BOXES SET OF4 WOODLAND ,0.03099730458221024,0.2722371967654987,0.02021563342318059,0.6521739130434783,2.395609126130004,1.0,0.011777014116433329,2.0923180592991915,0.601205377839592,0.07142857142857142,0.522061191626409,0.36321566939302624
PLASTERS IN TIN SPACEBOY + PLASTERS IN TIN STRONGMAN,ROUND SNACK BOXES SET OF 4 FRUITS ,0.03099730458221024,0.1752021563342318,0.02021563342318059,0.6521739130434783,3.722408026755853,1.0,0.014784838819828392,2.3712938005390836,0.754751970329161,0.10869565217391304,0.5782892867291844,0.38377926421404684
PLASTERS IN TIN STRONGMAN + ROUND SNACK BOXES SET OF 4 FRUITS ,ROUND SNACK BOXES SET OF4 WOODLAND ,0.03099730458221024,0.2722371967654987,0.02021563342318059,0.6521739130434783,2.395609126130004,1.0,0.011777014116433329,2.0923180592991915,0.601205377839592,0.07142857142857142,0.522061191626409,0.36321566939302624
PLASTERS IN TIN STRONGMAN + ROUND SNACK BOXES SET OF 4 FRUITS ,PLASTERS IN TIN WOODLAND ANIMALS,0.03099730458221024,0.13881401617250674,0.02021563342318059,0.6521739130434783,4.698184888138455,1.0,0.01591277308360154,2.475909703504043,0.8123319425127492,0.13513513513513511,0.5961080492617541,0.3989024905023216
BIG DOUGHNUT FRIDGE MAGNETS + SAVE THE PLANET COTTON TOTE BAG,STRAWBERRY CERAMIC TRINKET BOX,0.03099730458221024,0.06873315363881402,0.02021563342318059,0.6521739130434783,9.48849104859335,1.0,0.01808509092494242,2.6773921832884096,0.9232267037552155,0.2542372881355932,0.6265022336877871,0.4731457800511509
BIG DOUGHNUT FRIDGE MAGNETS + SAVE THE PLANET COTTON TOTE BAG,ROUND SNACK BOXES SET OF4 WOODLAND ,0.03099730458221024,0.2722371967654987,0.02021563342318059,0.6521739130434783,2.395609126130004,1.0,0.011777014116433329,2.0923180592991915,0.601205377839592,0.07142857142857142,0.522061191626409,0.36321566939302624
ROUND SNACK BOXES SET OF 4 SKULLS,ROUND SNACK BOXES SET OF4 WOODLAND ,0.03099730458221024,0.2722371967654987,0.02021563342318059,0.6521739130434783,2.395609126130004,1.0,0.011777014116433329,2.0923180592991915,0.601205377839592,0.07142857142857142,0.522061191626409,0.36321566939302624
RED SPOT CERAMIC DRAWER KNOB,RED STRIPE CERAMIC DRAWER KNOB,0.04582210242587601,0.05256064690026954,0.029649595687331536,0.6470588235294118,12.310708898944194,1.0,0.027241156341497083,2.6844115004492366,0.9628916281458654,0.4313725490196079,0.6274788720609155,0.605580693815988
SAVE THE PLANET COTTON TOTE BAG,ROUND SNACK BOXES SET OF4 WOODLAND ,0.0646900269541779,0.2722371967654987,0.04177897574123989,0.6458333333333333,2.3723184818481844,1.0,0.02416794414454995,2.054859679720945,0.6184809891233615,0.1415525114155251,0.5133487654320986,0.3996493399339933
RED SPOTTY BOWL,BLUE SPOTTY BOWL,0.04177897574123989,0.03099730458221024,0.026954177897574125,0.6451612903225807,20.813464235624128,1.0,0.025659142261390138,2.73082577799559,0.9934599156118143,0.5882352941176472,0.6338103997487551,0.7573632538569426
BLUE  SPOTTY CUP,PINK  SPOTTY CUP,0.03773584905660377,0.03504043126684636,0.02425876010781671,0.6428571428571429,18.346153846153847,1.0,0.022936479682652697,2.7018867924528305,0.9825708061002179,0.5000000000000001,0.6298882681564247,0.6675824175824177
PLASTERS IN TIN CIRCUS PARADE  + PLASTERS IN TIN STRONGMAN,PLASTERS IN TIN WOODLAND ANIMALS,0.05256064690026954,0.13881401617250674,0.03369272237196765,0.641025641025641,4.617874035349763,1.0,0.026396567883116222,2.3990180978051594,0.8269132290184923,0.21367521367521367,0.5831627944304,0.44187204381379136
LUNCH BAG WOODLAND + ROUND SNACK BOXES SET OF 4 FRUITS ,WOODLAND CHARLOTTE BAG,0.03369272237196765,0.1752021563342318,0.0215633423180593,0.6400000000000001,3.6529230769230776,1.0,0.015660304705719955,2.291105121293801,0.7515690376569037,0.11510791366906475,0.5635294117647061,0.3815384615384616
PLASTERS IN TIN WOODLAND ANIMALS + RED TOADSTOOL LED NIGHT LIGHT,PLASTERS IN TIN CIRCUS PARADE ,0.03369272237196765,0.12129380053908356,0.0215633423180593,0.6400000000000001,5.276444444444445,1.0,0.017476623971055136,2.4408505540581023,0.8387377963737795,0.16161616161616163,0.5903067484662579,0.40888888888888897
PLASTERS IN TIN SPACEBOY + ROUND SNACK BOXES SET OF4 WOODLAND ,PLASTERS IN TIN WOODLAND ANIMALS,0.04851752021563342,0.13881401617250674,0.03099730458221024,0.6388888888888888,4.602481121898597,1.0,0.02426239274634738,2.3848227244453657,0.8226382559428501,0.1982758620689655,0.5806816205877238,0.43109492988133763
WOODLAND  STICKERS,ROUND SNACK BOXES SET OF4 WOODLAND ,0.04851752021563342,0.2722371967654987,0.03099730458221024,0.6388888888888888,2.3468096809680965,1.0,0.017789030884692785,2.0153431474186188,0.603153097672127,0.10697674418604648,0.5038065843621398,0.37637513751375135
SAVE THE PLANET COTTON TOTE BAG + WOODLAND DESIGN  COTTON TOTE BAG,ROUND SNACK BOXES SET OF4 WOODLAND ,0.0444743935309973,0.2722371967654987,0.02830188679245283,0.6363636363636364,2.3375337533753373,1.0,0.016194302569728494,2.001347708894879,0.5988313520048356,0.09813084112149532,0.5003367003367003,0.37016201620162015
WHITE SPOT RED CERAMIC DRAWER KNOB,RED STRIPE CERAMIC DRAWER KNOB,0.05525606469002695,0.05256064690026954,0.03504043126684636,0.6341463414634146,12.065040650406504,1.0,0.0321361367615754,2.5896675651392633,0.9707560627674751,0.4814814814814815,0.6138500503070464,0.6504065040650406
CHOCOLATE BOX RIBBONS ,6 RIBBONS RUSTIC CHARM,0.04043126684636118,0.1105121293800539,0.025606469002695417,0.6333333333333333,5.730894308943089,1.0,0.021138323609970866,2.425876010781671,0.8602897693672384,0.20430107526881722,0.5877777777777777,0.432520325203252
PLASTERS IN TIN STRONGMAN + ROUND SNACK BOXES SET OF4 WOODLAND ,PLASTERS IN TIN WOODLAND ANIMALS,0.03638814016172507,0.13881401617250674,0.022911051212938006,0.6296296296296295,4.535778496943545,1.0,0.01785986733604086,2.3252021563342313,0.8089675030851502,0.1504424778761062,0.5699298672694603,0.397339086659475
PLASTERS IN TIN SPACEBOY + ROUND SNACK BOXES SET OF 4 FRUITS ,PLASTERS IN TIN WOODLAND ANIMALS,0.03638814016172507,0.13881401617250674,0.022911051212938006,0.6296296296296295,4.535778496943545,1.0,0.01785986733604086,2.3252021563342313,0.8089675030851502,0.1504424778761062,0.5699298672694603,0.397339086659475
PLASTERS IN TIN SPACEBOY + ROUND SNACK BOXES SET OF 4 FRUITS ,PLASTERS IN TIN CIRCUS PARADE ,0.03638814016172507,0.12129380053908356,0.022911051212938006,0.6296296296296295,5.190946502057613,1.0,0.018497395398173508,2.3725067385444736,0.8378445084327437,0.17,0.5785048852533514,0.4092592592592592
SET OF 3 CASES WOODLAND DESIGN,WOODLAND CHARLOTTE BAG,0.03638814016172507,0.1752021563342318,0.022911051212938006,0.6296296296296295,3.593732193732193,1.0,0.01653577059161151,2.226954177897573,0.748992184286302,0.12142857142857144,0.5509561849431129,0.38019943019943014
PLASTERS IN TIN WOODLAND ANIMALS + ROUND SNACK BOXES SET OF 4 FRUITS  + ROUND SNACK BOXES SET OF4 WOODLAND ,PLASTERS IN TIN CIRCUS PARADE ,0.03638814016172507,0.12129380053908356,0.022911051212938006,0.6296296296296295,5.190946502057613,1.0,0.018497395398173508,2.3725067385444736,0.8378445084327437,0.17,0.5785048852533514,0.4092592592592592
SKULL LUNCH BOX WITH CUTLERY ,LUNCH BOX WITH CUTLERY RETROSPOT ,0.04716981132075472,0.06873315363881402,0.029649595687331536,0.6285714285714286,9.145098039215686,1.0,0.026407465798708233,2.5072568940493465,0.9347434743474348,0.34375,0.6011577424023155,0.5299719887955182
BLUE STRIPE CERAMIC DRAWER KNOB + RED STRIPE CERAMIC DRAWER KNOB,RED SPOT CERAMIC DRAWER KNOB,0.03234501347708895,0.04582210242587601,0.02021563342318059,0.6249999999999999,13.639705882352938,1.0,0.018733516902667082,2.5444743935309964,0.9576601671309193,0.34883720930232553,0.6069915254237287,0.5330882352941175
BLUE SPOT CERAMIC DRAWER KNOB,RED SPOT CERAMIC DRAWER KNOB,0.03234501347708895,0.04582210242587601,0.02021563342318059,0.6249999999999999,13.639705882352938,1.0,0.018733516902667082,2.5444743935309964,0.9576601671309193,0.34883720930232553,0.6069915254237287,0.5330882352941175
BLUE STRIPE CERAMIC DRAWER KNOB,WHITE SPOT RED CERAMIC DRAWER KNOB,0.03908355795148248,0.05525606469002695,0.02425876010781671,0.6206896551724138,11.232968881412953,1.0,0.022099156501333178,2.4906885567262926,0.9480286738351255,0.34615384615384615,0.5985045993408431,0.5298570227081582
RED SPOT CERAMIC DRAWER KNOB,ROUND SNACK BOXES SET OF4 WOODLAND ,0.04582210242587601,0.2722371967654987,0.02830188679245283,0.6176470588235294,2.268782760629004,1.0,0.01582740607813079,1.9033796392286961,0.5860909335485607,0.09767441860465115,0.47461873638344226,0.3608037274315667
PINK  SPOTTY CUP,PINK  SPOTTY PLATE  + PINK SPOTTY BOWL,0.03504043126684636,0.0215633423180593,0.0215633423180593,0.6153846153846154,28.53846153846154,1.0,0.020807753503679863,2.5439353099730457,1.0,0.6153846153846154,0.6069082432718796,0.8076923076923077
WHITE SPOT BLUE CERAMIC DRAWER KNOB,BLUE SPOT CERAMIC DRAWER KNOB,0.03504043126684636,0.03234501347708895,0.0215633423180593,0.6153846153846154,19.025641025641026,1.0,0.020429959096490147,2.5159029649595688,0.9818435754189945,0.4705882352941176,0.6025283908292265,0.641025641025641
RED STRIPE CERAMIC DRAWER KNOB,BLUE STRIPE CERAMIC DRAWER KNOB,0.05256064690026954,0.03908355795148248,0.03234501347708895,0.6153846153846154,15.745358090185677,1.0,0.030290756387994857,2.498382749326146,0.9884423897581791,0.5454545454545455,0.5997410723918438,0.7214854111405835
PINK  SPOTTY CUP,RED SPOTTY CUP + RED SPOTTY PLATE ,0.03504043126684636,0.03234501347708895,0.0215633423180593,0.6153846153846154,19.025641025641026,1.0,0.020429959096490147,2.5159029649595688,0.9818435754189945,0.4705882352941176,0.6025283908292265,0.641025641025641
ROUND SNACK BOXES SET OF4 WOODLAND  + STRAWBERRY LUNCH BOX WITH CUTLERY,ROUND SNACK BOXES SET OF 4 FRUITS ,0.03504043126684636,0.1752021563342318,0.0215633423180593,0.6153846153846154,3.512426035502959,1.0,0.01542418320122638,2.1444743935309973,0.7412709497206704,0.11428571428571428,0.5336852689793867,0.36923076923076925
PINK  SPOTTY CUP,BLUE  SPOTTY CUP + RED SPOTTY CUP,0.03504043126684636,0.029649595687331536,0.0215633423180593,0.6153846153846154,20.755244755244757,1.0,0.020524407698287575,2.5229110512129385,0.9863826815642458,0.5,0.6036324786324787,0.6713286713286714
LUNCH BAG SPACEBOY DESIGN ,LUNCH BAG WOODLAND,0.04177897574123989,0.0876010781671159,0.025606469002695417,0.6129032258064516,6.9965260545905705,1.0,0.02194658568304502,2.357030548068284,0.8944407432082315,0.24675324675324672,0.5757373612236146,0.45260545905707195
ROUND CONTAINER SET OF 5 RETROSPOT,ROUND SNACK BOXES SET OF4 WOODLAND ,0.04851752021563342,0.2722371967654987,0.029649595687331536,0.6111111111111112,2.244774477447745,1.0,0.01644132198981408,1.8713900654601465,0.5827968065928405,0.10185185185185185,0.46563786008230457,0.36001100110011003
WOODLAND CHARLOTTE BAG + WOODLAND PARTY BAG + STICKER SET,ROUND SNACK BOXES SET OF4 WOODLAND ,0.03773584905660377,0.2722371967654987,0.022911051212938006,0.6071428571428572,2.23019801980198,1.0,0.012637949448202207,1.8524871355060037,0.5732410611303345,0.07981220657276995,0.4601851851851852,0.34565063649222066
SET OF 72 RETRO SPOT PAPER  DOILIES,PACK OF 72 RETRO SPOT CAKE CASES,0.03773584905660377,0.04043126684636118,0.022911051212938006,0.6071428571428572,15.01666666666667,1.0,0.02138534303005645,2.44253859348199,0.9700115340253748,0.4146341463414634,0.5905898876404495,0.586904761904762
PLASTERS IN TIN CIRCUS PARADE  + PLASTERS IN TIN WOODLAND ANIMALS + ROUND SNACK BOXES SET OF4 WOODLAND ,ROUND SNACK BOXES SET OF 4 FRUITS ,0.03773584905660377,0.1752021563342318,0.022911051212938006,0.6071428571428572,3.465384615384616,1.0,0.016299649087117937,2.0994854202401374,0.7393310265282583,0.12056737588652483,0.5236928104575165,0.368956043956044
PLASTERS IN TIN WOODLAND ANIMALS + ROUND SNACK BOXES SET OF 4 FRUITS ,PLASTERS IN TIN CIRCUS PARADE ,0.0444743935309973,0.12129380053908356,0.026954177897574125,0.6060606060606061,4.9966329966329965,1.0,0.02155970967952863,2.2305618909392497,0.8370944992947814,0.1941747572815534,0.551682468860383,0.41414141414141414
CHARLOTTE BAG APPLES DESIGN,ROUND SNACK BOXES SET OF4 WOODLAND ,0.04043126684636118,0.2722371967654987,0.02425876010781671,0.6000000000000001,2.203960396039604,1.0,0.013251865359885498,1.8194070080862539,0.5692883895131086,0.08411214953271028,0.4503703703703704,0.3445544554455446
RED SPOTTY BOWL + RED SPOTTY CUP,BLUE  SPOTTY CUP,0.03369272237196765,0.03773584905660377,0.02021563342318059,0.6,15.9,1.0,0.018944209937445965,2.4056603773584904,0.9697814969781497,0.39473684210526316,0.5843137254901961,0.5678571428571428
BIG DOUGHNUT FRIDGE MAGNETS + STRAWBERRY CERAMIC TRINKET BOX,ROUND SNACK BOXES SET OF4 WOODLAND ,0.03369272237196765,0.2722371967654987,0.02021563342318059,0.6,2.2039603960396037,1.0,0.011043221133237914,1.8194070080862534,0.5653184565318455,0.07075471698113207,0.4503703703703703,0.3371287128712871
BIG DOUGHNUT FRIDGE MAGNETS + STRAWBERRY CERAMIC TRINKET BOX,SAVE THE PLANET COTTON TOTE BAG,0.03369272237196765,0.0646900269541779,0.02021563342318059,0.6,9.274999999999999,1.0,0.01803605030477837,2.338274932614555,0.9232914923291492,0.2586206896551724,0.5723342939481267,0.45624999999999993
PLASTERS IN TIN CIRCUS PARADE  + PLASTERS IN TIN STRONGMAN + PLASTERS IN TIN WOODLAND ANIMALS,ROUND SNACK BOXES SET OF4 WOODLAND ,0.03369272237196765,0.2722371967654987,0.02021563342318059,0.6,2.2039603960396037,1.0,0.011043221133237914,1.8194070080862534,0.5653184565318455,0.07075471698113207,0.4503703703703703,0.3371287128712871
PLASTERS IN TIN CIRCUS PARADE  + ROUND SNACK BOXES SET OF4 WOODLAND ,PLASTERS IN TIN WOODLAND ANIMALS,0.06334231805929919,0.13881401617250674,0.03773584905660377,0.5957446808510639,4.29167527370378,1.0,0.02894304749311615,2.1303021705206415,0.8188591983556012,0.22950819672131145,0.5305830253387941,0.43379467052261933
LUNCH BAG WOODLAND + ROUND SNACK BOXES SET OF4 WOODLAND ,ROUND SNACK BOXES SET OF 4 FRUITS ,0.0431266846361186,0.1752021563342318,0.025606469002695417,0.5937499999999999,3.388942307692307,1.0,0.01805058085890105,2.030271615177275,0.7366938472942919,0.13286713286713286,0.507455065359477,0.36995192307692304
PLASTERS IN TIN STRONGMAN + PLASTERS IN TIN WOODLAND ANIMALS,PLASTERS IN TIN SPACEBOY,0.0431266846361186,0.09838274932614555,0.025606469002695417,0.5937499999999999,6.035102739726026,1.0,0.02136354719887243,2.2193655401202563,0.8719051148999258,0.22093023255813954,0.5494207772795215,0.42701198630136983
GUMBALL COAT RACK + ROUND SNACK BOXES SET OF4 WOODLAND ,ROUND SNACK BOXES SET OF 4 FRUITS ,0.0431266846361186,0.1752021563342318,0.025606469002695417,0.5937499999999999,3.388942307692307,1.0,0.01805058085890105,2.030271615177275,0.7366938472942919,0.13286713286713286,0.507455065359477,0.36995192307692304
PLASTERS IN TIN WOODLAND ANIMALS + WOODLAND CHARLOTTE BAG,ROUND SNACK BOXES SET OF4 WOODLAND ,0.0431266846361186,0.2722371967654987,0.025606469002695417,0.5937499999999999,2.1810024752475243,1.0,0.013865781271568789,1.7914161310387722,0.5659006671608597,0.0883720930232558,0.4417824074074072,0.34390470297029696
"HOOK, 5 HANGER ,MAGIC TOADSTOOL RED","HOOK, 5 HANGER , MAGIC TOADSTOOL",0.03638814016172507,0.0431266846361186,0.0215633423180593,0.5925925925925926,13.740740740740739,1.0,0.0199940424728097,2.3486890468022543,0.9622377622377623,0.372093023255814,0.5742305685967658,0.5462962962962963
RED RETROSPOT CHILDRENS UMBRELLA,ROUND SNACK BOXES SET OF4 WOODLAND ,0.03638814016172507,0.2722371967654987,0.0215633423180593,0.5925925925925926,2.1767510084341763,1.0,0.011657137044921207,1.7863268806665031,0.561013986013986,0.07511737089201877,0.4401920438957475,0.33590025669233586
SET OF 3 CASES WOODLAND DESIGN,ROUND SNACK BOXES SET OF4 WOODLAND ,0.03638814016172507,0.2722371967654987,0.0215633423180593,0.5925925925925926,2.1767510084341763,1.0,0.011657137044921207,1.7863268806665031,0.561013986013986,0.07511737089201877,0.4401920438957475,0.33590025669233586
PLASTERS IN TIN STRONGMAN,PLASTERS IN TIN WOODLAND ANIMALS,0.07277628032345014,0.13881401617250674,0.0431266846361186,0.5925925925925926,4.268967997123337,1.0,0.03302431688232431,2.113820142122029,0.8258539244186046,0.256,0.5269228539964064,0.45163610212153904
RED STRIPE CERAMIC DRAWER KNOB,ROUND SNACK BOXES SET OF4 WOODLAND ,0.05256064690026954,0.2722371967654987,0.03099730458221024,0.5897435897435898,2.166285859355166,1.0,0.016688341409899665,1.773921832884097,0.5682478817490259,0.10550458715596328,0.4362773029439696,0.3518024879411018
RED  HARMONICA IN BOX ,ROUND SNACK BOXES SET OF4 WOODLAND ,0.04582210242587601,0.2722371967654987,0.026954177897574125,0.5882352941176471,2.160745486313337,1.0,0.014479697183252083,1.7674239507123606,0.5629943502824858,0.09259259259259259,0.43420479302832243,0.34362259755387303
RED SPOTTY PLATE ,RED SPOTTY BOWL + RED SPOTTY CUP,0.03908355795148248,0.03369272237196765,0.022911051212938006,0.5862068965517241,17.39862068965517,1.0,0.02159421974557,2.335242587601078,0.9808596650441384,0.45945945945945954,0.5717789640744481,0.6331034482758621
CARD CIRCUS PARADE,PLASTERS IN TIN CIRCUS PARADE ,0.03908355795148248,0.12129380053908356,0.022911051212938006,0.5862068965517241,4.83295019157088,1.0,0.018170457930413178,2.1235399820305476,0.8253444435277618,0.16666666666666666,0.5290882166278823,0.3875478927203065
RED SPOTTY PLATE ,PINK  SPOTTY CUP,0.03908355795148248,0.03504043126684636,0.022911051212938006,0.5862068965517241,16.72944297082228,1.0,0.021541546486875278,2.3319856244384543,0.9784671231746556,0.4473684210526315,0.5711808900019264,0.620026525198939
RED SPOTTY PLATE ,RED SPOTTY BOWL,0.03908355795148248,0.04177897574123989,0.022911051212938006,0.5862068965517241,14.031145717463847,1.0,0.021278180193401677,2.3157008086253366,0.9665044138272421,0.39534883720930236,0.5681652844463844,0.5672969966629589
BLUE STRIPE CERAMIC DRAWER KNOB,RED STRIPE CERAMIC DRAWER KNOB + WHITE SPOT RED CERAMIC DRAWER KNOB,0.03908355795148248,0.03504043126684636,0.022911051212938006,0.5862068965517241,16.72944297082228,1.0,0.021541546486875278,2.3319856244384543,0.9784671231746556,0.4473684210526315,0.5711808900019264,0.620026525198939
SPACEBOY LUNCH BOX ,ROUND SNACK BOXES SET OF4 WOODLAND ,0.09029649595687332,0.2722371967654987,0.05256064690026954,0.582089552238806,2.1381705334712575,1.0,0.027978581963223163,1.741432422025414,0.5851471984805316,0.1695652173913043,0.4257600884466556,0.3875794295847495
PLASTERS IN TIN CIRCUS PARADE ,PLASTERS IN TIN WOODLAND ANIMALS,0.12129380053908356,0.13881401617250674,0.07008086253369272,0.5777777777777777,4.162243797195253,1.0,0.05324358294403557,2.0396510143282733,0.8646177442189712,0.3687943262411347,0.5097200486871848,0.5413160733549083
JUMBO BAG RED RETROSPOT + JUMBO BAG WOODLAND ANIMALS,WOODLAND CHARLOTTE BAG,0.03504043126684636,0.1752021563342318,0.02021563342318059,0.5769230769230769,3.2928994082840233,1.0,0.014076474306347671,1.9495221759372698,0.7216014897579144,0.10638297872340424,0.4870537958773253,0.34615384615384615
ALARM CLOCK BAKELIKE RED ,ALARM CLOCK BAKELIKE GREEN,0.03504043126684636,0.026954177897574125,0.02021563342318059,0.5769230769230769,21.40384615384615,1.0,0.019271147405206294,2.2999264886057333,0.9878957169459962,0.48387096774193544,0.5652034945663754,0.6634615384615383
WHITE SPOT BLUE CERAMIC DRAWER KNOB,ROUND SNACK BOXES SET OF4 WOODLAND ,0.03504043126684636,0.2722371967654987,0.02021563342318059,0.5769230769230769,2.1191926884996186,1.0,0.010676324641640207,1.720166625827003,0.5472998137802607,0.0704225352112676,0.4186609686609685,0.32559025133282554
PINK  SPOTTY CUP,BLUE  SPOTTY CUP + PINK SPOTTY BOWL,0.03504043126684636,0.02021563342318059,0.02021563342318059,0.5769230769230769,28.538461538461537,1.0,0.01950726890969987,2.315853957363391,1.0,0.5769230769230769,0.5681938419214898,0.7884615384615384
SET/3 RUSSIAN DOLL STACKING TINS,ROUND SNACK BOXES SET OF4 WOODLAND ,0.03504043126684636,0.2722371967654987,0.02021563342318059,0.5769230769230769,2.1191926884996186,1.0,0.010676324641640207,1.720166625827003,0.5472998137802607,0.0704225352112676,0.4186609686609685,0.32559025133282554
PINK  SPOTTY CUP,BLUE  SPOTTY PLATE ,0.03504043126684636,0.022911051212938006,0.02021563342318059,0.5769230769230769,25.180995475113118,1.0,0.01941282030790244,2.309482969860328,0.9951582867783986,0.5357142857142857,0.5670026525198938,0.7296380090497737
PINK  SPOTTY CUP,BLUE SPOTTY BOWL,0.03504043126684636,0.03099730458221024,0.02021563342318059,0.5769230769230769,18.612040133779264,1.0,0.019129474502510152,2.290370007351139,0.9806331471135941,0.4411764705882353,0.5633893227773616,0.6145484949832776
PLASTERS IN TIN CIRCUS PARADE  + WOODLAND CHARLOTTE BAG,ROUND SNACK BOXES SET OF4 WOODLAND ,0.03504043126684636,0.2722371967654987,0.02021563342318059,0.5769230769230769,2.1191926884996186,1.0,0.010676324641640207,1.720166625827003,0.5472998137802607,0.0704225352112676,0.4186609686609685,0.32559025133282554
CIRCUS PARADE LUNCH BOX ,SPACEBOY LUNCH BOX ,0.0444743935309973,0.09029649595687332,0.025606469002695417,0.5757575757575758,6.376300316598824,1.0,0.021590587107039327,2.1443011166730845,0.8824140746789398,0.23456790123456786,0.5336475869809203,0.4296698326549073
PLASTERS IN TIN SPACEBOY,PLASTERS IN TIN WOODLAND ANIMALS,0.09838274932614555,0.13881401617250674,0.05660377358490566,0.5753424657534247,4.144700093097486,1.0,0.04294686902885042,2.0279540909486133,0.8415189693216599,0.31343283582089554,0.5068921902801896,0.49155472802234346
BLUE  SPOTTY CUP,RED SPOTTY BOWL,0.03773584905660377,0.04177897574123989,0.0215633423180593,0.5714285714285715,13.677419354838712,1.0,0.019986777195748363,2.235849056603774,0.9632352941176472,0.372093023255814,0.5527426160337554,0.5437788018433181
BLUE  SPOTTY CUP,BLUE SPOTTY BOWL,0.03773584905660377,0.03099730458221024,0.0215633423180593,0.5714285714285715,18.434782608695656,1.0,0.020393632711183444,2.2610062893081766,0.982843137254902,0.45714285714285713,0.5577190542420029,0.6335403726708075
SET OF 72 RETRO SPOT PAPER  DOILIES,SET/5 RED SPOTTY LID GLASS BOWLS,0.03773584905660377,0.04851752021563342,0.0215633423180593,0.5714285714285715,11.77777777777778,1.0,0.019732492498601435,2.2201257861635226,0.9509803921568627,0.3333333333333333,0.5495750708215299,0.507936507936508
BLUE  SPOTTY CUP,PINK  SPOTTY CUP + RED SPOTTY CUP,0.03773584905660377,0.02830188679245283,0.0215633423180593,0.5714285714285715,20.190476190476193,1.0,0.020495346590042214,2.267295597484277,0.9877450980392157,0.4848484848484849,0.5589459084604717,0.6666666666666667
LUNCH BAG APPLE DESIGN,ROUND SNACK BOXES SET OF4 WOODLAND ,0.03773584905660377,0.2722371967654987,0.0215633423180593,0.5714285714285715,2.099009900990099,1.0,0.011290240553323502,1.69811320754717,0.5441176470588235,0.07476635514018691,0.41111111111111115,0.32531824611032534
RED RETROSPOT MINI CASES,ROUND SNACK BOXES SET OF4 WOODLAND ,0.04716981132075472,0.2722371967654987,0.026954177897574125,0.5714285714285714,2.0990099009900987,1.0,0.014112800691654376,1.6981132075471697,0.5495049504950494,0.09216589861751152,0.41111111111111104,0.3352192362093352
ROUND SNACK BOXES SET OF4 WOODLAND  + WOODLAND DESIGN  COTTON TOTE BAG,SAVE THE PLANET COTTON TOTE BAG,0.04986522911051213,0.0646900269541779,0.02830188679245283,0.5675675675675675,8.773648648648647,1.0,0.025076103777217543,2.1629043126684633,0.9325227963525835,0.328125,0.5376586961601371,0.5025337837837838
WOODLAND CHARLOTTE BAG + WOODLAND DESIGN  COTTON TOTE BAG,SAVE THE PLANET COTTON TOTE BAG,0.04043126684636118,0.0646900269541779,0.022911051212938006,0.5666666666666668,8.759722222222223,1.0,0.020295551470855343,2.1584076301057435,0.9231658955717119,0.2786885245901639,0.5366954851104708,0.4604166666666667
LUNCH BAG WOODLAND + WOODLAND CHARLOTTE BAG,ROUND SNACK BOXES SET OF4 WOODLAND ,0.04043126684636118,0.2722371967654987,0.022911051212938006,0.5666666666666668,2.0815181518151817,1.0,0.011904156465006793,1.6794526228488498,0.5414738929279577,0.07906976744186046,0.404567901234568,0.32541254125412544
PACK OF 72 RETRO SPOT CAKE CASES,SET OF 72 RETRO SPOT PAPER  DOILIES,0.04043126684636118,0.03773584905660377,0.022911051212938006,0.5666666666666668,15.01666666666667,1.0,0.02138534303005645,2.2206095791001457,0.9727362855254461,0.4146341463414634,0.5496732026143792,0.586904761904762
WOODLAND PARTY BAG + STICKER SET,ROUND SNACK BOXES SET OF4 WOODLAND ,0.09299191374663072,0.2722371967654987,0.05256064690026954,0.5652173913043479,2.076194575979337,1.0,0.027244788980027752,1.6738544474393535,0.5714938850154303,0.16810344827586207,0.40257648953301134,0.37914334911752046
RED STRIPE CERAMIC DRAWER KNOB,RED SPOT CERAMIC DRAWER KNOB,0.05256064690026954,0.04582210242587601,0.029649595687331536,0.5641025641025641,12.310708898944192,1.0,0.027241156341497083,2.1889963532582843,0.9697400750032329,0.4313725490196079,0.5431696363899754,0.605580693815988
PLASTERS IN TIN WOODLAND ANIMALS + WOODLAND CHARLOTTE BAG,PLASTERS IN TIN CIRCUS PARADE ,0.0431266846361186,0.12129380053908356,0.02425876010781671,0.5625,4.6375,1.0,0.019027760623651382,2.008471313053523,0.8197183098591548,0.17307692307692307,0.5021088957055214,0.38125
WHITE SPOT RED CERAMIC DRAWER KNOB,RED SPOT CERAMIC DRAWER KNOB,0.05525606469002695,0.04582210242587601,0.03099730458221024,0.5609756097560975,12.242467718794833,1.0,0.028465355526332996,2.17340521114106,0.972027538299324,0.4423076923076923,0.5398925175692434,0.6187230989956958
PACK OF 20 NAPKINS PANTRY DESIGN,ROUND SNACK BOXES SET OF4 WOODLAND ,0.04582210242587601,0.2722371967654987,0.025606469002695417,0.5588235294117647,2.05270821199767,1.0,0.013131988288373374,1.6495956873315365,0.5374665477252453,0.08755760368663593,0.3937908496732026,0.3264414676761794
RED  HARMONICA IN BOX ,BLUE HARMONICA IN BOX ,0.04582210242587601,0.03908355795148248,0.025606469002695417,0.5588235294117647,14.29817444219067,1.0,0.023815578207074927,2.1780772686433068,0.9747249479631283,0.43181818181818177,0.5408794653906444,0.6069979716024341
PACK OF 20 NAPKINS RED APPLES,ROUND SNACK BOXES SET OF4 WOODLAND ,0.04851752021563342,0.2722371967654987,0.026954177897574125,0.5555555555555556,2.0407040704070405,1.0,0.013745904200056669,1.637466307277628,0.5359773371104815,0.09174311926605505,0.3893004115226337,0.3272827282728273
MINI PAINT SET VINTAGE ,ROUND SNACK BOXES SET OF4 WOODLAND ,0.03638814016172507,0.2722371967654987,0.02021563342318059,0.5555555555555555,2.04070407040704,1.0,0.010309428150042498,1.6374663072776279,0.5292307692307691,0.07009345794392523,0.38930041152263356,0.31490649064906484
PLASTERS IN TIN STRONGMAN + ROUND SNACK BOXES SET OF4 WOODLAND ,ROUND SNACK BOXES SET OF 4 FRUITS ,0.03638814016172507,0.1752021563342318,0.02021563342318059,0.5555555555555555,3.1709401709401703,1.0,0.013840352801854097,1.855795148247978,0.7104895104895105,0.10563380281690139,0.4611474219317356,0.33547008547008544
RED SPOTTY CUP,RED SPOTTY BOWL,0.06064690026954178,0.04177897574123989,0.03369272237196765,0.5555555555555555,13.297491039426522,1.0,0.031158956996825072,2.15599730458221,0.9845050215208034,0.4901960784313725,0.5361775277387091,0.6810035842293907
PLASTERS IN TIN SPACEBOY + ROUND SNACK BOXES SET OF 4 FRUITS ,PLASTERS IN TIN STRONGMAN,0.03638814016172507,0.07277628032345014,0.02021563342318059,0.5555555555555555,7.633744855967076,1.0,0.017567439934321895,2.0862533692722365,0.9018181818181819,0.22727272727272718,0.520671834625323,0.41666666666666663
WRAP RED APPLES ,ROUND SNACK BOXES SET OF4 WOODLAND ,0.03638814016172507,0.2722371967654987,0.02021563342318059,0.5555555555555555,2.04070407040704,1.0,0.010309428150042498,1.6374663072776279,0.5292307692307691,0.07009345794392523,0.38930041152263356,0.31490649064906484
PLASTERS IN TIN STRONGMAN + ROUND SNACK BOXES SET OF4 WOODLAND ,PLASTERS IN TIN CIRCUS PARADE  + PLASTERS IN TIN WOODLAND ANIMALS,0.03638814016172507,0.07008086253369272,0.02021563342318059,0.5555555555555555,7.927350427350426,1.0,0.017665521174649992,2.092318059299191,0.9068531468531468,0.23437499999999997,0.522061191626409,0.42200854700854695
BLUE STRIPE CERAMIC DRAWER KNOB,RED SPOT CERAMIC DRAWER KNOB,0.03908355795148248,0.04582210242587601,0.0215633423180593,0.5517241379310345,12.040567951318458,1.0,0.01977245152243881,2.1285506945884305,0.9542426367461431,0.3404255319148936,0.5301967660237678,0.511156186612576
BLUE HARMONICA IN BOX ,ROUND SNACK BOXES SET OF4 WOODLAND ,0.03908355795148248,0.2722371967654987,0.0215633423180593,0.5517241379310345,2.0266302492318196,1.0,0.010923344061725794,1.6234708687538877,0.5271739130434782,0.07441860465116278,0.3840357598978288,0.3154660293615568
RED SPOTTY PLATE ,PINK  SPOTTY CUP + RED SPOTTY CUP,0.03908355795148248,0.02830188679245283,0.0215633423180593,0.5517241379310345,19.494252873563216,1.0,0.020457203885470173,2.167634252539913,0.987289621318373,0.4705882352941176,0.5386675594241714,0.6568144499178983
LUNCH BOX WITH CUTLERY RETROSPOT ,ROUND SNACK BOXES SET OF 4 FRUITS ,0.06873315363881402,0.1752021563342318,0.03773584905660377,0.5490196078431372,3.1336349924585214,1.0,0.025693652327431503,1.8288995663893117,0.7311350010336986,0.1830065359477124,0.4532231193130847,0.3822021116138763
RED SPOTTY BOWL,BLUE SPOTTY BOWL + RED SPOTTY CUP,0.04177897574123989,0.025606469002695417,0.022911051212938006,0.5483870967741936,21.415959252971142,1.0,0.02184123916565558,2.1575856757797465,0.9948705220484818,0.5151515151515151,0.5365189845179138,0.7215619694397284
PLASTERS IN TIN CIRCUS PARADE  + ROUND SNACK BOXES SET OF 4 FRUITS  + ROUND SNACK BOXES SET OF4 WOODLAND ,PLASTERS IN TIN WOODLAND ANIMALS,0.04177897574123989,0.13881401617250674,0.022911051212938006,0.5483870967741936,3.950516755402443,1.0,0.017111543798722765,1.9069118213323066,0.7794324480847191,0.1452991452991453,0.4755919026705034,0.356717820231757
RED SPOTTY BOWL,RED SPOTTY PLATE ,0.04177897574123989,0.03908355795148248,0.022911051212938006,0.5483870967741936,14.03114571746385,1.0,0.021278180193401677,2.127743550250289,0.9692231322908912,0.39534883720930236,0.5300185495181651,0.5672969966629589
RED SPOTTY BOWL,RED SPOTTY CUP + RED SPOTTY PLATE ,0.04177897574123989,0.03234501347708895,0.022911051212938006,0.5483870967741936,16.95430107526882,1.0,0.021559709679528628,2.1426646130150178,0.9820468271696864,0.4473684210526315,0.5332914008446402,0.6283602150537635
PLASTERS IN TIN SPACEBOY + PLASTERS IN TIN WOODLAND ANIMALS,ROUND SNACK BOXES SET OF4 WOODLAND ,0.05660377358490566,0.2722371967654987,0.03099730458221024,0.5476190476190476,2.011551155115511,1.0,0.015587651935106542,1.6087388282025818,0.5330434782608694,0.10407239819004524,0.37839506172839493,0.3307402168788307
PLASTERS IN TIN SPACEBOY + PLASTERS IN TIN WOODLAND ANIMALS,PLASTERS IN TIN CIRCUS PARADE ,0.05660377358490566,0.12129380053908356,0.03099730458221024,0.5476190476190476,4.514814814814814,1.0,0.024131617759243246,1.9424031777557098,0.8252173913043477,0.2110091743119266,0.4851738241308793,0.40158730158730155
SAVE THE PLANET COTTON TOTE BAG + WOODLAND DESIGN  COTTON TOTE BAG,BIG DOUGHNUT FRIDGE MAGNETS,0.0444743935309973,0.06199460916442048,0.02425876010781671,0.5454545454545454,8.798418972332016,1.0,0.021501587463037902,2.0636118598382747,0.927597555242125,0.2950819672131148,0.5154127481713688,0.46837944664031617
BIG DOUGHNUT FRIDGE MAGNETS,STRAWBERRY CERAMIC TRINKET BOX,0.06199460916442048,0.06873315363881402,0.03369272237196765,0.5434782608695652,7.907075873827791,1.0,0.02943163737549131,2.039917853934026,0.9312643678160919,0.3472222222222222,0.5097841817152204,0.5168371696504688
SKULL LUNCH BOX WITH CUTLERY ,STRAWBERRY LUNCH BOX WITH CUTLERY,0.04716981132075472,0.07681940700808626,0.025606469002695417,0.5428571428571428,7.0666666666666655,1.0,0.021982912068351724,2.019457547169811,0.9009900990099009,0.2602739726027397,0.5048175182481751,0.4380952380952381
ROUND SNACK BOXES SET OF4 WOODLAND  + WOODLAND CHARLOTTE BAG,ROUND SNACK BOXES SET OF 4 FRUITS ,0.0876010781671159,0.1752021563342318,0.04716981132075472,0.5384615384615385,3.073372781065089,1.0,0.03182191352867242,1.7870619946091646,0.7393964971512978,0.21875000000000003,0.4404223227752641,0.4038461538461539
PLASTERS IN TIN CIRCUS PARADE  + PLASTERS IN TIN STRONGMAN,ROUND SNACK BOXES SET OF4 WOODLAND ,0.05256064690026954,0.2722371967654987,0.02830188679245283,0.5384615384615384,1.9779131759329776,1.0,0.013992923620142253,1.5768194070080863,0.5218451534241006,0.09545454545454543,0.36581196581196573,0.3212109672505712
PLASTERS IN TIN CIRCUS PARADE  + PLASTERS IN TIN WOODLAND ANIMALS,ROUND SNACK BOXES SET OF4 WOODLAND ,0.07008086253369272,0.2722371967654987,0.03773584905660377,0.5384615384615384,1.9779131759329776,1.0,0.018657231493523004,1.5768194070080863,0.5316770186335403,0.1238938053097345,0.36581196581196573,0.33853769992383853
RED RETROSPOT CUP,ROUND SNACK BOXES SET OF4 WOODLAND ,0.05256064690026954,0.2722371967654987,0.02830188679245283,0.5384615384615384,1.9779131759329776,1.0,0.013992923620142253,1.5768194070080863,0.5218451534241006,0.09545454545454543,0.36581196581196573,0.3212109672505712
BLUE  SPOTTY CUP,PINK SPOTTY BOWL,0.03773584905660377,0.025606469002695417,0.02021563342318059,0.5357142857142857,20.92105263157895,1.0,0.019249351574022276,2.0986937590711174,0.9895424836601308,0.46875,0.5235131396957123,0.6625939849624061
BLUE  SPOTTY CUP,RED SPOTTY BOWL + RED SPOTTY CUP,0.03773584905660377,0.03369272237196765,0.02021563342318059,0.5357142857142857,15.9,1.0,0.018944209937445965,2.081277213352685,0.9738562091503268,0.39473684210526316,0.5195258019525801,0.5678571428571428
6 RIBBONS RUSTIC CHARM + ROUND SNACK BOXES SET OF4 WOODLAND ,ROUND SNACK BOXES SET OF 4 FRUITS ,0.03773584905660377,0.1752021563342318,0.02021563342318059,0.5357142857142857,3.0576923076923075,1.0,0.013604231297360523,1.7764876632801159,0.699346405228758,0.10489510489510488,0.43709150326797386,0.32554945054945056
BLUE  SPOTTY CUP,PINK  SPOTTY CUP + PINK SPOTTY BOWL,0.03773584905660377,0.022911051212938006,0.02021563342318059,0.5357142857142857,23.38235294117647,1.0,0.019351065452881046,2.104499274310595,0.9947712418300654,0.4999999999999999,0.5248275862068965,0.7090336134453781
PLASTERS IN TIN CIRCUS PARADE  + PLASTERS IN TIN WOODLAND ANIMALS + ROUND SNACK BOXES SET OF4 WOODLAND ,PLASTERS IN TIN STRONGMAN,0.03773584905660377,0.07277628032345014,0.02021563342318059,0.5357142857142857,7.361111111111111,1.0,0.017469358693993794,1.997097242380261,0.8980392156862744,0.2238805970149253,0.4992732558139535,0.40674603174603174
PLASTERS IN TIN WOODLAND ANIMALS,ROUND SNACK BOXES SET OF4 WOODLAND ,0.13881401617250674,0.2722371967654987,0.07412398921832884,0.5339805825242718,1.9614534268960875,1.0,0.03633365058376501,1.5616576819407009,0.5691848058045241,0.22,0.3596548004314994,0.40312890512352206
CHOCOLATE BOX RIBBONS ,SCANDINAVIAN REDS RIBBONS,0.04043126684636118,0.05256064690026954,0.0215633423180593,0.5333333333333334,10.147008547008548,1.0,0.019438248777617136,2.030227185213709,0.9394311797752809,0.30188679245283023,0.507444286391655,0.4717948717948719
JUMBO BAG WOODLAND ANIMALS + ROUND SNACK BOXES SET OF4 WOODLAND ,ROUND SNACK BOXES SET OF 4 FRUITS ,0.04043126684636118,0.1752021563342318,0.0215633423180593,0.5333333333333334,3.0441025641025647,1.0,0.014479697183252085,1.7674239507123606,0.6997893258426967,0.11111111111111112,0.4342047930283226,0.32820512820512826
JUMBO BAG WOODLAND ANIMALS + ROUND SNACK BOXES SET OF4 WOODLAND ,WOODLAND CHARLOTTE BAG,0.04043126684636118,0.1752021563342318,0.0215633423180593,0.5333333333333334,3.0441025641025647,1.0,0.014479697183252085,1.7674239507123606,0.6997893258426967,0.11111111111111112,0.4342047930283226,0.32820512820512826
LUNCH BAG WOODLAND + WOODLAND CHARLOTTE BAG,ROUND SNACK BOXES SET OF 4 FRUITS ,0.04043126684636118,0.1752021563342318,0.0215633423180593,0.5333333333333334,3.0441025641025647,1.0,0.014479697183252085,1.7674239507123606,0.6997893258426967,0.11111111111111112,0.4342047930283226,0.32820512820512826
RED SPOTTY CUP,RED SPOTTY PLATE ,0.06064690026954178,0.03908355795148248,0.03234501347708895,0.5333333333333333,13.645977011494253,1.0,0.029974716835826535,2.0591066615325375,0.9865494978479197,0.48,0.5143525011687704,0.6804597701149425
CHARLOTTE BAG SUKI DESIGN + WOODLAND CHARLOTTE BAG,ROUND SNACK BOXES SET OF4 WOODLAND ,0.0431266846361186,0.2722371967654987,0.022911051212938006,0.53125,1.9514232673267324,1.0,0.011170363481811378,1.5525606469002695,0.5095277547638773,0.07834101382488479,0.35590277777777773,0.30770420792079206
LUNCH BAG WOODLAND + ROUND SNACK BOXES SET OF4 WOODLAND ,WOODLAND CHARLOTTE BAG,0.0431266846361186,0.1752021563342318,0.022911051212938006,0.53125,3.0322115384615382,1.0,0.015355163069143642,1.7595687331536387,0.7004142502071251,0.11724137931034484,0.43167892156862747,0.3310096153846154
PLASTERS IN TIN STRONGMAN + PLASTERS IN TIN WOODLAND ANIMALS,ROUND SNACK BOXES SET OF4 WOODLAND ,0.0431266846361186,0.2722371967654987,0.022911051212938006,0.53125,1.9514232673267324,1.0,0.011170363481811378,1.5525606469002695,0.5095277547638773,0.07834101382488479,0.35590277777777773,0.30770420792079206
RED  HARMONICA IN BOX ,PLASTERS IN TIN CIRCUS PARADE ,0.04582210242587601,0.12129380053908356,0.02425876010781671,0.5294117647058824,4.364705882352941,1.0,0.01870082315589105,1.8672506738544474,0.8079096045197739,0.169811320754717,0.4644532659689643,0.36470588235294116
LUNCH BOX WITH CUTLERY RETROSPOT ,ROUND SNACK BOXES SET OF4 WOODLAND ,0.06873315363881402,0.2722371967654987,0.03638814016172507,0.5294117647058824,1.9446709376820033,1.0,0.017676419090242007,1.5464959568733154,0.5216272712654767,0.11946902654867259,0.3533769063180828,0.331537565521258
WOODLAND DESIGN  COTTON TOTE BAG,ROUND SNACK BOXES SET OF4 WOODLAND ,0.09433962264150944,0.2722371967654987,0.04986522911051213,0.5285714285714286,1.9415841584158415,1.0,0.024182474698672633,1.5437392795883362,0.5354729729729729,0.15744680851063828,0.35222222222222216,0.3558698727015559
PLASTERS IN TIN SPACEBOY + ROUND SNACK BOXES SET OF4 WOODLAND ,ROUND SNACK BOXES SET OF 4 FRUITS ,0.04851752021563342,0.1752021563342318,0.025606469002695417,0.5277777777777778,3.0123931623931623,1.0,0.017106094840926758,1.7466307277628033,0.7021022811987476,0.12925170068027209,0.4274691358024692,0.336965811965812
PLASTERS IN TIN CIRCUS PARADE  + ROUND SNACK BOXES SET OF 4 FRUITS ,PLASTERS IN TIN WOODLAND ANIMALS,0.05121293800539083,0.13881401617250674,0.026954177897574125,0.5263157894736843,3.7915176290240167,1.0,0.019845104293052217,1.8180592991913749,0.7759943181818182,0.1652892561983471,0.4499629355077836,0.36024527337761886
PLASTERS IN TIN CIRCUS PARADE ,ROUND SNACK BOXES SET OF4 WOODLAND ,0.12129380053908356,0.2722371967654987,0.06334231805929919,0.5222222222222221,1.9182618261826179,1.0,0.030321633815505546,1.5232244718861654,0.5447722229473958,0.19183673469387752,0.3434979423868311,0.3774477447744774
JUMBO BAG WOODLAND ANIMALS,WOODLAND CHARLOTTE BAG,0.09838274932614555,0.1752021563342318,0.05121293800539083,0.5205479452054794,2.971127502634352,1.0,0.033976068177359944,1.7202926453600307,0.7358193690504289,0.23030303030303031,0.4187035544811532,0.40642781875658585
CARD CIRCUS PARADE,ROUND SNACK BOXES SET OF 4 FRUITS ,0.03908355795148248,0.1752021563342318,0.02021563342318059,0.5172413793103448,2.9522546419098137,1.0,0.013368109792866949,1.708509819021948,0.6881720430107526,0.10416666666666664,0.41469461347757486,0.3163129973474801
RETROSPOT TEA SET CERAMIC 11 PC ,ROUND SNACK BOXES SET OF4 WOODLAND ,0.03908355795148248,0.2722371967654987,0.02021563342318059,0.5172413793103448,1.8999658586548305,1.0,0.009575635166847086,1.5075086638428954,0.492940626460963,0.06944444444444443,0.3366538952745848,0.2957494025264595
BLUE STRIPE CERAMIC DRAWER KNOB,RED SPOT CERAMIC DRAWER KNOB + RED STRIPE CERAMIC DRAWER KNOB,0.03908355795148248,0.029649595687331536,0.02021563342318059,0.5172413793103448,17.445141065830718,1.0,0.019056821731896746,2.0100115517905275,0.9810191678354372,0.4166666666666666,0.5024904214559386,0.5995297805642632
CARD CIRCUS PARADE,WOODLAND CHARLOTTE BAG,0.03908355795148248,0.1752021563342318,0.02021563342318059,0.5172413793103448,2.9522546419098137,1.0,0.013368109792866949,1.708509819021948,0.6881720430107526,0.10416666666666664,0.41469461347757486,0.3163129973474801
RED SPOTTY PLATE ,PINK  SPOTTY PLATE ,0.03908355795148248,0.02830188679245283,0.02021563342318059,0.5172413793103448,18.275862068965512,1.0,0.019109494990591464,2.0128032345013476,0.9837307152875175,0.42857142857142844,0.503180448610646,0.6157635467980295
RED SPOTTY BOWL,BLUE  SPOTTY CUP,0.04177897574123989,0.03773584905660377,0.0215633423180593,0.5161290322580645,13.67741935483871,1.0,0.019986777195748363,1.9886792452830189,0.9672995780590719,0.372093023255814,0.4971537001897533,0.5437788018433181
GUMBALL COAT RACK,ROUND SNACK BOXES SET OF4 WOODLAND ,0.08355795148247978,0.2722371967654987,0.0431266846361186,0.5161290322580645,1.8958799105717021,1.0,0.02037910215706076,1.5040431266846361,0.515625,0.13793103448275862,0.3351254480286738,0.3372724369211115
PLASTERS IN TIN WOODLAND ANIMALS + ROUND SNACK BOXES SET OF 4 FRUITS ,PLASTERS IN TIN CIRCUS PARADE  + ROUND SNACK BOXES SET OF4 WOODLAND ,0.0444743935309973,0.06334231805929919,0.022911051212938006,0.5151515151515151,8.132817537072857,1.0,0.020093940032403137,1.9318564690026956,0.9178627727536713,0.2698412698412699,0.4823632003488118,0.4384268214055448
PLASTERS IN TIN WOODLAND ANIMALS + ROUND SNACK BOXES SET OF 4 FRUITS ,PLASTERS IN TIN SPACEBOY,0.0444743935309973,0.09838274932614555,0.022911051212938006,0.5151515151515151,5.236197592361976,1.0,0.01853553810274555,1.8595855795148248,0.8466771758068531,0.1910112359550562,0.4622457761471214,0.37401411374014115
SAVE THE PLANET COTTON TOTE BAG + WOODLAND DESIGN  COTTON TOTE BAG,WOODLAND CHARLOTTE BAG,0.0444743935309973,0.1752021563342318,0.022911051212938006,0.5151515151515151,2.94032634032634,1.0,0.01511904156465007,1.7011455525606467,0.6906164440388286,0.11643835616438357,0.41216082392552983,0.32296037296037294
ROUND SNACK BOXES SET OF4 WOODLAND ,ROUND SNACK BOXES SET OF 4 FRUITS ,0.2722371967654987,0.1752021563342318,0.14016172506738545,0.5148514851485148,2.938613861386138,1.0,0.09246518115968352,1.7000935144947462,0.9064814814814814,0.45614035087719296,0.411797062059147,0.6574257425742573
PLASTERS IN TIN CIRCUS PARADE  + PLASTERS IN TIN SPACEBOY,PLASTERS IN TIN STRONGMAN,0.04716981132075472,0.07277628032345014,0.02425876010781671,0.5142857142857142,7.0666666666666655,1.0,0.020825916696333213,1.9089900110987787,0.9009900990099009,0.2535211267605634,0.4761627906976744,0.42380952380952375
PLASTERS IN TIN CIRCUS PARADE  + PLASTERS IN TIN SPACEBOY,ROUND SNACK BOXES SET OF4 WOODLAND ,0.04716981132075472,0.2722371967654987,0.02425876010781671,0.5142857142857142,1.8891089108910888,1.0,0.011417382901896962,1.4983351831298557,0.49394939493949386,0.08219178082191779,0.3325925925925925,0.30169731258840166
SCANDINAVIAN REDS RIBBONS,6 RIBBONS RUSTIC CHARM,0.05256064690026954,0.1105121293800539,0.026954177897574125,0.5128205128205129,4.640400250156349,1.0,0.021145588887032208,1.8257908923251527,0.8280227596017069,0.198019801980198,0.4522921522921524,0.37836147592245156
ROUND SNACK BOXES SET OF4 WOODLAND  + SPACEBOY LUNCH BOX ,ROUND SNACK BOXES SET OF 4 FRUITS ,0.05256064690026954,0.1752021563342318,0.026954177897574125,0.5128205128205129,2.9270216962524658,1.0,0.017745439222324744,1.6930061001560506,0.6948790896159317,0.1342281879194631,0.4093346740405565,0.33333333333333337
RED RETROSPOT CUP,RED RETROSPOT PLATE ,0.05256064690026954,0.03773584905660377,0.026954177897574125,0.5128205128205129,13.589743589743591,1.0,0.024970757259828107,1.9751737835153926,0.9778093883357042,0.4255319148936171,0.49371543489190556,0.6135531135531136
LUNCH BOX WITH CUTLERY RETROSPOT ,STRAWBERRY LUNCH BOX WITH CUTLERY,0.06873315363881402,0.07681940700808626,0.03504043126684636,0.5098039215686274,6.636394908840728,1.0,0.029760391162516983,1.8832884097035039,0.9120004452855395,0.31707317073170727,0.46901388292543295,0.4829721362229102
PLASTERS IN TIN WOODLAND ANIMALS + ROUND SNACK BOXES SET OF4 WOODLAND ,PLASTERS IN TIN CIRCUS PARADE ,0.07412398921832884,0.12129380053908356,0.03773584905660377,0.509090909090909,4.197171717171717,1.0,0.02874506869319461,1.7899570729759406,0.8227282179247245,0.23931623931623927,0.4413273842721695,0.4101010101010101
PLASTERS IN TIN WOODLAND ANIMALS,PLASTERS IN TIN CIRCUS PARADE ,0.13881401617250674,0.12129380053908356,0.07008086253369272,0.5048543689320388,4.162243797195253,1.0,0.05324358294403557,1.7746419322445959,0.8822077765739738,0.3687943262411347,0.4365060456251117,0.5413160733549083
CHARLOTTE BAG SUKI DESIGN,ROUND SNACK BOXES SET OF4 WOODLAND ,0.05121293800539083,0.2722371967654987,0.025606469002695417,0.5,1.8366336633663365,1.0,0.011664402321982547,1.4555256064690028,0.48011363636363635,0.08597285067873302,0.3129629629629629,0.297029702970297
CHARLOTTE BAG APPLES DESIGN,WOODLAND CHARLOTTE BAG,0.04043126684636118,0.1752021563342318,0.02021563342318059,0.5,2.853846153846154,1.0,0.013131988288373376,1.6495956873315363,0.6769662921348315,0.10344827586206896,0.39379084967320266,0.3076923076923077
PLASTERS IN TIN STRONGMAN,ROUND SNACK BOXES SET OF4 WOODLAND ,0.07277628032345014,0.2722371967654987,0.03638814016172507,0.5,1.8366336633663365,1.0,0.016575729615448884,1.4555256064690028,0.4912790697674418,0.11790393013100438,0.3129629629629629,0.31683168316831684
JAM JAR WITH PINK LID,JAM JAR WITH GREEN LID,0.04043126684636118,0.0215633423180593,0.02021563342318059,0.5,23.1875,1.0,0.019343800175819704,1.9568733153638813,0.9971910112359552,0.48387096774193544,0.4889807162534436,0.71875
PLASTERS IN TIN SPACEBOY + ROUND SNACK BOXES SET OF4 WOODLAND ,PLASTERS IN TIN CIRCUS PARADE ,0.04851752021563342,0.12129380053908356,0.02425876010781671,0.5,4.122222222222222,1.0,0.018373885688130715,1.7574123989218329,0.7960339943342776,0.16666666666666666,0.43098159509202455,0.35
"HOOK, 5 HANGER , MAGIC TOADSTOOL","HOOK, 5 HANGER ,MAGIC TOADSTOOL RED",0.0431266846361186,0.03638814016172507,0.0215633423180593,0.5,13.74074074074074,1.0,0.0199940424728097,1.9272237196765498,0.9690140845070422,0.372093023255814,0.4811188811188811,0.5462962962962963
"HOOK, 5 HANGER , MAGIC TOADSTOOL",ROUND SNACK BOXES SET OF4 WOODLAND ,0.0431266846361186,0.2722371967654987,0.0215633423180593,0.5,1.8366336633663365,1.0,0.009822654586932673,1.4555256064690028,0.476056338028169,0.07339449541284403,0.3129629629629629,0.2896039603960396
RED SPOT CERAMIC DRAWER KNOB,RED STRIPE CERAMIC DRAWER KNOB + WHITE SPOT RED CERAMIC DRAWER KNOB,0.04582210242587601,0.03504043126684636,0.022911051212938006,0.5,14.26923076923077,1.0,0.021305424982381704,1.9299191374663072,0.9745762711864407,0.39534883720930236,0.4818435754189944,0.5769230769230769
CHARLOTTE BAG APPLES DESIGN,ROUND SNACK BOXES SET OF 4 FRUITS ,0.04043126684636118,0.1752021563342318,0.02021563342318059,0.5,2.853846153846154,1.0,0.013131988288373376,1.6495956873315363,0.6769662921348315,0.10344827586206896,0.39379084967320266,0.3076923076923077
RED SPOT CERAMIC DRAWER KNOB,RED STRIPE CERAMIC DRAWER KNOB + ROUND SNACK BOXES SET OF4 WOODLAND ,0.04582210242587601,0.03099730458221024,0.022911051212938006,0.5,16.130434782608695,1.0,0.02149068954744589,1.9380053908355794,0.983050847457627,0.42499999999999993,0.4840055632823366,0.6195652173913044
CHILDS BREAKFAST SET CIRCUS PARADE,ROUND SNACK BOXES SET OF 4 FRUITS ,0.05121293800539083,0.1752021563342318,0.025606469002695417,0.5,2.853846153846154,1.0,0.016633851831939613,1.6495956873315363,0.684659090909091,0.12751677852348992,0.39379084967320266,0.32307692307692304
CHOCOLATE BOX RIBBONS ,ROUND SNACK BOXES SET OF 4 FRUITS ,0.04043126684636118,0.1752021563342318,0.02021563342318059,0.5,2.853846153846154,1.0,0.013131988288373376,1.6495956873315363,0.6769662921348315,0.10344827586206896,0.39379084967320266,0.3076923076923077
PACK OF 60 MUSHROOM CAKE CASES,ROUND SNACK BOXES SET OF4 WOODLAND ,0.0646900269541779,0.2722371967654987,0.03234501347708895,0.5,1.8366336633663365,1.0,0.014733981880399007,1.4555256064690028,0.4870317002881843,0.10619469026548672,0.3129629629629629,0.3094059405940594
RED  HARMONICA IN BOX ,ROUND SNACK BOXES SET OF 4 FRUITS ,0.04582210242587601,0.1752021563342318,0.022911051212938006,0.5,2.853846153846154,1.0,0.014882920060156494,1.6495956873315363,0.6807909604519774,0.11564625850340138,0.39379084967320266,0.3153846153846154
RED RETROSPOT CHARLOTTE BAG + WOODLAND CHARLOTTE BAG,ROUND SNACK BOXES SET OF4 WOODLAND ,0.0431266846361186,0.2722371967654987,0.0215633423180593,0.5,1.8366336633663365,1.0,0.009822654586932673,1.4555256064690028,0.476056338028169,0.07339449541284403,0.3129629629629629,0.2896039603960396
BIG DOUGHNUT FRIDGE MAGNETS,WOODLAND DESIGN  COTTON TOTE BAG,0.06199460916442048,0.09433962264150944,0.03099730458221024,0.5,5.3,1.0,0.02514875654783095,1.8113207547169812,0.8649425287356322,0.2473118279569892,0.4479166666666667,0.41428571428571426
BIG DOUGHNUT FRIDGE MAGNETS,SAVE THE PLANET COTTON TOTE BAG,0.06199460916442048,0.0646900269541779,0.03099730458221024,0.5,7.729166666666666,1.0,0.026986871644350156,1.8706199460916442,0.9281609195402298,0.323943661971831,0.4654178674351585,0.4895833333333333
WOODLAND CHARLOTTE BAG,ROUND SNACK BOXES SET OF4 WOODLAND ,0.1752021563342318,0.2722371967654987,0.0876010781671159,0.5,1.8366336633663365,1.0,0.039904534259413975,1.4555256064690028,0.5522875816993463,0.24344569288389514,0.3129629629629629,0.41089108910891087
PLASTERS IN TIN SPACEBOY,ROUND SNACK BOXES SET OF4 WOODLAND ,0.09838274932614555,0.2722371967654987,0.04851752021563342,0.4931506849315069,1.811474298114743,1.0,0.021734076329000804,1.435856341516719,0.49684437801029724,0.1506276150627615,0.3035514967021816,0.33568425335684254
LUNCH BAG WOODLAND,ROUND SNACK BOXES SET OF4 WOODLAND ,0.0876010781671159,0.2722371967654987,0.0431266846361186,0.49230769230769234,1.8083777608530083,1.0,0.019278412682267636,1.4334721881891694,0.48993722304283593,0.13617021276595745,0.3023931623931624,0.3253617669459254
PLASTERS IN TIN WOODLAND ANIMALS + ROUND SNACK BOXES SET OF4 WOODLAND ,ROUND SNACK BOXES SET OF 4 FRUITS ,0.07412398921832884,0.1752021563342318,0.03638814016172507,0.49090909090909096,2.8019580419580423,1.0,0.023401457414578507,1.6201386214863305,0.6945927004151168,0.17088607594936708,0.3827688651218064,0.34930069930069935
JUMBO BAG RED RETROSPOT,JUMBO BAG WOODLAND ANIMALS,0.07142857142857142,0.09838274932614555,0.03504043126684636,0.49056603773584906,4.986301369863014,1.0,0.02801309202926454,1.7698412698412698,0.8609467455621304,0.26,0.4349775784753363,0.42336521064874644
STRAWBERRY CERAMIC TRINKET BOX,BIG DOUGHNUT FRIDGE MAGNETS,0.06873315363881402,0.06199460916442048,0.03369272237196765,0.4901960784313725,7.907075873827791,1.0,0.02943163737549131,1.8399336512544058,0.9380028943560058,0.3472222222222222,0.45650214108631954,0.5168371696504688
RED SPOTTY CUP,BLUE  SPOTTY CUP,0.06064690026954178,0.03773584905660377,0.029649595687331536,0.4888888888888889,12.955555555555556,1.0,0.027361033413009203,1.882690730106645,0.9823920699100038,0.4313725490196079,0.4688453159041394,0.6373015873015873
RETROSPOT PARTY BAG + STICKER SET,WOODLAND PARTY BAG + STICKER SET,0.05256064690026954,0.09299191374663072,0.025606469002695417,0.48717948717948717,5.238944630248978,1.0,0.02071875385967844,1.7686657681940703,0.8540091337875272,0.21348314606741575,0.43460204975806754,0.3812709030100334
RED RETROSPOT CUP,BLUE POLKADOT CUP,0.05256064690026954,0.03369272237196765,0.025606469002695417,0.48717948717948717,14.45948717948718,1.0,0.02383555771899361,1.8842991913746634,0.9824810960545032,0.42222222222222217,0.46929871616064084,0.6235897435897436
PLASTERS IN TIN CIRCUS PARADE  + PLASTERS IN TIN SPACEBOY,ROUND SNACK BOXES SET OF 4 FRUITS ,0.04716981132075472,0.1752021563342318,0.022911051212938006,0.4857142857142857,2.772307692307692,1.0,0.01464679855566292,1.6037735849056605,0.6709376820034945,0.11486486486486489,0.3764705882352941,0.30824175824175826
RED GINGHAM ROSE JEWELLERY BOX,WOODLAND CHARLOTTE BAG,0.04716981132075472,0.1752021563342318,0.022911051212938006,0.4857142857142857,2.772307692307692,1.0,0.01464679855566292,1.6037735849056605,0.6709376820034945,0.11486486486486489,0.3764705882352941,0.30824175824175826
SET OF 2 TEA TOWELS APPLE AND PEARS,ROUND SNACK BOXES SET OF4 WOODLAND ,0.04716981132075472,0.2722371967654987,0.022911051212938006,0.4857142857142857,1.784158415841584,1.0,0.010069674007018256,1.4150943396226416,0.4612696563774024,0.07727272727272727,0.2933333333333333,0.28493635077793494
CIRCUS PARADE LUNCH BOX ,ROUND SNACK BOXES SET OF 4 FRUITS ,0.0444743935309973,0.1752021563342318,0.0215633423180593,0.4848484848484849,2.7673659673659676,1.0,0.013771332669771364,1.601078167115903,0.6683709449929479,0.10884353741496598,0.37542087542087554,0.303962703962704
LUNCH BAG SPACEBOY DESIGN ,ROUND SNACK BOXES SET OF4 WOODLAND ,0.04177897574123989,0.2722371967654987,0.02021563342318059,0.48387096774193544,1.7773874161609706,1.0,0.008841842183651671,1.4100404312668464,0.4564463197374589,0.06880733944954127,0.290800477897252,0.27906419674225486
LUNCH BAG SPACEBOY DESIGN ,SPACEBOY LUNCH BOX ,0.04177897574123989,0.09029649595687332,0.02021563342318059,0.48387096774193544,5.358690418873374,1.0,0.016443138309079414,1.762550539083558,0.8488513830285982,0.18072289156626503,0.4326403823178016,0.3538757823784304
ROUND SNACK BOXES SET OF4 WOODLAND  + SAVE THE PLANET COTTON TOTE BAG,BIG DOUGHNUT FRIDGE MAGNETS,0.04177897574123989,0.06199460916442048,0.02021563342318059,0.48387096774193544,7.805049088359046,1.0,0.01762556215081262,1.8173854447439355,0.9098921706516644,0.2419354838709677,0.4497589914720058,0.40497896213183726
RED SPOTTY BOWL,BLUE  SPOTTY CUP + RED SPOTTY CUP,0.04177897574123989,0.029649595687331536,0.02021563342318059,0.48387096774193544,16.31964809384164,1.0,0.018976903684221995,1.8800539083557952,0.9796530707923112,0.39473684210526316,0.468100358422939,0.5828445747800586
PLASTERS IN TIN CIRCUS PARADE  + PLASTERS IN TIN WOODLAND ANIMALS,PLASTERS IN TIN STRONGMAN,0.07008086253369272,0.07277628032345014,0.03369272237196765,0.4807692307692307,6.6061253561253555,1.0,0.028592497874906458,1.7857642008585402,0.9125797101449274,0.308641975308642,0.4400156529516995,0.4718660968660968
COFFEE MUG APPLES DESIGN,ROUND SNACK BOXES SET OF 4 FRUITS ,0.0673854447439353,0.1752021563342318,0.03234501347708895,0.48000000000000004,2.739692307692308,1.0,0.02053893825241026,1.5861496993572464,0.6808766859344894,0.15384615384615385,0.3695424836601308,0.3323076923076923
PLASTERS IN TIN SPACEBOY,PLASTERS IN TIN CIRCUS PARADE ,0.09838274932614555,0.12129380053908356,0.04716981132075472,0.47945205479452063,3.952815829528159,1.0,0.03523659374750256,1.6880408568591294,0.8285287209054025,0.2734375,0.40759727708210786,0.43417047184170476
SAVE THE PLANET COTTON TOTE BAG,BIG DOUGHNUT FRIDGE MAGNETS,0.0646900269541779,0.06199460916442048,0.03099730458221024,0.47916666666666663,7.729166666666666,1.0,0.026986871644350156,1.8009703504043126,0.930835734870317,0.323943661971831,0.4447437739463601,0.4895833333333333
SAVE THE PLANET COTTON TOTE BAG,WOODLAND CHARLOTTE BAG,0.0646900269541779,0.1752021563342318,0.03099730458221024,0.47916666666666663,2.7349358974358973,1.0,0.019663472366518695,1.5836118598382747,0.678235810048866,0.1483870967741935,0.3685321350762527,0.32804487179487174
BIG DOUGHNUT FRIDGE MAGNETS,ROUND SNACK BOXES SET OF4 WOODLAND ,0.06199460916442048,0.2722371967654987,0.029649595687331536,0.4782608695652174,1.7567800258286697,1.0,0.012772357073837011,1.394878706199461,0.45924764890282127,0.09734513274336282,0.2830917874396135,0.29358588032716315
PLASTERS IN TIN CIRCUS PARADE  + ROUND SNACK BOXES SET OF 4 FRUITS ,PLASTERS IN TIN STRONGMAN,0.05121293800539083,0.07277628032345014,0.02425876010781671,0.4736842105263158,6.508771929824562,1.0,0.020531672975348914,1.7617250673854448,0.8920454545454545,0.24324324324324326,0.432374541003672,0.4035087719298246
PACK OF 6 BIRDY GIFT TAGS,ROUND SNACK BOXES SET OF4 WOODLAND ,0.04851752021563342,0.2722371967654987,0.022911051212938006,0.47222222222222227,1.7345984598459845,1.0,0.00970277751542055,1.3789189956022134,0.4450924845859023,0.07692307692307691,0.2747942386831276,0.2781903190319032
ROUND CONTAINER SET OF 5 RETROSPOT,ROUND SNACK BOXES SET OF 4 FRUITS ,0.04851752021563342,0.1752021563342318,0.022911051212938006,0.47222222222222227,2.6952991452991455,1.0,0.014410677051169347,1.5627748616825083,0.6610564905849025,0.11409395973154363,0.36011256354393617,0.30149572649572653
WOODLAND  STICKERS,WOODLAND CHARLOTTE BAG,0.04851752021563342,0.1752021563342318,0.022911051212938006,0.47222222222222227,2.6952991452991455,1.0,0.014410677051169347,1.5627748616825083,0.6610564905849025,0.11409395973154363,0.36011256354393617,0.30149572649572653
WOODLAND DESIGN  COTTON TOTE BAG,SAVE THE PLANET COTTON TOTE BAG,0.09433962264150944,0.0646900269541779,0.0444743935309973,0.47142857142857136,7.287499999999999,1.0,0.038371560799471086,1.7695053544110144,0.952651515151515,0.38823529411764707,0.43487031700288176,0.5794642857142857
RED SPOT CERAMIC DRAWER KNOB,BLUE STRIPE CERAMIC DRAWER KNOB,0.04582210242587601,0.03908355795148248,0.0215633423180593,0.47058823529411764,12.040567951318458,1.0,0.01977245152243881,1.8150643905360888,0.9609816384180793,0.3404255319148936,0.44905535846877315,0.511156186612576
LUNCH BOX WITH CUTLERY RETROSPOT ,ROUND SNACK BOXES SET OF 4 FRUITS  + ROUND SNACK BOXES SET OF4 WOODLAND ,0.06873315363881402,0.14016172506738545,0.03234501347708895,0.47058823529411764,3.3574660633484164,1.0,0.022711256093751138,1.6241389637616053,0.7539797395079596,0.183206106870229,0.38428913885303334,0.3506787330316742
CHARLOTTE BAG SUKI DESIGN + WOODLAND CHARLOTTE BAG,ROUND SNACK BOXES SET OF 4 FRUITS ,0.0431266846361186,0.1752021563342318,0.02021563342318059,0.46874999999999994,2.6754807692307687,1.0,0.012659745279386228,1.5525606469002695,0.6544600938967136,0.1020408163265306,0.35590277777777773,0.29206730769230765
PLASTERS IN TIN WOODLAND ANIMALS + WOODLAND CHARLOTTE BAG,ROUND SNACK BOXES SET OF 4 FRUITS ,0.0431266846361186,0.1752021563342318,0.02021563342318059,0.46874999999999994,2.6754807692307687,1.0,0.012659745279386228,1.5525606469002695,0.6544600938967136,0.1020408163265306,0.35590277777777773,0.29206730769230765
PLASTERS IN TIN STRONGMAN + PLASTERS IN TIN WOODLAND ANIMALS,PLASTERS IN TIN CIRCUS PARADE  + ROUND SNACK BOXES SET OF4 WOODLAND ,0.0431266846361186,0.06334231805929919,0.02021563342318059,0.46874999999999994,7.400265957446808,1.0,0.017483889248116474,1.7631203424766133,0.9038497652582159,0.23437499999999997,0.4328237410071942,0.39394946808510634
PLASTERS IN TIN STRONGMAN + PLASTERS IN TIN WOODLAND ANIMALS,ROUND SNACK BOXES SET OF 4 FRUITS ,0.0431266846361186,0.1752021563342318,0.02021563342318059,0.46874999999999994,2.6754807692307687,1.0,0.012659745279386228,1.5525606469002695,0.6544600938967136,0.1020408163265306,0.35590277777777773,0.29206730769230765
RED SPOTTY CUP,PINK  SPOTTY CUP,0.06064690026954178,0.03504043126684636,0.02830188679245283,0.4666666666666667,13.317948717948719,1.0,0.026176793252010666,1.809299191374663,0.9846279975404796,0.41999999999999993,0.44729981378026074,0.6371794871794871
PLASTERS IN TIN STRONGMAN,PLASTERS IN TIN CIRCUS PARADE  + PLASTERS IN TIN WOODLAND ANIMALS,0.07277628032345014,0.07008086253369272,0.03369272237196765,0.4629629629629629,6.6061253561253555,1.0,0.028592497874906458,1.7315735663165719,0.9152325581395349,0.308641975308642,0.4224906065485775,0.4718660968660968
RED TOADSTOOL LED NIGHT LIGHT,ROUND SNACK BOXES SET OF4 WOODLAND ,0.14016172506738545,0.2722371967654987,0.0646900269541779,0.46153846153846156,1.6953541507996952,1.0,0.026532791828016364,1.3515594917212168,0.4770114942528736,0.18604651162790697,0.2601139601139601,0.3495811119573496
PLASTERS IN TIN CIRCUS PARADE  + PLASTERS IN TIN STRONGMAN,PLASTERS IN TIN SPACEBOY,0.05256064690026954,0.09838274932614555,0.02425876010781671,0.4615384615384615,4.691253951527924,1.0,0.019087699159407445,1.6744320369657295,0.8304883831199622,0.1914893617021277,0.4027825687018512,0.3540569020021075
PLASTERS IN TIN CIRCUS PARADE  + PLASTERS IN TIN STRONGMAN,ROUND SNACK BOXES SET OF 4 FRUITS ,0.05256064690026954,0.1752021563342318,0.02425876010781671,0.4615384615384615,2.634319526627219,1.0,0.015050021432567331,1.531767423950712,0.6548127074442864,0.11920529801324503,0.34715937657114126,0.3
LUNCH BAG WOODLAND,WOODLAND CHARLOTTE BAG,0.0876010781671159,0.1752021563342318,0.04043126684636118,0.4615384615384615,2.634319526627219,1.0,0.02508336905427888,1.531767423950712,0.6799606105366814,0.18181818181818182,0.34715937657114126,0.34615384615384615
COFFEE MUG APPLES DESIGN,ROUND SNACK BOXES SET OF4 WOODLAND ,0.0673854447439353,0.2722371967654987,0.03099730458221024,0.46,1.6897029702970296,1.0,0.012652480002324887,1.3477088948787062,0.43767278210605676,0.10043668122270741,0.258,0.28693069306930696
COFFEE MUG APPLES DESIGN,COFFEE MUG PEARS  DESIGN,0.0673854447439353,0.03369272237196765,0.03099730458221024,0.46,13.652800000000001,1.0,0.02872690550054126,1.7894579215333932,0.9937170143252072,0.4423076923076924,0.44117154811715487,0.6900000000000001
RED RETROSPOT MINI CASES,WOODLAND CHARLOTTE BAG,0.04716981132075472,0.1752021563342318,0.0215633423180593,0.45714285714285713,2.609230769230769,1.0,0.013299089660784214,1.5193644488579938,0.6472772277227722,0.10738255033557047,0.34183006535947713,0.2901098901098901
BIG DOUGHNUT FRIDGE MAGNETS,RED TOADSTOOL LED NIGHT LIGHT,0.06199460916442048,0.14016172506738545,0.02830188679245283,0.4565217391304348,3.2571070234113715,1.0,0.019612615427089315,1.5821024258760108,0.7387794198139026,0.16279069767441862,0.3679296715278725,0.32922240802675584
STRAWBERRY LUNCH BOX WITH CUTLERY,ROUND SNACK BOXES SET OF4 WOODLAND ,0.07681940700808626,0.2722371967654987,0.03504043126684636,0.45614035087719296,1.67552544728157,1.0,0.014127331245777055,1.3381445091731154,0.43672094329028627,0.11158798283261802,0.25269655620532805,0.29242661108216084
STRAWBERRY LUNCH BOX WITH CUTLERY,LUNCH BOX WITH CUTLERY RETROSPOT ,0.07681940700808626,0.06873315363881402,0.03504043126684636,0.45614035087719296,6.636394908840728,1.0,0.029760391162516983,1.712329362664116,0.9199887703537338,0.31707317073170727,0.41600020311270214,0.4829721362229102
PLASTERS IN TIN WOODLAND ANIMALS + ROUND SNACK BOXES SET OF 4 FRUITS ,PLASTERS IN TIN STRONGMAN,0.0444743935309973,0.07277628032345014,0.02021563342318059,0.45454545454545453,6.245791245791245,1.0,0.016978952492353296,1.6999101527403415,0.878984485190409,0.20833333333333331,0.4117336152219873,0.36616161616161613
PLASTERS IN TIN WOODLAND ANIMALS + ROUND SNACK BOXES SET OF 4 FRUITS ,WOODLAND CHARLOTTE BAG,0.0444743935309973,0.1752021563342318,0.02021563342318059,0.45454545454545453,2.594405594405594,1.0,0.012423623774892655,1.5121293800539084,0.6431593794076164,0.10135135135135134,0.33868092691622104,0.28496503496503495
PLASTERS IN TIN SPACEBOY + PLASTERS IN TIN WOODLAND ANIMALS,PLASTERS IN TIN STRONGMAN,0.05660377358490566,0.07277628032345014,0.025606469002695417,0.45238095238095233,6.216049382716048,1.0,0.02148705690891522,1.6931911402789168,0.8894736842105262,0.24675324675324672,0.4093992248062015,0.4021164021164021
STRAWBERRY CERAMIC TRINKET BOX,SWEETHEART CERAMIC TRINKET BOX,0.06873315363881402,0.03504043126684636,0.03099730458221024,0.4509803921568627,12.870286576168928,1.0,0.02858886523637579,1.7576049287639581,0.9903731202416158,0.4259259259259259,0.43104392595026836,0.6677978883861236
STRAWBERRY CERAMIC TRINKET BOX,RED TOADSTOOL LED NIGHT LIGHT,0.06873315363881402,0.14016172506738545,0.03099730458221024,0.4509803921568627,3.217571644042232,1.0,0.02136354719887243,1.5661340007701192,0.7400742465236269,0.17424242424242425,0.36148503288462713,0.3360671191553544
PLASTERS IN TIN CIRCUS PARADE  + ROUND SNACK BOXES SET OF 4 FRUITS ,PLASTERS IN TIN WOODLAND ANIMALS + ROUND SNACK BOXES SET OF4 WOODLAND ,0.05121293800539083,0.07412398921832884,0.022911051212938006,0.4473684210526316,6.035406698564593,1.0,0.01911494394838747,1.6753946861763576,0.8793449197860963,0.2236842105263158,0.40312571822569526,0.37822966507177036
PLASTERS IN TIN CIRCUS PARADE  + ROUND SNACK BOXES SET OF 4 FRUITS ,PLASTERS IN TIN SPACEBOY,0.05121293800539083,0.09838274932614555,0.022911051212938006,0.4473684210526316,4.547224224945927,1.0,0.01787258157089821,1.6314978821717367,0.8221925133689841,0.18085106382978725,0.38706632050979467,0.34012256669069935
CHARLOTTE BAG SUKI DESIGN,ROUND SNACK BOXES SET OF4 WOODLAND  + WOODLAND CHARLOTTE BAG,0.05121293800539083,0.0876010781671159,0.022911051212938006,0.4473684210526316,5.106882591093117,1.0,0.018424742627560102,1.651007572840457,0.8475935828877006,0.19767441860465115,0.39430925911529197,0.35445344129554657
PLASTERS IN TIN CIRCUS PARADE  + ROUND SNACK BOXES SET OF4 WOODLAND ,PLASTERS IN TIN STRONGMAN,0.06334231805929919,0.07277628032345014,0.02830188679245283,0.4468085106382979,6.139479905437352,1.0,0.023692068497032134,1.676135185569148,0.8937307297019527,0.2625,0.4033894111825829,0.4178486997635934
PACK OF 6 BIRDY GIFT TAGS,WOODLAND CHARLOTTE BAG,0.04851752021563342,0.1752021563342318,0.0215633423180593,0.4444444444444445,2.536752136752137,1.0,0.013062968156290641,1.4846361185983825,0.636685552407932,0.10666666666666666,0.3264342774146696,0.28376068376068375
RED RETROSPOT CHARLOTTE BAG,ROUND SNACK BOXES SET OF4 WOODLAND ,0.04851752021563342,0.2722371967654987,0.0215633423180593,0.4444444444444445,1.6325632563256325,1.0,0.008355068620541844,1.3099730458221024,0.4072237960339942,0.07207207207207206,0.2366255144032922,0.26182618261826185
RED RETROSPOT CHARLOTTE BAG,ROUND SNACK BOXES SET OF4 WOODLAND  + WOODLAND CHARLOTTE BAG,0.04851752021563342,0.0876010781671159,0.0215633423180593,0.4444444444444445,5.073504273504274,1.0,0.01731315523717497,1.6423180592991913,0.8438385269121812,0.18823529411764708,0.39110454620055807,0.3452991452991453
RED TOADSTOOL LED NIGHT LIGHT + WOODLAND CHARLOTTE BAG,ROUND SNACK BOXES SET OF4 WOODLAND ,0.06064690026954178,0.2722371967654987,0.026954177897574125,0.4444444444444445,1.6325632563256325,1.0,0.010443835775677306,1.3099730458221024,0.41248206599713055,0.0881057268722467,0.2366255144032922,0.27172717271727176
SET/5 RED SPOTTY LID GLASS BOWLS,SET OF 72 RETRO SPOT PAPER  DOILIES,0.04851752021563342,0.03773584905660377,0.0215633423180593,0.4444444444444445,11.777777777777779,1.0,0.019732492498601435,1.732075471698113,0.961756373937677,0.3333333333333333,0.4226579520697168,0.507936507936508
SPACEBOY BIRTHDAY CARD,ROBOT BIRTHDAY CARD,0.04851752021563342,0.03234501347708895,0.0215633423180593,0.4444444444444445,13.74074074074074,1.0,0.0199940424728097,1.7417789757412399,0.9745042492917846,0.3636363636363637,0.4258743423088827,0.5555555555555556
SPACEBOY BIRTHDAY CARD,WOODLAND PARTY BAG + STICKER SET,0.04851752021563342,0.09299191374663072,0.0215633423180593,0.4444444444444445,4.779388083735911,1.0,0.017051605262966705,1.6326145552560647,0.8310906515580736,0.17977528089887643,0.38748555390457323,0.3381642512077295
PLASTERS IN TIN CIRCUS PARADE  + PLASTERS IN TIN WOODLAND ANIMALS,PLASTERS IN TIN SPACEBOY,0.07008086253369272,0.09838274932614555,0.03099730458221024,0.4423076923076923,4.495785036880927,1.0,0.024102556650997885,1.6166930012082907,0.8361688720856962,0.22549019607843135,0.3814533747269173,0.3786880927291886
RED SPOT CERAMIC DRAWER KNOB,BLUE STRIPE CERAMIC DRAWER KNOB + RED STRIPE CERAMIC DRAWER KNOB,0.04582210242587601,0.03234501347708895,0.02021563342318059,0.4411764705882353,13.63970588235294,1.0,0.018733516902667082,1.7315931337778407,0.9711864406779661,0.34883720930232553,0.42249713255775845,0.5330882352941175
RED  HARMONICA IN BOX ,6 RIBBONS RUSTIC CHARM,0.04582210242587601,0.1105121293800539,0.02021563342318059,0.4411764705882353,3.9921090387374463,1.0,0.0151517353114261,1.5917151368988507,0.7854990583804143,0.14851485148514848,0.37174688057041,0.31205164992826395
RED SPOT CERAMIC DRAWER KNOB,BLUE SPOT CERAMIC DRAWER KNOB,0.04582210242587601,0.03234501347708895,0.02021563342318059,0.4411764705882353,13.63970588235294,1.0,0.018733516902667082,1.7315931337778407,0.9711864406779661,0.34883720930232553,0.42249713255775845,0.5330882352941175
RED  HARMONICA IN BOX ,PLASTERS IN TIN WOODLAND ANIMALS,0.04582210242587601,0.13881401617250674,0.02021563342318059,0.4411764705882353,3.17818389491719,1.0,0.013854883355976778,1.541069655270251,0.7182674199623351,0.12295081967213113,0.35110006443892106,0.29340376927470013
WHITE SPOT RED CERAMIC DRAWER KNOB,ROUND SNACK BOXES SET OF4 WOODLAND ,0.05525606469002695,0.2722371967654987,0.02425876010781671,0.43902439024390244,1.6126539483216613,1.0,0.00921600395231072,1.297316301418024,0.4021239499128229,0.07999999999999997,0.22917795844625108,0.2640666505674958
WHITE SPOT RED CERAMIC DRAWER KNOB,WHITE SPOT BLUE CERAMIC DRAWER KNOB,0.05525606469002695,0.03504043126684636,0.02425876010781671,0.43902439024390244,12.529080675422138,1.0,0.022322563770969406,1.720145318176491,0.9740053891266446,0.3673469387755103,0.41865376754326206,0.5656660412757973
WHITE SPOT RED CERAMIC DRAWER KNOB,BLUE STRIPE CERAMIC DRAWER KNOB,0.05525606469002695,0.03908355795148248,0.02425876010781671,0.43902439024390244,11.232968881412951,1.0,0.022099156501333178,1.7129380053908354,0.9642574100491362,0.34615384615384615,0.4162077104642014,0.5298570227081582
RED TOADSTOOL LED NIGHT LIGHT + ROUND SNACK BOXES SET OF4 WOODLAND ,ROUND SNACK BOXES SET OF 4 FRUITS ,0.0646900269541779,0.1752021563342318,0.02830188679245283,0.4375,2.4971153846153844,1.0,0.016968054576761284,1.4663072776280321,0.6410045286125977,0.1337579617834395,0.318014705882353,0.29951923076923076
SAVE THE PLANET COTTON TOTE BAG,ROUND SNACK BOXES SET OF4 WOODLAND  + WOODLAND DESIGN  COTTON TOTE BAG,0.0646900269541779,0.04986522911051213,0.02830188679245283,0.4375,8.77364864864865,1.0,0.025076103777217543,1.6891284815813117,0.947303417044051,0.328125,0.40797872340425534,0.5025337837837838
ROUND SNACK BOXES SET OF4 WOODLAND  + WOODLAND PARTY BAG + STICKER SET,ROUND SNACK BOXES SET OF 4 FRUITS ,0.05256064690026954,0.1752021563342318,0.022911051212938006,0.4358974358974359,2.4879684418145955,1.0,0.013702312537688626,1.4621416319529525,0.6312442473433185,0.1118421052631579,0.3160717278364337,0.2833333333333333
RED STRIPE CERAMIC DRAWER KNOB,BLUE STRIPE CERAMIC DRAWER KNOB + WHITE SPOT RED CERAMIC DRAWER KNOB,0.05256064690026954,0.02425876010781671,0.022911051212938006,0.4358974358974359,17.96866096866097,1.0,0.021635995088672706,1.7297231070815977,0.9967366747552505,0.42499999999999993,0.4218727865136705,0.6901709401709402
ROUND SNACK BOXES SET OF4 WOODLAND  + WOODLAND PARTY BAG + STICKER SET,WOODLAND CHARLOTTE BAG,0.05256064690026954,0.1752021563342318,0.022911051212938006,0.4358974358974359,2.4879684418145955,1.0,0.013702312537688626,1.4621416319529525,0.6312442473433185,0.1118421052631579,0.3160717278364337,0.2833333333333333
RED STRIPE CERAMIC DRAWER KNOB,BLUE SPOT CERAMIC DRAWER KNOB,0.05256064690026954,0.03234501347708895,0.022911051212938006,0.4358974358974359,13.476495726495726,1.0,0.021210976380584275,1.715388385199706,0.9771567232867542,0.36956521739130427,0.4170416398828655,0.5721153846153846
RED STRIPE CERAMIC DRAWER KNOB,RED SPOT CERAMIC DRAWER KNOB + ROUND SNACK BOXES SET OF4 WOODLAND ,0.05256064690026954,0.02830188679245283,0.022911051212938006,0.4358974358974359,15.401709401709402,1.0,0.02142348573462849,1.7225557461406518,0.9869466990210023,0.39534883720930236,0.41946726412745833,0.6227106227106227
RED STRIPE CERAMIC DRAWER KNOB,RED SPOT CERAMIC DRAWER KNOB + WHITE SPOT RED CERAMIC DRAWER KNOB,0.05256064690026954,0.03099730458221024,0.022911051212938006,0.4358974358974359,14.062430323299889,1.0,0.021281812831932347,1.7177775055133546,0.9804200485315036,0.37777777777777777,0.4178524303698157,0.5875139353400223
RETROSPOT PARTY BAG + STICKER SET,ROUND SNACK BOXES SET OF4 WOODLAND ,0.05256064690026954,0.2722371967654987,0.022911051212938006,0.4358974358974359,1.601167809088601,1.0,0.008602088040627428,1.2901249693702526,0.3962848297213621,0.07589285714285714,0.2248812915479582,0.26002792586951
PLASTERS IN TIN CIRCUS PARADE ,PLASTERS IN TIN STRONGMAN,0.12129380053908356,0.07277628032345014,0.05256064690026954,0.4333333333333333,5.95432098765432,1.0,0.04373333527074055,1.636277152370382,0.9469089193015574,0.37142857142857144,0.3888565891472868,0.5777777777777777
RED TOADSTOOL LED NIGHT LIGHT,WOODLAND CHARLOTTE BAG,0.14016172506738545,0.1752021563342318,0.06064690026954178,0.4326923076923077,2.469674556213018,1.0,0.0360902638022101,1.4538809447667778,0.6920933472657611,0.2380952380952381,0.31218577174459533,0.3894230769230769
SET/6 RED SPOTTY PAPER CUPS + SET/6 RED SPOTTY PAPER PLATES,ROUND SNACK BOXES SET OF4 WOODLAND ,0.04986522911051213,0.2722371967654987,0.0215633423180593,0.43243243243243246,1.5884399250735883,1.0,0.007988172128944137,1.2822487485560263,0.3898936170212765,0.07174887892376682,0.2201201201201201,0.2558201766122558
STRAWBERRY CERAMIC TRINKET BOX,ROUND SNACK BOXES SET OF4 WOODLAND ,0.06873315363881402,0.2722371967654987,0.029649595687331536,0.4313725490196078,1.5845466899631138,1.0,0.010937874615848473,1.2798587229296403,0.3961320878831732,0.09523809523809525,0.2186637618010166,0.2701417200543583
LUNCH BOX WITH CUTLERY RETROSPOT ,SKULL LUNCH BOX WITH CUTLERY ,0.06873315363881402,0.04716981132075472,0.029649595687331536,0.4313725490196078,9.145098039215686,1.0,0.026407465798708233,1.6756668835393624,0.9563873174582292,0.34375,0.4032226752086973,0.5299719887955182
WOODLAND DESIGN  COTTON TOTE BAG,WOODLAND CHARLOTTE BAG,0.09433962264150944,0.1752021563342318,0.04043126684636118,0.4285714285714285,2.446153846153846,1.0,0.02390276153181101,1.4433962264150941,0.6527777777777777,0.17647058823529407,0.30718954248366004,0.3296703296703296
RED GINGHAM ROSE JEWELLERY BOX,ROUND SNACK BOXES SET OF4 WOODLAND ,0.04716981132075472,0.2722371967654987,0.02021563342318059,0.4285714285714285,1.5742574257425739,1.0,0.007374256217260842,1.2735849056603772,0.3828382838283827,0.06756756756756756,0.21481481481481465,0.25141442715700135
PLASTERS IN TIN STRONGMAN,PLASTERS IN TIN SPACEBOY,0.07277628032345014,0.09838274932614555,0.03099730458221024,0.4259259259259259,4.329274479959412,1.0,0.023837374038258946,1.570559081818972,0.8293731041456016,0.22115384615384615,0.3632840613408625,0.3704972095383054
PLASTERS IN TIN STRONGMAN,ROUND SNACK BOXES SET OF 4 FRUITS ,0.07277628032345014,0.1752021563342318,0.03099730458221024,0.4259259259259259,2.4310541310541307,1.0,0.018246743339557253,1.4367446309016603,0.6348584428715874,0.14285714285714285,0.3039820866618252,0.3014245014245014
RED SPOTTY CUP,BLUE SPOTTY BOWL,0.06064690026954178,0.03099730458221024,0.025606469002695417,0.42222222222222217,13.621256038647342,1.0,0.023726578563073503,1.677120049761559,0.9864079136147399,0.3877551020408163,0.40373976201514444,0.6241545893719807
PLASTERS IN TIN CIRCUS PARADE ,ROUND SNACK BOXES SET OF 4 FRUITS ,0.12129380053908356,0.1752021563342318,0.05121293800539083,0.42222222222222217,2.4099145299145297,1.0,0.029962002600969186,1.4275347294215217,0.6658056183403294,0.20879120879120877,0.2994916485112563,0.3572649572649572
JUMBO BAG WOODLAND ANIMALS + WOODLAND CHARLOTTE BAG,ROUND SNACK BOXES SET OF4 WOODLAND ,0.05121293800539083,0.2722371967654987,0.0215633423180593,0.4210526315789474,1.5466388744137571,1.0,0.007621275637346431,1.2570448419505023,0.3725142045454546,0.07142857142857142,0.20448343079922027,0.2501302761855133
CHILDS BREAKFAST SET CIRCUS PARADE,ROUND SNACK BOXES SET OF4 WOODLAND ,0.05121293800539083,0.2722371967654987,0.0215633423180593,0.4210526315789474,1.5466388744137571,1.0,0.007621275637346431,1.2570448419505023,0.3725142045454546,0.07142857142857142,0.20448343079922027,0.2501302761855133
CHILDS BREAKFAST SET CIRCUS PARADE,PLASTERS IN TIN CIRCUS PARADE ,0.05121293800539083,0.12129380053908356,0.0215633423180593,0.4210526315789474,3.471345029239766,1.0,0.015351530430612973,1.5177652536143103,0.7503551136363636,0.14285714285714285,0.3411365837907653,0.2994152046783626
CHARLOTTE BAG SUKI DESIGN,SPACEBOY LUNCH BOX ,0.05121293800539083,0.09029649595687332,0.0215633423180593,0.4210526315789474,4.663000785545955,1.0,0.016938993468515923,1.571306052438128,0.8279474431818182,0.17977528089887643,0.36358674463937624,0.32992930086410055
PLASTERS IN TIN WOODLAND ANIMALS + ROUND SNACK BOXES SET OF4 WOODLAND ,PLASTERS IN TIN SPACEBOY,0.07412398921832884,0.09838274932614555,0.03099730458221024,0.41818181818181815,4.250560398505604,1.0,0.02370478273188948,1.5496546495956873,0.8259603822542877,0.219047619047619,0.3546949313765457,0.36662515566625153
RED TOADSTOOL LED NIGHT LIGHT + ROUND SNACK BOXES SET OF4 WOODLAND ,WOODLAND CHARLOTTE BAG,0.0646900269541779,0.1752021563342318,0.026954177897574125,0.4166666666666667,2.378205128205128,1.0,0.015620345681882579,1.4139391605698883,0.6195965417867435,0.12658227848101267,0.2927559912854031,0.28525641025641024
SET/5 RED SPOTTY LID GLASS BOWLS,ROUND SNACK BOXES SET OF4 WOODLAND ,0.04851752021563342,0.2722371967654987,0.02021563342318059,0.41666666666666663,1.5305280528052803,1.0,0.007007359725663135,1.2475933769734309,0.36430594900849844,0.06726457399103138,0.19845679012345668,0.24546204620462042
WOODLAND  STICKERS,JUMBO BAG WOODLAND ANIMALS,0.04851752021563342,0.09838274932614555,0.02021563342318059,0.41666666666666663,4.235159817351598,1.0,0.01544234639387973,1.5456295725837503,0.8028328611898018,0.15957446808510636,0.35301444942700544,0.3110730593607306
WHITE SPOT RED CERAMIC DRAWER KNOB,RED SPOT CERAMIC DRAWER KNOB + RED STRIPE CERAMIC DRAWER KNOB,0.05525606469002695,0.029649595687331536,0.022911051212938006,0.41463414634146345,13.98447893569845,1.0,0.02127273123560567,1.6576819407008088,0.9827976839808676,0.3695652173913044,0.3967479674796748,0.5936807095343681
WHITE SPOT RED CERAMIC DRAWER KNOB,BLUE STRIPE CERAMIC DRAWER KNOB + RED STRIPE CERAMIC DRAWER KNOB,0.05525606469002695,0.03234501347708895,0.022911051212938006,0.41463414634146345,12.819105691056912,1.0,0.021123793055848186,1.6530772686433064,0.9759167575732147,0.35416666666666663,0.3950675997010667,0.5614837398373984
BIG DOUGHNUT FRIDGE MAGNETS,WOODLAND CHARLOTTE BAG,0.06199460916442048,0.1752021563342318,0.025606469002695417,0.41304347826086957,2.3575250836120403,1.0,0.014744879795991019,1.4052111410601977,0.6138838475499092,0.12101910828025478,0.2883631713554987,0.27959866220735785
JUMBO BAG WOODLAND ANIMALS,ROUND SNACK BOXES SET OF4 WOODLAND ,0.09838274932614555,0.2722371967654987,0.04043126684636118,0.410958904109589,1.509561915095619,1.0,0.013647822959728564,1.2355042938632232,0.3743896362730442,0.12244897959183672,0.1906139015728056,0.2797368777973688
SCANDINAVIAN REDS RIBBONS,CHOCOLATE BOX RIBBONS ,0.05256064690026954,0.04043126684636118,0.0215633423180593,0.4102564102564103,10.147008547008548,1.0,0.019438248777617136,1.6270948083909529,0.9514580369843527,0.30188679245283023,0.38540766349755123,0.4717948717948719
RED RETROSPOT CUP,RED RETROSPOT BOWL,0.05256064690026954,0.03099730458221024,0.0215633423180593,0.4102564102564103,13.235228539576367,1.0,0.01993410393705364,1.6430915270127742,0.9757290184921764,0.3478260869565218,0.3913911772048073,0.5529542920847269
SET/6 RED SPOTTY PAPER CUPS,ROUND SNACK BOXES SET OF4 WOODLAND ,0.05929919137466307,0.2722371967654987,0.02425876010781671,0.40909090909090906,1.5027002700270025,1.0,0.008115314477517597,1.2315985900891562,0.35561922954473085,0.07894736842105263,0.18804713804713796,0.24909990999099907
PLASTERS IN TIN WOODLAND ANIMALS,PLASTERS IN TIN SPACEBOY,0.13881401617250674,0.09838274932614555,0.05660377358490566,0.4077669902912621,4.144700093097486,1.0,0.04294686902885042,1.5224028986788036,0.8810269021536629,0.31343283582089554,0.3431436573932982,0.49155472802234346
WOODLAND PARTY BAG + STICKER SET,WOODLAND CHARLOTTE BAG,0.09299191374663072,0.1752021563342318,0.03773584905660377,0.40579710144927533,2.316164994425864,1.0,0.021443465246547177,1.3880744198277561,0.6265124177457015,0.16374269005847952,0.27957753149569003,0.31059085841694534
ALARM CLOCK BAKELIKE PINK,REGENCY CAKESTAND 3 TIER,0.04986522911051213,0.12533692722371967,0.02021563342318059,0.4054054054054054,3.234524847428073,1.0,0.013965678831162225,1.4710242587601077,0.7270921985815603,0.13043478260869562,0.32020155748969303,0.28334786399302525
ROUND SNACK BOXES SET OF4 WOODLAND  + WOODLAND DESIGN  COTTON TOTE BAG,ROUND SNACK BOXES SET OF 4 FRUITS ,0.04986522911051213,0.1752021563342318,0.02021563342318059,0.4054054054054054,2.3139293139293136,1.0,0.011479137756918358,1.387160009801519,0.5976359338061465,0.09868421052631578,0.2791026320438085,0.2603950103950104
ROUND SNACK BOXES SET OF4 WOODLAND  + WOODLAND DESIGN  COTTON TOTE BAG,RED TOADSTOOL LED NIGHT LIGHT,0.04986522911051213,0.14016172506738545,0.02021563342318059,0.4054054054054054,2.892411642411642,1.0,0.013226436890170805,1.4460916442048517,0.6886052009456264,0.11904761904761903,0.3084808946877912,0.2748180873180873
PLASTERS IN TIN SPACEBOY + PLASTERS IN TIN WOODLAND ANIMALS,ROUND SNACK BOXES SET OF 4 FRUITS ,0.05660377358490566,0.1752021563342318,0.022911051212938006,0.40476190476190477,2.3102564102564105,1.0,0.012993948024207903,1.3856603773584906,0.6011764705882353,0.10967741935483873,0.278322440087146,0.26776556776556776
SET/6 RED SPOTTY PAPER PLATES,ROUND SNACK BOXES SET OF4 WOODLAND ,0.06064690026954178,0.2722371967654987,0.02425876010781671,0.39999999999999997,1.469306930693069,1.0,0.007748417985919891,1.2129380053908354,0.34002869440459105,0.07860262008733623,0.17555555555555546,0.24455445544554455
RED SPOTTY CUP,ROUND SNACK BOXES SET OF4 WOODLAND ,0.06064690026954178,0.2722371967654987,0.02425876010781671,0.39999999999999997,1.469306930693069,1.0,0.007748417985919891,1.2129380053908354,0.34002869440459105,0.07860262008733623,0.17555555555555546,0.24455445544554455
CHARLOTTE BAG SUKI DESIGN,ROUND SNACK BOXES SET OF 4 FRUITS ,0.05121293800539083,0.1752021563342318,0.02021563342318059,0.39473684210526316,2.253036437246964,1.0,0.011243016252424786,1.3627094808390952,0.5861742424242425,0.0980392156862745,0.2661678706570348,0.2550607287449393
CHARLOTTE BAG SUKI DESIGN,ROUND SNACK BOXES SET OF 4 FRUITS  + WOODLAND CHARLOTTE BAG,0.05121293800539083,0.05660377358490566,0.02021563342318059,0.39473684210526316,6.973684210526316,1.0,0.01731678787570564,1.5586546349466777,0.9028409090909092,0.23076923076923075,0.358421052631579,0.37593984962406013
CHILDS BREAKFAST SET CIRCUS PARADE,ROUND SNACK BOXES SET OF 4 FRUITS  + ROUND SNACK BOXES SET OF4 WOODLAND ,0.05121293800539083,0.14016172506738545,0.02021563342318059,0.39473684210526316,2.8162955465587043,1.0,0.013037539686575946,1.420602367279972,0.6797348484848486,0.11811023622047243,0.2960732552384095,0.2694838056680162
CHARLOTTE BAG SUKI DESIGN,LUNCH BAG WOODLAND,0.05121293800539083,0.0876010781671159,0.02021563342318059,0.39473684210526316,4.506072874493928,1.0,0.015729324837802688,1.5074416969412867,0.8200757575757576,0.17045454545454541,0.33662442665008163,0.31275303643724695
JUMBO BAG WOODLAND ANIMALS + WOODLAND CHARLOTTE BAG,JUMBO BAG RED RETROSPOT,0.05121293800539083,0.07142857142857142,0.02021563342318059,0.39473684210526316,5.526315789473685,1.0,0.01655756642279553,1.53416149068323,0.8632575757575758,0.19736842105263155,0.3481781376518219,0.33887785501489576
BIG DOUGHNUT FRIDGE MAGNETS,SAVE THE PLANET COTTON TOTE BAG + WOODLAND DESIGN  COTTON TOTE BAG,0.06199460916442048,0.0444743935309973,0.02425876010781671,0.391304347826087,8.798418972332017,1.0,0.021501587463037902,1.5697920677705044,0.9449233716475096,0.2950819672131148,0.36297295639909244,0.46837944664031617
BIG DOUGHNUT FRIDGE MAGNETS,REGENCY CAKESTAND 3 TIER,0.06199460916442048,0.12533692722371967,0.02425876010781671,0.391304347826087,3.122019635343619,1.0,0.016488546290712797,1.436946476703889,0.724616858237548,0.1487603305785124,0.3040798552957728,0.2924263674614306
WHITE SPOT RED CERAMIC DRAWER KNOB,BLUE SPOT CERAMIC DRAWER KNOB,0.05525606469002695,0.03234501347708895,0.0215633423180593,0.3902439024390244,12.065040650406504,1.0,0.01977608416096948,1.5869541778975742,0.9707560627674752,0.326530612244898,0.36986208302194445,0.5284552845528455
PLASTERS IN TIN CIRCUS PARADE ,PLASTERS IN TIN SPACEBOY,0.12129380053908356,0.09838274932614555,0.04716981132075472,0.3888888888888889,3.952815829528159,1.0,0.03523659374750256,1.4753736829208526,0.8501314636283961,0.2734375,0.3222056136854343,0.43417047184170476
PLASTERS IN TIN STRONGMAN,PLASTERS IN TIN CIRCUS PARADE  + ROUND SNACK BOXES SET OF4 WOODLAND ,0.07277628032345014,0.06334231805929919,0.02830188679245283,0.3888888888888889,6.139479905437353,1.0,0.023692068497032134,1.5327125704484195,0.9028239202657808,0.2625,0.34756195043964827,0.4178486997635934
SPACEBOY LUNCH BOX ,WOODLAND CHARLOTTE BAG,0.09029649595687332,0.1752021563342318,0.03504043126684636,0.38805970149253727,2.214925373134328,1.0,0.01922029046577691,1.3478403786733284,0.6029629629629629,0.15204678362573099,0.25807238318212855,0.29402985074626864
FAWN BLUE HOT WATER BOTTLE,WOODLAND CHARLOTTE BAG,0.07008086253369272,0.1752021563342318,0.026954177897574125,0.38461538461538464,2.1952662721893494,1.0,0.014675859663908284,1.340296495956873,0.5855072463768116,0.1234567901234568,0.25389643036701864,0.2692307692307693
PLASTERS IN TIN CIRCUS PARADE  + PLASTERS IN TIN WOODLAND ANIMALS,ROUND SNACK BOXES SET OF 4 FRUITS ,0.07008086253369272,0.1752021563342318,0.026954177897574125,0.38461538461538464,2.1952662721893494,1.0,0.014675859663908284,1.340296495956873,0.5855072463768116,0.1234567901234568,0.25389643036701864,0.2692307692307693
PLASTERS IN TIN CIRCUS PARADE  + PLASTERS IN TIN STRONGMAN,PLASTERS IN TIN WOODLAND ANIMALS + ROUND SNACK BOXES SET OF4 WOODLAND ,0.05256064690026954,0.07412398921832884,0.02021563342318059,0.3846153846153846,5.188811188811188,1.0,0.01631962859903662,1.5045485175202156,0.8520625889046941,0.18987341772151897,0.33534878513044447,0.32867132867132864
LUNCH BAG WOODLAND,ROUND SNACK BOXES SET OF 4 FRUITS ,0.0876010781671159,0.1752021563342318,0.03369272237196765,0.3846153846153846,2.195266272189349,1.0,0.01834482457988535,1.340296495956873,0.5967503692762185,0.14705882352941177,0.2538964303670186,0.28846153846153844
RED STRIPE CERAMIC DRAWER KNOB,BLUE STRIPE CERAMIC DRAWER KNOB + RED SPOT CERAMIC DRAWER KNOB,0.05256064690026954,0.0215633423180593,0.02021563342318059,0.3846153846153846,17.83653846153846,1.0,0.019082250201611438,1.5899595687331536,0.9963015647226174,0.37499999999999994,0.3710531892350074,0.6610576923076923
RED RETROSPOT CUP,PINK  POLKADOT CUP,0.05256064690026954,0.025606469002695417,0.02021563342318059,0.3846153846153846,15.020242914979756,1.0,0.01886974084756722,1.5833894878706198,0.9852062588904694,0.34883720930232553,0.36844345143100327,0.5870445344129555
PLASTERS IN TIN CIRCUS PARADE  + ROUND SNACK BOXES SET OF4 WOODLAND ,RED TOADSTOOL LED NIGHT LIGHT,0.06334231805929919,0.14016172506738545,0.02425876010781671,0.3829787234042554,2.73240589198036,1.0,0.015380591538858335,1.3935309973045824,0.676898481215028,0.13533834586466167,0.28239845261121865,0.2780278232405892
PLASTERS IN TIN CIRCUS PARADE  + ROUND SNACK BOXES SET OF4 WOODLAND ,PLASTERS IN TIN SPACEBOY,0.06334231805929919,0.09838274932614555,0.02425876010781671,0.3829787234042554,3.892742640629555,1.0,0.018026968708451697,1.4612417510921092,0.793365307753797,0.17647058823529413,0.31565054225105754,0.3147770329350044
ROUND SNACK BOXES SET OF 4 FRUITS  + WOODLAND CHARLOTTE BAG,LUNCH BAG WOODLAND,0.05660377358490566,0.0876010781671159,0.0215633423180593,0.380952380952381,4.348717948717949,1.0,0.016604790723694248,1.4738751814223512,0.8162499999999999,0.1758241758241758,0.32151649433776475,0.31355311355311355
RED SPOTTY CUP,RED SPOTTY BOWL + RED SPOTTY PLATE ,0.06064690026954178,0.022911051212938006,0.022911051212938006,0.37777777777777777,16.488888888888887,1.0,0.02152156697495659,1.5703215248363496,1.0,0.37777777777777777,0.3631877394636015,0.6888888888888889
RED SPOTTY CUP,BLUE SPOTTY BOWL + RED SPOTTY BOWL,0.06064690026954178,0.026954177897574125,0.022911051212938006,0.37777777777777777,14.015555555555554,1.0,0.02127636387413634,1.563823642664613,0.9886066334711789,0.35416666666666663,0.3605417051400431,0.6138888888888889
RED SPOTTY CUP,ROUND SNACK BOXES SET OF 4 FRUITS ,0.06064690026954178,0.1752021563342318,0.022911051212938006,0.37777777777777777,2.1562393162393163,1.0,0.012285583510727182,1.3255679630342703,0.5708498607477425,0.10759493670886076,0.2456063907044299,0.25427350427350426
RED TOADSTOOL LED NIGHT LIGHT + ROUND SNACK BOXES SET OF4 WOODLAND ,PLASTERS IN TIN CIRCUS PARADE ,0.0646900269541779,0.12129380053908356,0.02425876010781671,0.375,3.0916666666666663,1.0,0.01641226088156872,1.4059299191374663,0.723342939481268,0.15,0.28872699386503065,0.2875
RED TOADSTOOL LED NIGHT LIGHT + ROUND SNACK BOXES SET OF4 WOODLAND ,PLASTERS IN TIN WOODLAND ANIMALS,0.0646900269541779,0.13881401617250674,0.02425876010781671,0.375,2.7014563106796117,1.0,0.015278877659999563,1.3778975741239892,0.6733909702209414,0.13533834586466167,0.2742566510172144,0.274878640776699
SAVE THE PLANET COTTON TOTE BAG,STRAWBERRY CERAMIC TRINKET BOX,0.0646900269541779,0.06873315363881402,0.02425876010781671,0.375,5.455882352941176,1.0,0.01981241054627618,1.4900269541778974,0.8731988472622477,0.22222222222222224,0.3288712011577424,0.3639705882352941
SAVE THE PLANET COTTON TOTE BAG,BIG DOUGHNUT FRIDGE MAGNETS + WOODLAND DESIGN  COTTON TOTE BAG,0.0646900269541779,0.03099730458221024,0.02425876010781671,0.375,12.097826086956522,1.0,0.02225354363888667,1.5504043126684635,0.9807877041306436,0.339622641509434,0.35500695410292077,0.5788043478260869
PLASTERS IN TIN SPACEBOY,ROUND SNACK BOXES SET OF 4 FRUITS ,0.09838274932614555,0.1752021563342318,0.03638814016172507,0.36986301369863017,2.111064278187566,1.0,0.019151270333694178,1.3089183171217627,0.5837347063057079,0.1534090909090909,0.23601038588951567,0.28877766069546895
SET/6 RED SPOTTY PAPER CUPS,ROUND SNACK BOXES SET OF4 WOODLAND  + SET/6 RED SPOTTY PAPER PLATES,0.05929919137466307,0.02425876010781671,0.0215633423180593,0.36363636363636365,14.989898989898991,1.0,0.020124817459913836,1.5333076626877167,0.9921203438395416,0.3478260869565218,0.34781516825715725,0.6262626262626263
PLASTERS IN TIN CIRCUS PARADE  + ROUND SNACK BOXES SET OF4 WOODLAND ,PLASTERS IN TIN WOODLAND ANIMALS + ROUND SNACK BOXES SET OF 4 FRUITS ,0.06334231805929919,0.0444743935309973,0.022911051212938006,0.3617021276595745,8.132817537072857,1.0,0.020093940032403137,1.4969901168014377,0.9363520947947525,0.2698412698412699,0.3319929178045194,0.4384268214055448
ROUND SNACK BOXES SET OF 4 FRUITS  + WOODLAND CHARLOTTE BAG,PLASTERS IN TIN WOODLAND ANIMALS,0.05660377358490566,0.13881401617250674,0.02021563342318059,0.3571428571428571,2.5728155339805823,1.0,0.012358236281340586,1.3396226415094339,0.6479999999999999,0.11538461538461536,0.2535211267605633,0.2513869625520111
ROUND SNACK BOXES SET OF 4 FRUITS  + WOODLAND CHARLOTTE BAG,CHARLOTTE BAG SUKI DESIGN,0.05660377358490566,0.05121293800539083,0.02021563342318059,0.3571428571428571,6.973684210526315,1.0,0.01731678787570564,1.4758909853249476,0.908,0.23076923076923075,0.32244318181818177,0.37593984962406013
JUMBO BAG WOODLAND ANIMALS,JUMBO BAG RED RETROSPOT,0.09838274932614555,0.07142857142857142,0.03504043126684636,0.35616438356164387,4.986301369863014,1.0,0.02801309202926454,1.4422492401215807,0.8866850638151086,0.26,0.30663856691253955,0.42336521064874644
RED SPOTTY CUP,BLUE  SPOTTY CUP + PINK  SPOTTY CUP,0.06064690026954178,0.02425876010781671,0.0215633423180593,0.35555555555555557,14.65679012345679,1.0,0.020092123713137802,1.514081234315457,0.9919296987087519,0.3404255319148936,0.33953345610804175,0.6222222222222222
RED SPOTTY CUP,PINK  SPOTTY CUP + RED SPOTTY PLATE ,0.06064690026954178,0.022911051212938006,0.0215633423180593,0.35555555555555557,15.518954248366013,1.0,0.020173858080077885,1.5161725067385445,0.9959648493543759,0.3478260869565218,0.34044444444444444,0.6483660130718955
SET/6 RED SPOTTY PAPER PLATES,ROUND SNACK BOXES SET OF4 WOODLAND  + SET/6 RED SPOTTY PAPER CUPS,0.06064690026954178,0.02425876010781671,0.0215633423180593,0.35555555555555557,14.65679012345679,1.0,0.020092123713137802,1.514081234315457,0.9919296987087519,0.3404255319148936,0.33953345610804175,0.6222222222222222
GUMBALL COAT RACK,ROUND SNACK BOXES SET OF 4 FRUITS ,0.08355795148247978,0.1752021563342318,0.029649595687331536,0.3548387096774194,2.0253101736972705,1.0,0.015010062408729957,1.2784366576819406,0.5524064171122994,0.12941176470588234,0.21779464473961632,0.2620347394540943
PACK OF 60 MUSHROOM CAKE CASES,RED TOADSTOOL LED NIGHT LIGHT,0.0646900269541779,0.14016172506738545,0.022911051212938006,0.35416666666666663,2.5268429487179485,1.0,0.013843985440384768,1.3313624902182417,0.646041701983387,0.1259259259259259,0.24888975966562168,0.25881410256410253
SAVE THE PLANET COTTON TOTE BAG,WOODLAND CHARLOTTE BAG + WOODLAND DESIGN  COTTON TOTE BAG,0.0646900269541779,0.04043126684636118,0.022911051212938006,0.35416666666666663,8.759722222222221,1.0,0.020295551470855343,1.4857838448830536,0.947109679606713,0.2786885245901639,0.3269545880149813,0.4604166666666667
STRAWBERRY CERAMIC TRINKET BOX,SAVE THE PLANET COTTON TOTE BAG,0.06873315363881402,0.0646900269541779,0.02425876010781671,0.3529411764705882,5.455882352941176,1.0,0.01981241054627618,1.4454790492526342,0.8769898697539797,0.22222222222222224,0.3081878284454992,0.3639705882352941
STRAWBERRY CERAMIC TRINKET BOX,WOODLAND DESIGN  COTTON TOTE BAG,0.06873315363881402,0.09433962264150944,0.02425876010781671,0.3529411764705882,3.741176470588235,1.0,0.017774500330570105,1.3996569468267581,0.7867824409068982,0.17475728155339804,0.2855392156862745,0.30504201680672266
PLASTERS IN TIN STRONGMAN,PLASTERS IN TIN SPACEBOY + PLASTERS IN TIN WOODLAND ANIMALS,0.07277628032345014,0.05660377358490566,0.025606469002695417,0.3518518518518518,6.216049382716048,1.0,0.02148705690891522,1.4555256064690028,0.9049877600979191,0.24675324675324672,0.31296296296296294,0.4021164021164021
MEMO BOARD COTTAGE DESIGN,ROUND SNACK BOXES SET OF4 WOODLAND ,0.07681940700808626,0.2722371967654987,0.026954177897574125,0.3508771929824561,1.2888657286781309,1.0,0.006041077876504819,1.1211481022801777,0.24277372262773717,0.08368200836820083,0.10805717998700448,0.22494354698627755
STRAWBERRY LUNCH BOX WITH CUTLERY,ROUND SNACK BOXES SET OF 4 FRUITS ,0.07681940700808626,0.1752021563342318,0.026954177897574125,0.3508771929824561,2.002699055330634,1.0,0.013495252141440414,1.2706345159175347,0.5423357664233577,0.11976047904191617,0.21299162940029812,0.252361673414305
BIG DOUGHNUT FRIDGE MAGNETS,SAVE THE PLANET COTTON TOTE BAG + WOODLAND CHARLOTTE BAG,0.06199460916442048,0.03099730458221024,0.0215633423180593,0.3478260869565218,11.221172022684312,1.0,0.019641676535334676,1.4858041329739442,0.9710847701149425,0.30188679245283023,0.32696377819435213,0.5217391304347827
PLASTERS IN TIN CIRCUS PARADE  + PLASTERS IN TIN WOODLAND ANIMALS,WOODLAND CHARLOTTE BAG,0.07008086253369272,0.1752021563342318,0.02425876010781671,0.34615384615384615,1.975739644970414,1.0,0.01198044187415087,1.261455525606469,0.5310789049919484,0.10975609756097561,0.20726495726495728,0.2423076923076923
WOODLAND CHARLOTTE BAG,RED TOADSTOOL LED NIGHT LIGHT,0.1752021563342318,0.14016172506738545,0.06064690026954178,0.34615384615384615,2.469674556213018,1.0,0.0360902638022101,1.3150467734263516,0.7214960058097315,0.2380952380952381,0.23957077405353266,0.3894230769230769
FAWN BLUE HOT WATER BOTTLE,ROUND SNACK BOXES SET OF4 WOODLAND ,0.07008086253369272,0.2722371967654987,0.02425876010781671,0.34615384615384615,1.2715156130997713,1.0,0.0051801425447359425,1.1130489931821785,0.22962962962962957,0.07627118644067796,0.10156695156695152,0.2176313785224676
FAWN BLUE HOT WATER BOTTLE,WOODLAND DESIGN  COTTON TOTE BAG,0.07008086253369272,0.09433962264150944,0.02425876010781671,0.34615384615384615,3.669230769230769,1.0,0.017647357981996643,1.3851276359600444,0.7822866344605475,0.17307692307692307,0.2780448717948718,0.30164835164835163
PLASTERS IN TIN WOODLAND ANIMALS + ROUND SNACK BOXES SET OF4 WOODLAND ,WOODLAND CHARLOTTE BAG,0.07412398921832884,0.1752021563342318,0.025606469002695417,0.34545454545454546,1.9717482517482519,1.0,0.012619786255548854,1.2601078167115902,0.5322914272581015,0.1144578313253012,0.20641711229946527,0.2458041958041958
PLASTERS IN TIN CIRCUS PARADE ,ROUND SNACK BOXES SET OF 4 FRUITS  + ROUND SNACK BOXES SET OF4 WOODLAND ,0.12129380053908356,0.14016172506738545,0.04177897574123989,0.34444444444444444,2.4574786324786326,1.0,0.024778227417702574,1.3116177075243274,0.6749455768850188,0.1901840490797546,0.23758272378962034,0.32126068376068373
SPACEBOY LUNCH BOX ,ROUND SNACK BOXES SET OF 4 FRUITS ,0.09029649595687332,0.1752021563342318,0.03099730458221024,0.34328358208955223,1.959357060849598,1.0,0.015177163781140791,1.2559421710365106,0.5382286634460547,0.132183908045977,0.20378499658569896,0.26010332950631454
6 RIBBONS RUSTIC CHARM,ROUND SNACK BOXES SET OF4 WOODLAND ,0.1105121293800539,0.2722371967654987,0.03773584905660377,0.3414634146341463,1.254286404250181,1.0,0.00765033674559179,1.105121293800539,0.2279220779220779,0.10937499999999999,0.09512195121951211,0.24003863801014247
6 RIBBONS RUSTIC CHARM,REGENCY CAKESTAND 3 TIER,0.1105121293800539,0.12533692722371967,0.03773584905660377,0.3414634146341463,2.7243640178337265,1.0,0.023884598339157664,1.3281920734750923,0.7115800865800866,0.19047619047619047,0.24709684693148934,0.32126934172567534
PACK OF 72 RETROSPOT CAKE CASES,ROUND SNACK BOXES SET OF4 WOODLAND ,0.0673854447439353,0.2722371967654987,0.022911051212938006,0.34,1.248910891089109,1.0,0.004566226633052652,1.1026709139916688,0.21370282216933015,0.07234042553191489,0.0931111111111111,0.2120792079207921
COFFEE MUG APPLES DESIGN,ROUND SNACK BOXES SET OF 4 FRUITS  + ROUND SNACK BOXES SET OF4 WOODLAND ,0.0673854447439353,0.14016172506738545,0.022911051212938006,0.34,2.425769230769231,1.0,0.013466191033195051,1.302785265049416,0.6302278136688201,0.12408759124087591,0.2324137931034483,0.25173076923076926
GUMBALL COAT RACK,REGENCY CAKESTAND 3 TIER,0.08355795148247978,0.12533692722371967,0.02830188679245283,0.33870967741935487,2.702393340270552,1.0,0.017828989908530164,1.3226612320031557,0.6873949579831934,0.15671641791044777,0.24394850638699742,0.28225806451612906
ROUND SNACK BOXES SET OF 4 FRUITS  + ROUND SNACK BOXES SET OF4 WOODLAND ,WOODLAND CHARLOTTE BAG,0.14016172506738545,0.1752021563342318,0.04716981132075472,0.33653846153846156,1.9208579881656807,1.0,0.022613174853423037,1.2431735614672448,0.5575459023734887,0.17587939698492464,0.19560708898944199,0.3028846153846154
SAVE THE PLANET COTTON TOTE BAG,BIG DOUGHNUT FRIDGE MAGNETS + WOODLAND CHARLOTTE BAG,0.0646900269541779,0.025606469002695417,0.0215633423180593,0.3333333333333333,13.017543859649123,1.0,0.01990685914807361,1.4615902964959568,0.9870317002881844,0.3137254901960784,0.31581373905025356,0.5877192982456141
SAVE THE PLANET COTTON TOTE BAG,RED TOADSTOOL LED NIGHT LIGHT,0.0646900269541779,0.14016172506738545,0.0215633423180593,0.3333333333333333,2.378205128205128,1.0,0.012496276545506063,1.2897574123989217,0.6195965417867435,0.1176470588235294,0.22466039707419017,0.24358974358974358
PLASTERS IN TIN STRONGMAN,PLASTERS IN TIN CIRCUS PARADE  + ROUND SNACK BOXES SET OF 4 FRUITS ,0.07277628032345014,0.05121293800539083,0.02425876010781671,0.3333333333333333,6.508771929824562,1.0,0.020531672975348914,1.4231805929919137,0.9127906976744187,0.24324324324324326,0.2973484848484848,0.4035087719298246
PLASTERS IN TIN STRONGMAN,PLASTERS IN TIN CIRCUS PARADE  + PLASTERS IN TIN SPACEBOY,0.07277628032345014,0.04716981132075472,0.02425876010781671,0.3333333333333333,7.0666666666666655,1.0,0.020825916696333213,1.4292452830188678,0.9258720930232559,0.2535211267605634,0.3003300330033003,0.42380952380952375
MEMO BOARD COTTAGE DESIGN,WOODLAND CHARLOTTE BAG,0.07681940700808626,0.1752021563342318,0.025606469002695417,0.3333333333333333,1.9025641025641025,1.0,0.012147543246561705,1.237196765498652,0.513868613138686,0.11309523809523808,0.19172113289760348,0.23974358974358972
SAVE THE PLANET COTTON TOTE BAG,PLASTERS IN TIN WOODLAND ANIMALS,0.0646900269541779,0.13881401617250674,0.0215633423180593,0.3333333333333333,2.4012944983818767,1.0,0.012583459870242153,1.2917789757412397,0.6239193083573488,0.11851851851851852,0.22587376108502868,0.244336569579288
RED SPOTTY CUP,BLUE  SPOTTY CUP + RED SPOTTY BOWL,0.06064690026954178,0.0215633423180593,0.02021563342318059,0.3333333333333333,15.458333333333332,1.0,0.018907883552139258,1.467654986522911,0.9956958393113341,0.3260869565217391,0.3186409550045914,0.6354166666666666
STRAWBERRY LUNCH BOX WITH CUTLERY,SKULL LUNCH BOX WITH CUTLERY ,0.07681940700808626,0.04716981132075472,0.025606469002695417,0.3333333333333333,7.0666666666666655,1.0,0.021982912068351724,1.4292452830188678,0.92992700729927,0.2602739726027397,0.3003300330033003,0.4380952380952381
SAVE THE PLANET COTTON TOTE BAG,6 RIBBONS RUSTIC CHARM,0.0646900269541779,0.1105121293800539,0.0215633423180593,0.3333333333333333,3.016260162601626,1.0,0.014414309689700018,1.334231805929919,0.7146974063400577,0.14035087719298245,0.2505050505050505,0.26422764227642276
RED SPOTTY CUP,BLUE  SPOTTY PLATE ,0.06064690026954178,0.022911051212938006,0.02021563342318059,0.3333333333333333,14.549019607843137,1.0,0.018826149185199176,1.4656334231805928,0.9913916786226685,0.3191489361702128,0.3177011494252873,0.6078431372549019
WOODLAND DESIGN  COTTON TOTE BAG,RED TOADSTOOL LED NIGHT LIGHT,0.09433962264150944,0.14016172506738545,0.03099730458221024,0.3285714285714285,2.344230769230769,1.0,0.017774500330570105,1.2806101967081491,0.6331521739130433,0.152317880794702,0.21912225705329147,0.27486263736263733
WOODLAND DESIGN  COTTON TOTE BAG,BIG DOUGHNUT FRIDGE MAGNETS,0.09433962264150944,0.06199460916442048,0.03099730458221024,0.3285714285714285,5.299999999999999,1.0,0.02514875654783095,1.3970293054997993,0.8958333333333331,0.2473118279569892,0.28419540229885054,0.41428571428571426
PLASTERS IN TIN WOODLAND ANIMALS + ROUND SNACK BOXES SET OF4 WOODLAND ,RED TOADSTOOL LED NIGHT LIGHT,0.07412398921832884,0.14016172506738545,0.02425876010781671,0.32727272727272727,2.334965034965035,1.0,0.013869413910099462,1.2781379762511837,0.6174995956655346,0.1276595744680851,0.2176118552294101,0.25017482517482514
PLASTERS IN TIN CIRCUS PARADE  + PLASTERS IN TIN WOODLAND ANIMALS,ROUND SNACK BOXES SET OF 4 FRUITS  + ROUND SNACK BOXES SET OF4 WOODLAND ,0.07008086253369272,0.14016172506738545,0.022911051212938006,0.3269230769230769,2.3324704142011834,1.0,0.013088396626005333,1.277474008471313,0.6143222506393862,0.1223021582733813,0.21720520858451894,0.2451923076923077
BIG DOUGHNUT FRIDGE MAGNETS,ROUND SNACK BOXES SET OF4 WOODLAND  + SAVE THE PLANET COTTON TOTE BAG,0.06199460916442048,0.04177897574123989,0.02021563342318059,0.32608695652173914,7.805049088359047,1.0,0.01762556215081262,1.421876358577515,0.9295019157088124,0.2419354838709677,0.2967039686907601,0.40497896213183726
BIG DOUGHNUT FRIDGE MAGNETS,SAVE THE PLANET COTTON TOTE BAG + STRAWBERRY CERAMIC TRINKET BOX,0.06199460916442048,0.02425876010781671,0.02021563342318059,0.32608695652173914,13.442028985507246,1.0,0.01871172107148306,1.4478740979045301,0.9867816091954024,0.30612244897959173,0.30933221234686525,0.5797101449275361
BIG DOUGHNUT FRIDGE MAGNETS,ROUND SNACK BOXES SET OF4 WOODLAND  + STRAWBERRY CERAMIC TRINKET BOX,0.06199460916442048,0.029649595687331536,0.02021563342318059,0.32608695652173914,10.99802371541502,1.0,0.018377518326661384,1.4398747934962177,0.9691570881226053,0.2830188679245283,0.3054951690821256,0.5039525691699605
ROUND SNACK BOXES SET OF 4 FRUITS ,WOODLAND CHARLOTTE BAG,0.1752021563342318,0.1752021563342318,0.05660377358490566,0.3230769230769231,1.8440236686390534,1.0,0.025907978000741058,1.2184513599607938,0.5549330843448491,0.19266055045871558,0.1792860734037205,0.3230769230769231
WOODLAND CHARLOTTE BAG,ROUND SNACK BOXES SET OF 4 FRUITS ,0.1752021563342318,0.1752021563342318,0.05660377358490566,0.3230769230769231,1.8440236686390534,1.0,0.025907978000741058,1.2184513599607938,0.5549330843448491,0.19266055045871558,0.1792860734037205,0.3230769230769231
REGENCY CAKESTAND 3 TIER,ROUND SNACK BOXES SET OF4 WOODLAND ,0.12533692722371967,0.2722371967654987,0.04043126684636118,0.3225806451612903,1.1849249441073137,1.0,0.006309893127774427,1.0743165190604542,0.17842835130970722,0.11320754716981131,0.06917562724014331,0.2355477483232194
ROUND SNACK BOXES SET OF4 WOODLAND ,WOODLAND CHARLOTTE BAG,0.2722371967654987,0.1752021563342318,0.0876010781671159,0.32178217821782173,1.8366336633663363,1.0,0.039904534259413975,1.2161252877407676,0.6259259259259258,0.24344569288389514,0.17771630104186883,0.41089108910891087
JUMBO BAG RED RETROSPOT,JUMBO BAG PINK POLKADOT,0.07142857142857142,0.025606469002695417,0.022911051212938006,0.3207547169811321,12.526315789473687,1.0,0.021082017712745475,1.4345238095238098,0.9909502262443439,0.3090909090909091,0.30290456431535273,0.6077457795431976
PLASTERS IN TIN WOODLAND ANIMALS,ROUND SNACK BOXES SET OF 4 FRUITS ,0.13881401617250674,0.1752021563342318,0.0444743935309973,0.3203883495145631,1.828678117998506,1.0,0.020153878568159193,1.2136311128224873,0.5262009769052023,0.165,0.17602639761406177,0.28711725168035845
PLASTERS IN TIN CIRCUS PARADE  + ROUND SNACK BOXES SET OF4 WOODLAND ,WOODLAND CHARLOTTE BAG,0.06334231805929919,0.1752021563342318,0.02021563342318059,0.3191489361702128,1.8216039279869067,1.0,0.009117922711982621,1.2114218328840969,0.48153477218225416,0.09259259259259259,0.1745237101932972,0.21726677577741407
PLASTERS IN TIN CIRCUS PARADE  + ROUND SNACK BOXES SET OF4 WOODLAND ,PLASTERS IN TIN STRONGMAN + PLASTERS IN TIN WOODLAND ANIMALS,0.06334231805929919,0.0431266846361186,0.02021563342318059,0.3191489361702128,7.400265957446808,1.0,0.017483889248116474,1.4054076819407009,0.9233573141486809,0.23437499999999997,0.28846269103985617,0.39394946808510634
STRAWBERRY LUNCH BOX WITH CUTLERY,RED TOADSTOOL LED NIGHT LIGHT,0.07681940700808626,0.14016172506738545,0.02425876010781671,0.3157894736842105,2.2530364372469633,1.0,0.013491619502909741,1.256686709516898,0.6024330900243309,0.12587412587412586,0.20425672331298464,0.2444331983805668
PLASTERS IN TIN SPACEBOY,PLASTERS IN TIN WOODLAND ANIMALS + ROUND SNACK BOXES SET OF4 WOODLAND ,0.09838274932614555,0.07412398921832884,0.03099730458221024,0.3150684931506849,4.250560398505604,1.0,0.02370478273188948,1.3517789757412397,0.8481835315526094,0.219047619047619,0.2602340930390221,0.36662515566625153
PLASTERS IN TIN SPACEBOY,PLASTERS IN TIN CIRCUS PARADE  + PLASTERS IN TIN WOODLAND ANIMALS,0.09838274932614555,0.07008086253369272,0.03099730458221024,0.3150684931506849,4.495785036880927,1.0,0.024102556650997885,1.3576819407008085,0.8624163254695523,0.22549019607843135,0.2634504665475481,0.3786880927291886
PLASTERS IN TIN SPACEBOY,PLASTERS IN TIN STRONGMAN,0.09838274932614555,0.07277628032345014,0.03099730458221024,0.3150684931506849,4.329274479959411,1.0,0.023837374038258946,1.3537466307277626,0.8529277961915902,0.22115384615384615,0.2613093341828608,0.3704972095383054
PLASTERS IN TIN STRONGMAN,PLASTERS IN TIN WOODLAND ANIMALS + ROUND SNACK BOXES SET OF4 WOODLAND ,0.07277628032345014,0.07412398921832884,0.022911051212938006,0.31481481481481477,4.247138047138047,1.0,0.01751658299489251,1.3512785022218983,0.8245554035567717,0.18478260869565216,0.2599601056660736,0.3119528619528619
STRAWBERRY CERAMIC TRINKET BOX,REGENCY CAKESTAND 3 TIER,0.06873315363881402,0.12533692722371967,0.0215633423180593,0.3137254901960784,2.503057136833228,1.0,0.012948540042574525,1.2745090489025799,0.6448082489146165,0.125,0.21538415057856733,0.2428842504743833
STRAWBERRY CERAMIC TRINKET BOX,WOODLAND CHARLOTTE BAG,0.06873315363881402,0.1752021563342318,0.0215633423180593,0.3137254901960784,1.7906485671191554,1.0,0.009521145588887033,1.201848286484405,0.47413169319826337,0.09696969696969698,0.16794822504165066,0.21840120663650076
RED TOADSTOOL LED NIGHT LIGHT + ROUND SNACK BOXES SET OF4 WOODLAND ,WOODLAND DESIGN  COTTON TOTE BAG,0.0646900269541779,0.09433962264150944,0.02021563342318059,0.31249999999999994,3.312499999999999,1.0,0.014112800691654374,1.3173241852487136,0.7463976945244957,0.14563106796116504,0.2408854166666666,0.2633928571428571
SAVE THE PLANET COTTON TOTE BAG,BIG DOUGHNUT FRIDGE MAGNETS + ROUND SNACK BOXES SET OF4 WOODLAND ,0.0646900269541779,0.029649595687331536,0.02021563342318059,0.31249999999999994,10.539772727272725,1.0,0.018297600278986637,1.411418769909336,0.9677233429394813,0.27272727272727265,0.2914930555555555,0.49715909090909083
SAVE THE PLANET COTTON TOTE BAG,BIG DOUGHNUT FRIDGE MAGNETS + STRAWBERRY CERAMIC TRINKET BOX,0.0646900269541779,0.03369272237196765,0.02021563342318059,0.31249999999999994,9.274999999999999,1.0,0.01803605030477837,1.4055378583680471,0.9538904899135446,0.2586206896551724,0.2885285913528591,0.45624999999999993
PLASTERS IN TIN CIRCUS PARADE ,PLASTERS IN TIN WOODLAND ANIMALS + ROUND SNACK BOXES SET OF4 WOODLAND ,0.12129380053908356,0.07412398921832884,0.03773584905660377,0.31111111111111106,4.197171717171717,1.0,0.02874506869319461,1.3440135640379098,0.8668930762489043,0.23931623931623927,0.2559598900210253,0.4101010101010101
PLASTERS IN TIN WOODLAND ANIMALS,PLASTERS IN TIN STRONGMAN,0.13881401617250674,0.07277628032345014,0.0431266846361186,0.31067961165048547,4.268967997123337,1.0,0.03302431688232431,1.345127367981474,0.8891823161189358,0.256,0.25657597651840147,0.45163610212153904
PLASTERS IN TIN WOODLAND ANIMALS,WOODLAND CHARLOTTE BAG,0.13881401617250674,0.1752021563342318,0.0431266846361186,0.31067961165048547,1.7732636295743094,1.0,0.01880616967328049,1.1965377168672413,0.5063575899843505,0.15920398009950248,0.16425534615140558,0.27841672890216584
PLASTERS IN TIN WOODLAND ANIMALS + ROUND SNACK BOXES SET OF4 WOODLAND ,PLASTERS IN TIN CIRCUS PARADE  + ROUND SNACK BOXES SET OF 4 FRUITS ,0.07412398921832884,0.05121293800539083,0.022911051212938006,0.3090909090909091,6.035406698564594,1.0,0.01911494394838747,1.3732444318343027,0.9011045466221422,0.2236842105263158,0.27179752066115703,0.37822966507177036
PLASTERS IN TIN WOODLAND ANIMALS + ROUND SNACK BOXES SET OF4 WOODLAND ,PLASTERS IN TIN STRONGMAN,0.07412398921832884,0.07277628032345014,0.022911051212938006,0.3090909090909091,4.247138047138047,1.0,0.01751658299489251,1.3420343311107958,0.8257556297628221,0.18478260869565216,0.25486257928118394,0.3119528619528619
PLASTERS IN TIN CIRCUS PARADE  + PLASTERS IN TIN WOODLAND ANIMALS,RED TOADSTOOL LED NIGHT LIGHT,0.07008086253369272,0.14016172506738545,0.0215633423180593,0.3076923076923077,2.1952662721893494,1.0,0.011740687731126628,1.24198861934711,0.5855072463768116,0.11428571428571428,0.1948396431155052,0.23076923076923078
ROUND SNACK BOXES SET OF4 WOODLAND  + WOODLAND CHARLOTTE BAG,RED TOADSTOOL LED NIGHT LIGHT,0.0876010781671159,0.14016172506738545,0.026954177897574125,0.3076923076923077,2.1952662721893494,1.0,0.014675859663908284,1.24198861934711,0.5967503692762186,0.1342281879194631,0.1948396431155052,0.25
GUMBALL COAT RACK,ROUND SNACK BOXES SET OF 4 FRUITS  + ROUND SNACK BOXES SET OF4 WOODLAND ,0.08355795148247978,0.14016172506738545,0.025606469002695417,0.3064516129032258,2.1864143920595533,1.0,0.013894842379814153,1.2397668150191186,0.5921052631578947,0.12925170068027209,0.1933967034078269,0.24457196029776673
GUMBALL COAT RACK,PLASTERS IN TIN CIRCUS PARADE ,0.08355795148247978,0.12129380053908356,0.025606469002695417,0.3064516129032258,2.5265232974910394,1.0,0.015471407502125093,1.2669717294552747,0.6592879256965944,0.14285714285714285,0.2107164060953889,0.25878136200716845
6 RIBBONS RUSTIC CHARM,WOODLAND CHARLOTTE BAG,0.1105121293800539,0.1752021563342318,0.03369272237196765,0.3048780487804878,1.7401500938086303,1.0,0.014330759003494595,1.1865512838700525,0.47818181818181815,0.1336898395721925,0.15722142515542803,0.24859287054409004
WOODLAND PARTY BAG + STICKER SET,ROUND SNACK BOXES SET OF 4 FRUITS ,0.09299191374663072,0.1752021563342318,0.02830188679245283,0.30434782608695654,1.737123745819398,1.0,0.012009502982396236,1.1856469002695418,0.46784122267034606,0.11797752808988764,0.1565785734583689,0.23294314381270903
JUMBO BAG RED RETROSPOT,WOODLAND CHARLOTTE BAG,0.07142857142857142,0.1752021563342318,0.0215633423180593,0.30188679245283023,1.7230769230769234,1.0,0.009048902579899886,1.1814671814671815,0.451923076923077,0.09580838323353295,0.15359477124183013,0.21248185776487666
REGENCY CAKESTAND 3 TIER,6 RIBBONS RUSTIC CHARM,0.12533692722371967,0.1105121293800539,0.03773584905660377,0.3010752688172043,2.724364017833727,1.0,0.023884598339157664,1.2726518764254613,0.7236407660136474,0.19047619047619047,0.21423916585206912,0.32126934172567534
WOODLAND DESIGN  COTTON TOTE BAG,ROUND SNACK BOXES SET OF4 WOODLAND  + SAVE THE PLANET COTTON TOTE BAG,0.09433962264150944,0.04177897574123989,0.02830188679245283,0.3,7.180645161290323,1.0,0.02436047398667548,1.3688871775125144,0.9503968253968254,0.26249999999999996,0.26947960618846695,0.4887096774193549
SPACEBOY LUNCH BOX ,PLASTERS IN TIN SPACEBOY,0.09029649595687332,0.09838274932614555,0.026954177897574125,0.29850746268656714,3.0341443467593536,1.0,0.018070560370819742,1.285284165854218,0.7369629629629629,0.16666666666666666,0.2219619391830087,0.2862400327131466
SPACEBOY LUNCH BOX ,ROUND SNACK BOXES SET OF 4 FRUITS  + ROUND SNACK BOXES SET OF4 WOODLAND ,0.09029649595687332,0.14016172506738545,0.026954177897574125,0.29850746268656714,2.1297359357060848,1.0,0.014298065256718565,1.2257269025635142,0.583111111111111,0.1324503311258278,0.1841575819959762,0.24540757749712971
ROUND SNACK BOXES SET OF 4 FRUITS  + ROUND SNACK BOXES SET OF4 WOODLAND ,PLASTERS IN TIN CIRCUS PARADE ,0.14016172506738545,0.12129380053908356,0.04177897574123989,0.2980769230769231,2.457478632478632,1.0,0.024778227417702574,1.2518554074511687,0.6897562948730913,0.1901840490797546,0.20118570080226522,0.32126068376068373
STRAWBERRY CERAMIC TRINKET BOX,BIG DOUGHNUT FRIDGE MAGNETS + SAVE THE PLANET COTTON TOTE BAG,0.06873315363881402,0.03099730458221024,0.02021563342318059,0.2941176470588235,9.48849104859335,1.0,0.01808509092494242,1.3727538185085353,0.9606367583212735,0.2542372881355932,0.2715372658103575,0.4731457800511509
STRAWBERRY CERAMIC TRINKET BOX,BIG DOUGHNUT FRIDGE MAGNETS + ROUND SNACK BOXES SET OF4 WOODLAND ,0.06873315363881402,0.029649595687331536,0.02021563342318059,0.2941176470588235,9.919786096256683,1.0,0.018177723207474517,1.3746630727762803,0.9655571635311144,0.2586206896551724,0.27254901960784306,0.4879679144385026
LUNCH BAG WOODLAND,ROUND SNACK BOXES SET OF 4 FRUITS  + ROUND SNACK BOXES SET OF4 WOODLAND ,0.0876010781671159,0.14016172506738545,0.025606469002695417,0.29230769230769227,2.085502958579881,1.0,0.013328150769029575,1.2149888667526074,0.5704734509834408,0.12666666666666665,0.17694719074029414,0.2375
ROUND SNACK BOXES SET OF 4 FRUITS ,PLASTERS IN TIN CIRCUS PARADE ,0.1752021563342318,0.12129380053908356,0.05121293800539083,0.29230769230769227,2.4099145299145297,1.0,0.029962002600969186,1.2416500644556427,0.7093223254213966,0.20879120879120877,0.19462010382255776,0.3572649572649572
LUNCH BAG WOODLAND,LUNCH BAG SPACEBOY DESIGN ,0.0876010781671159,0.04177897574123989,0.025606469002695417,0.29230769230769227,6.99652605459057,1.0,0.02194658568304502,1.3540079690612914,0.9393609577858976,0.24675324675324672,0.2614519095531753,0.45260545905707195
ROUND SNACK BOXES SET OF4 WOODLAND  + WOODLAND CHARLOTTE BAG,PLASTERS IN TIN WOODLAND ANIMALS,0.0876010781671159,0.13881401617250674,0.025606469002695417,0.29230769230769227,2.1057505601194917,1.0,0.013446211521276362,1.21689323801711,0.5755267045012827,0.12751677852348992,0.17823522330564578,0.23838685586258399
WOODLAND CHARLOTTE BAG,JUMBO BAG WOODLAND ANIMALS,0.1752021563342318,0.09838274932614555,0.05121293800539083,0.29230769230769227,2.9711275026343515,1.0,0.033976068177359944,1.2740243759521857,0.8043515651874785,0.23030303030303031,0.21508566172243299,0.40642781875658585
PLASTERS IN TIN CIRCUS PARADE ,WOODLAND CHARLOTTE BAG,0.12129380053908356,0.1752021563342318,0.03504043126684636,0.28888888888888886,1.6488888888888886,1.0,0.013789495862424714,1.1598719676549865,0.44785276073619634,0.13402061855670103,0.13783587509077702,0.24444444444444444
PLASTERS IN TIN CIRCUS PARADE  + PLASTERS IN TIN WOODLAND ANIMALS,PLASTERS IN TIN STRONGMAN + ROUND SNACK BOXES SET OF4 WOODLAND ,0.07008086253369272,0.03638814016172507,0.02021563342318059,0.28846153846153844,7.927350427350426,1.0,0.017665521174649992,1.3542653165294674,0.9397101449275361,0.23437499999999997,0.26159225389994617,0.42200854700854695
RED TOADSTOOL LED NIGHT LIGHT,ROUND SNACK BOXES SET OF 4 FRUITS ,0.14016172506738545,0.1752021563342318,0.04043126684636118,0.28846153846153844,1.6464497041420116,1.0,0.0158746303790295,1.159175347854593,0.45663531870428414,0.14705882352941174,0.13731774761186524,0.2596153846153846
SPACEBOY LUNCH BOX ,CIRCUS PARADE LUNCH BOX ,0.09029649595687332,0.0444743935309973,0.025606469002695417,0.2835820895522388,6.376300316598824,1.0,0.021590587107039327,1.333754492362983,0.9268615984405457,0.23456790123456786,0.2502368271477591,0.4296698326549073
JUMBO BAG RED RETROSPOT,JUMBO BAG WOODLAND ANIMALS + WOODLAND CHARLOTTE BAG,0.07142857142857142,0.05121293800539083,0.02021563342318059,0.2830188679245283,5.526315789473684,1.0,0.01655756642279553,1.3233082706766917,0.882051282051282,0.19736842105263155,0.2443181818181818,0.33887785501489576
STRAWBERRY LUNCH BOX WITH CUTLERY,PLASTERS IN TIN WOODLAND ANIMALS,0.07681940700808626,0.13881401617250674,0.0215633423180593,0.2807017543859649,2.022142735479475,1.0,0.010899731911276436,1.1972585628821246,0.5475364963503649,0.11111111111111112,0.16475853169700463,0.21802078010560383
STRAWBERRY LUNCH BOX WITH CUTLERY,PLASTERS IN TIN CIRCUS PARADE ,0.07681940700808626,0.12129380053908356,0.0215633423180593,0.2807017543859649,2.314230019493177,1.0,0.012245624486889808,1.2216159358359082,0.6151459854014599,0.12213740458015267,0.18141211925519318,0.22923976608187135
STRAWBERRY LUNCH BOX WITH CUTLERY,WOODLAND CHARLOTTE BAG,0.07681940700808626,0.1752021563342318,0.0215633423180593,0.2807017543859649,1.6021592442645074,1.0,0.008104416561925589,1.1466701729011899,0.4071167883211679,0.0935672514619883,0.12790964338951955,0.201889338731444
STRAWBERRY LUNCH BOX WITH CUTLERY,ROUND SNACK BOXES SET OF 4 FRUITS  + ROUND SNACK BOXES SET OF4 WOODLAND ,0.07681940700808626,0.14016172506738545,0.0215633423180593,0.2807017543859649,2.002699055330634,1.0,0.01079620171315233,1.1953849188087569,0.5423357664233577,0.1103448275862069,0.1634493757905736,0.21727395411605938
6 RIBBONS RUSTIC CHARM,RED TOADSTOOL LED NIGHT LIGHT,0.1105121293800539,0.14016172506738545,0.03099730458221024,0.28048780487804875,2.0011726078799246,1.0,0.015507733887431797,1.1950294668554982,0.5624505928853755,0.1411042944785276,0.1632005505008028,0.2508208255159474
PLASTERS IN TIN STRONGMAN,REGENCY CAKESTAND 3 TIER,0.07277628032345014,0.12533692722371967,0.02021563342318059,0.27777777777777773,2.216248506571087,1.0,0.0110940780726673,1.2110719469210034,0.591860465116279,0.11363636363636362,0.17428522513268271,0.21953405017921146
PLASTERS IN TIN STRONGMAN,PLASTERS IN TIN WOODLAND ANIMALS + ROUND SNACK BOXES SET OF 4 FRUITS ,0.07277628032345014,0.0444743935309973,0.02021563342318059,0.27777777777777773,6.245791245791245,1.0,0.016978952492353296,1.3230354551109267,0.9058139534883721,0.20833333333333331,0.2441623569973358,0.36616161616161613
PLASTERS IN TIN STRONGMAN,PLASTERS IN TIN CIRCUS PARADE  + PLASTERS IN TIN WOODLAND ANIMALS + ROUND SNACK BOXES SET OF4 WOODLAND ,0.07277628032345014,0.03773584905660377,0.02021563342318059,0.27777777777777773,7.36111111111111,1.0,0.017469358693993794,1.332365747460087,0.9319767441860465,0.2238805970149253,0.24945533769063177,0.40674603174603174
PLASTERS IN TIN STRONGMAN,PLASTERS IN TIN SPACEBOY + ROUND SNACK BOXES SET OF 4 FRUITS ,0.07277628032345014,0.03638814016172507,0.02021563342318059,0.27777777777777773,7.633744855967076,1.0,0.017567439934321895,1.334231805929919,0.9372093023255814,0.22727272727272718,0.25050505050505045,0.41666666666666663
PLASTERS IN TIN CIRCUS PARADE ,PLASTERS IN TIN STRONGMAN + PLASTERS IN TIN WOODLAND ANIMALS,0.12129380053908356,0.0431266846361186,0.03369272237196765,0.27777777777777773,6.4409722222222205,1.0,0.028461722887802323,1.3249015135807587,0.9613496932515337,0.25773195876288657,0.24522691705790292,0.5295138888888888
PLASTERS IN TIN STRONGMAN,ROUND SNACK BOXES SET OF 4 FRUITS  + ROUND SNACK BOXES SET OF4 WOODLAND ,0.07277628032345014,0.14016172506738545,0.02021563342318059,0.27777777777777773,1.9818376068376065,1.0,0.0100151844290582,1.1905453037528508,0.5343023255813952,0.10489510489510488,0.1600487634970393,0.21100427350427348
WOODLAND PARTY BAG + STICKER SET,RETROSPOT PARTY BAG + STICKER SET,0.09299191374663072,0.05256064690026954,0.025606469002695417,0.2753623188405797,5.238944630248978,1.0,0.02071875385967844,1.307466307277628,0.8920778916086651,0.21348314606741575,0.23516193539076835,0.3812709030100334
WOODLAND PARTY BAG + STICKER SET,PLASTERS IN TIN CIRCUS PARADE ,0.09299191374663072,0.12129380053908356,0.025606469002695417,0.2753623188405797,2.2702093397745573,1.0,0.014327126364963926,1.2126145552560648,0.6168765152107609,0.1357142857142857,0.17533564506090513,0.2432367149758454
PLASTERS IN TIN SPACEBOY,SPACEBOY LUNCH BOX ,0.09838274932614555,0.09029649595687332,0.026954177897574125,0.27397260273972607,3.034144346759354,1.0,0.018070560370819742,1.2529878451914764,0.7435724962630793,0.16666666666666666,0.2019076610857433,0.2862400327131466
PLASTERS IN TIN WOODLAND ANIMALS + ROUND SNACK BOXES SET OF4 WOODLAND ,PLASTERS IN TIN CIRCUS PARADE  + PLASTERS IN TIN STRONGMAN,0.07412398921832884,0.05256064690026954,0.02021563342318059,0.2727272727272727,5.188811188811188,1.0,0.01631962859903662,1.3027291105121295,0.8719068413391557,0.18987341772151897,0.23238070606491656,0.32867132867132864
ROUND SNACK BOXES SET OF4 WOODLAND ,PLASTERS IN TIN WOODLAND ANIMALS,0.2722371967654987,0.13881401617250674,0.07412398921832884,0.27227722772277224,1.9614534268960873,1.0,0.03633365058376501,1.1833984267561473,0.6735353535353534,0.22,0.15497606098638028,0.40312890512352206
PLASTERS IN TIN WOODLAND ANIMALS,PLASTERS IN TIN CIRCUS PARADE  + ROUND SNACK BOXES SET OF4 WOODLAND ,0.13881401617250674,0.06334231805929919,0.03773584905660377,0.27184466019417475,4.29167527370378,1.0,0.02894304749311615,1.2863432165318958,0.89062150681869,0.22950819672131145,0.22260250052385275,0.43379467052261933
WOODLAND DESIGN  COTTON TOTE BAG,PLASTERS IN TIN WOODLAND ANIMALS,0.09433962264150944,0.13881401617250674,0.025606469002695417,0.2714285714285714,1.9553398058252425,1.0,0.012510807099628742,1.1820199778024416,0.5394736842105262,0.12337662337662336,0.15399061032863848,0.22794729542302355
WOODLAND CHARLOTTE BAG,ROUND SNACK BOXES SET OF 4 FRUITS  + ROUND SNACK BOXES SET OF4 WOODLAND ,0.1752021563342318,0.14016172506738545,0.04716981132075472,0.2692307692307693,1.9208579881656809,1.0,0.022613174853423037,1.1766207972762095,0.5812324929971989,0.17587939698492464,0.15010851217747775,0.3028846153846154
ROUND SNACK BOXES SET OF 4 FRUITS ,ROUND SNACK BOXES SET OF4 WOODLAND  + WOODLAND CHARLOTTE BAG,0.1752021563342318,0.0876010781671159,0.04716981132075472,0.2692307692307693,3.073372781065089,1.0,0.03182191352867242,1.248545893034473,0.8179271708683474,0.21875000000000003,0.1990682876945802,0.4038461538461539
SPACEBOY LUNCH BOX ,PLASTERS IN TIN WOODLAND ANIMALS,0.09029649595687332,0.13881401617250674,0.02425876010781671,0.26865671641791045,1.9353716852630052,1.0,0.011724340857738607,1.1775400187028988,0.531275720164609,0.11842105263157895,0.1507719617873076,0.22170699898565424
STRAWBERRY LUNCH BOX WITH CUTLERY,PLASTERS IN TIN SPACEBOY,0.07681940700808626,0.09838274932614555,0.02021563342318059,0.26315789473684204,2.6748377793799563,1.0,0.012657928960120891,1.2236234116288023,0.6782481751824817,0.13043478260869562,0.18275509401305948,0.23431867339581827
PLASTERS IN TIN WOODLAND ANIMALS,ROUND SNACK BOXES SET OF 4 FRUITS  + ROUND SNACK BOXES SET OF4 WOODLAND ,0.13881401617250674,0.14016172506738545,0.03638814016172507,0.2621359223300971,1.8702389843166543,1.0,0.016931728191454585,1.1653071357639382,0.5403118298266969,0.15,0.14185713850929785,0.2608756534727409
ROUND SNACK BOXES SET OF4 WOODLAND  + WOODLAND CHARLOTTE BAG,CHARLOTTE BAG SUKI DESIGN,0.0876010781671159,0.05121293800539083,0.022911051212938006,0.26153846153846155,5.106882591093118,1.0,0.018424742627560102,1.2848158131176999,0.881397167434182,0.19767441860465115,0.2216783216783217,0.35445344129554657
LUNCH BAG WOODLAND,ROUND SNACK BOXES SET OF4 WOODLAND  + WOODLAND CHARLOTTE BAG,0.0876010781671159,0.0876010781671159,0.022911051212938006,0.26153846153846155,2.985562130177515,1.0,0.015237102316896855,1.2355402066486971,0.7289078112781302,0.1504424778761062,0.19063742756504945,0.26153846153846155
ROUND SNACK BOXES SET OF4 WOODLAND  + WOODLAND CHARLOTTE BAG,WOODLAND PARTY BAG + STICKER SET,0.0876010781671159,0.09299191374663072,0.022911051212938006,0.26153846153846155,2.812486064659978,1.0,0.014764859307909708,1.2282401168014374,0.7063167955513078,0.14529914529914534,0.18582695165161733,0.25395763656633225
ROUND SNACK BOXES SET OF4 WOODLAND  + WOODLAND CHARLOTTE BAG,LUNCH BAG WOODLAND,0.0876010781671159,0.0876010781671159,0.022911051212938006,0.26153846153846155,2.985562130177515,1.0,0.015237102316896855,1.2355402066486971,0.7289078112781302,0.1504424778761062,0.19063742756504945,0.26153846153846155
WOODLAND PARTY BAG + STICKER SET,WOODLAND DESIGN  COTTON TOTE BAG,0.09299191374663072,0.09433962264150944,0.02425876010781671,0.2608695652173913,2.7652173913043474,1.0,0.015485938056247775,1.2253052164261933,0.7038137691926697,0.1487603305785124,0.18387681159420288,0.25900621118012424
WOODLAND PARTY BAG + STICKER SET,PLASTERS IN TIN WOODLAND ANIMALS,0.09299191374663072,0.13881401617250674,0.02425876010781671,0.2608695652173913,1.8792739552553819,1.0,0.011350179089079562,1.1651339781195498,0.5158494304110947,0.1168831168831169,0.14172960468122744,0.21781342338539467
PLASTERS IN TIN SPACEBOY,ROUND SNACK BOXES SET OF 4 FRUITS  + ROUND SNACK BOXES SET OF4 WOODLAND ,0.09838274932614555,0.14016172506738545,0.025606469002695417,0.2602739726027397,1.8569546891464699,1.0,0.011816973140270704,1.1623739642607567,0.5118401384627489,0.12025316455696203,0.13969167346588224,0.22148314014752368
JUMBO BAG WOODLAND ANIMALS,PLASTERS IN TIN WOODLAND ANIMALS,0.09838274932614555,0.13881401617250674,0.025606469002695417,0.2602739726027397,1.8749833754488627,1.0,0.011949564446640172,1.1641958670260555,0.5175831956573047,0.12101910828025478,0.1410380088751688,0.2223699960101077
JUMBO BAG WOODLAND ANIMALS,ROUND SNACK BOXES SET OF 4 FRUITS ,0.09838274932614555,0.1752021563342318,0.025606469002695417,0.2602739726027397,1.485563751317176,1.0,0.008369599174664524,1.1150044923629827,0.36252065140429546,0.10326086956521739,0.10314262691377919,0.20321390937829292
PLASTERS IN TIN SPACEBOY,PLASTERS IN TIN STRONGMAN + PLASTERS IN TIN WOODLAND ANIMALS,0.09838274932614555,0.0431266846361186,0.025606469002695417,0.2602739726027397,6.035102739726026,1.0,0.02136354719887243,1.293550963362284,0.9253402564707734,0.22093023255813954,0.2269342079876519,0.42701198630136983
ROUND SNACK BOXES SET OF 4 FRUITS  + ROUND SNACK BOXES SET OF4 WOODLAND ,PLASTERS IN TIN WOODLAND ANIMALS,0.14016172506738545,0.13881401617250674,0.03638814016172507,0.25961538461538464,1.8702389843166543,1.0,0.016931728191454585,1.1631602898449258,0.5411587135725068,0.15,0.14027326351270017,0.2608756534727409
GUMBALL COAT RACK,WOODLAND CHARLOTTE BAG,0.08355795148247978,0.1752021563342318,0.0215633423180593,0.25806451612903225,1.4729528535980148,1.0,0.006923809039457721,1.1116840501582093,0.3503676470588236,0.0909090909090909,0.10046384145055871,0.19057071960297767
WOODLAND DESIGN  COTTON TOTE BAG,FAWN BLUE HOT WATER BOTTLE,0.09433962264150944,0.07008086253369272,0.02425876010781671,0.2571428571428571,3.669230769230769,1.0,0.017647357981996643,1.2518142235123366,0.8032407407407407,0.17307692307692307,0.20115942028985503,0.30164835164835163
WOODLAND DESIGN  COTTON TOTE BAG,STRAWBERRY CERAMIC TRINKET BOX,0.09433962264150944,0.06873315363881402,0.02425876010781671,0.2571428571428571,3.741176470588235,1.0,0.017774500330570105,1.2536284470246732,0.8090277777777777,0.17475728155339804,0.20231548480463094,0.30504201680672266
WOODLAND DESIGN  COTTON TOTE BAG,BIG DOUGHNUT FRIDGE MAGNETS + SAVE THE PLANET COTTON TOTE BAG,0.09433962264150944,0.03099730458221024,0.02425876010781671,0.2571428571428571,8.295652173913043,1.0,0.021334486090627065,1.3044267053701015,0.9710648148148147,0.23999999999999996,0.23337969401947148,0.5198757763975155
WOODLAND DESIGN  COTTON TOTE BAG,WOODLAND PARTY BAG + STICKER SET,0.09433962264150944,0.09299191374663072,0.02425876010781671,0.2571428571428571,2.765217391304348,1.0,0.015485938056247775,1.2209724238026125,0.704861111111111,0.1487603305785124,0.18098068350668645,0.25900621118012424
6 RIBBONS RUSTIC CHARM,PLASTERS IN TIN CIRCUS PARADE ,0.1105121293800539,0.12129380053908356,0.02830188679245283,0.25609756097560976,2.111382113821138,1.0,0.014897450614279176,1.1812116123900844,0.5917748917748918,0.13907284768211922,0.15341164147837796,0.24471544715447155
PLASTERS IN TIN CIRCUS PARADE ,PLASTERS IN TIN SPACEBOY + PLASTERS IN TIN WOODLAND ANIMALS,0.12129380053908356,0.05660377358490566,0.03099730458221024,0.25555555555555554,4.514814814814814,1.0,0.024131617759243246,1.267248662348634,0.885969591891171,0.2110091743119266,0.21088888888888888,0.40158730158730155
ROUND SNACK BOXES SET OF 4 FRUITS ,PLASTERS IN TIN WOODLAND ANIMALS,0.1752021563342318,0.13881401617250674,0.0444743935309973,0.25384615384615383,1.828678117998506,1.0,0.020153878568159193,1.1541667824492177,0.549415725886314,0.165,0.1335740941374744,0.28711725168035845
SPACEBOY LUNCH BOX ,6 RIBBONS RUSTIC CHARM,0.09029649595687332,0.1105121293800539,0.022911051212938006,0.2537313432835821,2.295959228248999,1.0,0.012932193169186507,1.191913746630728,0.620479302832244,0.12878787878787878,0.16101311623699688,0.2305242082271569
SPACEBOY LUNCH BOX ,PLASTERS IN TIN CIRCUS PARADE ,0.09029649595687332,0.12129380053908356,0.022911051212938006,0.2537313432835821,2.0918739635157544,1.0,0.011958646042966847,1.1774663072776281,0.5737690631808278,0.12142857142857143,0.15071879864481275,0.2213101160862355
PLASTERS IN TIN SPACEBOY,PLASTERS IN TIN CIRCUS PARADE  + ROUND SNACK BOXES SET OF4 WOODLAND ,0.09838274932614555,0.06334231805929919,0.02425876010781671,0.24657534246575344,3.892742640629555,1.0,0.018026968708451697,1.2432001960303847,0.8241986380999834,0.17647058823529413,0.19562432245984035,0.3147770329350044
PLASTERS IN TIN SPACEBOY,PLASTERS IN TIN CIRCUS PARADE  + PLASTERS IN TIN STRONGMAN,0.09838274932614555,0.05256064690026954,0.02425876010781671,0.24657534246575344,4.691253951527925,1.0,0.019087699159407445,1.2575104141141877,0.8726955655206777,0.1914893617021277,0.2047779574816345,0.3540569020021075
WOODLAND PARTY BAG + STICKER SET,ROUND SNACK BOXES SET OF4 WOODLAND  + WOODLAND CHARLOTTE BAG,0.09299191374663072,0.0876010781671159,0.022911051212938006,0.2463768115942029,2.8124860646599776,1.0,0.014764859307909708,1.2106831847397885,0.710514815138537,0.14529914529914534,0.17402008006336567,0.25395763656633225
WOODLAND PARTY BAG + STICKER SET,ROUND SNACK BOXES SET OF 4 FRUITS  + ROUND SNACK BOXES SET OF4 WOODLAND ,0.09299191374663072,0.14016172506738545,0.022911051212938006,0.2463768115942029,1.7578037904124861,1.0,0.009877144164892729,1.1409392494298154,0.4753081024385981,0.10897435897435898,0.12352914451864978,0.2049191750278707
ROUND SNACK BOXES SET OF4 WOODLAND  + WOODLAND CHARLOTTE BAG,RED RETROSPOT CHARLOTTE BAG,0.0876010781671159,0.04851752021563342,0.0215633423180593,0.24615384615384617,5.073504273504274,1.0,0.01731315523717497,1.2621706364486496,0.8799852289512555,0.18823529411764708,0.20771409893222922,0.3452991452991453
WOODLAND CHARLOTTE BAG,RED RETROSPOT CHARLOTTE BAG,0.1752021563342318,0.04851752021563342,0.0431266846361186,0.24615384615384617,5.073504273504274,1.0,0.03462631047434994,1.2621706364486496,0.9734477124183007,0.23880597014925373,0.20771409893222922,0.5675213675213675
LUNCH BAG WOODLAND,WOODLAND PARTY BAG + STICKER SET,0.0876010781671159,0.09299191374663072,0.0215633423180593,0.24615384615384617,2.6470457079152734,1.0,0.013417150413031003,1.2031739919687552,0.6819608567208272,0.13559322033898305,0.16886501314435937,0.23901895206243035
LUNCH BAG WOODLAND,JUMBO BAG WOODLAND ANIMALS,0.0876010781671159,0.09838274932614555,0.0215633423180593,0.24615384615384617,2.5020021074815597,1.0,0.012944907404043854,1.1960228835469497,0.6579579025110783,0.1311475409836066,0.16389559618259172,0.2326659641728135
WOODLAND CHARLOTTE BAG,PLASTERS IN TIN WOODLAND ANIMALS,0.1752021563342318,0.13881401617250674,0.0431266846361186,0.24615384615384617,1.7732636295743092,1.0,0.01880616967328049,1.1423895703834095,0.5286968954248367,0.15920398009950248,0.12464186830384015,0.27841672890216584
ROUND SNACK BOXES SET OF4 WOODLAND  + WOODLAND CHARLOTTE BAG,JUMBO BAG WOODLAND ANIMALS,0.0876010781671159,0.09838274932614555,0.0215633423180593,0.24615384615384617,2.5020021074815597,1.0,0.012944907404043854,1.1960228835469497,0.6579579025110783,0.1311475409836066,0.16389559618259172,0.2326659641728135
LUNCH BAG WOODLAND,ROUND SNACK BOXES SET OF 4 FRUITS  + WOODLAND CHARLOTTE BAG,0.0876010781671159,0.05660377358490566,0.0215633423180593,0.24615384615384617,4.348717948717949,1.0,0.016604790723694248,1.2514439738159415,0.8439807976366321,0.1758241758241758,0.20092307692307695,0.31355311355311355
WOODLAND CHARLOTTE BAG,CHARLOTTE BAG SUKI DESIGN,0.1752021563342318,0.05121293800539083,0.0431266846361186,0.24615384615384617,4.806477732793523,1.0,0.03415406746536279,1.258595082237747,0.9601715686274511,0.23529411764705882,0.20546328671328673,0.5441295546558704
PLASTERS IN TIN CIRCUS PARADE ,REGENCY CAKESTAND 3 TIER,0.12129380053908356,0.12533692722371967,0.029649595687331536,0.24444444444444444,1.9502986857825568,1.0,0.01444700343647605,1.1576423022039004,0.5545175683212493,0.13664596273291926,0.1361753124464989,0.24050179211469536
6 RIBBONS RUSTIC CHARM,PLASTERS IN TIN WOODLAND ANIMALS,0.1105121293800539,0.13881401617250674,0.026954177897574125,0.24390243902439027,1.7570447549135686,1.0,0.011613545382553166,1.1389879140944266,0.4843939393939395,0.12121212121212122,0.12202755830375207,0.21903859815297183
6 RIBBONS RUSTIC CHARM,SCANDINAVIAN REDS RIBBONS,0.1105121293800539,0.05256064690026954,0.026954177897574125,0.24390243902439027,4.640400250156348,1.0,0.021145588887032208,1.2530649508738372,0.8819696969696971,0.198019801980198,0.2019567706345627,0.37836147592245156
6 RIBBONS RUSTIC CHARM,ROUND SNACK BOXES SET OF 4 FRUITS ,0.1105121293800539,0.1752021563342318,0.026954177897574125,0.24390243902439027,1.3921200750469045,1.0,0.007592214529101068,1.0908616642031126,0.3166666666666667,0.10416666666666669,0.08329347999362349,0.19887429643527205
WOODLAND DESIGN  COTTON TOTE BAG,ROUND SNACK BOXES SET OF 4 FRUITS ,0.09433962264150944,0.1752021563342318,0.022911051212938006,0.24285714285714285,1.386153846153846,1.0,0.006382545898387833,1.0893556425774296,0.3075980392156861,0.09289617486338797,0.08202614379084967,0.18681318681318682
WOODLAND DESIGN  COTTON TOTE BAG,SAVE THE PLANET COTTON TOTE BAG + WOODLAND CHARLOTTE BAG,0.09433962264150944,0.03099730458221024,0.022911051212938006,0.24285714285714285,7.834782608695653,1.0,0.01998677719574836,1.279814880740477,0.963235294117647,0.22368421052631574,0.21863699582753823,0.4909937888198758
PLASTERS IN TIN WOODLAND ANIMALS,PLASTERS IN TIN CIRCUS PARADE  + PLASTERS IN TIN STRONGMAN,0.13881401617250674,0.05256064690026954,0.03369272237196765,0.24271844660194172,4.617874035349763,1.0,0.026396567883116222,1.2511058124265673,0.9097339593114242,0.21367521367521367,0.20070709442196408,0.44187204381379136
PLASTERS IN TIN WOODLAND ANIMALS,RED TOADSTOOL LED NIGHT LIGHT,0.13881401617250674,0.14016172506738545,0.03369272237196765,0.24271844660194172,1.7317027632561612,1.0,0.014236310401697167,1.135427465616145,0.490641627543036,0.13736263736263735,0.11927443162796357,0.24155153099327853
GUMBALL COAT RACK,SPACEBOY LUNCH BOX ,0.08355795148247978,0.09029649595687332,0.02021563342318059,0.24193548387096772,2.679345209436687,1.0,0.012670643194978239,1.2000344095888054,0.6839215686274509,0.13157894736842102,0.1666905615292712,0.23290804044294655
GUMBALL COAT RACK,WOODLAND PARTY BAG + STICKER SET,0.08355795148247978,0.09299191374663072,0.02021563342318059,0.24193548387096772,2.601683029453015,1.0,0.012445419606076678,1.1964787520789126,0.6717647058823529,0.1293103448275862,0.16421415903753056,0.2296633941093969
RED TOADSTOOL LED NIGHT LIGHT,PLASTERS IN TIN WOODLAND ANIMALS,0.14016172506738545,0.13881401617250674,0.03369272237196765,0.24038461538461536,1.731702763256161,1.0,0.014236310401697167,1.1337131938994849,0.49141065830721004,0.13736263736263735,0.11794269892861439,0.24155153099327853
SPACEBOY LUNCH BOX ,CHARLOTTE BAG SUKI DESIGN,0.09029649595687332,0.05121293800539083,0.0215633423180593,0.23880597014925373,4.663000785545955,1.0,0.016938993468515923,1.246445748110565,0.8635185185185185,0.17977528089887643,0.1977187924016282,0.32992930086410055
ROUND SNACK BOXES SET OF 4 FRUITS ,PLASTERS IN TIN CIRCUS PARADE  + ROUND SNACK BOXES SET OF4 WOODLAND ,0.1752021563342318,0.06334231805929919,0.04177897574123989,0.23846153846153845,3.764648117839607,1.0,0.03068126503004192,1.2299545318413245,0.8903647480497575,0.2123287671232877,0.186961815163254,0.4490180032733224
ROUND SNACK BOXES SET OF4 WOODLAND ,RED TOADSTOOL LED NIGHT LIGHT,0.2722371967654987,0.14016172506738545,0.0646900269541779,0.2376237623762376,1.6953541507996952,1.0,0.026532791828016364,1.1278398151713516,0.5635802469135802,0.18604651162790697,0.11334926596107886,0.3495811119573496
REGENCY CAKESTAND 3 TIER,RED TOADSTOOL LED NIGHT LIGHT,0.12533692722371967,0.14016172506738545,0.029649595687331536,0.23655913978494625,1.6877584780810588,1.0,0.012082155753009641,1.1262670361793403,0.4658915814539852,0.1257142857142857,0.11211109987528231,0.2240488006617039
REGENCY CAKESTAND 3 TIER,PLASTERS IN TIN CIRCUS PARADE ,0.12533692722371967,0.12129380053908356,0.029649595687331536,0.23655913978494625,1.9502986857825568,1.0,0.01444700343647605,1.1509813598572567,0.5570808236447682,0.13664596273291926,0.1311761989577149,0.24050179211469536
PLASTERS IN TIN CIRCUS PARADE ,RED TOADSTOOL LED NIGHT LIGHT,0.12129380053908356,0.14016172506738545,0.02830188679245283,0.23333333333333334,1.6647435897435898,1.0,0.011301138468915513,1.1215281846947147,0.4544259421560035,0.12138728323699421,0.10835945663531871,0.21762820512820513
PLASTERS IN TIN CIRCUS PARADE ,PLASTERS IN TIN STRONGMAN + ROUND SNACK BOXES SET OF4 WOODLAND ,0.12129380053908356,0.03638814016172507,0.02830188679245283,0.23333333333333334,6.412345679012345,1.0,0.023888230977688336,1.2568850345716631,0.960560911481157,0.21875,0.2043822843822844,0.5055555555555555
PLASTERS IN TIN CIRCUS PARADE ,6 RIBBONS RUSTIC CHARM,0.12129380053908356,0.1105121293800539,0.02830188679245283,0.23333333333333334,2.111382113821138,1.0,0.014897450614279176,1.1602015703738429,0.5990359333917616,0.13907284768211922,0.13808080808080808,0.24471544715447155
PLASTERS IN TIN SPACEBOY,WOODLAND CHARLOTTE BAG,0.09838274932614555,0.1752021563342318,0.022911051212938006,0.23287671232876714,1.3291886195995786,1.0,0.0056741813849071135,1.0751829033500193,0.27468565901697,0.0913978494623656,0.06992568716984512,0.18182297154899896
PLASTERS IN TIN SPACEBOY,PLASTERS IN TIN WOODLAND ANIMALS + ROUND SNACK BOXES SET OF 4 FRUITS ,0.09838274932614555,0.0444743935309973,0.022911051212938006,0.23287671232876714,5.236197592361976,1.0,0.01853553810274555,1.2455958798613787,0.8973006242855887,0.1910112359550562,0.19717139710570553,0.37401411374014115
PLASTERS IN TIN SPACEBOY,PLASTERS IN TIN CIRCUS PARADE  + ROUND SNACK BOXES SET OF 4 FRUITS ,0.09838274932614555,0.05121293800539083,0.022911051212938006,0.23287671232876714,4.547224224945927,1.0,0.01787258157089821,1.2368117058144013,0.8652070693748352,0.18085106382978725,0.1914694894146949,0.34012256669069935
JUMBO BAG WOODLAND ANIMALS,RED TOADSTOOL LED NIGHT LIGHT,0.09838274932614555,0.14016172506738545,0.022911051212938006,0.23287671232876714,1.6614857744994733,1.0,0.009121555350513294,1.1208606083943011,0.44157214455288846,0.10625000000000001,0.1078284021127668,0.1981691253951528
ROUND SNACK BOXES SET OF4 WOODLAND ,PLASTERS IN TIN CIRCUS PARADE ,0.2722371967654987,0.12129380053908356,0.06334231805929919,0.23267326732673263,1.9182618261826179,1.0,0.030321633815505546,1.1451525954264847,0.6577620173364852,0.19183673469387752,0.1267539330620178,0.3774477447744774
WOODLAND PARTY BAG + STICKER SET,LUNCH BAG WOODLAND,0.09299191374663072,0.0876010781671159,0.0215633423180593,0.23188405797101452,2.6470457079152734,1.0,0.013417150413031003,1.187840105782434,0.6860141158989599,0.13559322033898305,0.15813585083381504,0.23901895206243035
WOODLAND PARTY BAG + STICKER SET,JUMBO BAG WOODLAND ANIMALS,0.09299191374663072,0.09838274932614555,0.0215633423180593,0.23188405797101452,2.3569585070478465,1.0,0.012414542178565982,1.1738035904999238,0.6347511144130759,0.12698412698412698,0.14806871601568428,0.22553107008139767
WOODLAND PARTY BAG + STICKER SET,SPACEBOY BIRTHDAY CARD,0.09299191374663072,0.04851752021563342,0.0215633423180593,0.23188405797101452,4.779388083735911,1.0,0.017051605262966705,1.2387224736815339,0.8718424962852898,0.17977528089887643,0.19271667282506058,0.3381642512077295
6 RIBBONS RUSTIC CHARM,CHOCOLATE BOX RIBBONS ,0.1105121293800539,0.04043126684636118,0.025606469002695417,0.23170731707317072,5.730894308943089,1.0,0.021138323609970866,1.2489624780729902,0.9280701754385966,0.20430107526881722,0.19933543436557963,0.432520325203252
ROUND SNACK BOXES SET OF 4 FRUITS  + ROUND SNACK BOXES SET OF4 WOODLAND ,LUNCH BOX WITH CUTLERY RETROSPOT ,0.14016172506738545,0.06873315363881402,0.03234501347708895,0.23076923076923078,3.3574660633484164,1.0,0.022711256093751138,1.210646900269542,0.8166144200626959,0.183206106870229,0.17399532450183683,0.3506787330316742
LUNCH BAG WOODLAND,CHARLOTTE BAG SUKI DESIGN,0.0876010781671159,0.05121293800539083,0.02021563342318059,0.23076923076923075,4.506072874493927,1.0,0.015729324837802688,1.2334231805929918,0.8527818808468735,0.17045454545454541,0.18924825174825172,0.31275303643724695
ROUND SNACK BOXES SET OF 4 FRUITS ,RED TOADSTOOL LED NIGHT LIGHT,0.1752021563342318,0.14016172506738545,0.04043126684636118,0.23076923076923075,1.6464497041420116,1.0,0.0158746303790295,1.117789757412399,0.4760348583877995,0.14705882352941174,0.10537738123945019,0.2596153846153846
WOODLAND CHARLOTTE BAG,WOODLAND DESIGN  COTTON TOTE BAG,0.1752021563342318,0.09433962264150944,0.04043126684636118,0.23076923076923075,2.446153846153846,1.0,0.02390276153181101,1.1773584905660377,0.7167755991285403,0.17647058823529407,0.1506410256410256,0.3296703296703296
LUNCH BAG WOODLAND,LUNCH BAG RED RETROSPOT,0.0876010781671159,0.026954177897574125,0.02021563342318059,0.23076923076923075,8.561538461538461,1.0,0.017854418378244852,1.2649595687331536,0.9679960610536682,0.21428571428571425,0.20946089921159172,0.4903846153846153
LUNCH BAG WOODLAND,RED TOADSTOOL LED NIGHT LIGHT,0.0876010781671159,0.14016172506738545,0.02021563342318059,0.23076923076923075,1.6464497041420116,1.0,0.00793731518951475,1.117789757412399,0.4303298867552929,0.0974025974025974,0.10537738123945019,0.1875
WOODLAND CHARLOTTE BAG,LUNCH BAG WOODLAND,0.1752021563342318,0.0876010781671159,0.04043126684636118,0.23076923076923075,2.634319526627219,1.0,0.02508336905427888,1.1861185983827491,0.7521786492374728,0.18181818181818182,0.15691398704692647,0.34615384615384615
ROUND SNACK BOXES SET OF4 WOODLAND  + WOODLAND CHARLOTTE BAG,PLASTERS IN TIN CIRCUS PARADE ,0.0876010781671159,0.12129380053908356,0.02021563342318059,0.23076923076923075,1.9025641025641025,1.0,0.009590165720969768,1.1423180592991913,0.5199409158050221,0.10714285714285712,0.12458706937234543,0.1987179487179487
WOODLAND DESIGN  COTTON TOTE BAG,PLASTERS IN TIN CIRCUS PARADE ,0.09433962264150944,0.12129380053908356,0.0215633423180593,0.22857142857142856,1.8844444444444444,1.0,0.010120530946447643,1.1390635918937806,0.5182291666666666,0.11111111111111112,0.12208588957055214,0.20317460317460317
REGENCY CAKESTAND 3 TIER,WOODLAND CHARLOTTE BAG,0.12533692722371967,0.1752021563342318,0.02830188679245283,0.22580645161290325,1.2888337468982631,1.0,0.006342586874550464,1.0653638814016173,0.2562183579132733,0.10396039603960397,0.06135357368753956,0.19367245657568238
REGENCY CAKESTAND 3 TIER,GUMBALL COAT RACK,0.12533692722371967,0.08355795148247978,0.02830188679245283,0.22580645161290325,2.702393340270552,1.0,0.017828989908530164,1.183737646001797,0.7202289236187542,0.15671641791044777,0.1552182163187856,0.28225806451612906
SPACEBOY LUNCH BOX ,GUMBALL COAT RACK,0.09029649595687332,0.08355795148247978,0.02021563342318059,0.22388059701492535,2.679345209436687,1.0,0.012670643194978239,1.180800331743728,0.6889876543209875,0.13157894736842102,0.15311676909569794,0.23290804044294655
SPACEBOY LUNCH BOX ,LUNCH BAG SPACEBOY DESIGN ,0.09029649595687332,0.04177897574123989,0.02021563342318059,0.22388059701492535,5.358690418873374,1.0,0.016443138309079414,1.2346309351026332,0.8941234567901233,0.18072289156626503,0.19004135440938763,0.3538757823784304
PLASTERS IN TIN WOODLAND ANIMALS,PLASTERS IN TIN SPACEBOY + ROUND SNACK BOXES SET OF4 WOODLAND ,0.13881401617250674,0.04851752021563342,0.03099730458221024,0.2233009708737864,4.602481121898597,1.0,0.02426239274634738,1.225033692722372,0.9088929713546983,0.1982758620689655,0.18369592122995682,0.43109492988133763
PLASTERS IN TIN WOODLAND ANIMALS,PLASTERS IN TIN CIRCUS PARADE  + PLASTERS IN TIN SPACEBOY,0.13881401617250674,0.04716981132075472,0.03099730458221024,0.2233009708737864,4.733980582524271,1.0,0.024449473630676906,1.2267688679245283,0.9159012043274138,0.19999999999999996,0.18485052388734016,0.4402219140083217
PLASTERS IN TIN CIRCUS PARADE ,PLASTERS IN TIN WOODLAND ANIMALS + ROUND SNACK BOXES SET OF 4 FRUITS ,0.12129380053908356,0.0444743935309973,0.026954177897574125,0.22222222222222224,4.996632996632997,1.0,0.02155970967952863,1.2285329226030035,0.9102760736196319,0.1941747572815534,0.18602099984328477,0.41414141414141414
RED TOADSTOOL LED NIGHT LIGHT,6 RIBBONS RUSTIC CHARM,0.14016172506738545,0.1105121293800539,0.03099730458221024,0.22115384615384615,2.001172607879925,1.0,0.015507733887431797,1.1420585005490664,0.5818454409159057,0.1411042944785276,0.12438811188811189,0.2508208255159474
RED TOADSTOOL LED NIGHT LIGHT,STRAWBERRY CERAMIC TRINKET BOX,0.14016172506738545,0.06873315363881402,0.03099730458221024,0.22115384615384615,3.217571644042232,1.0,0.02136354719887243,1.1957006422415226,0.8015537685702603,0.17424242424242425,0.16367026605810975,0.3360671191553544
RED TOADSTOOL LED NIGHT LIGHT,WOODLAND DESIGN  COTTON TOTE BAG,0.14016172506738545,0.09433962264150944,0.03099730458221024,0.22115384615384615,2.344230769230769,1.0,0.017774500330570105,1.1628232005590495,0.6668938258143655,0.152317880794702,0.14002403846153844,0.27486263736263733
JUMBO BAG WOODLAND ANIMALS,JUMBO BAG OWLS,0.09838274932614555,0.03099730458221024,0.0215633423180593,0.21917808219178084,7.070875521143538,1.0,0.018513742271561526,1.241003452026292,0.9522608370702541,0.20000000000000004,0.19420046868748453,0.4574151280524122
JUMBO BAG WOODLAND ANIMALS,ROUND SNACK BOXES SET OF 4 FRUITS  + ROUND SNACK BOXES SET OF4 WOODLAND ,0.09838274932614555,0.14016172506738545,0.0215633423180593,0.21917808219178084,1.5637513171759747,1.0,0.007773846455634588,1.101196387194401,0.39985052316890896,0.09937888198757765,0.09189676643620906,0.18651211801896733
JUMBO BAG WOODLAND ANIMALS,ROUND SNACK BOXES SET OF4 WOODLAND  + WOODLAND CHARLOTTE BAG,0.09838274932614555,0.0876010781671159,0.0215633423180593,0.21917808219178084,2.5020021074815597,1.0,0.012944907404043854,1.1685108998912375,0.6658258594917789,0.1311475409836066,0.14420995123530486,0.2326659641728135
JUMBO BAG WOODLAND ANIMALS,WOODLAND PARTY BAG + STICKER SET,0.09838274932614555,0.09299191374663072,0.0215633423180593,0.21917808219178084,2.356958507047846,1.0,0.012414542178565982,1.1616068473069465,0.6385463378176384,0.12698412698412698,0.13912353192615362,0.22553107008139767
JUMBO BAG WOODLAND ANIMALS,LUNCH BAG WOODLAND,0.09838274932614555,0.0876010781671159,0.0215633423180593,0.21917808219178084,2.5020021074815597,1.0,0.012944907404043854,1.1685108998912375,0.6658258594917789,0.1311475409836066,0.14420995123530486,0.2326659641728135
WOODLAND PARTY BAG + STICKER SET,GUMBALL COAT RACK,0.09299191374663072,0.08355795148247978,0.02021563342318059,0.21739130434782608,2.6016830294530155,1.0,0.012445419606076678,1.1710092842168314,0.6787518573551263,0.1293103448275862,0.14603580562659849,0.2296633941093969
WOODLAND PARTY BAG + STICKER SET,PLASTERS IN TIN SPACEBOY,0.09299191374663072,0.09838274932614555,0.02021563342318059,0.21739130434782608,2.2096486003573554,1.0,0.011066833283687273,1.1520664869721473,0.6035661218424963,0.11811023622047243,0.13199454084616885,0.2114353782013103
WOODLAND PARTY BAG + STICKER SET,RED TOADSTOOL LED NIGHT LIGHT,0.09299191374663072,0.14016172506738545,0.02021563342318059,0.21739130434782608,1.5510033444816054,1.0,0.0071817263751353146,1.098682240191674,0.3916790490341753,0.09493670886075947,0.0898187270001363,0.18081103678929766
WOODLAND CHARLOTTE BAG,WOODLAND PARTY BAG + STICKER SET,0.1752021563342318,0.09299191374663072,0.03773584905660377,0.21538461538461537,2.316164994425864,1.0,0.021443465246547177,1.1559906981660588,0.6889589169000934,0.16374269005847952,0.1349411361298434,0.31059085841694534
ROUND SNACK BOXES SET OF 4 FRUITS ,LUNCH BOX WITH CUTLERY RETROSPOT ,0.1752021563342318,0.06873315363881402,0.03773584905660377,0.21538461538461537,3.1336349924585214,1.0,0.025693652327431503,1.1869087257544526,0.8255135387488328,0.1830065359477124,0.15747523099187352,0.3822021116138763
WOODLAND DESIGN  COTTON TOTE BAG,ROUND SNACK BOXES SET OF 4 FRUITS  + ROUND SNACK BOXES SET OF4 WOODLAND ,0.09433962264150944,0.14016172506738545,0.02021563342318059,0.21428571428571425,1.5288461538461535,1.0,0.0069928291715404545,1.0943396226415092,0.38194444444444436,0.09433962264150941,0.08620689655172409,0.17925824175824173
WOODLAND DESIGN  COTTON TOTE BAG,RED TOADSTOOL LED NIGHT LIGHT + ROUND SNACK BOXES SET OF4 WOODLAND ,0.09433962264150944,0.0646900269541779,0.02021563342318059,0.21428571428571425,3.312499999999999,1.0,0.014112800691654374,1.190394511149228,0.7708333333333334,0.14563106796116504,0.15994236311239188,0.2633928571428571
RED TOADSTOOL LED NIGHT LIGHT,REGENCY CAKESTAND 3 TIER,0.14016172506738545,0.12533692722371967,0.029649595687331536,0.21153846153846154,1.6877584780810588,1.0,0.012082155753009641,1.109328775228453,0.4739241949273298,0.1257142857142857,0.09855398838449687,0.2240488006617039
PLASTERS IN TIN CIRCUS PARADE ,WOODLAND PARTY BAG + STICKER SET,0.12129380053908356,0.09299191374663072,0.025606469002695417,0.21111111111111108,2.270209339774557,1.0,0.014327126364963926,1.149728560039482,0.636745237326445,0.1357142857142857,0.13022948654449396,0.2432367149758454
PLASTERS IN TIN CIRCUS PARADE ,GUMBALL COAT RACK,0.12129380053908356,0.08355795148247978,0.025606469002695417,0.21111111111111108,2.526523297491039,1.0,0.015471407502125093,1.161687103754603,0.6876009041007427,0.14285714285714285,0.13918300653594767,0.25878136200716845
ROUND SNACK BOXES SET OF 4 FRUITS ,PLASTERS IN TIN SPACEBOY,0.1752021563342318,0.09838274932614555,0.03638814016172507,0.2076923076923077,2.111064278187566,1.0,0.019151270333694178,1.1379635202679717,0.6381021544420238,0.1534090909090909,0.12123720823272395,0.28877766069546895
ROUND SNACK BOXES SET OF 4 FRUITS ,PLASTERS IN TIN WOODLAND ANIMALS + ROUND SNACK BOXES SET OF4 WOODLAND ,0.1752021563342318,0.07412398921832884,0.03638814016172507,0.2076923076923077,2.801958041958042,1.0,0.023401457414578507,1.1685813728312355,0.7797143548777536,0.17088607594936708,0.14426156085544733,0.34930069930069935
6 RIBBONS RUSTIC CHARM,SPACEBOY LUNCH BOX ,0.1105121293800539,0.09029649595687332,0.022911051212938006,0.20731707317073172,2.295959228248999,1.0,0.012932193169186507,1.1476259589467137,0.6345811051693404,0.12878787878787878,0.12863595302619693,0.2305242082271569
PLASTERS IN TIN SPACEBOY,PLASTERS IN TIN STRONGMAN + ROUND SNACK BOXES SET OF 4 FRUITS ,0.09838274932614555,0.03099730458221024,0.02021563342318059,0.2054794520547945,6.628945801072066,1.0,0.017166033376682818,1.2196068407844594,0.9418036870951669,0.1851851851851852,0.18006363480480883,0.42882668254913636
JUMBO BAG WOODLAND ANIMALS,PLASTERS IN TIN CIRCUS PARADE ,0.09838274932614555,0.12129380053908356,0.02021563342318059,0.2054794520547945,1.694063926940639,1.0,0.008282415849928436,1.105957802769774,0.45440956651718983,0.10135135135135134,0.09580637028321706,0.1860730593607306
JUMBO BAG WOODLAND ANIMALS,JUMBO BAG RED RETROSPOT + WOODLAND CHARLOTTE BAG,0.09838274932614555,0.0215633423180593,0.02021563342318059,0.2054794520547945,9.529109589041095,1.0,0.018094172521269096,1.231480620875546,0.9927254608868958,0.20270270270270271,0.18796935733423903,0.5714897260273972
JUMBO BAG WOODLAND ANIMALS,WOODLAND  STICKERS,0.09838274932614555,0.04851752021563342,0.02021563342318059,0.2054794520547945,4.235159817351598,1.0,0.01544234639387973,1.197555534901013,0.8472346786248132,0.15957446808510636,0.16496565640886332,0.3110730593607306
PLASTERS IN TIN SPACEBOY,STRAWBERRY LUNCH BOX WITH CUTLERY,0.09838274932614555,0.07681940700808626,0.02021563342318059,0.2054794520547945,2.6748377793799563,1.0,0.012657928960120891,1.1619341946277533,0.6944693572496262,0.13043478260869562,0.13936606339366062,0.23431867339581827
PLASTERS IN TIN SPACEBOY,WOODLAND PARTY BAG + STICKER SET,0.09838274932614555,0.09299191374663072,0.02021563342318059,0.2054794520547945,2.2096486003573554,1.0,0.011066833283687273,1.1415791430430335,0.6071748878923767,0.11811023622047243,0.12402043599503347,0.2114353782013103
REGENCY CAKESTAND 3 TIER,ROUND SNACK BOXES SET OF 4 FRUITS ,0.12533692722371967,0.1752021563342318,0.025606469002695417,0.20430107526881722,1.166087675765095,1.0,0.0036471690847930498,1.0365702629853573,0.16284161868461608,0.09313725490196079,0.03528006184552676,0.17522746071133166
RED TOADSTOOL LED NIGHT LIGHT,ROUND SNACK BOXES SET OF 4 FRUITS  + ROUND SNACK BOXES SET OF4 WOODLAND ,0.14016172506738545,0.14016172506738545,0.02830188679245283,0.20192307692307693,1.4406434911242605,1.0,0.008656577618587485,1.0773877179878544,0.3557247350350799,0.11229946524064172,0.0718290330359296,0.20192307692307693
RED TOADSTOOL LED NIGHT LIGHT,PLASTERS IN TIN CIRCUS PARADE ,0.14016172506738545,0.12129380053908356,0.02830188679245283,0.20192307692307693,1.6647435897435896,1.0,0.011301138468915513,1.1010294547462085,0.46439767129422305,0.12138728323699421,0.0917590844738084,0.21762820512820513
ROUND SNACK BOXES SET OF 4 FRUITS  + ROUND SNACK BOXES SET OF4 WOODLAND ,RED TOADSTOOL LED NIGHT LIGHT,0.14016172506738545,0.14016172506738545,0.02830188679245283,0.20192307692307693,1.4406434911242605,1.0,0.008656577618587485,1.0773877179878544,0.3557247350350799,0.11229946524064172,0.0718290330359296,0.20192307692307693
RED TOADSTOOL LED NIGHT LIGHT,BIG DOUGHNUT FRIDGE MAGNETS,0.14016172506738545,0.06199460916442048,0.02830188679245283,0.20192307692307693,3.2571070234113715,1.0,0.019612615427089315,1.1753320559867502,0.8059411852515302,0.16279069767441862,0.1491766136162688,0.32922240802675584
WOODLAND CHARLOTTE BAG,SPACEBOY LUNCH BOX ,0.1752021563342318,0.09029649595687332,0.03504043126684636,0.2,2.2149253731343284,1.0,0.01922029046577691,1.1371293800539084,0.6650326797385621,0.15204678362573099,0.1205925925925926,0.29402985074626864
WOODLAND CHARLOTTE BAG,PLASTERS IN TIN CIRCUS PARADE ,0.1752021563342318,0.12129380053908356,0.03504043126684636,0.2,1.6488888888888888,1.0,0.013789495862424714,1.0983827493261455,0.47712418300653603,0.13402061855670103,0.08957055214723927,0.24444444444444444
PLASTERS IN TIN CIRCUS PARADE ,RED  HARMONICA IN BOX ,0.12129380053908356,0.04582210242587601,0.02425876010781671,0.19999999999999998,4.364705882352941,1.0,0.01870082315589105,1.192722371967655,0.8773006134969324,0.169811320754717,0.1615819209039548,0.36470588235294116
PLASTERS IN TIN CIRCUS PARADE ,PLASTERS IN TIN SPACEBOY + ROUND SNACK BOXES SET OF4 WOODLAND ,0.12129380053908356,0.04851752021563342,0.02425876010781671,0.19999999999999998,4.122222222222222,1.0,0.018373885688130715,1.1893530997304582,0.861963190184049,0.16666666666666666,0.15920679886685551,0.35
PLASTERS IN TIN CIRCUS PARADE ,PLASTERS IN TIN WOODLAND ANIMALS + WOODLAND CHARLOTTE BAG,0.12129380053908356,0.0431266846361186,0.02425876010781671,0.19999999999999998,4.637499999999999,1.0,0.019027760623651382,1.1960916442048517,0.8926380368098159,0.17307692307692307,0.16394366197183097,0.38125
PLASTERS IN TIN CIRCUS PARADE ,RED TOADSTOOL LED NIGHT LIGHT + ROUND SNACK BOXES SET OF4 WOODLAND ,0.12129380053908356,0.0646900269541779,0.02425876010781671,0.19999999999999998,3.0916666666666663,1.0,0.01641226088156872,1.1691374663072776,0.7699386503067485,0.15,0.1446685878962536,0.2875
PLASTERS IN TIN CIRCUS PARADE ,PLASTERS IN TIN STRONGMAN + ROUND SNACK BOXES SET OF 4 FRUITS ,0.12129380053908356,0.03099730458221024,0.02425876010781671,0.19999999999999998,6.452173913043478,1.0,0.02049897922857288,1.2112533692722371,0.9616564417177913,0.18947368421052635,0.1744089012517385,0.49130434782608695
PLASTERS IN TIN CIRCUS PARADE ,PLASTERS IN TIN SPACEBOY + PLASTERS IN TIN STRONGMAN,0.12129380053908356,0.03099730458221024,0.02425876010781671,0.19999999999999998,6.452173913043478,1.0,0.02049897922857288,1.2112533692722371,0.9616564417177913,0.18947368421052635,0.1744089012517385,0.49130434782608695
6 RIBBONS RUSTIC CHARM,SAVE THE PLANET COTTON TOTE BAG,0.1105121293800539,0.0646900269541779,0.0215633423180593,0.1951219512195122,3.016260162601626,1.0,0.014414309689700018,1.162051784693294,0.7515151515151516,0.14035087719298245,0.1394531524565966,0.26422764227642276
PLASTERS IN TIN WOODLAND ANIMALS,PLASTERS IN TIN CIRCUS PARADE  + ROUND SNACK BOXES SET OF 4 FRUITS ,0.13881401617250674,0.05121293800539083,0.026954177897574125,0.1941747572815534,3.7915176290240167,1.0,0.019845104293052217,1.177410450427045,0.8549295774647887,0.1652892561983471,0.15067850838481905,0.36024527337761886
PLASTERS IN TIN WOODLAND ANIMALS,6 RIBBONS RUSTIC CHARM,0.13881401617250674,0.1105121293800539,0.026954177897574125,0.1941747572815534,1.7570447549135686,1.0,0.011613545382553166,1.1038222972753549,0.5003129890453835,0.12121212121212122,0.09405707561047368,0.21903859815297183
REGENCY CAKESTAND 3 TIER,BIG DOUGHNUT FRIDGE MAGNETS,0.12533692722371967,0.06199460916442048,0.02425876010781671,0.19354838709677422,3.122019635343619,1.0,0.016488546290712797,1.1631266846361188,0.7770929635336415,0.1487603305785124,0.1402484241750093,0.2924263674614306
ROUND SNACK BOXES SET OF4 WOODLAND ,WOODLAND PARTY BAG + STICKER SET,0.2722371967654987,0.09299191374663072,0.05256064690026954,0.19306930693069305,2.0761945759793368,1.0,0.027244788980027752,1.1240222909397581,0.7122507122507122,0.16810344827586207,0.11033792829505831,0.37914334911752046
ROUND SNACK BOXES SET OF4 WOODLAND ,SPACEBOY LUNCH BOX ,0.2722371967654987,0.09029649595687332,0.05256064690026954,0.19306930693069305,2.138170533471257,1.0,0.027978581963223163,1.1273626246424024,0.7314339981006647,0.1695652173913043,0.11297396406307293,0.3875794295847495
ROUND SNACK BOXES SET OF 4 FRUITS  + ROUND SNACK BOXES SET OF4 WOODLAND ,SPACEBOY LUNCH BOX ,0.14016172506738545,0.09029649595687332,0.026954177897574125,0.19230769230769232,2.1297359357060848,1.0,0.014298065256718565,1.1262995764343473,0.6169278996865203,0.1324503311258278,0.11213675213675214,0.24540757749712971
RED TOADSTOOL LED NIGHT LIGHT,ROUND SNACK BOXES SET OF4 WOODLAND  + WOODLAND CHARLOTTE BAG,0.14016172506738545,0.0876010781671159,0.026954177897574125,0.19230769230769232,2.1952662721893494,1.0,0.014675859663908284,1.1296367603645232,0.6332288401253918,0.1342281879194631,0.11475968639927282,0.25
WOODLAND CHARLOTTE BAG,6 RIBBONS RUSTIC CHARM,0.1752021563342318,0.1105121293800539,0.03369272237196765,0.1923076923076923,1.7401500938086303,1.0,0.014330759003494595,1.1012706969580284,0.5156862745098039,0.1336898395721925,0.09195804195804194,0.24859287054409004
ROUND SNACK BOXES SET OF 4 FRUITS ,LUNCH BAG WOODLAND,0.1752021563342318,0.0876010781671159,0.03369272237196765,0.1923076923076923,2.195266272189349,1.0,0.01834482457988535,1.1296367603645232,0.6601307189542484,0.14705882352941177,0.1147596863992728,0.28846153846153844
PLASTERS IN TIN CIRCUS PARADE ,CARD CIRCUS PARADE,0.12129380053908356,0.03908355795148248,0.022911051212938006,0.18888888888888888,4.832950191570881,1.0,0.018170457930413178,1.1846915038954327,0.902562251894623,0.16666666666666666,0.15589839488857718,0.3875478927203065
PLASTERS IN TIN CIRCUS PARADE ,PLASTERS IN TIN WOODLAND ANIMALS + ROUND SNACK BOXES SET OF 4 FRUITS  + ROUND SNACK BOXES SET OF4 WOODLAND ,0.12129380053908356,0.03638814016172507,0.022911051212938006,0.18888888888888888,5.190946502057613,1.0,0.018497395398173508,1.188014621718421,0.9188018765788524,0.17,0.15825951825951826,0.4092592592592592
PLASTERS IN TIN CIRCUS PARADE ,SPACEBOY LUNCH BOX ,0.12129380053908356,0.09029649595687332,0.022911051212938006,0.18888888888888888,2.0918739635157544,1.0,0.011958646042966847,1.1215522652586494,0.594009382894262,0.12142857142857143,0.10837860082304525,0.2213101160862355
PLASTERS IN TIN CIRCUS PARADE ,PLASTERS IN TIN SPACEBOY + ROUND SNACK BOXES SET OF 4 FRUITS ,0.12129380053908356,0.03638814016172507,0.022911051212938006,0.18888888888888888,5.190946502057613,1.0,0.018497395398173508,1.188014621718421,0.9188018765788524,0.17,0.15825951825951826,0.4092592592592592
ROUND SNACK BOXES SET OF 4 FRUITS ,LUNCH BOX WITH CUTLERY RETROSPOT  + ROUND SNACK BOXES SET OF4 WOODLAND ,0.1752021563342318,0.03638814016172507,0.03234501347708895,0.18461538461538463,5.073504273504273,1.0,0.025969732855762456,1.1817881299903372,0.9734477124183007,0.1804511278195489,0.15382463690156,0.5367521367521367
ROUND SNACK BOXES SET OF 4 FRUITS ,COFFEE MUG APPLES DESIGN,0.1752021563342318,0.0673854447439353,0.03234501347708895,0.18461538461538463,2.739692307692308,1.0,0.02053893825241026,1.1437725677668718,0.7698801742919391,0.15384615384615385,0.1257003112494442,0.3323076923076923
PLASTERS IN TIN WOODLAND ANIMALS,ROUND SNACK BOXES SET OF4 WOODLAND  + WOODLAND CHARLOTTE BAG,0.13881401617250674,0.0876010781671159,0.025606469002695417,0.1844660194174757,2.1057505601194917,1.0,0.013446211521276362,1.118774868437941,0.609752079729841,0.12751677852348992,0.10616512024780941,0.23838685586258399
PLASTERS IN TIN WOODLAND ANIMALS,PLASTERS IN TIN SPACEBOY + PLASTERS IN TIN STRONGMAN,0.13881401617250674,0.03099730458221024,0.025606469002695417,0.1844660194174757,5.951034191642043,1.0,0.021303608663116366,1.1881818765241945,0.9660653982373775,0.1775700934579439,0.15837800613041306,0.5052764879696074
PLASTERS IN TIN WOODLAND ANIMALS,WOODLAND DESIGN  COTTON TOTE BAG,0.13881401617250674,0.09433962264150944,0.025606469002695417,0.1844660194174757,1.9553398058252422,1.0,0.012510807099628742,1.1105121293800537,0.5673338275265628,0.12337662337662336,0.09951456310679607,0.22794729542302355
PLASTERS IN TIN WOODLAND ANIMALS,JUMBO BAG WOODLAND ANIMALS,0.13881401617250674,0.09838274932614555,0.025606469002695417,0.1844660194174757,1.8749833754488627,1.0,0.011949564446640172,1.1055544859453215,0.5418828762045961,0.12101910828025478,0.09547651182027948,0.2223699960101077
ROUND SNACK BOXES SET OF4 WOODLAND ,WOODLAND DESIGN  COTTON TOTE BAG,0.2722371967654987,0.09433962264150944,0.04986522911051213,0.18316831683168316,1.9415841584158413,1.0,0.024182474698672633,1.1087478559176671,0.6663663663663663,0.15744680851063828,0.09808168316831682,0.3558698727015559
6 RIBBONS RUSTIC CHARM,ROUND SNACK BOXES SET OF 4 FRUITS  + ROUND SNACK BOXES SET OF4 WOODLAND ,0.1105121293800539,0.14016172506738545,0.02021563342318059,0.18292682926829268,1.3051125703564728,1.0,0.004726062728402147,1.0523393812608117,0.26282828282828286,0.08771929824561403,0.04973621836531844,0.16357879924953095
6 RIBBONS RUSTIC CHARM,RED  HARMONICA IN BOX ,0.1105121293800539,0.04582210242587601,0.02021563342318059,0.18292682926829268,3.992109038737446,1.0,0.0151517353114261,1.167799814941465,0.8426262626262627,0.14851485148514848,0.14368885214275873,0.31205164992826395
ROUND SNACK BOXES SET OF 4 FRUITS  + ROUND SNACK BOXES SET OF4 WOODLAND ,GUMBALL COAT RACK,0.14016172506738545,0.08355795148247978,0.025606469002695417,0.18269230769230768,2.1864143920595533,1.0,0.013894842379814153,1.1212938005390836,0.6310839795413298,0.12925170068027209,0.10817307692307691,0.24457196029776673
ROUND SNACK BOXES SET OF 4 FRUITS  + ROUND SNACK BOXES SET OF4 WOODLAND ,PLASTERS IN TIN SPACEBOY,0.14016172506738545,0.09838274932614555,0.025606469002695417,0.18269230769230768,1.8569546891464699,1.0,0.011816973140270704,1.1031552243538925,0.5367101138426003,0.12025316455696203,0.09350925606530987,0.22148314014752368
ROUND SNACK BOXES SET OF 4 FRUITS  + ROUND SNACK BOXES SET OF4 WOODLAND ,LUNCH BAG WOODLAND,0.14016172506738545,0.0876010781671159,0.025606469002695417,0.18269230769230768,2.0855029585798817,1.0,0.013328150769029575,1.1163469161249406,0.6053456525325853,0.12666666666666665,0.10422111123735939,0.2375
ROUND SNACK BOXES SET OF4 WOODLAND ,PLASTERS IN TIN SPACEBOY,0.2722371967654987,0.09838274932614555,0.04851752021563342,0.1782178217821782,1.811474298114743,1.0,0.021734076329000804,1.0971487026272204,0.6155349794238683,0.1506276150627615,0.08854652281371635,0.33568425335684254
PLASTERS IN TIN CIRCUS PARADE ,WOODLAND DESIGN  COTTON TOTE BAG,0.12129380053908356,0.09433962264150944,0.0215633423180593,0.17777777777777778,1.8844444444444444,1.0,0.010120530946447643,1.101478837327894,0.5341257668711656,0.11111111111111112,0.09212962962962963,0.20317460317460317
PLASTERS IN TIN CIRCUS PARADE ,PLASTERS IN TIN WOODLAND ANIMALS + RED TOADSTOOL LED NIGHT LIGHT,0.12129380053908356,0.03369272237196765,0.0215633423180593,0.17777777777777778,5.276444444444445,1.0,0.017476623971055136,1.1752385808989583,0.9223542944785275,0.16161616161616163,0.14910894157756083,0.40888888888888897
PLASTERS IN TIN CIRCUS PARADE ,STRAWBERRY LUNCH BOX WITH CUTLERY,0.12129380053908356,0.07681940700808626,0.0215633423180593,0.17777777777777778,2.314230019493177,1.0,0.012245624486889808,1.122787207692868,0.6462806748466257,0.12213740458015267,0.10935928629359287,0.22923976608187135
PLASTERS IN TIN CIRCUS PARADE ,CHILDS BREAKFAST SET CIRCUS PARADE,0.12129380053908356,0.05121293800539083,0.0215633423180593,0.17777777777777778,3.4713450292397665,1.0,0.015351530430612973,1.1539302105339841,0.8101993865030674,0.14285714285714285,0.13339646464646465,0.2994152046783626
ROUND SNACK BOXES SET OF 4 FRUITS ,PLASTERS IN TIN STRONGMAN,0.1752021563342318,0.07277628032345014,0.03099730458221024,0.1769230769230769,2.4310541310541307,1.0,0.018246743339557253,1.1265334911958083,0.7136970730321115,0.14285714285714285,0.11232110912343468,0.3014245014245014
WOODLAND CHARLOTTE BAG,SAVE THE PLANET COTTON TOTE BAG,0.1752021563342318,0.0646900269541779,0.03099730458221024,0.1769230769230769,2.734935897435897,1.0,0.019663472366518695,1.1363579111771671,0.7691105427678318,0.1483870967741935,0.1199955663932609,0.32804487179487174
ROUND SNACK BOXES SET OF 4 FRUITS ,SPACEBOY LUNCH BOX ,0.1752021563342318,0.09029649595687332,0.03099730458221024,0.1769230769230769,1.9593570608495978,1.0,0.015177163781140791,1.1052472479028643,0.5936345552713839,0.132183908045977,0.09522507122507119,0.26010332950631454
PLASTERS IN TIN WOODLAND ANIMALS,SPACEBOY LUNCH BOX ,0.13881401617250674,0.09029649595687332,0.02425876010781671,0.17475728155339804,1.935371685263005,1.0,0.011724340857738607,1.1023465990169652,0.5612067466527559,0.11842105263157895,0.09284430061129087,0.22170699898565424
PLASTERS IN TIN WOODLAND ANIMALS,WOODLAND PARTY BAG + STICKER SET,0.13881401617250674,0.09299191374663072,0.02425876010781671,0.17475728155339804,1.8792739552553819,1.0,0.011350179089079562,1.0990803868717296,0.5432968179447053,0.1168831168831169,0.09014844414951166,0.21781342338539467
PLASTERS IN TIN WOODLAND ANIMALS,PLASTERS IN TIN CIRCUS PARADE  + WOODLAND CHARLOTTE BAG,0.13881401617250674,0.03504043126684636,0.02425876010781671,0.17475728155339804,4.987303958177744,1.0,0.01939465711524909,1.169303947994292,0.928360285167797,0.16216216216216217,0.14479036719639854,0.43353248693054514
PLASTERS IN TIN WOODLAND ANIMALS,RED TOADSTOOL LED NIGHT LIGHT + ROUND SNACK BOXES SET OF4 WOODLAND ,0.13881401617250674,0.0646900269541779,0.02425876010781671,0.17475728155339804,2.7014563106796112,1.0,0.015278877659999563,1.133375614396702,0.7313510693792384,0.13533834586466167,0.11767997537841692,0.274878640776699
ROUND SNACK BOXES SET OF4 WOODLAND ,ROUND SNACK BOXES SET OF 4 FRUITS  + WOODLAND CHARLOTTE BAG,0.2722371967654987,0.05660377358490566,0.04716981132075472,0.17326732673267325,3.061056105610561,1.0,0.03176015867365102,1.1411139984182577,0.9251851851851851,0.16746411483253587,0.12366336633663365,0.5033003300330033
RED TOADSTOOL LED NIGHT LIGHT,PLASTERS IN TIN WOODLAND ANIMALS + ROUND SNACK BOXES SET OF4 WOODLAND ,0.14016172506738545,0.07412398921832884,0.02425876010781671,0.17307692307692307,2.334965034965035,1.0,0.013869413910099462,1.1196640130383,0.6649251132009754,0.1276595744680851,0.10687493001903482,0.25017482517482514
RED TOADSTOOL LED NIGHT LIGHT,STRAWBERRY LUNCH BOX WITH CUTLERY,0.14016172506738545,0.07681940700808626,0.02425876010781671,0.17307692307692307,2.2530364372469633,1.0,0.013491619502909741,1.1164044380367328,0.6468129571577846,0.12587412587412586,0.1042672655811342,0.2444331983805668
RED TOADSTOOL LED NIGHT LIGHT,PLASTERS IN TIN CIRCUS PARADE  + ROUND SNACK BOXES SET OF4 WOODLAND ,0.14016172506738545,0.06334231805929919,0.02425876010781671,0.17307692307692307,2.73240589198036,1.0,0.015380591538858335,1.1327023130445686,0.7373737373737375,0.13533834586466167,0.11715550636413945,0.2780278232405892
REGENCY CAKESTAND 3 TIER,STRAWBERRY CERAMIC TRINKET BOX,0.12533692722371967,0.06873315363881402,0.0215633423180593,0.17204301075268819,2.503057136833228,1.0,0.012948540042574525,1.1247768404102636,0.6865369799691834,0.125,0.11093475250143942,0.2428842504743833
REGENCY CAKESTAND 3 TIER,PLASTERS IN TIN WOODLAND ANIMALS,0.12533692722371967,0.13881401617250674,0.0215633423180593,0.17204301075268819,1.2393778056164526,1.0,0.004164820075413578,1.0401337207267127,0.22082049306625587,0.08888888888888889,0.03858515489592274,0.16369140828896545
ROUND SNACK BOXES SET OF 4 FRUITS ,GUMBALL COAT RACK,0.1752021563342318,0.08355795148247978,0.029649595687331536,0.16923076923076924,2.0253101736972705,1.0,0.015010062408729957,1.1031246880303485,0.613784907902555,0.12941176470588234,0.09348416289592762,0.2620347394540943
PLASTERS IN TIN CIRCUS PARADE ,PLASTERS IN TIN STRONGMAN + PLASTERS IN TIN WOODLAND ANIMALS + ROUND SNACK BOXES SET OF4 WOODLAND ,0.12129380053908356,0.022911051212938006,0.02021563342318059,0.16666666666666666,7.2745098039215685,1.0,0.01743666494721776,1.1725067385444743,0.9815950920245399,0.1630434782608695,0.14712643678160917,0.5245098039215687
PLASTERS IN TIN CIRCUS PARADE ,JUMBO BAG WOODLAND ANIMALS,0.12129380053908356,0.09838274932614555,0.02021563342318059,0.16666666666666666,1.6940639269406392,1.0,0.008282415849928436,1.0819407008086253,0.46625766871165647,0.10135135135135134,0.07573492775286497,0.1860730593607306
PLASTERS IN TIN CIRCUS PARADE ,ROUND SNACK BOXES SET OF4 WOODLAND  + WOODLAND CHARLOTTE BAG,0.12129380053908356,0.0876010781671159,0.02021563342318059,0.16666666666666666,1.9025641025641025,1.0,0.009590165720969768,1.094878706199461,0.5398773006134969,0.10714285714285712,0.08665681930083702,0.1987179487179487
PLASTERS IN TIN WOODLAND ANIMALS,PLASTERS IN TIN STRONGMAN + ROUND SNACK BOXES SET OF4 WOODLAND ,0.13881401617250674,0.03638814016172507,0.022911051212938006,0.1650485436893204,4.5357784969435455,1.0,0.01785986733604086,1.1540932739923526,0.9051827303691431,0.1504424778761062,0.13351890827618984,0.397339086659475
PLASTERS IN TIN WOODLAND ANIMALS,PLASTERS IN TIN CIRCUS PARADE  + ROUND SNACK BOXES SET OF 4 FRUITS  + ROUND SNACK BOXES SET OF4 WOODLAND ,0.13881401617250674,0.04177897574123989,0.022911051212938006,0.1650485436893204,3.950516755402443,1.0,0.017111543798722765,1.147636808123864,0.8672558225168002,0.1452991452991453,0.1286441904605847,0.356717820231757
PLASTERS IN TIN WOODLAND ANIMALS,PLASTERS IN TIN SPACEBOY + ROUND SNACK BOXES SET OF 4 FRUITS ,0.13881401617250674,0.03638814016172507,0.022911051212938006,0.1650485436893204,4.5357784969435455,1.0,0.01785986733604086,1.1540932739923526,0.9051827303691431,0.1504424778761062,0.13351890827618984,0.397339086659475
RED TOADSTOOL LED NIGHT LIGHT,PACK OF 60 MUSHROOM CAKE CASES,0.14016172506738545,0.0646900269541779,0.022911051212938006,0.16346153846153846,2.5268429487179485,1.0,0.013843985440384768,1.1180716919168447,0.7027475567029319,0.1259259259259259,0.10560297051651518,0.25881410256410253
RED TOADSTOOL LED NIGHT LIGHT,JUMBO BAG WOODLAND ANIMALS,0.14016172506738545,0.09838274932614555,0.022911051212938006,0.16346153846153846,1.6614857744994733,1.0,0.009121555350513294,1.0777953341388604,0.46302784436658684,0.10625000000000001,0.072180062090376,0.1981691253951528
ROUND SNACK BOXES SET OF 4 FRUITS  + ROUND SNACK BOXES SET OF4 WOODLAND ,PLASTERS IN TIN CIRCUS PARADE  + PLASTERS IN TIN WOODLAND ANIMALS,0.14016172506738545,0.07008086253369272,0.022911051212938006,0.16346153846153846,2.3324704142011834,1.0,0.013088396626005333,1.1116274746723673,0.6643924027291167,0.1223021582733813,0.1004180602006689,0.2451923076923077
ROUND SNACK BOXES SET OF 4 FRUITS  + ROUND SNACK BOXES SET OF4 WOODLAND ,COFFEE MUG APPLES DESIGN,0.14016172506738545,0.0673854447439353,0.022911051212938006,0.16346153846153846,2.425769230769231,1.0,0.013466191033195051,1.1148495832946062,0.6835699797160244,0.12408759124087591,0.10301800800355713,0.25173076923076926
ROUND SNACK BOXES SET OF 4 FRUITS  + ROUND SNACK BOXES SET OF4 WOODLAND ,WOODLAND PARTY BAG + STICKER SET,0.14016172506738545,0.09299191374663072,0.022911051212938006,0.16346153846153846,1.7578037904124861,1.0,0.009877144164892729,1.0842395513833378,0.501382998340402,0.10897435897435898,0.07769459366784776,0.2049191750278707
ROUND SNACK BOXES SET OF 4 FRUITS ,RED TOADSTOOL LED NIGHT LIGHT + ROUND SNACK BOXES SET OF4 WOODLAND ,0.1752021563342318,0.0646900269541779,0.02830188679245283,0.16153846153846155,2.4971153846153844,1.0,0.016968054576761284,1.1155073073023567,0.726890756302521,0.1337579617834395,0.1035468853912658,0.29951923076923076
WOODLAND CHARLOTTE BAG,REGENCY CAKESTAND 3 TIER,0.1752021563342318,0.12533692722371967,0.02830188679245283,0.16153846153846155,1.2888337468982631,1.0,0.006342586874550464,1.0431761418432701,0.2717086834733895,0.10396039603960397,0.04138911935522107,0.19367245657568238
ROUND SNACK BOXES SET OF 4 FRUITS ,WOODLAND PARTY BAG + STICKER SET,0.1752021563342318,0.09299191374663072,0.02830188679245283,0.16153846153846155,1.7371237458193982,1.0,0.012009502982396236,1.0817527634214497,0.5144724556489263,0.11797752808988764,0.07557435135444052,0.23294314381270903
REGENCY CAKESTAND 3 TIER,PLASTERS IN TIN STRONGMAN,0.12533692722371967,0.07277628032345014,0.02021563342318059,0.16129032258064516,2.216248506571087,1.0,0.0110940780726673,1.1055359734605017,0.6274268104776579,0.11363636363636362,0.09546136534133533,0.21953405017921146
REGENCY CAKESTAND 3 TIER,ALARM CLOCK BAKELIKE PINK,0.12533692722371967,0.04986522911051213,0.02021563342318059,0.16129032258064516,3.234524847428073,1.0,0.013965678831162225,1.1328529960605431,0.7898305084745763,0.13043478260869562,0.11727293525509036,0.28334786399302525
ROUND SNACK BOXES SET OF4 WOODLAND ,LUNCH BAG WOODLAND,0.2722371967654987,0.0876010781671159,0.0431266846361186,0.15841584158415842,1.8083777608530085,1.0,0.019278412682267636,1.084144601236721,0.614236111111111,0.13617021276595745,0.0776138175117364,0.3253617669459254
ROUND SNACK BOXES SET OF4 WOODLAND ,GUMBALL COAT RACK,0.2722371967654987,0.08355795148247978,0.0431266846361186,0.15841584158415842,1.8958799105717024,1.0,0.02037910215706076,1.0889487870619947,0.6493055555555555,0.13793103448275862,0.08168316831683169,0.3372724369211115
PLASTERS IN TIN WOODLAND ANIMALS,REGENCY CAKESTAND 3 TIER,0.13881401617250674,0.12533692722371967,0.0215633423180593,0.15533980582524273,1.2393778056164528,1.0,0.004164820075413578,1.0355206493788147,0.22427621283255095,0.08888888888888889,0.034302212515146556,0.16369140828896545
PLASTERS IN TIN WOODLAND ANIMALS,STRAWBERRY LUNCH BOX WITH CUTLERY,0.13881401617250674,0.07681940700808626,0.0215633423180593,0.15533980582524273,2.022142735479475,1.0,0.010899731911276436,1.0929609319329554,0.586952269170579,0.11111111111111112,0.08505421302529942,0.21802078010560383
PLASTERS IN TIN WOODLAND ANIMALS,SAVE THE PLANET COTTON TOTE BAG,0.13881401617250674,0.0646900269541779,0.0215633423180593,0.15533980582524273,2.401294498381877,1.0,0.012583459870242153,1.1073210025714906,0.6776212832550861,0.11851851851851852,0.0969195042108503,0.244336569579288
PLASTERS IN TIN WOODLAND ANIMALS,PLASTERS IN TIN CIRCUS PARADE  + RED TOADSTOOL LED NIGHT LIGHT,0.13881401617250674,0.02830188679245283,0.0215633423180593,0.15533980582524273,5.488673139158577,1.0,0.017634643747139297,1.150401214487096,0.9496283255086072,0.14814814814814817,0.13073805259685176,0.45862228386500237
ROUND SNACK BOXES SET OF 4 FRUITS ,ROUND SNACK BOXES SET OF4 WOODLAND  + SPACEBOY LUNCH BOX ,0.1752021563342318,0.05256064690026954,0.026954177897574125,0.15384615384615385,2.9270216962524658,1.0,0.017745439222324744,1.1197010536633178,0.7982026143790849,0.1342281879194631,0.10690447532552796,0.33333333333333337
ROUND SNACK BOXES SET OF 4 FRUITS  + ROUND SNACK BOXES SET OF4 WOODLAND ,STRAWBERRY LUNCH BOX WITH CUTLERY,0.14016172506738545,0.07681940700808626,0.0215633423180593,0.15384615384615385,2.002699055330634,1.0,0.01079620171315233,1.0910316098995343,0.5822884012539183,0.1103448275862069,0.08343627175743965,0.21727395411605938
WOODLAND CHARLOTTE BAG,RED TOADSTOOL LED NIGHT LIGHT + ROUND SNACK BOXES SET OF4 WOODLAND ,0.1752021563342318,0.0646900269541779,0.026954177897574125,0.15384615384615385,2.378205128205128,1.0,0.015620345681882579,1.1053663317814262,0.7026143790849673,0.12658227848101267,0.09532254489026824,0.28525641025641024
ROUND SNACK BOXES SET OF 4 FRUITS ,6 RIBBONS RUSTIC CHARM,0.1752021563342318,0.1105121293800539,0.026954177897574125,0.15384615384615385,1.3921200750469045,1.0,0.007592214529101068,1.0512129380053907,0.3415032679738563,0.10416666666666669,0.04871794871794873,0.19887429643527205
RED TOADSTOOL LED NIGHT LIGHT,PLASTERS IN TIN CIRCUS PARADE  + PLASTERS IN TIN WOODLAND ANIMALS,0.14016172506738545,0.07008086253369272,0.0215633423180593,0.15384615384615385,2.1952662721893494,1.0,0.011740687731126628,1.098995344278363,0.6332288401253918,0.11428571428571428,0.09007803790412487,0.23076923076923078
RED TOADSTOOL LED NIGHT LIGHT,SAVE THE PLANET COTTON TOTE BAG,0.14016172506738545,0.0646900269541779,0.0215633423180593,0.15384615384615385,2.378205128205128,1.0,0.012496276545506063,1.1053663317814262,0.6739811912225704,0.1176470588235294,0.09532254489026824,0.24358974358974358
ROUND SNACK BOXES SET OF 4 FRUITS ,STRAWBERRY LUNCH BOX WITH CUTLERY,0.1752021563342318,0.07681940700808626,0.026954177897574125,0.15384615384615385,2.002699055330634,1.0,0.013495252141440414,1.0910316098995343,0.6070261437908496,0.11976047904191617,0.08343627175743965,0.252361673414305
WOODLAND CHARLOTTE BAG,FAWN BLUE HOT WATER BOTTLE,0.1752021563342318,0.07008086253369272,0.026954177897574125,0.15384615384615385,2.1952662721893494,1.0,0.014675859663908284,1.098995344278363,0.6601307189542484,0.1234567901234568,0.09007803790412487,0.2692307692307693
ROUND SNACK BOXES SET OF 4 FRUITS  + ROUND SNACK BOXES SET OF4 WOODLAND ,JUMBO BAG WOODLAND ANIMALS,0.14016172506738545,0.09838274932614555,0.0215633423180593,0.15384615384615385,1.563751317175975,1.0,0.007773846455634588,1.0655476598872826,0.41927899686520387,0.09937888198757765,0.06151546510290906,0.18651211801896733
ROUND SNACK BOXES SET OF 4 FRUITS ,PLASTERS IN TIN CIRCUS PARADE  + PLASTERS IN TIN WOODLAND ANIMALS,0.1752021563342318,0.07008086253369272,0.026954177897574125,0.15384615384615385,2.1952662721893494,1.0,0.014675859663908284,1.098995344278363,0.6601307189542484,0.1234567901234568,0.09007803790412487,0.2692307692307693
ROUND SNACK BOXES SET OF4 WOODLAND ,SAVE THE PLANET COTTON TOTE BAG,0.2722371967654987,0.0646900269541779,0.04177897574123989,0.15346534653465344,2.3723184818481844,1.0,0.02416794414454995,1.1048690909664096,0.7948626045400238,0.1415525114155251,0.09491539932091188,0.3996493399339933
ROUND SNACK BOXES SET OF4 WOODLAND ,PLASTERS IN TIN CIRCUS PARADE  + ROUND SNACK BOXES SET OF 4 FRUITS ,0.2722371967654987,0.05121293800539083,0.04177897574123989,0.15346534653465344,2.996612819176654,1.0,0.02783690906052702,1.1207893948708247,0.9155316606929509,0.14832535885167464,0.10777171467146711,0.484627410109432
ROUND SNACK BOXES SET OF4 WOODLAND ,JUMBO BAG WOODLAND ANIMALS,0.2722371967654987,0.09838274932614555,0.04043126684636118,0.14851485148514848,1.509561915095619,1.0,0.013647822959728564,1.0588760734658056,0.463827160493827,0.12244897959183672,0.05560242122866992,0.2797368777973688
ROUND SNACK BOXES SET OF4 WOODLAND ,REGENCY CAKESTAND 3 TIER,0.2722371967654987,0.12533692722371967,0.04043126684636118,0.14851485148514848,1.1849249441073137,1.0,0.006309893127774427,1.0272205854698175,0.2144444444444444,0.11320754716981131,0.026499260095501045,0.2355477483232194
ROUND SNACK BOXES SET OF 4 FRUITS ,REGENCY CAKESTAND 3 TIER,0.1752021563342318,0.12533692722371967,0.025606469002695417,0.14615384615384613,1.166087675765095,1.0,0.0036471690847930498,1.0243801753235715,0.17268661850705203,0.09313725490196079,0.023799928884674634,0.17522746071133166
WOODLAND CHARLOTTE BAG,RED SPOTTY CHARLOTTE BAG,0.1752021563342318,0.03908355795148248,0.025606469002695417,0.14615384615384613,3.7395225464190975,1.0,0.018758945372381774,1.125397634831597,0.8882008943928449,0.1357142857142857,0.11142518070989317,0.40066312997347475
ROUND SNACK BOXES SET OF 4 FRUITS ,CHILDS BREAKFAST SET CIRCUS PARADE,0.1752021563342318,0.05121293800539083,0.025606469002695417,0.14615384615384613,2.8538461538461535,1.0,0.016633851831939613,1.111192054588281,0.7875816993464053,0.12751677852348992,0.10006555944055942,0.32307692307692304
WOODLAND CHARLOTTE BAG,BIG DOUGHNUT FRIDGE MAGNETS,0.1752021563342318,0.06199460916442048,0.025606469002695417,0.14615384615384613,2.35752508361204,1.0,0.014744879795991019,1.0985648721497778,0.6981424148606811,0.12101910828025478,0.08972148541114056,0.27959866220735785
ROUND SNACK BOXES SET OF 4 FRUITS ,LUNCH BAG WOODLAND + ROUND SNACK BOXES SET OF4 WOODLAND ,0.1752021563342318,0.0431266846361186,0.025606469002695417,0.14615384615384613,3.388942307692307,1.0,0.01805058085890105,1.1206624414171584,0.8546611627106983,0.13286713286713286,0.10767063921993497,0.36995192307692304
ROUND SNACK BOXES SET OF 4 FRUITS ,GUMBALL COAT RACK + ROUND SNACK BOXES SET OF4 WOODLAND ,0.1752021563342318,0.0431266846361186,0.025606469002695417,0.14615384615384613,3.388942307692307,1.0,0.01805058085890105,1.1206624414171584,0.8546611627106983,0.13286713286713286,0.10767063921993497,0.36995192307692304
ROUND SNACK BOXES SET OF 4 FRUITS ,JUMBO BAG WOODLAND ANIMALS,0.1752021563342318,0.09838274932614555,0.025606469002695417,0.14615384615384613,1.4855637513171758,1.0,0.008369599174664524,1.0559481314198294,0.3962848297213622,0.10326086956521739,0.052983787512935476,0.20321390937829292
WOODLAND CHARLOTTE BAG,PLASTERS IN TIN WOODLAND ANIMALS + ROUND SNACK BOXES SET OF4 WOODLAND ,0.1752021563342318,0.07412398921832884,0.025606469002695417,0.14615384615384613,1.9717482517482514,1.0,0.012619786255548854,1.0843592919064615,0.5975232198142415,0.1144578313253012,0.07779643936849175,0.2458041958041958
ROUND SNACK BOXES SET OF 4 FRUITS ,PLASTERS IN TIN SPACEBOY + ROUND SNACK BOXES SET OF4 WOODLAND ,0.1752021563342318,0.04851752021563342,0.025606469002695417,0.14615384615384613,3.012393162393162,1.0,0.017106094840926758,1.1143488501979069,0.8099415204678363,0.12925170068027209,0.10261494879058616,0.336965811965812
WOODLAND CHARLOTTE BAG,MEMO BOARD COTTAGE DESIGN,0.1752021563342318,0.07681940700808626,0.025606469002695417,0.14615384615384613,1.9025641025641022,1.0,0.012147543246561705,1.0812024962968358,0.5751633986928104,0.11309523809523808,0.07510387422796179,0.23974358974358972
PLASTERS IN TIN WOODLAND ANIMALS,ROUND SNACK BOXES SET OF 4 FRUITS  + WOODLAND CHARLOTTE BAG,0.13881401617250674,0.05660377358490566,0.02021563342318059,0.14563106796116504,2.5728155339805823,1.0,0.012358236281340586,1.1042024013722127,0.7098591549295773,0.11538461538461536,0.09436893203883494,0.2513869625520111
PLASTERS IN TIN WOODLAND ANIMALS,RED  HARMONICA IN BOX ,0.13881401617250674,0.04582210242587601,0.02021563342318059,0.14563106796116504,3.17818389491719,1.0,0.013854883355976778,1.116821857387895,0.7958268127282211,0.12295081967213113,0.10460205145082552,0.29340376927470013
PLASTERS IN TIN WOODLAND ANIMALS,PLASTERS IN TIN CIRCUS PARADE  + PLASTERS IN TIN STRONGMAN + ROUND SNACK BOXES SET OF4 WOODLAND ,0.13881401617250674,0.02830188679245283,0.02021563342318059,0.14563106796116504,5.1456310679611645,1.0,0.016286934852260588,1.137328473413379,0.9355242566510171,0.13761467889908255,0.12074653596003393,0.4299583911234396
PLASTERS IN TIN WOODLAND ANIMALS,PLASTERS IN TIN STRONGMAN + ROUND SNACK BOXES SET OF 4 FRUITS ,0.13881401617250674,0.03099730458221024,0.02021563342318059,0.14563106796116504,4.698184888138455,1.0,0.01591277308360154,1.1341736094094583,0.9140323422013562,0.13513513513513511,0.11830076832709939,0.3989024905023216
ROUND SNACK BOXES SET OF 4 FRUITS  + ROUND SNACK BOXES SET OF4 WOODLAND ,WOODLAND DESIGN  COTTON TOTE BAG,0.14016172506738545,0.09433962264150944,0.02021563342318059,0.14423076923076922,1.5288461538461535,1.0,0.0069928291715404545,1.0582997668009326,0.4022988505747126,0.09433962264150941,0.055088141025641,0.17925824175824173
ROUND SNACK BOXES SET OF 4 FRUITS  + ROUND SNACK BOXES SET OF4 WOODLAND ,CHILDS BREAKFAST SET CIRCUS PARADE,0.14016172506738545,0.05121293800539083,0.02021563342318059,0.14423076923076922,2.8162955465587043,1.0,0.013037539686575946,1.1086949937914534,0.7500522466039707,0.11811023622047243,0.09803868006993005,0.2694838056680162
RED TOADSTOOL LED NIGHT LIGHT,ROUND SNACK BOXES SET OF4 WOODLAND  + WOODLAND DESIGN  COTTON TOTE BAG,0.14016172506738545,0.04986522911051213,0.02021563342318059,0.14423076923076922,2.892411642411642,1.0,0.013226436890170805,1.110269844634907,0.7609195402298851,0.11904761904761903,0.09931805782869611,0.2748180873180873
RED TOADSTOOL LED NIGHT LIGHT,WOODLAND PARTY BAG + STICKER SET,0.14016172506738545,0.09299191374663072,0.02021563342318059,0.14423076923076922,1.5510033444816052,1.0,0.0071817263751353146,1.0598746176443865,0.413166144200627,0.09493670886075947,0.056492170533775275,0.18081103678929766
ROUND SNACK BOXES SET OF 4 FRUITS  + ROUND SNACK BOXES SET OF4 WOODLAND ,6 RIBBONS RUSTIC CHARM,0.14016172506738545,0.1105121293800539,0.02021563342318059,0.14423076923076922,1.3051125703564728,1.0,0.004726062728402147,1.0394015566794874,0.27189132706374086,0.08771929824561403,0.0379079254079254,0.16357879924953095
ROUND SNACK BOXES SET OF 4 FRUITS  + ROUND SNACK BOXES SET OF4 WOODLAND ,PLASTERS IN TIN STRONGMAN,0.14016172506738545,0.07277628032345014,0.02021563342318059,0.14423076923076922,1.9818376068376065,1.0,0.0100151844290582,1.083497380296193,0.5761755485893417,0.10489510489510488,0.07706283542039355,0.21100427350427348
RED TOADSTOOL LED NIGHT LIGHT,LUNCH BAG WOODLAND,0.14016172506738545,0.0876010781671159,0.02021563342318059,0.14423076923076922,1.6464497041420116,1.0,0.00793731518951475,1.0661740210182016,0.45663531870428414,0.0974025974025974,0.0620668105897057,0.1875
ROUND SNACK BOXES SET OF4 WOODLAND ,6 RIBBONS RUSTIC CHARM,0.2722371967654987,0.1105121293800539,0.03773584905660377,0.1386138613861386,1.254286404250181,1.0,0.00765033674559179,1.0326238498001672,0.27857142857142847,0.10937499999999999,0.03159315931593158,0.24003863801014247
ROUND SNACK BOXES SET OF4 WOODLAND ,PLASTERS IN TIN CIRCUS PARADE  + PLASTERS IN TIN WOODLAND ANIMALS,0.2722371967654987,0.07008086253369272,0.03773584905660377,0.1386138613861386,1.9779131759329778,1.0,0.018657231493523004,1.0795612975183568,0.6793650793650793,0.1238938053097345,0.07369780456306499,0.33853769992383853
ROUND SNACK BOXES SET OF 4 FRUITS ,PLASTERS IN TIN CIRCUS PARADE  + PLASTERS IN TIN STRONGMAN,0.1752021563342318,0.05256064690026954,0.02425876010781671,0.13846153846153847,2.6343195266272192,1.0,0.015050021432567331,1.0997063919907586,0.7521786492374728,0.11920529801324503,0.0906663748769012,0.3
WOODLAND CHARLOTTE BAG,PLASTERS IN TIN CIRCUS PARADE  + PLASTERS IN TIN WOODLAND ANIMALS,0.1752021563342318,0.07008086253369272,0.02425876010781671,0.13846153846153847,1.9757396449704143,1.0,0.01198044187415087,1.0793704274162494,0.5987654320987654,0.10975609756097561,0.07353400222965441,0.2423076923076923
ROUND SNACK BOXES SET OF4 WOODLAND ,PLASTERS IN TIN STRONGMAN,0.2722371967654987,0.07277628032345014,0.03638814016172507,0.13366336633663367,1.8366336633663365,1.0,0.016575729615448884,1.0702810935695033,0.6259259259259258,0.11790393013100438,0.0656660142758462,0.31683168316831684
ROUND SNACK BOXES SET OF4 WOODLAND ,LUNCH BOX WITH CUTLERY RETROSPOT ,0.2722371967654987,0.06873315363881402,0.03638814016172507,0.13366336633663367,1.9446709376820035,1.0,0.017676419090242007,1.074948016942626,0.6674897119341563,0.11946902654867259,0.06972245705033601,0.331537565521258
ROUND SNACK BOXES SET OF4 WOODLAND ,PLASTERS IN TIN WOODLAND ANIMALS + ROUND SNACK BOXES SET OF 4 FRUITS ,0.2722371967654987,0.0444743935309973,0.03638814016172507,0.13366336633663367,3.005400540054006,1.0,0.024280555939000734,1.1029495571813632,0.916872427983539,0.12980769230769232,0.09334022259771817,0.47592259225922595
WOODLAND CHARLOTTE BAG,LUNCH BAG WOODLAND + ROUND SNACK BOXES SET OF4 WOODLAND ,0.1752021563342318,0.0431266846361186,0.022911051212938006,0.13076923076923078,3.0322115384615387,1.0,0.015355163069143642,1.1008277079407485,0.812572087658593,0.11724137931034484,0.09159263271939329,0.3310096153846154
WOODLAND CHARLOTTE BAG,CHARLOTTE BAG SUKI DESIGN + ROUND SNACK BOXES SET OF4 WOODLAND ,0.1752021563342318,0.025606469002695417,0.022911051212938006,0.13076923076923078,5.106882591093118,1.0,0.018424742627560102,1.1209837082269876,0.9750096116878125,0.12878787878787878,0.10792637514629216,0.512753036437247
ROUND SNACK BOXES SET OF 4 FRUITS ,ROUND SNACK BOXES SET OF4 WOODLAND  + WOODLAND PARTY BAG + STICKER SET,0.1752021563342318,0.05256064690026954,0.022911051212938006,0.13076923076923078,2.487968441814596,1.0,0.013702312537688626,1.089974477017389,0.7251057285659364,0.1118421052631579,0.08254732465258782,0.2833333333333333
ROUND SNACK BOXES SET OF 4 FRUITS ,PLASTERS IN TIN CIRCUS PARADE  + PLASTERS IN TIN SPACEBOY,0.1752021563342318,0.04716981132075472,0.022911051212938006,0.13076923076923078,2.772307692307692,1.0,0.01464679855566292,1.0961763232593087,0.7750865051903115,0.11486486486486489,0.08773800456968774,0.30824175824175826
ROUND SNACK BOXES SET OF 4 FRUITS ,RED  HARMONICA IN BOX ,0.1752021563342318,0.04582210242587601,0.022911051212938006,0.13076923076923078,2.853846153846154,1.0,0.014882920060156494,1.0977267848197887,0.7875816993464053,0.11564625850340138,0.08902651021295091,0.3153846153846154
ROUND SNACK BOXES SET OF 4 FRUITS ,WOODLAND DESIGN  COTTON TOTE BAG,0.1752021563342318,0.09433962264150944,0.022911051212938006,0.13076923076923078,1.386153846153846,1.0,0.006382545898387833,1.0419101686425112,0.337754709727028,0.09289617486338797,0.04022435897435898,0.18681318681318682
ROUND SNACK BOXES SET OF 4 FRUITS ,RED SPOTTY CUP,0.1752021563342318,0.06064690026954178,0.022911051212938006,0.13076923076923078,2.1562393162393163,1.0,0.012285583510727182,1.0806717076545094,0.6501345636293734,0.10759493670886076,0.07464959717470479,0.25427350427350426
ROUND SNACK BOXES SET OF 4 FRUITS ,ROUND CONTAINER SET OF 5 RETROSPOT,0.1752021563342318,0.04851752021563342,0.022911051212938006,0.13076923076923078,2.6952991452991455,1.0,0.014410677051169347,1.094625861698829,0.7625913110342177,0.11409395973154363,0.08644584876879495,0.30149572649572653
ROUND SNACK BOXES SET OF 4 FRUITS ,PLASTERS IN TIN SPACEBOY + PLASTERS IN TIN WOODLAND ANIMALS,0.1752021563342318,0.05660377358490566,0.022911051212938006,0.13076923076923078,2.3102564102564105,1.0,0.012993948024207903,1.0853230923359491,0.6876201460976549,0.10967741935483873,0.07861538461538461,0.26776556776556776
WOODLAND CHARLOTTE BAG,WOODLAND  STICKERS,0.1752021563342318,0.04851752021563342,0.022911051212938006,0.13076923076923078,2.6952991452991455,1.0,0.014410677051169347,1.094625861698829,0.7625913110342177,0.11409395973154363,0.08644584876879495,0.30149572649572653
WOODLAND CHARLOTTE BAG,PLASTERS IN TIN SPACEBOY,0.1752021563342318,0.09838274932614555,0.022911051212938006,0.13076923076923078,1.3291886195995786,1.0,0.0056741813849071135,1.0372587839610714,0.30026912725874666,0.0913978494623656,0.0359204323329884,0.18182297154899896
ROUND SNACK BOXES SET OF 4 FRUITS ,PLASTERS IN TIN CIRCUS PARADE  + PLASTERS IN TIN WOODLAND ANIMALS + ROUND SNACK BOXES SET OF4 WOODLAND ,0.1752021563342318,0.03773584905660377,0.022911051212938006,0.13076923076923078,3.4653846153846155,1.0,0.016299649087117937,1.1070295541826682,0.8625528642829682,0.12056737588652483,0.09668174962292611,0.368956043956044
WOODLAND CHARLOTTE BAG,SAVE THE PLANET COTTON TOTE BAG + WOODLAND DESIGN  COTTON TOTE BAG,0.1752021563342318,0.0444743935309973,0.022911051212938006,0.13076923076923078,2.9403263403263407,1.0,0.01511904156465007,1.0992772463802687,0.8000768935024992,0.11643835616438357,0.09031138114353912,0.32296037296037294
WOODLAND CHARLOTTE BAG,ROUND SNACK BOXES SET OF4 WOODLAND  + WOODLAND PARTY BAG + STICKER SET,0.1752021563342318,0.05256064690026954,0.022911051212938006,0.13076923076923078,2.487968441814596,1.0,0.013702312537688626,1.089974477017389,0.7251057285659364,0.1118421052631579,0.08254732465258782,0.2833333333333333
WOODLAND CHARLOTTE BAG,RED GINGHAM ROSE JEWELLERY BOX,0.1752021563342318,0.04716981132075472,0.022911051212938006,0.13076923076923078,2.772307692307692,1.0,0.01464679855566292,1.0961763232593087,0.7750865051903115,0.11486486486486489,0.08773800456968774,0.30824175824175826
ROUND SNACK BOXES SET OF 4 FRUITS ,COFFEE MUG APPLES DESIGN + ROUND SNACK BOXES SET OF4 WOODLAND ,0.1752021563342318,0.03099730458221024,0.022911051212938006,0.13076923076923078,4.218729096989967,1.0,0.017480256609585805,1.1147818619850678,0.9250288350634371,0.12500000000000003,0.10296351770621591,0.43494983277591975
WOODLAND CHARLOTTE BAG,SET OF 3 CASES WOODLAND DESIGN,0.1752021563342318,0.03638814016172507,0.022911051212938006,0.13076923076923078,3.5937321937321935,1.0,0.01653577059161151,1.108580015743148,0.8750480584390621,0.12142857142857144,0.09794513179128565,0.38019943019943014
ROUND SNACK BOXES SET OF4 WOODLAND ,STRAWBERRY LUNCH BOX WITH CUTLERY,0.2722371967654987,0.07681940700808626,0.03504043126684636,0.1287128712871287,1.6755254472815697,1.0,0.014127331245777055,1.0595595442293555,0.5539886039886038,0.11158798283261802,0.05621160656211604,0.29242661108216084
ROUND SNACK BOXES SET OF 4 FRUITS ,ROUND SNACK BOXES SET OF4 WOODLAND  + STRAWBERRY LUNCH BOX WITH CUTLERY,0.1752021563342318,0.03504043126684636,0.0215633423180593,0.12307692307692308,3.512426035502959,1.0,0.01542418320122638,1.1003924906606137,0.8672385620915034,0.11428571428571428,0.09123334765792868,0.36923076923076925
WOODLAND CHARLOTTE BAG,JUMBO BAG RED RETROSPOT,0.1752021563342318,0.07142857142857142,0.0215633423180593,0.12307692307692308,1.7230769230769232,1.0,0.009048902579899886,1.0588972431077694,0.5087826797385622,0.09580838323353295,0.05562130177514794,0.21248185776487666
WOODLAND CHARLOTTE BAG,STRAWBERRY LUNCH BOX WITH CUTLERY,0.1752021563342318,0.07681940700808626,0.0215633423180593,0.12307692307692308,1.6021592442645074,1.0,0.008104416561925589,1.0527497990258665,0.45567810457516345,0.0935672514619883,0.05010668163952836,0.201889338731444
WOODLAND CHARLOTTE BAG,JUMBO BAG WOODLAND ANIMALS + ROUND SNACK BOXES SET OF4 WOODLAND ,0.1752021563342318,0.04043126684636118,0.0215633423180593,0.12307692307692308,3.0441025641025643,1.0,0.014479697183252085,1.0942450465787108,0.8141339869281048,0.11111111111111112,0.08612791702679344,0.32820512820512826
WOODLAND CHARLOTTE BAG,BIG DOUGHNUT FRIDGE MAGNETS + SAVE THE PLANET COTTON TOTE BAG,0.1752021563342318,0.03099730458221024,0.0215633423180593,0.12307692307692308,3.97056856187291,1.0,0.016132547714707103,1.1050030737220409,0.9070669934640525,0.11678832116788322,0.0950251417567134,0.4093645484949833
ROUND SNACK BOXES SET OF 4 FRUITS ,JUMBO BAG WOODLAND ANIMALS + ROUND SNACK BOXES SET OF4 WOODLAND ,0.1752021563342318,0.04043126684636118,0.0215633423180593,0.12307692307692308,3.0441025641025643,1.0,0.014479697183252085,1.0942450465787108,0.8141339869281048,0.11111111111111112,0.08612791702679344,0.32820512820512826
WOODLAND CHARLOTTE BAG,GUMBALL COAT RACK,0.1752021563342318,0.08355795148247978,0.0215633423180593,0.12307692307692308,1.472952853598015,1.0,0.006923809039457721,1.045065493923488,0.38929738562091515,0.0909090909090909,0.043122171945701365,0.19057071960297767
WOODLAND CHARLOTTE BAG,PACK OF 6 BIRDY GIFT TAGS,0.1752021563342318,0.04851752021563342,0.0215633423180593,0.12307692307692308,2.536752136752137,1.0,0.013062968156290641,1.0850238804558567,0.7344771241830067,0.10666666666666666,0.07836129875789932,0.28376068376068375
ROUND SNACK BOXES SET OF 4 FRUITS ,CIRCUS PARADE LUNCH BOX ,0.1752021563342318,0.0444743935309973,0.0215633423180593,0.12307692307692308,2.7673659673659676,1.0,0.013771332669771364,1.0896344635172839,0.7743055555555558,0.10884353741496598,0.08226103938374743,0.303962703962704
WOODLAND CHARLOTTE BAG,STRAWBERRY CERAMIC TRINKET BOX,0.1752021563342318,0.06873315363881402,0.0215633423180593,0.12307692307692308,1.7906485671191554,1.0,0.009521145588887033,1.0619709651487208,0.5353349673202615,0.09696969696969698,0.05835466993209396,0.21840120663650076
WOODLAND CHARLOTTE BAG,RED RETROSPOT CHARLOTTE BAG + ROUND SNACK BOXES SET OF4 WOODLAND ,0.1752021563342318,0.0215633423180593,0.0215633423180593,0.12307692307692308,5.707692307692308,1.0,0.01778539824616212,1.115761100865371,1.0000000000000002,0.12307692307692308,0.10375079465988558,0.5615384615384615
ROUND SNACK BOXES SET OF 4 FRUITS ,LUNCH BAG WOODLAND + WOODLAND CHARLOTTE BAG,0.1752021563342318,0.04043126684636118,0.0215633423180593,0.12307692307692308,3.0441025641025643,1.0,0.014479697183252085,1.0942450465787108,0.8141339869281048,0.11111111111111112,0.08612791702679344,0.32820512820512826
WOODLAND CHARLOTTE BAG,LUNCH BAG WOODLAND + ROUND SNACK BOXES SET OF 4 FRUITS ,0.1752021563342318,0.03369272237196765,0.0215633423180593,0.12307692307692308,3.6529230769230776,1.0,0.015660304705719955,1.1019293516810895,0.8805147058823531,0.11510791366906475,0.09250080463469584,0.3815384615384616
WOODLAND CHARLOTTE BAG,RED RETROSPOT MINI CASES,0.1752021563342318,0.04716981132075472,0.0215633423180593,0.12307692307692308,2.609230769230769,1.0,0.013299089660784214,1.0865607414763323,0.7477532679738562,0.10738255033557047,0.07966488956587967,0.2901098901098901
ROUND SNACK BOXES SET OF4 WOODLAND ,LUNCH BOX WITH CUTLERY RETROSPOT  + ROUND SNACK BOXES SET OF 4 FRUITS ,0.2722371967654987,0.03773584905660377,0.03234501347708895,0.1188118811881188,3.1485148514851486,1.0,0.022071911712353152,1.092007631969472,0.9376543209876543,0.11650485436893204,0.08425548437196662,0.487977369165488
ROUND SNACK BOXES SET OF4 WOODLAND ,SPACEBOY BIRTHDAY CARD,0.2722371967654987,0.04851752021563342,0.03234501347708895,0.1188118811881188,2.448844884488449,1.0,0.019136739779571494,1.079772252339562,0.8129629629629629,0.11214953271028037,0.07387877597958095,0.3927392739273928
ROUND SNACK BOXES SET OF4 WOODLAND ,PACK OF 60 MUSHROOM CAKE CASES,0.2722371967654987,0.0646900269541779,0.03234501347708895,0.1188118811881188,1.8366336633663365,1.0,0.014733981880399007,1.061419182894697,0.6259259259259258,0.10619469026548672,0.057865152509487254,0.3094059405940594
ROUND SNACK BOXES SET OF 4 FRUITS ,CARD CIRCUS PARADE,0.1752021563342318,0.03908355795148248,0.02021563342318059,0.11538461538461538,2.952254641909814,1.0,0.013368109792866949,1.0862533692722374,0.8017429193899782,0.10416666666666664,0.07940446650124068,0.3163129973474801
WOODLAND CHARLOTTE BAG,PLASTERS IN TIN WOODLAND ANIMALS + ROUND SNACK BOXES SET OF 4 FRUITS ,0.1752021563342318,0.0444743935309973,0.02021563342318059,0.11538461538461538,2.594405594405594,1.0,0.012423623774892655,1.0801593812258292,0.7450980392156864,0.10135135135135134,0.07421069762395573,0.28496503496503495
ROUND SNACK BOXES SET OF 4 FRUITS ,CHARLOTTE BAG APPLES DESIGN,0.1752021563342318,0.04043126684636118,0.02021563342318059,0.11538461538461538,2.853846153846154,1.0,0.013131988288373376,1.084729872260635,0.7875816993464053,0.10344827586206896,0.07811149524632671,0.3076923076923077
WOODLAND CHARLOTTE BAG,CHARLOTTE BAG SUKI DESIGN + ROUND SNACK BOXES SET OF 4 FRUITS ,0.1752021563342318,0.02021563342318059,0.02021563342318059,0.11538461538461538,5.707692307692308,1.0,0.016673810855776985,1.1075823274346654,1.0000000000000002,0.11538461538461538,0.097132578563115,0.5576923076923077
ROUND SNACK BOXES SET OF 4 FRUITS ,CHARLOTTE BAG SUKI DESIGN + WOODLAND CHARLOTTE BAG,0.1752021563342318,0.0431266846361186,0.02021563342318059,0.11538461538461538,2.6754807692307687,1.0,0.012659745279386228,1.0816828782374313,0.7592592592592593,0.1020408163265306,0.07551462621885156,0.29206730769230765
ROUND SNACK BOXES SET OF 4 FRUITS ,PLASTERS IN TIN WOODLAND ANIMALS + WOODLAND CHARLOTTE BAG,0.1752021563342318,0.0431266846361186,0.02021563342318059,0.11538461538461538,2.6754807692307687,1.0,0.012659745279386228,1.0816828782374313,0.7592592592592593,0.1020408163265306,0.07551462621885156,0.29206730769230765
WOODLAND CHARLOTTE BAG,JUMBO BAG RED RETROSPOT + JUMBO BAG WOODLAND ANIMALS,0.1752021563342318,0.03504043126684636,0.02021563342318059,0.11538461538461538,3.2928994082840233,1.0,0.014076474306347671,1.0908238603070433,0.8442265795206972,0.10638297872340424,0.08326171035668242,0.34615384615384615
ROUND SNACK BOXES SET OF 4 FRUITS ,PLASTERS IN TIN STRONGMAN + ROUND SNACK BOXES SET OF4 WOODLAND ,0.1752021563342318,0.03638814016172507,0.02021563342318059,0.11538461538461538,3.1709401709401703,1.0,0.013840352801854097,1.0893003632954412,0.8300653594771242,0.10563380281690139,0.08197955890263581,0.33547008547008544
ROUND SNACK BOXES SET OF 4 FRUITS ,CHARLOTTE BAG SUKI DESIGN,0.1752021563342318,0.05121293800539083,0.02021563342318059,0.11538461538461538,2.2530364372469633,1.0,0.011243016252424786,1.072541896167819,0.6742919389978215,0.0980392156862745,0.06763548951048952,0.2550607287449393
WOODLAND CHARLOTTE BAG,CARD CIRCUS PARADE,0.1752021563342318,0.03908355795148248,0.02021563342318059,0.11538461538461538,2.952254641909814,1.0,0.013368109792866949,1.0862533692722374,0.8017429193899782,0.10416666666666664,0.07940446650124068,0.3163129973474801
ROUND SNACK BOXES SET OF 4 FRUITS ,CHOCOLATE BOX RIBBONS ,0.1752021563342318,0.04043126684636118,0.02021563342318059,0.11538461538461538,2.853846153846154,1.0,0.013131988288373376,1.084729872260635,0.7875816993464053,0.10344827586206896,0.07811149524632671,0.3076923076923077
ROUND SNACK BOXES SET OF 4 FRUITS ,PLASTERS IN TIN SPACEBOY + PLASTERS IN TIN STRONGMAN,0.1752021563342318,0.03099730458221024,0.02021563342318059,0.11538461538461538,3.722408026755853,1.0,0.014784838819828392,1.0953943513418494,0.8867102396514163,0.10869565217391304,0.08708676580721086,0.38377926421404684
WOODLAND CHARLOTTE BAG,STRAWBERRY CHARLOTTE BAG,0.1752021563342318,0.02830188679245283,0.02021563342318059,0.11538461538461538,4.076923076923077,1.0,0.01525708182881554,1.0984413453650534,0.9150326797385622,0.11029411764705882,0.08961911874533232,0.4148351648351648
ROUND SNACK BOXES SET OF 4 FRUITS ,PLASTERS IN TIN STRONGMAN + PLASTERS IN TIN WOODLAND ANIMALS,0.1752021563342318,0.0431266846361186,0.02021563342318059,0.11538461538461538,2.6754807692307687,1.0,0.012659745279386228,1.0816828782374313,0.7592592592592593,0.1020408163265306,0.07551462621885156,0.29206730769230765
ROUND SNACK BOXES SET OF 4 FRUITS ,6 RIBBONS RUSTIC CHARM + ROUND SNACK BOXES SET OF4 WOODLAND ,0.1752021563342318,0.03773584905660377,0.02021563342318059,0.11538461538461538,3.0576923076923075,1.0,0.013604231297360523,1.0877768662838392,0.8159041394335512,0.10489510489510488,0.08069381598793363,0.32554945054945056
WOODLAND CHARLOTTE BAG,CHARLOTTE BAG APPLES DESIGN,0.1752021563342318,0.04043126684636118,0.02021563342318059,0.11538461538461538,2.853846153846154,1.0,0.013131988288373376,1.084729872260635,0.7875816993464053,0.10344827586206896,0.07811149524632671,0.3076923076923077
WOODLAND CHARLOTTE BAG,PLASTERS IN TIN CIRCUS PARADE  + ROUND SNACK BOXES SET OF4 WOODLAND ,0.1752021563342318,0.06334231805929919,0.02021563342318059,0.11538461538461538,1.8216039279869067,1.0,0.009117922711982621,1.058830423063401,0.5468409586056646,0.09259259259259259,0.05556170448256779,0.21726677577741407
ROUND SNACK BOXES SET OF 4 FRUITS ,ROUND SNACK BOXES SET OF4 WOODLAND  + WOODLAND DESIGN  COTTON TOTE BAG,0.1752021563342318,0.04986522911051213,0.02021563342318059,0.11538461538461538,2.3139293139293136,1.0,0.011479137756918358,1.074065393179421,0.6884531590413944,0.09868421052631578,0.06895799236224769,0.2603950103950104
ROUND SNACK BOXES SET OF 4 FRUITS ,CHILDS BREAKFAST SET CIRCUS PARADE + ROUND SNACK BOXES SET OF4 WOODLAND ,0.1752021563342318,0.0215633423180593,0.02021563342318059,0.11538461538461538,5.350961538461537,1.0,0.01643768935128341,1.1060588304230634,0.9858387799564272,0.11450381679389313,0.09588895952532316,0.5264423076923076
ROUND SNACK BOXES SET OF4 WOODLAND ,COFFEE MUG APPLES DESIGN,0.2722371967654987,0.0673854447439353,0.03099730458221024,0.11386138613861385,1.6897029702970296,1.0,0.012652480002324887,1.0524477104006988,0.5608695652173912,0.10043668122270741,0.04983402964573913,0.28693069306930696
ROUND SNACK BOXES SET OF4 WOODLAND ,WOODLAND  STICKERS,0.2722371967654987,0.04851752021563342,0.03099730458221024,0.11386138613861385,2.3468096809680965,1.0,0.017789030884692785,1.073740005119788,0.7885668276972624,0.10697674418604648,0.06867584775474714,0.37637513751375135
ROUND SNACK BOXES SET OF4 WOODLAND ,PLASTERS IN TIN SPACEBOY + PLASTERS IN TIN WOODLAND ANIMALS,0.2722371967654987,0.05660377358490566,0.03099730458221024,0.11386138613861385,2.0115511551155114,1.0,0.015587651935106542,1.064614735954464,0.6909822866344604,0.10407239819004524,0.06069306930693068,0.3307402168788307
ROUND SNACK BOXES SET OF4 WOODLAND ,RED STRIPE CERAMIC DRAWER KNOB,0.2722371967654987,0.05256064690026954,0.03099730458221024,0.11386138613861385,2.166285859355166,1.0,0.016688341409899665,1.069177370537126,0.7397745571658614,0.10550458715596328,0.06470149148627521,0.3518024879411018
ROUND SNACK BOXES SET OF4 WOODLAND ,ROUND CONTAINER SET OF 5 RETROSPOT,0.2722371967654987,0.04851752021563342,0.029649595687331536,0.1089108910891089,2.2447744774477445,1.0,0.01644132198981408,1.0677747828691224,0.7619528619528618,0.10185185185185185,0.06347291952991331,0.36001100110011003
ROUND SNACK BOXES SET OF4 WOODLAND ,STRAWBERRY CERAMIC TRINKET BOX,0.2722371967654987,0.06873315363881402,0.029649595687331536,0.1089108910891089,1.5845466899631135,1.0,0.010937874615848473,1.045088349805331,0.5069023569023567,0.09523809523809525,0.04314309868034558,0.2701417200543583
ROUND SNACK BOXES SET OF4 WOODLAND ,BIG DOUGHNUT FRIDGE MAGNETS,0.2722371967654987,0.06199460916442048,0.029649595687331536,0.1089108910891089,1.7567800258286697,1.0,0.012772357073837011,1.0526504941599282,0.591919191919192,0.09734513274336282,0.050017070672584485,0.29358588032716315
ROUND SNACK BOXES SET OF4 WOODLAND ,RED TOADSTOOL LED NIGHT LIGHT + ROUND SNACK BOXES SET OF 4 FRUITS ,0.2722371967654987,0.04043126684636118,0.02830188679245283,0.10396039603960396,2.5712871287128714,1.0,0.017294992044521618,1.0708999121383151,0.8396825396825396,0.0995260663507109,0.06620591834464346,0.401980198019802
ROUND SNACK BOXES SET OF4 WOODLAND ,RED RETROSPOT CUP,0.2722371967654987,0.05256064690026954,0.02830188679245283,0.10396039603960396,1.9779131759329778,1.0,0.013992923620142253,1.0573632559455555,0.6793650793650792,0.09545454545454543,0.0542512288213174,0.3212109672505712
ROUND SNACK BOXES SET OF4 WOODLAND ,PLASTERS IN TIN CIRCUS PARADE  + PLASTERS IN TIN STRONGMAN,0.2722371967654987,0.05256064690026954,0.02830188679245283,0.10396039603960396,1.9779131759329778,1.0,0.013992923620142253,1.0573632559455555,0.6793650793650792,0.09545454545454543,0.0542512288213174,0.3212109672505712
ROUND SNACK BOXES SET OF4 WOODLAND ,SAVE THE PLANET COTTON TOTE BAG + WOODLAND DESIGN  COTTON TOTE BAG,0.2722371967654987,0.0444743935309973,0.02830188679245283,0.10396039603960396,2.3375337533753373,1.0,0.016194302569728494,1.0663876934073953,0.786243386243386,0.09813084112149532,0.06225474451535421,0.37016201620162015
ROUND SNACK BOXES SET OF4 WOODLAND ,RED SPOT CERAMIC DRAWER KNOB,0.2722371967654987,0.04582210242587601,0.02830188679245283,0.10396039603960396,2.268782760629004,1.0,0.01582740607813079,1.0648836204970886,0.7684303350970016,0.09767441860465115,0.06093024556692957,0.3608037274315667
ROUND SNACK BOXES SET OF4 WOODLAND ,RED TOADSTOOL LED NIGHT LIGHT + WOODLAND CHARLOTTE BAG,0.2722371967654987,0.06064690026954178,0.026954177897574125,0.099009900990099,1.6325632563256323,1.0,0.010443835775677306,1.0425787150854535,0.5324074074074073,0.0881057268722467,0.04083980851456737,0.27172717271727176
ROUND SNACK BOXES SET OF4 WOODLAND ,ROUND SNACK BOXES SET OF 4 FRUITS  + SPACEBOY LUNCH BOX ,0.2722371967654987,0.03099730458221024,0.026954177897574125,0.099009900990099,3.1941455015066724,1.0,0.01851555859082686,1.0754865081010634,0.9438888888888888,0.0975609756097561,0.07018824274638868,0.4842875591907017
ROUND SNACK BOXES SET OF4 WOODLAND ,RED RETROSPOT MINI CASES,0.2722371967654987,0.04716981132075472,0.026954177897574125,0.099009900990099,2.0990099009900987,1.0,0.014112800691654376,1.0575368028198218,0.7194444444444443,0.09216589861751152,0.054406430742084094,0.3352192362093352
ROUND SNACK BOXES SET OF4 WOODLAND ,RED  HARMONICA IN BOX ,0.2722371967654987,0.04582210242587601,0.026954177897574125,0.099009900990099,2.160745486313337,1.0,0.014479697183252083,1.0590326115932585,0.7381481481481481,0.09259259259259259,0.05574201487945404,0.34362259755387303
ROUND SNACK BOXES SET OF4 WOODLAND ,MEMO BOARD COTTAGE DESIGN,0.2722371967654987,0.07681940700808626,0.026954177897574125,0.099009900990099,1.2888657286781307,1.0,0.006041077876504819,1.024629009804212,0.3079629629629628,0.08368200836820083,0.024037002240370007,0.22494354698627755
ROUND SNACK BOXES SET OF4 WOODLAND ,PACK OF 20 NAPKINS RED APPLES,0.2722371967654987,0.04851752021563342,0.026954177897574125,0.099009900990099,2.0407040704070405,1.0,0.013745904200056669,1.0560409940463849,0.7007407407407407,0.09174311926605505,0.05306706308024569,0.3272827282728273
ROUND SNACK BOXES SET OF4 WOODLAND ,PLASTERS IN TIN SPACEBOY + ROUND SNACK BOXES SET OF 4 FRUITS ,0.2722371967654987,0.03638814016172507,0.025606469002695417,0.09405940594059405,2.5848918225155844,1.0,0.015700263729557323,1.0636589928269482,0.8424951267056527,0.09047619047619046,0.059849061829259836,0.3988815548221488
ROUND SNACK BOXES SET OF4 WOODLAND ,PACK OF 20 NAPKINS PANTRY DESIGN,0.2722371967654987,0.04582210242587601,0.025606469002695417,0.09405940594059405,2.05270821199767,1.0,0.013131988288373374,1.0532455481419292,0.7046783625730992,0.08755760368663593,0.05055378419197851,0.3264414676761794
ROUND SNACK BOXES SET OF4 WOODLAND ,GUMBALL COAT RACK + ROUND SNACK BOXES SET OF 4 FRUITS ,0.2722371967654987,0.029649595687331536,0.025606469002695417,0.09405940594059405,3.1723672367236717,1.0,0.017534746187545858,1.0710971676019618,0.9409356725146196,0.09268292682926828,0.06637788778877886,0.47884788478847884
ROUND SNACK BOXES SET OF4 WOODLAND ,CARD CIRCUS PARADE,0.2722371967654987,0.03908355795148248,0.025606469002695417,0.09405940594059405,2.4066234209627857,1.0,0.01496647074636191,1.0606837229169428,0.8031189083820661,0.08962264150943394,0.05721189229722409,0.37461590986684873
ROUND SNACK BOXES SET OF4 WOODLAND ,LUNCH BAG WOODLAND + ROUND SNACK BOXES SET OF 4 FRUITS ,0.2722371967654987,0.03369272237196765,0.025606469002695417,0.09405940594059405,2.7916831683168315,1.0,0.01643405671275274,1.0666342627369538,0.8818713450292397,0.09134615384615384,0.062471519118439026,0.427029702970297
ROUND SNACK BOXES SET OF4 WOODLAND ,PLASTERS IN TIN WOODLAND ANIMALS + WOODLAND CHARLOTTE BAG,0.2722371967654987,0.0431266846361186,0.025606469002695417,0.09405940594059405,2.1810024752475243,1.0,0.013865781271568789,1.0562208180519346,0.744054580896686,0.0883720930232558,0.05322828057453631,0.34390470297029696
ROUND SNACK BOXES SET OF4 WOODLAND ,CHARLOTTE BAG SUKI DESIGN,0.2722371967654987,0.05121293800539083,0.025606469002695417,0.09405940594059405,1.8366336633663365,1.0,0.011664402321982547,1.0472950083219184,0.6259259259259258,0.08597285067873302,0.04515920342034202,0.297029702970297
ROUND SNACK BOXES SET OF4 WOODLAND ,PLASTERS IN TIN CIRCUS PARADE  + RED TOADSTOOL LED NIGHT LIGHT,0.2722371967654987,0.02830188679245283,0.02425876010781671,0.0891089108910891,3.148514851485148,1.0,0.01655393378426486,1.0667555373256767,0.9376543209876542,0.08780487804878047,0.06257810247044121,0.4731258840169731
ROUND SNACK BOXES SET OF4 WOODLAND ,CHARLOTTE BAG APPLES DESIGN,0.2722371967654987,0.04043126684636118,0.02425876010781671,0.0891089108910891,2.203960396039604,1.0,0.013251865359885498,1.053439587483886,0.7506172839506172,0.08411214953271028,0.050728668372455224,0.3445544554455446
ROUND SNACK BOXES SET OF4 WOODLAND ,FAWN BLUE HOT WATER BOTTLE,0.2722371967654987,0.07008086253369272,0.02425876010781671,0.0891089108910891,1.2715156130997713,1.0,0.0051801425447359425,1.0208894878706198,0.29341563786008223,0.07627118644067796,0.020462046204620457,0.2176313785224676
ROUND SNACK BOXES SET OF4 WOODLAND ,RED SPOTTY CUP,0.2722371967654987,0.06064690026954178,0.02425876010781671,0.0891089108910891,1.4693069306930693,1.0,0.007748417985919891,1.0312463377475682,0.4388888888888888,0.07860262008733623,0.030299586630112074,0.24455445544554455
ROUND SNACK BOXES SET OF4 WOODLAND ,PLASTERS IN TIN WOODLAND ANIMALS + RED TOADSTOOL LED NIGHT LIGHT,0.2722371967654987,0.03369272237196765,0.02425876010781671,0.0891089108910891,2.644752475247525,1.0,0.015086347817874034,1.060837337395992,0.8545267489711934,0.08612440191387559,0.05734841266553433,0.4045544554455446
ROUND SNACK BOXES SET OF4 WOODLAND ,PLASTERS IN TIN CIRCUS PARADE  + PLASTERS IN TIN SPACEBOY,0.2722371967654987,0.04716981132075472,0.02425876010781671,0.0891089108910891,1.8891089108910888,1.0,0.011417382901896962,1.0460418375717802,0.646707818930041,0.08219178082191779,0.04401529261837074,0.30169731258840166
ROUND SNACK BOXES SET OF4 WOODLAND ,WHITE SPOT RED CERAMIC DRAWER KNOB,0.2722371967654987,0.05525606469002695,0.02425876010781671,0.0891089108910891,1.6126539483216613,1.0,0.00921600395231072,1.037164537677253,0.5220164609053497,0.07999999999999997,0.03583282721995452,0.2640666505674958
ROUND SNACK BOXES SET OF4 WOODLAND ,SET/6 RED SPOTTY PAPER CUPS,0.2722371967654987,0.05929919137466307,0.02425876010781671,0.0891089108910891,1.5027002700270027,1.0,0.008115314477517597,1.0327258877299894,0.4596707818930039,0.07894736842105263,0.031688842236659194,0.24909990999099907
ROUND SNACK BOXES SET OF4 WOODLAND ,SET/6 RED SPOTTY PAPER PLATES,0.2722371967654987,0.06064690026954178,0.02425876010781671,0.0891089108910891,1.4693069306930693,1.0,0.007748417985919891,1.0312463377475682,0.4388888888888888,0.07860262008733623,0.030299586630112074,0.24455445544554455
ROUND SNACK BOXES SET OF4 WOODLAND ,WOODLAND CHARLOTTE BAG + WOODLAND PARTY BAG + STICKER SET,0.2722371967654987,0.03773584905660377,0.022911051212938006,0.08415841584158415,2.23019801980198,1.0,0.012637949448202207,1.0506884242733299,0.7579520697167756,0.07981220657276995,0.048243059600077645,0.34565063649222066
ROUND SNACK BOXES SET OF4 WOODLAND ,CHARLOTTE BAG SUKI DESIGN + WOODLAND CHARLOTTE BAG,0.2722371967654987,0.0431266846361186,0.022911051212938006,0.08415841584158415,1.9514232673267324,1.0,0.011170363481811378,1.0448022146135354,0.6699346405228758,0.07834101382488479,0.042881048668247095,0.30770420792079206
ROUND SNACK BOXES SET OF4 WOODLAND ,COFFEE MUG APPLES DESIGN + ROUND SNACK BOXES SET OF 4 FRUITS ,0.2722371967654987,0.03234501347708895,0.022911051212938006,0.08415841584158415,2.6018976897689763,1.0,0.014105535414593034,1.0565746339331243,0.8459694989106753,0.08133971291866028,0.053545326677514535,0.3962458745874587
ROUND SNACK BOXES SET OF4 WOODLAND ,PLASTERS IN TIN CIRCUS PARADE  + PLASTERS IN TIN WOODLAND ANIMALS + ROUND SNACK BOXES SET OF 4 FRUITS ,0.2722371967654987,0.026954177897574125,0.022911051212938006,0.08415841584158415,3.1222772277227717,1.0,0.015573121380983863,1.062460843592919,0.9339869281045752,0.08292682926829267,0.05878884287320698,0.46707920792079205
ROUND SNACK BOXES SET OF4 WOODLAND ,ROUND SNACK BOXES SET OF 4 FRUITS  + WOODLAND PARTY BAG + STICKER SET,0.2722371967654987,0.02830188679245283,0.022911051212938006,0.08415841584158415,2.9735973597359733,1.0,0.015206224889386156,1.0609892911779704,0.9119825708061002,0.0825242718446602,0.057483418244737086,0.44684111268269683
ROUND SNACK BOXES SET OF4 WOODLAND ,LUNCH BAG WOODLAND + WOODLAND CHARLOTTE BAG,0.2722371967654987,0.04043126684636118,0.022911051212938006,0.08415841584158415,2.0815181518151813,1.0,0.011904156465006793,1.0477453194434325,0.7139433551198257,0.07906976744186046,0.04556958504839247,0.32541254125412544
ROUND SNACK BOXES SET OF4 WOODLAND ,PLASTERS IN TIN STRONGMAN + PLASTERS IN TIN WOODLAND ANIMALS,0.2722371967654987,0.0431266846361186,0.022911051212938006,0.08415841584158415,1.9514232673267324,1.0,0.011170363481811378,1.0448022146135354,0.6699346405228758,0.07834101382488479,0.042881048668247095,0.30770420792079206
ROUND SNACK BOXES SET OF4 WOODLAND ,RETROSPOT PARTY BAG + STICKER SET,0.2722371967654987,0.05256064690026954,0.022911051212938006,0.08415841584158415,1.601167809088601,1.0,0.008602088040627428,1.034501347708895,0.5159041394335511,0.07589285714285714,0.03335070349140176,0.26002792586951
ROUND SNACK BOXES SET OF4 WOODLAND ,PACK OF 72 RETROSPOT CAKE CASES,0.2722371967654987,0.0673854447439353,0.022911051212938006,0.08415841584158415,1.248910891089109,1.0,0.004566226633052652,1.01831427114446,0.2738562091503268,0.07234042553191489,0.017984890974646593,0.2120792079207921
ROUND SNACK BOXES SET OF4 WOODLAND ,SET OF 2 TEA TOWELS APPLE AND PEARS,0.2722371967654987,0.04716981132075472,0.022911051212938006,0.08415841584158415,1.7841584158415837,1.0,0.010069674007018256,1.0403875573686894,0.6039215686274509,0.07727272727272727,0.03881972355651406,0.28493635077793494
ROUND SNACK BOXES SET OF4 WOODLAND ,PACK OF 6 BIRDY GIFT TAGS,0.2722371967654987,0.04851752021563342,0.022911051212938006,0.08415841584158415,1.7345984598459845,1.0,0.00970277751542055,1.0389160049537407,0.581917211328976,0.07692307692307691,0.03745827840574425,0.2781903190319032
ROUND SNACK BOXES SET OF4 WOODLAND ,RED SPOT CERAMIC DRAWER KNOB + RED STRIPE CERAMIC DRAWER KNOB,0.2722371967654987,0.029649595687331536,0.022911051212938006,0.08415841584158415,2.838433843384338,1.0,0.014839328397788449,1.0595177387630217,0.8899782135076252,0.08212560386473429,0.05617436743674366,0.4284428442844284
ROUND SNACK BOXES SET OF4 WOODLAND ,CHILDS BREAKFAST SET CIRCUS PARADE,0.2722371967654987,0.05121293800539083,0.0215633423180593,0.07920792079207921,1.5466388744137574,1.0,0.007621275637346431,1.0304031533489841,0.4856481481481481,0.07142857142857142,0.02950607560756076,0.2501302761855133
ROUND SNACK BOXES SET OF4 WOODLAND ,RED RETROSPOT CHARLOTTE BAG,0.2722371967654987,0.04851752021563342,0.0215633423180593,0.07920792079207921,1.6325632563256327,1.0,0.008355068620541844,1.0333304350346346,0.5324074074074073,0.07207207207207206,0.03225535018091044,0.26182618261826185
ROUND SNACK BOXES SET OF4 WOODLAND ,ROUND SNACK BOXES SET OF 4 FRUITS  + STRAWBERRY LUNCH BOX WITH CUTLERY,0.2722371967654987,0.026954177897574125,0.0215633423180593,0.07920792079207921,2.9386138613861386,1.0,0.014225412486105158,1.0567486885198387,0.9064814814814813,0.07766990291262134,0.05370121499684595,0.4396039603960396
ROUND SNACK BOXES SET OF4 WOODLAND ,BLUE HARMONICA IN BOX ,0.2722371967654987,0.03908355795148248,0.0215633423180593,0.07920792079207921,2.0266302492318196,1.0,0.010923344061725794,1.0435759209344115,0.6960648148148147,0.07441860465116278,0.04175634954799828,0.3154660293615568
ROUND SNACK BOXES SET OF4 WOODLAND ,SET OF 3 CASES WOODLAND DESIGN,0.2722371967654987,0.03638814016172507,0.0215633423180593,0.07920792079207921,2.176751008434177,1.0,0.011657137044921207,1.046503202620062,0.7428240740740739,0.07511737089201877,0.04443675136744443,0.33590025669233586
ROUND SNACK BOXES SET OF4 WOODLAND ,RED RETROSPOT CHARLOTTE BAG + WOODLAND CHARLOTTE BAG,0.2722371967654987,0.0431266846361186,0.0215633423180593,0.07920792079207921,1.8366336633663365,1.0,0.009822654586932673,1.0391849984059356,0.6259259259259259,0.07339449541284403,0.0377074327151025,0.2896039603960396
ROUND SNACK BOXES SET OF4 WOODLAND ,SET/6 RED SPOTTY PAPER CUPS + SET/6 RED SPOTTY PAPER PLATES,0.2722371967654987,0.04986522911051213,0.0215633423180593,0.07920792079207921,1.5884399250735883,1.0,0.007988172128944137,1.0318667941918094,0.5090277777777776,0.07174887892376682,0.03088266273435854,0.2558201766122558
ROUND SNACK BOXES SET OF4 WOODLAND ,"HOOK, 5 HANGER , MAGIC TOADSTOOL",0.2722371967654987,0.0431266846361186,0.0215633423180593,0.07920792079207921,1.8366336633663365,1.0,0.009822654586932673,1.0391849984059356,0.6259259259259259,0.07339449541284403,0.0377074327151025,0.2896039603960396
ROUND SNACK BOXES SET OF4 WOODLAND ,RED RETROSPOT CHILDRENS UMBRELLA,0.2722371967654987,0.03638814016172507,0.0215633423180593,0.07920792079207921,2.176751008434177,1.0,0.011657137044921207,1.046503202620062,0.7428240740740739,0.07511737089201877,0.04443675136744443,0.33590025669233586
ROUND SNACK BOXES SET OF4 WOODLAND ,JUMBO BAG WOODLAND ANIMALS + WOODLAND CHARLOTTE BAG,0.2722371967654987,0.05121293800539083,0.0215633423180593,0.07920792079207921,1.5466388744137574,1.0,0.007621275637346431,1.0304031533489841,0.4856481481481481,0.07142857142857142,0.02950607560756076,0.2501302761855133
ROUND SNACK BOXES SET OF4 WOODLAND ,JUMBO BAG WOODLAND ANIMALS + ROUND SNACK BOXES SET OF 4 FRUITS ,0.2722371967654987,0.025606469002695417,0.0215633423180593,0.07920792079207921,3.0932777488275147,1.0,0.014592308977702865,1.0582123293626642,0.929861111111111,0.07804878048780486,0.055010065321884884,0.460656591974987
ROUND SNACK BOXES SET OF4 WOODLAND ,LUNCH BAG APPLE DESIGN,0.2722371967654987,0.03773584905660377,0.0215633423180593,0.07920792079207921,2.099009900990099,1.0,0.011290240553323502,1.0450395617772368,0.7194444444444443,0.07476635514018691,0.04309842748980781,0.32531824611032534
ROUND SNACK BOXES SET OF4 WOODLAND ,ROUND SNACK BOXES SET OF 4 FRUITS  + WOODLAND DESIGN  COTTON TOTE BAG,0.2722371967654987,0.022911051212938006,0.02021563342318059,0.07425742574257424,3.241118229470005,1.0,0.01397839306601957,1.0554650676737247,0.9501234567901233,0.07352941176470587,0.05255035848412426,0.4783051834595224
ROUND SNACK BOXES SET OF4 WOODLAND ,CHILDS BREAKFAST SET CIRCUS PARADE + ROUND SNACK BOXES SET OF 4 FRUITS ,0.2722371967654987,0.025606469002695417,0.02021563342318059,0.07425742574257424,2.899947889525794,1.0,0.013244600082824156,1.0525534399008316,0.9002469135802468,0.07281553398058252,0.04992947427522833,0.43186555497655027
ROUND SNACK BOXES SET OF4 WOODLAND ,PLASTERS IN TIN CIRCUS PARADE  + WOODLAND CHARLOTTE BAG,0.2722371967654987,0.03504043126684636,0.02021563342318059,0.07425742574257424,2.1191926884996186,1.0,0.010676324641640207,1.042362742695706,0.7256790123456789,0.0704225352112676,0.04064107528071241,0.32559025133282554
ROUND SNACK BOXES SET OF4 WOODLAND ,RED TOADSTOOL LED NIGHT LIGHT + WOODLAND DESIGN  COTTON TOTE BAG,0.2722371967654987,0.03099730458221024,0.02021563342318059,0.07425742574257424,2.3956091261300037,1.0,0.011777014116433329,1.0467301843550456,0.8004938271604938,0.07142857142857142,0.04464396370095979,0.36321566939302624
ROUND SNACK BOXES SET OF4 WOODLAND ,PLASTERS IN TIN STRONGMAN + ROUND SNACK BOXES SET OF 4 FRUITS ,0.2722371967654987,0.03099730458221024,0.02021563342318059,0.07425742574257424,2.3956091261300037,1.0,0.011777014116433329,1.0467301843550456,0.8004938271604938,0.07142857142857142,0.04464396370095979,0.36321566939302624
ROUND SNACK BOXES SET OF4 WOODLAND ,ROUND SNACK BOXES SET OF 4 SKULLS,0.2722371967654987,0.03099730458221024,0.02021563342318059,0.07425742574257424,2.3956091261300037,1.0,0.011777014116433329,1.0467301843550456,0.8004938271604938,0.07142857142857142,0.04464396370095979,0.36321566939302624
ROUND SNACK BOXES SET OF4 WOODLAND ,6 RIBBONS RUSTIC CHARM + ROUND SNACK BOXES SET OF 4 FRUITS ,0.2722371967654987,0.026954177897574125,0.02021563342318059,0.07425742574257424,2.754950495049504,1.0,0.012877703591226449,1.0510976260143852,0.8753086419753084,0.07246376811594202,0.048613587120484886,0.41212871287128705
ROUND SNACK BOXES SET OF4 WOODLAND ,BIG DOUGHNUT FRIDGE MAGNETS + SAVE THE PLANET COTTON TOTE BAG,0.2722371967654987,0.03099730458221024,0.02021563342318059,0.07425742574257424,2.3956091261300037,1.0,0.011777014116433329,1.0467301843550456,0.8004938271604938,0.07142857142857142,0.04464396370095979,0.36321566939302624
ROUND SNACK BOXES SET OF4 WOODLAND ,WHITE SPOT BLUE CERAMIC DRAWER KNOB,0.2722371967654987,0.03504043126684636,0.02021563342318059,0.07425742574257424,2.1191926884996186,1.0,0.010676324641640207,1.042362742695706,0.7256790123456789,0.0704225352112676,0.04064107528071241,0.32559025133282554
ROUND SNACK BOXES SET OF4 WOODLAND ,WRAP RED APPLES ,0.2722371967654987,0.03638814016172507,0.02021563342318059,0.07425742574257424,2.04070407040704,1.0,0.010309428150042498,1.0409069288092594,0.7007407407407406,0.07009345794392523,0.03929931454683928,0.31490649064906484
ROUND SNACK BOXES SET OF4 WOODLAND ,SET/3 RUSSIAN DOLL STACKING TINS,0.2722371967654987,0.03504043126684636,0.02021563342318059,0.07425742574257424,2.1191926884996186,1.0,0.010676324641640207,1.042362742695706,0.7256790123456789,0.0704225352112676,0.04064107528071241,0.32559025133282554
ROUND SNACK BOXES SET OF4 WOODLAND ,MINI PAINT SET VINTAGE ,0.2722371967654987,0.03638814016172507,0.02021563342318059,0.07425742574257424,2.04070407040704,1.0,0.010309428150042498,1.0409069288092594,0.7007407407407406,0.07009345794392523,0.03929931454683928,0.31490649064906484
ROUND SNACK BOXES SET OF4 WOODLAND ,RETROSPOT TEA SET CERAMIC 11 PC ,0.2722371967654987,0.03908355795148248,0.02021563342318059,0.07425742574257424,1.8999658586548305,1.0,0.009575635166847086,1.0379953010363665,0.6508641975308641,0.06944444444444443,0.03660450196492298,0.2957494025264595
ROUND SNACK BOXES SET OF4 WOODLAND ,SET/5 RED SPOTTY LID GLASS BOWLS,0.2722371967654987,0.04851752021563342,0.02021563342318059,0.07425742574257424,1.5305280528052803,1.0,0.007007359725663135,1.027804603831241,0.4762962962962961,0.06726457399103138,0.02705242195607661,0.24546204620462042
ROUND SNACK BOXES SET OF4 WOODLAND ,RED GINGHAM ROSE JEWELLERY BOX,0.2722371967654987,0.04716981132075472,0.02021563342318059,0.07425742574257424,1.5742574257425739,1.0,0.007374256217260842,1.0292604177176874,0.5012345679012343,0.06756756756756756,0.028428585432800683,0.25141442715700135
ROUND SNACK BOXES SET OF4 WOODLAND ,BIG DOUGHNUT FRIDGE MAGNETS + STRAWBERRY CERAMIC TRINKET BOX,0.2722371967654987,0.03369272237196765,0.02021563342318059,0.07425742574257424,2.2039603960396037,1.0,0.011043221133237914,1.0438185565821525,0.7506172839506172,0.07075471698113207,0.0419790933068202,0.3371287128712871
ROUND SNACK BOXES SET OF4 WOODLAND ,LUNCH BAG SPACEBOY DESIGN ,0.2722371967654987,0.04177897574123989,0.02021563342318059,0.07425742574257424,1.7773874161609706,1.0,0.008841842183651671,1.0350836732634734,0.6009876543209874,0.06880733944954127,0.03389452869337565,0.27906419674225486
ROUND SNACK BOXES SET OF4 WOODLAND ,PLASTERS IN TIN CIRCUS PARADE  + PLASTERS IN TIN STRONGMAN + PLASTERS IN TIN WOODLAND ANIMALS,0.2722371967654987,0.03369272237196765,0.02021563342318059,0.07425742574257424,2.2039603960396037,1.0,0.011043221133237914,1.0438185565821525,0.7506172839506172,0.07075471698113207,0.0419790933068202,0.3371287128712871
