Description,average,sd,total_sales,total_revenue,avg_unit_price,product_mix,service_level,safety_stock_fixed_leadtime,reorder_point_fixed_leadtime,safety_stock_variable_leadtime,reorder_point_variable_leadtime,demand_lead_time,safety_stock_uplift_pct,safety_stock_investment,annual_demand,eoq_units,eoq_order_cycle_weeks,eoq_practical_units,annual_ordering_cost,annual_holding_cost,annual_logistics_cost
STOOL HOME SWEET HOME ,30.5,41.71930009000631,61,636.5,10.434426229508198,A_A,0.95,237.71407316824303,603.714073168243,258.02191336188065,624.0219133618807,366.0,8.54296925839333,2692.310620571099,11132.5,730.3769647277153,3.411596870949131,428.17307692307696,762.1064558183457,762.1064558183456,117685.4629116367
REGENCY CAKESTAND 3 TIER,16.263157894736842,23.51794139059501,309,3464.5499999999997,11.212135922330097,A_A,0.95,134.00382145503792,329.16171619188003,144.28923804242558,339.4471327792677,195.1578947368421,7.675465129058812,1617.790549061118,5936.0526315789475,514.5051149336699,4.507080317014371,456.6194331983806,576.8701281370375,576.8701281370376,67709.5692036425
HAND WARMER RED RETROSPOT,54.0,59.39696961966999,108,202.8,1.877777777777778,A_A,0.95,338.4403753581764,986.4403753581764,382.22944224791513,1030.2294422479151,648.0,12.938487863156434,717.7419526655297,19710.0,2290.9004456918256,6.043978852154994,1516.1538461538462,430.1801948021318,430.1801948021318,37871.36038960427
3 HOOK HANGER MAGIC GARDEN,54.0,59.39696961966999,108,181.79999999999998,1.6833333333333331,A_A,0.95,338.4403753581764,986.4403753581764,382.22944224791513,1030.2294422479151,648.0,12.938487863156434,643.4195611173237,19710.0,2419.5981991943527,6.383516304317927,1516.1538461538462,407.29903019771604,407.29903019771604,33993.09806039542
PACK OF 12 RED APPLE TISSUES,228.0,288.4995667241114,456,147.60000000000002,0.32368421052631585,A_A,0.95,1643.8532517397143,4379.853251739714,1806.8849982569495,4542.88499825695,2736.0,9.917658181756561,584.8601441726443,83220.0,11338.043019507162,7.084573864628363,6401.538461538462,366.9945503682583,366.9945503682583,27670.98910073652
LE JARDIN BOTANIQUE CUSHION COVER,16.666666666666668,23.692474191889147,50,187.5,3.75,A_A,0.95,134.9982989033073,334.9982989033073,145.70758422342348,345.7075842234235,200.0,7.932903901097843,546.403440837838,6083.333333333334,900.6170724070865,7.698425386055095,467.948717948718,337.7314021526574,337.73140215265744,23487.96280430532
SET OF 6 HERB TINS SKETCHBOOK,48.0,0.0,48,165.60000000000002,3.4500000000000006,A_A,0.95,0.0,576.0,157.90594818734132,733.9059481873413,576.0,,544.7755212463277,17520.0,1593.4649148263693,4.729462075968676,1347.6923076923078,549.7453956150974,549.7453956150976,61543.4907912302
BELLE JARDINIERE CUSHION COVER,17.333333333333332,23.09401076758503,52,195.0,3.75,A_A,0.95,131.58829015611775,339.58829015611775,143.41178510204327,351.41178510204327,208.0,8.985218161812124,537.7941941326623,6326.666666666666,918.4528052957078,7.548927166814037,486.66666666666663,344.4198019858905,344.41980198589044,24413.839603971777
SPACEBOY LUNCH BOX ,28.125,48.135745553590425,450,819.8999999999999,1.8219999999999996,A_A,0.95,274.2745951117991,611.774595111799,289.45994905852706,626.9599490585271,337.5,5.536551404091261,527.3960271846362,10265.625,1678.4310829193344,8.502007068425486,1579.326923076923,305.8101433079027,305.81014330790265,19315.589036615802
ADVENT CALENDAR GINGHAM SACK,11.25,15.191633035513801,90,487.50000000000006,5.416666666666667,A_A,0.95,86.56101514546476,221.56101514546475,94.14080261315593,229.14080261315593,135.0,8.756583382199734,509.92934748792794,4106.25,615.6609956286508,7.7964984530142685,315.86538461538464,333.4830392988525,333.48303929885253,22909.153578597707
WHITE ROCKING HORSE HAND PAINTED,96.0,58.787753826796276,384,419.52,1.0925,A_A,0.95,334.969100258882,1486.969100258882,460.37099389516084,1612.3709938951608,1152.0,37.43685418725535,502.95531083046325,35040.0,4004.574043804311,5.942861023910507,2695.3846153846157,437.499714285621,437.499714285621,39156.19942857125
RED ROCKING HORSE HAND PAINTED,96.0,58.787753826796276,384,419.52,1.0925,A_A,0.95,334.969100258882,1486.969100258882,460.37099389516084,1612.3709938951608,1152.0,37.43685418725535,502.95531083046325,35040.0,4004.574043804311,5.942861023910507,2695.3846153846157,437.499714285621,437.499714285621,39156.19942857125
ROTATING SILVER ANGELS T-LIGHT HLDR,24.0,31.176914536239792,72,183.6,2.55,A_A,0.95,177.644191710759,465.644191710759,194.39915371936354,482.39915371936354,288.0,9.431753353290052,495.717841984377,8760.0,1310.5903474478703,7.779760053343521,673.8461538461539,334.20053859920694,334.20053859920694,23006.401077198414
STAR WREATH DECORATION WITH BELL,76.8,66.05452293370985,384,419.52,1.0925,A_A,0.95,376.37471539266454,1297.9747153926644,453.30972290217215,1374.909722902172,921.5999999999999,20.441066937571193,495.2408722706231,28032.0,3581.7999131510637,6.644320615148948,2156.3076923076924,391.31164051175375,391.31164051175375,31407.583281023508
BOX OF 6 MINI 50'S CRACKERS,28.5,32.98051372726456,228,508.68,2.2310526315789474,A_A,0.95,187.92099187606541,529.9209918760654,210.01097559422993,552.0109755942299,342.0,11.754931419653714,468.5455397599688,10402.5,1526.8590816913136,7.632460682331007,800.1923076923077,340.65029722576196,340.650297225762,23889.825594451526
RED KITCHEN SCALES,6.769230769230769,9.36441710371274,88,707.2,8.036363636363637,A_A,0.95,53.35788778256993,134.58865701333917,57.81836289819305,139.04913212896227,81.23076923076923,8.359542142671161,464.6493891091151,2470.769230769231,392.0769439391634,8.251681634585132,380.11834319526633,315.08728949292765,315.0872894929277,20486.174578985858
POMPOM CURTAIN,18.0,8.48528137423857,36,214.20000000000002,5.95,A_A,0.95,48.348625051168064,264.3486250511681,76.44588844958302,292.44588844958304,216.0,58.11388300841897,454.853036275019,6570.0,743.0348850061714,5.880945817400443,505.3846153846154,442.10575657867207,442.10575657867207,39975.711513157345
PINK HAPPY BIRTHDAY BUNTING,16.0,11.357816691600547,48,261.6,5.45,A_A,0.95,64.71615924125673,256.7161592412567,83.41856965887992,275.4185696588799,192.0,28.89913529618171,454.6312046408956,5840.0,731.969819400883,6.517539487816082,449.2307692307693,398.9235515734814,398.9235515734813,32625.847103146963
HEART WREATH DECORATION WITH BELL,60.0,61.18823416311342,420,464.52,1.1059999999999999,A_A,0.95,348.64689344033843,1068.6468934403383,400.64258640909935,1120.6425864090993,720.0,14.913568411777224,443.1107005684638,21900.0,3146.512751520198,7.4711718300936205,1684.6153846153848,348.0043103181338,348.0043103181339,24917.408620636266
SET OF 4 PANTRY JELLY MOULDS,48.0,64.24951361683604,192,212.64000000000001,1.1075000000000002,A_A,0.95,366.08988041472867,942.0898804147287,398.6929758787,974.6929758787,576.0,8.90576254854043,441.5524707856603,17520.0,2812.4200515348684,8.347365449761025,2695.3846153846157,311.4755207074868,311.47552070748674,20026.351041414975
SET OF 3 REGENCY CAKE TINS,11.058823529411764,15.718104959867516,188,841.0,4.473404255319149,A_A,0.95,89.56082063781108,222.26670299075224,96.66781386885651,229.37369622179767,132.70588235294116,7.93538199006294,432.4342099133422,4036.470588235294,671.6868177111571,8.65303332638681,620.9954751131222,300.47266685908687,300.4726668590868,18657.710039600526
CHRISTMAS METAL TAGS ASSORTED ,78.0,93.33809511662427,156,113.88,0.73,A_A,0.95,531.8348755628488,1467.8348755628488,590.500161188646,1526.500161188646,936.0,11.030733094310685,431.06511766771155,28470.0,4415.880433163923,8.065535037742325,4380.0,322.35927162096647,322.35927162096635,21427.81854324193
PACK 3 BOXES CHRISTMAS PANNETONE,36.0,34.9857113690718,180,322.2,1.79,A_A,0.95,199.34648793935,631.34648793935,231.87186012921885,663.8718601292188,432.0,16.315999607559938,415.0506296313017,13140.0,1915.8264695562887,7.581657261562178,1010.7692307692308,342.9329380505758,342.93293805057573,24206.465876101152
CREAM CUPID HEARTS COAT HANGER,24.0,11.313708498984761,48,186.4,3.8833333333333333,A_A,0.95,64.46483340155743,352.4648334015574,101.92785126611071,389.9278512661107,288.0,58.11388300841897,395.8198224167299,8760.0,1062.0249506052833,6.304257697656933,673.8461538461539,412.4196891517184,412.4196891517184,34842.83937830343
WOODEN BOX OF DOMINOES,96.0,0.0,96,120.0,1.25,A_A,0.95,0.0,1152.0,315.81189637468265,1467.8118963746826,1152.0,,394.7648704683533,35040.0,3743.794866175229,5.555859961218947,2695.3846153846157,467.9743582719036,467.9743582719036,44735.948716543804
JUMBO BAG STRAWBERRY,30.0,28.284271247461902,60,124.8,2.08,A_A,0.95,161.16208350389357,521.1620835038935,188.97929408816051,548.9792940881605,360.0,17.260393995585765,393.0769317033739,10950.0,1622.4091772612535,7.704591526720108,842.3076923076924,337.46110887034087,337.46110887034075,23450.92221774068
BLUE HAPPY BIRTHDAY BUNTING,10.8,10.73312629199899,54,294.3,5.45,A_A,0.95,61.156710759666424,190.75671075966645,70.72794090657705,200.32794090657706,129.60000000000002,15.65033506220377,385.4672779408449,3942.0000000000005,601.3745722482695,7.932896437572301,303.2307692307693,327.7491418753068,327.7491418753069,22139.398283750616
STRAWBERRY LUNCH BOX WITH CUTLERY,20.666666666666668,26.0,186,420.3,2.259677419354839,A_A,0.95,148.1464427504825,396.1464427504825,163.0019606721782,411.0019606721782,248.0,10.02759002908784,368.33184984148653,7543.333333333334,1291.9432252110341,8.906016046527675,1160.5128205128208,291.9374933097837,291.9374933097837,17629.374986619572
SET OF 16 VINTAGE SKY BLUE CUTLERY,12.5,16.263455967290593,25,275.54999999999995,11.021999999999998,B_A,0.7,29.543814570737457,179.54381457073745,32.32196490732586,182.32196490732585,150.0,9.403492328103425,356.25269720854556,4562.5,454.9422147908085,5.185094831588392,350.96153846153845,501.43730914242906,501.43730914242906,51290.74961828485
PACK 3 BOXES BIRD PANNETONE ,28.5,29.3501034313096,228,415.79999999999995,1.8236842105263156,A_A,0.95,167.23513145027874,509.23513145027874,191.72349849079012,533.7234984907901,342.0,14.643075786855286,349.64311698451985,10402.5,1688.8032085048505,8.441986718793773,1600.3846153846155,307.98437460364767,307.9843746036477,19586.84374920729
RED RETROSPOT UMBRELLA,10.8,7.52994023880668,54,321.30000000000007,5.950000000000001,A_A,0.95,42.905148480881856,172.50514848088187,55.70592535906099,185.305925359061,129.60000000000002,29.83506020002016,331.45025588641295,3942.0000000000005,575.552347056009,7.592268403580026,303.2307692307693,342.45364649832544,342.4536464983254,24139.807292996655
JUMBO BAG VINTAGE CHRISTMAS ,23.333333333333332,23.09401076758503,70,145.6,2.08,A_A,0.95,131.58829015611775,411.58829015611775,152.3402458884446,432.3402458884446,280.0,15.770366578748396,316.8677114479648,8516.666666666666,1430.8304026073952,8.736185628444371,1310.2564102564102,297.61272374233823,297.61272374233823,18309.892114151342
EDWARDIAN PARASOL RED,9.0,7.54983443527075,63,374.85,5.95,A_A,0.95,43.0185044207869,151.01850442078688,52.22248368019446,160.22248368019444,108.0,21.39539573337683,310.72377789715705,3285.0,525.4050058460303,8.316913334549035,505.3846153846154,312.6159784783881,312.6159784783881,20170.981956956777
BLUE PAISLEY JOURNAL ,21.0,21.213203435596427,42,90.9,2.1642857142857146,A_A,0.95,120.87156262792016,372.8715626279202,139.22109504360157,391.22109504360157,252.0,15.181016954473336,301.31422713008055,7665.0,1330.7111178643997,9.02765533319619,1179.2307692307693,288.00390622350943,288.00390622350943,17165.257812447024
LUNCH BOX WITH CUTLERY RETROSPOT ,17.5,20.056737702645645,210,481.5,2.2928571428571427,A_A,0.95,114.28209014717063,324.2820901471706,127.96361537434352,337.96361537434353,210.0,11.971714211346708,293.4022895368876,6387.5,1180.2172565191843,9.608030894559308,982.6923076923077,270.6069566733272,270.60695667332726,15186.838913346652
SET OF 16 VINTAGE ROSE CUTLERY,24.0,0.0,24,262.79999999999995,10.949999999999998,B_A,0.7,0.0,288.0,25.171224609985952,313.1712246099859,288.0,,275.6249094793461,8760.0,632.4555320336759,3.7543022449487613,336.92307692307696,692.538807576875,692.538807576875,97307.07761515373
SET OF 16 VINTAGE BLACK CUTLERY,24.0,0.0,24,262.79999999999995,10.949999999999998,B_A,0.7,0.0,288.0,25.171224609985952,313.1712246099859,288.0,,275.6249094793461,8760.0,632.4555320336759,3.7543022449487613,336.92307692307696,692.538807576875,692.538807576875,97307.07761515373
SET OF 6 SPICE TINS PANTRY DESIGN,24.0,0.0,48,165.60000000000002,3.4500000000000006,A_A,0.95,0.0,288.0,78.95297409367066,366.95297409367066,288.0,,272.38776062316384,8760.0,1126.7498468565702,6.688469410564115,673.8461538461539,388.7286971655167,388.72869716551685,30999.45739433104
RABBIT NIGHT LIGHT,26.181818181818183,20.502771431287925,288,529.44,1.8383333333333336,A_A,0.95,116.82356361813555,431.00538179995374,145.14203735786077,459.32385553967896,314.1818181818182,24.240378278726894,266.8194453428674,9556.363636363638,1612.2010685712712,8.772631385300294,1470.2097902097905,296.37629643901874,296.37629643901874,18160.53441105986
METAL 4 HOOK HANGER FRENCH CHATEAU,18.666666666666668,12.220201853215574,56,160.56,2.867142857142857,A_A,0.95,69.62997824025928,293.6299782402593,92.83997098701238,316.8399709870124,224.0,33.33333333333335,266.18545967276265,6813.333333333334,1090.0342755193567,8.319243981458886,1048.2051282051284,312.5283987096213,312.52839870962123,20159.85679741924
SKULL LUNCH BOX WITH CUTLERY ,16.2,16.982343772283023,162,386.09999999999997,2.3833333333333333,A_A,0.95,96.76437767036691,291.1643776703669,110.46952558196584,304.86952558196583,194.39999999999998,14.1634227817661,263.2857026370186,5913.0,1113.7726475764748,9.794719714861609,909.6923076923077,265.4491476723932,265.44914767239317,14623.548295344786
ROUND SNACK BOXES SET OF 4 SKULLS,13.0,14.618970063389751,104,287.6,2.7653846153846158,A_A,0.95,83.29801582949952,239.29801582949952,93.63496577721406,249.63496577721406,156.0,12.409599250086556,258.9366938223728,4745.0,926.243854138652,10.150617579601665,730.0,256.14205043295806,256.142050432958,13634.034100865918
SET OF 2 CERAMIC CHRISTMAS REINDEER,30.0,25.45584412271571,60,87.0,1.45,A_A,0.95,145.0458751535042,505.0458751535042,175.43734589245648,535.4373458924565,360.0,20.953005872651342,254.3841515440619,10950.0,1943.157757096813,9.227781129592172,1684.6153846153848,281.75787477903793,281.7578747790379,16441.015749558075
FUNKY DIVA PEN,76.8,26.290682760247975,384,326.4,0.85,A_A,0.95,149.80273570816053,1071.4027357081604,293.7220422719138,1215.3220422719137,921.5999999999999,96.0725489313699,249.6637359311267,28032.0,4060.715671492635,7.532720281022296,2156.3076923076924,345.160832076874,345.160832076874,24517.521664153748
BLUE HARMONICA IN BOX ,24.0,31.74901573277509,168,210.0,1.25,A_A,0.95,180.90399006306666,468.90399006306666,197.38243523417668,485.3824352341767,288.0,9.108945117996182,246.72804404272085,8760.0,1871.8974330876144,11.111719922437894,1347.6923076923078,233.9871791359518,233.9871791359518,11417.974358271904
JAM MAKING SET WITH JARS,10.5,9.0,42,166.5,3.9642857142857144,A_A,0.95,51.28146095209009,177.2814609520901,61.829870617985435,187.82987061798542,126.0,20.569635634503936,245.1112728070137,3832.5,695.2541825680579,9.433324851543121,589.6153846153846,275.6186223751944,275.61862237519443,15744.36224475039
BLUE OWL SOFT TOY,10.666666666666666,14.0,96,264.0,2.75,A_A,0.95,79.77116148102904,207.77116148102903,87.14792649045167,215.14792649045165,128.0,9.247408302030236,239.6567978487421,3893.333333333333,841.3553279553104,11.237280065156543,598.974358974359,231.37271518771036,231.37271518771038,11169.412097042086
RED RETROSPOT BUTTER DISH,11.25,6.18465843842649,45,210.15,4.67,A_A,0.95,35.239813356909174,170.23981335690917,51.103090112688854,186.10309011268885,135.0,45.01521218377707,238.65143082625696,4106.25,663.0545434752154,8.396672453141235,631.7307692307693,309.6464718029256,309.6464718029256,19795.48044360585
ALARM CLOCK BAKELIKE ORANGE,9.5,9.71253485622231,38,142.5,3.75,A_A,0.95,55.34144188613094,169.34144188613095,63.55608843348095,177.55608843348097,114.0,14.843571593693294,238.33533162555358,3467.5,679.9509786251751,10.196813522280925,533.4615384615385,254.98161698444065,254.98161698444068,13513.088233968881
SET OF 12 FAIRY CAKE BAKING CASES,40.666666666666664,47.69092410956453,488,376.88,0.7722950819672131,A_A,0.95,271.7400291659695,759.7400291659694,302.88630542813,790.8863054281301,488.0,11.461791756538542,233.91760407736402,14843.333333333332,3099.9813978621237,10.86002915038157,2283.5897435897436,239.41003877587642,239.41003877587647,11942.253410885085
RED  HARMONICA IN BOX ,22.5,29.698484809834994,180,225.0,1.25,A_A,0.95,169.2201876790882,439.2201876790882,184.70029077586494,454.7002907758649,270.0,9.14790564240091,230.87536346983117,8212.5,1812.4568960391857,11.476134988619501,1263.4615384615386,226.55711200489824,226.55711200489822,10718.739224009796
6 RIBBONS RUSTIC CHARM,22.58823529411765,16.908055859299036,384,727.1999999999999,1.8937499999999998,A_A,0.95,96.34108959160018,367.39991312101193,121.66916491023548,392.7279884396472,271.05882352941177,26.290002973812765,230.41098104875843,8244.705882352942,1475.4050409784668,9.30549412260962,1268.4162895927604,279.4048296352972,279.4048296352971,16172.221423976476
SET OF 12 MINI LOAF BAKING CASES,40.0,46.896404204082934,480,370.24,0.7713333333333333,A_A,0.95,267.2129023316792,747.2129023316792,297.8560277696763,777.8560277696763,480.0,11.467681826217069,229.74628275301032,14600.0,3076.382839349442,10.956979975765137,2246.153846153846,237.29166300848698,237.29166300848695,11736.049992683642
ASSORTED COLOUR BIRD ORNAMENT,28.0,16.97056274847714,56,94.63999999999999,1.6899999999999997,A_A,0.95,96.69725010233613,432.6972501023361,133.54752880303312,469.5475288030331,336.0,38.10892105173394,225.69532367712594,10220.0,1738.8699316088178,8.847479104076177,1572.3076923076924,293.86901844189015,293.86901844189015,17859.538036883776
SET OF 6 SNACK LOAF BAKING CASES,39.111111111111114,43.53287391283868,352,278.08,0.7899999999999999,A_A,0.95,248.0477081881665,717.3810415214998,279.43177645407076,748.7651097874041,469.33333333333337,12.652432266012559,220.75110339871588,14275.555555555557,3005.854577989844,10.949096688194636,2196.2393162393164,237.4625116611977,237.46251166119768,11752.613912211284
CHICK GREY HOT WATER BOTTLE,8.0,8.0,48,197.6,4.116666666666666,A_A,0.95,45.58352084630231,141.5835208463023,52.63531606244711,148.63531606244712,96.0,15.470053837925146,216.6820511237406,2920.0,595.5299072635598,10.605327115652436,449.2307692307693,245.15981182349879,245.15981182349879,12510.986290313664
ROUND SNACK BOXES SET OF4 WOODLAND ,14.8125,9.874821354039451,474,1379.1000000000001,2.9094936708860764,A_A,0.95,56.26614063067105,234.01614063067106,74.43368477703767,252.18368477703768,177.75,32.288591225081056,216.5643347595204,5406.5625,963.91093624732,9.270838667796893,831.7788461538462,280.44927683094494,280.449276830945,16291.257928661891
MAGIC SHEEP WOOL GROWING FROM PAPER,48.0,33.94112549695428,96,81.6,0.85,A_A,0.95,193.39450020467225,769.3945002046722,249.67122618026755,825.6712261802676,576.0,29.09944487358058,212.22054225322742,17520.0,3210.2776130641996,9.528221225989633,2695.3846153846157,272.873597110457,272.873597110457,15437.747194220914
SET 40 HEART SHAPE PETIT FOUR CASES,21.5,18.284784202536635,86,141.89999999999998,1.6499999999999997,A_A,0.95,104.18560523330846,362.1856052333085,125.92533575279127,383.9253357527913,258.0,20.866347583046483,207.77680399210556,7847.5,1542.0863474625223,10.218348527308208,1207.3076923076924,254.44424733131618,254.44424733131615,13457.263494662631
GUMBALL COAT RACK,18.166666666666668,10.66714014100681,218,523.5,2.4013761467889907,A_A,0.95,60.780725623501496,278.7807256235015,85.24033424772959,303.2403342477296,218.0,40.2423767951374,204.69410540681852,6630.833333333334,1175.0029635462909,9.214551329054737,1020.1282051282053,282.16240890664375,282.1624089066437,16487.44981781329
BOYS ALPHABET IRON ON PATCHES,288.0,0.0,288,60.48,0.21,A_A,0.95,0.0,3456.0,947.4356891240479,4403.435689124048,3456.0,,198.96149471605005,105120.0,15820.42079989386,7.825931141500006,8086.153846153847,332.22883679777107,332.22883679777107,22739.657673595542
PINK POLKADOT WRAP ,75.0,70.71067811865476,150,63.0,0.42,A_A,0.95,402.9052087597339,1302.9052087597338,472.4482352204013,1372.4482352204013,900.0,17.260393995585765,198.42825879256853,27375.0,5708.702629694922,10.84392828289081,4211.538461538462,239.7655104471867,239.76551044718673,11977.031020894374
JUMBO BAG RED RETROSPOT,18.46153846153846,12.810252304406971,240,499.2,2.08,A_A,0.95,72.99205037054091,294.5305119090024,94.95442922407278,316.49289076253433,221.53846153846152,30.088727117598204,197.50521278607138,6738.461538461538,1272.7224698287919,9.821465634751865,1036.6863905325445,264.72627372438876,264.7262737243887,14545.452547448778
STRAWBERRY FAIRY CAKE TEAPOT,8.4,4.979959839195493,42,207.9,4.95,A_A,0.95,28.3755128929645,129.17551289296452,39.60785675118869,140.40785675118872,100.80000000000001,39.584637291293404,196.05889091838404,3066.0,556.5042405022352,9.438428084186638,471.69230769230774,275.4695990486065,275.4695990486065,15727.639198097213
MINT KITCHEN SCALES,4.0,3.265986323710904,40,340.0,8.5,A_A,0.95,18.609394458826777,66.60939445882678,22.791760423151153,70.79176042315115,48.0,22.474487139158917,193.7299635967848,1460.0,293.0569107548506,10.437643396748102,224.61538461538464,249.09837414162303,249.09837414162305,12908.196748283246
MAGIC TREE -PAPER FLOWERS,36.0,33.94112549695428,72,61.2,0.8500000000000001,A_A,0.95,193.39450020467225,625.3945002046722,226.7751529057926,658.7751529057925,432.0,17.260393995585765,192.75887996992373,13140.0,2780.1819661140676,11.002242179446842,2021.5384615384617,236.31546711969574,236.3154671196958,11641.630934239394
MINI LIGHTS WOODLAND MUSHROOMS,9.0,6.855654600401044,81,303.75,3.75,A_A,0.95,39.063109299053664,147.06310929905368,49.01553414211383,157.01553414211384,108.0,25.477810193929628,183.80825303292687,3285.0,661.8156843109718,10.47623001040199,505.3846153846154,248.1808816166145,248.18088161661444,12815.11176323323
ALARM CLOCK BAKELIKE GREEN,8.777777777777779,6.887992773257275,79,296.25,3.75,A_A,0.95,39.24737027111908,144.58070360445242,48.72574150689059,154.05907484022393,105.33333333333334,24.15033458368128,182.72153065083972,3203.888888888889,653.5940522871863,10.608011668819252,492.90598290598297,245.09776960769486,245.09776960769486,12504.778872548724
 SPACEBOY BABY GIFT SET,3.5,3.5355339059327378,7,106.64999999999999,15.235714285714284,C_A,0.8,10.307712894726894,52.30771289472689,11.872528536893816,53.87252853689382,42.0,15.181016954473314,180.88645263710362,1277.5,204.7547788359652,8.334441095475688,196.53846153846155,311.95853089793843,311.95853089793843,20087.542061795873
PANTRY MAGNETIC  SHOPPING LIST,17.53846153846154,19.96920706410825,228,321.0,1.4078947368421053,A_A,0.95,113.7833458113632,324.2448842729017,127.57556519700267,338.0371036585411,210.46153846153848,12.12147462116735,179.61296679051694,6401.538461538462,1507.7942717028786,12.247884254640061,984.8520710059173,212.28156193711584,212.28156193711584,9437.25543156654
DOORMAT SPOTTY HOME SWEET HOME,11.0,12.727922061357855,22,151.5,6.886363636363637,B_A,0.7,23.121246185794533,155.12124618579452,25.83969890855331,157.83969890855332,132.0,11.75737977492306,177.94156293844665,4015.0,539.9242093249584,6.992791752153881,308.84615384615387,371.8114441487782,371.8114441487782,28392.372888297556
RED RETROSPOT MINI CASES,3.8461538461538463,3.2364114346539714,50,397.5,7.95,A_A,0.95,18.440878512345055,64.59472466619121,22.36419748061103,68.51804363445719,46.15384615384615,21.275119651374254,177.79536997085768,1403.8461538461538,297.14005272551253,11.006393185887477,215.97633136094674,236.22634191678245,236.22634191678247,11633.029606910488
SET OF 12 FORK CANDLES,14.0,6.928203230275509,42,121.38,2.8899999999999997,A_A,0.95,39.476487046835324,207.47648704683533,60.659204557674194,228.6592045576742,168.0,53.65907428821484,175.3051011716784,5110.0,940.2569037144577,9.56817201431542,786.1538461538462,271.73424517347826,271.73424517347826,15311.368490346955
SKETCHBOOK MAGNETIC SHOPPING LIST,18.857142857142858,18.142294704442907,132,191.39999999999998,1.4499999999999997,A_A,0.95,103.37370860746664,329.65942289318093,120.55870062376539,346.84441490947967,226.28571428571428,16.62414190977133,174.8101159044598,6882.857142857143,1540.5839849804765,11.639115204086622,1058.901098901099,223.3846778221691,223.3846778221691,10426.912212787192
HOME SWEET HOME METAL SIGN ,18.0,0.0,36,106.2,2.95,A_A,0.95,0.0,216.0,59.214730570252996,275.214730570253,216.0,,174.68345518224635,6570.0,1055.2532028067471,8.352080143980343,1010.7692307692308,311.29969482799055,311.29969482799044,20004.09938965598
CAKE STAND 3 TIER MAGIC GARDEN,6.5,7.7781745930520225,13,144.14999999999998,11.088461538461537,B_A,0.7,14.129650446874436,92.12965044687444,15.68825447482823,93.68825447482823,78.0,11.030733094310685,173.95860634972993,2372.5,327.07885255563156,7.168851562863157,182.5,362.6801276607253,362.6801276607253,27032.735255321448
STRAWBERRY CERAMIC TRINKET BOX,24.0,20.079840636817814,144,180.0,1.25,A_A,0.95,114.41372928235162,402.4137292823516,139.01105555505677,427.01105555505677,288.0,21.498579258791196,173.76381944382098,8760.0,1871.8974330876144,11.111719922437894,1347.6923076923078,233.9871791359518,233.9871791359518,11417.974358271904
ALARM CLOCK BAKELIKE PINK,8.705882352941176,6.361649804515659,148,555.0,3.75,A_A,0.95,36.24829956012682,140.71888779542093,46.197160226060745,150.66774846135485,104.47058823529412,27.446420347060062,173.2393508477278,3177.6470588235293,650.9118792200708,10.65172345854392,488.868778280543,244.09195470752647,244.09195470752655,12404.360380003287
BLUE POLKADOT WRAP,125.0,0.0,125,52.5,0.42,A_B,0.95,0.0,1500.0,411.21340673786807,1911.2134067378681,1500.0,,172.70963082990457,45625.0,7369.903404419639,8.39967072942074,7019.2307692307695,309.5359429856249,309.53594298562484,19781.57188597125
FANCY FONTS BIRTHDAY WRAP,125.0,0.0,125,52.5,0.42,A_B,0.95,0.0,1500.0,411.21340673786807,1911.2134067378681,1500.0,,172.70963082990457,45625.0,7369.903404419639,8.39967072942074,7019.2307692307695,309.5359429856249,309.53594298562484,19781.57188597125
PACK OF 12 PINK POLKADOT TISSUES,64.0,69.2820323027551,192,72.48,0.3775,A_A,0.95,394.7648704683533,1162.7648704683534,447.40018653080045,1215.4001865308005,768.0,13.333333333333353,168.89357041537718,23360.0,5562.409311709574,12.382075522641173,3593.8461538461543,209.98095151703643,209.98095151703643,9238.361903034072
JUMBO BAG PINK POLKADOT,14.285714285714286,11.338934190276817,100,208.0,2.08,A_A,0.95,64.60856787966665,236.0371393082381,79.89289045192865,251.3214618805001,171.42857142857144,23.656804467062354,166.1772121400116,5214.285714285715,1119.568696388956,11.165013848919997,802.1978021978023,232.8702888489028,232.87028884890285,11311.454863412091
RETROSPOT PADDED SEAT CUSHION,12.5,2.886751345948129,50,187.5,3.75,A_A,0.95,16.448536269514722,166.44853626951473,44.28903932373307,194.28903932373308,150.0,169.2582403567252,166.08389746399902,4562.5,779.9572637865059,8.889375937950314,701.9230769230769,292.4839739199398,292.48397391993973,17694.34294783988
RED RETROSPOT SUGAR JAM BOWL,12.0,10.392304845413264,36,81.0,2.25,A_A,0.95,59.214730570252996,203.21473057025298,71.1672491112774,215.16724911127739,144.0,20.185042515466336,160.12631050037416,4380.0,986.5765724632495,11.71278122559109,673.8461538461539,221.97972880423112,221.97972880423114,10298.959457608462
SKULLS AND CROSSBONES WRAP,58.333333333333336,57.735026918962575,175,73.5,0.42,A_A,0.95,328.9707253902944,1028.9707253902943,380.85061472111147,1080.8506147211115,700.0,15.770366578748373,159.9572581828668,21291.666666666668,5034.602488997739,12.295858916378037,3275.641025641026,211.453304537905,211.45330453790504,9365.40660907581
RED RETROSPOT WRAP ,58.333333333333336,57.735026918962575,175,73.5,0.42,A_A,0.95,328.9707253902944,1028.9707253902943,380.85061472111147,1080.8506147211115,700.0,15.770366578748373,159.9572581828668,21291.666666666668,5034.602488997739,12.295858916378037,3275.641025641026,211.453304537905,211.45330453790504,9365.40660907581
DOUGHNUT LIP GLOSS ,33.333333333333336,11.547005383792515,100,125.0,1.25,A_A,0.95,65.79414507805888,465.7941450780589,127.8808316375447,527.8808316375447,400.0,94.36506316151008,159.85103954693088,12166.666666666668,2206.0522810365733,9.42860700936179,1871.794871794872,275.7565351295716,275.75653512957166,15759.846403592479
SET/10 RED POLKADOT PARTY CANDLES,32.0,12.393546707863734,192,240.0,1.25,A_A,0.95,70.61768683969099,454.617686839691,126.76262731011644,510.76262731011644,384.0,79.50549357115013,158.45328413764554,11680.0,2161.4809737770074,9.623031732568869,1796.9230769230771,270.1851217221259,270.1851217221259,15140.370243444251
SWEETHEART CERAMIC TRINKET BOX,24.0,16.97056274847714,48,60.0,1.25,A_A,0.95,96.69725010233613,384.6972501023361,124.83561309013378,412.8356130901338,288.0,29.09944487358058,156.04451636266722,8760.0,1871.8974330876144,11.111719922437894,1347.6923076923078,233.9871791359518,233.9871791359518,11417.974358271904
ALARM CLOCK BAKELIKE RED ,7.636363636363637,5.7144155829398215,84,315.0,3.75,A_A,0.95,32.56039773117151,124.19676136753515,41.124983659294955,132.7613472956586,91.63636363636364,26.303689527490583,154.2186887223561,2787.2727272727275,609.6198517407087,11.373207932018438,428.81118881118886,228.6074444027658,228.60744440276574,10909.487616078259
RETROSPOT PARTY BAG + STICKER SET,14.090909090909092,14.969666298582247,155,246.14999999999998,1.588064516129032,A_A,0.95,85.29626197295161,254.3871710638607,97.07850001702145,266.16940910793056,169.0909090909091,13.81331112470805,154.1669211560634,5143.181818181819,1272.5266018849823,12.865845625774806,791.2587412587415,202.0854342283796,202.0854342283796,8571.875413911304
PACK OF 12 VINTAGE CHRISTMAS TISSUE,120.0,0.0,120,46.800000000000004,0.39,A_B,0.95,0.0,1440.0,394.7648704683533,1834.7648704683534,1440.0,,153.9582994826578,43800.0,7493.587001820032,8.896495983895928,6738.461538461539,292.24989307098133,292.24989307098133,17666.49978614196
CLOTHES PEGS RETROSPOT PACK 24 ,15.857142857142858,14.565124686828367,111,173.54999999999998,1.5635135135135134,A_A,0.95,82.99120809887916,273.27692238459343,98.02430915240426,288.31002343811855,190.28571428571428,18.11408870637723,153.26233201261044,5787.857142857143,1360.482889656656,12.223022876342656,890.4395604395605,212.71333828820954,212.7133382882096,9474.819533719276
SET OF 4 KNICK KNACK TINS LONDON ,9.6,3.286335345030997,48,199.20000000000002,4.15,A_A,0.95,18.725341963520066,133.92534196352005,36.71525528398922,151.9152552839892,115.19999999999999,96.0725489313699,152.36830942855528,3504.0,649.7450843975622,9.642335727361083,539.0769230769231,269.6442100249883,269.64421002498835,15080.888420049978
SET OF 6 RIBBONS VINTAGE CHRISTMAS,11.142857142857142,6.596702472939303,156,450.84,2.8899999999999997,A_A,0.95,37.58761558651034,171.30190130079606,52.50281215546117,186.2170978697469,133.71428571428572,39.68114586737364,151.73312712928276,4067.142857142857,838.8432116681519,10.72493603959281,625.7142857142857,242.4256881720959,242.42568817209587,12238.894233487046
DOLLY GIRL BABY GIFT SET,6.0,0.0,6,89.69999999999999,14.949999999999998,C_A,0.8,0.0,72.0,10.099454802874972,82.09945480287497,72.0,,150.9868493029808,2190.0,270.6365591659609,6.426073550972587,168.46153846153848,404.60165595311145,404.6016559531115,33549.70331190622
WOOD S/3 CABINET ANT WHITE FINISH,10.0,0.0,10,89.5,8.95,C_A,0.8,0.0,120.0,16.832424671458284,136.83242467145828,120.0,,150.65020080955162,3650.0,451.56462939997823,6.4332495147394155,280.7692307692308,404.15034331298045,404.1503433129805,33475.80068662596
PINK AND WHITE CHRISTMAS TREE 120CM,12.0,10.392304845413264,36,76.2,2.1166666666666667,A_A,0.95,59.214730570252996,203.21473057025298,71.1672491112774,215.16724911127739,144.0,20.185042515466336,150.63734395220382,4380.0,1017.1753385190474,12.076054247258096,673.8461538461539,215.30211331986501,215.30211331986504,9701.60422663973
VINTAGE LEAF MAGNETIC NOTEPAD,19.2,16.099689437998485,96,129.6,1.3499999999999999,A_A,0.95,91.73506613949962,322.1350661394996,111.37687603488124,341.7768760348812,230.39999999999998,21.411452263535423,150.35878264708964,7008.0,1611.0727964792763,11.954307279811983,1078.1538461538462,217.49482752470232,217.4948275247023,9895.789655049404
DOLLY GIRL LUNCH BOX,18.0,8.48528137423857,36,70.19999999999999,1.9499999999999997,A_A,0.95,48.348625051168064,264.3486250511681,76.44588844958302,292.44588844958304,216.0,58.11388300841897,149.0694824766869,6570.0,1297.927341809003,10.27278870229348,1010.7692307692308,253.09583165275558,253.09583165275558,13317.69166330551
WOODLAND BUNNIES LOLLY MAKERS,14.25,9.035643703846292,114,237.12,2.08,A_A,0.95,51.4845566417547,222.4845566417547,69.62928437939777,240.62928437939777,171.0,35.24304941363221,144.82891150914736,5201.25,1118.1683597603856,11.17899633886855,800.1923076923077,232.57901883016015,232.5790188301602,11283.75803766032
PACK OF 12 50'S CHRISTMAS TISSUES,56.0,55.42562584220407,168,65.52000000000001,0.39000000000000007,A_A,0.95,315.8118963746826,987.8118963746826,365.61659013226705,1037.616590132267,672.0,15.770366578748396,142.59047015158419,20440.0,5119.094471205644,13.023136619505554,3144.6153846153848,199.6446843770202,199.64468437702016,8370.889368754042
JUMBO BAG APPLES,13.285714285714286,8.882835240212549,93,193.44000000000003,2.08,A_A,0.95,50.613863168312186,210.04243459688362,66.87291868729116,226.3014901158626,159.42857142857144,32.123719671250626,139.09567086956562,4849.285714285715,1079.6729510915245,11.57758003232626,746.0439560439562,224.57197382703708,224.5719738270371,10535.658233368362
JAM MAKING SET PRINTED,19.636363636363637,12.322927633259292,216,313.2,1.45,A_A,0.95,70.2153035822687,305.8516672186323,95.41004128299116,331.0464049193548,235.63636363636363,35.88211745207752,138.34455986033717,7167.272727272727,1572.0920310948638,11.405842742088561,1102.6573426573427,227.9533445087553,227.95334450875524,10848.452143562965
TRADTIONAL ALPHABET STAMP SET,6.0,3.4641016151377544,42,207.9,4.95,A_A,0.95,19.738243523417662,91.73824352341767,27.914091688240166,99.91409168824016,72.0,41.42135623730952,138.17475385678884,2190.0,470.33192663492576,11.167698714619242,336.92307692307696,232.8143036842883,232.8143036842883,11306.128607368577
ROUND SNACK BOXES SET OF 4 FRUITS ,10.105263157894736,5.6754318175615035,192,566.4000000000001,2.9500000000000006,A_A,0.95,32.33827057094778,153.60142846568462,46.377629976802794,167.64078787153963,121.26315789473684,43.41406994865016,136.81400843156828,3688.4210526315787,790.6681418999514,11.146976658064384,567.4493927125507,233.2471018604857,233.24710186048574,11347.336308984131
HAND WARMER OWL DESIGN,16.5,6.2105900340811875,132,277.20000000000005,2.1000000000000005,A_A,0.95,35.38757003579715,233.38757003579715,64.79673552385454,262.7967355238545,198.0,83.10591955963025,136.07314460009457,6022.5,1197.4675659192492,10.339279938198581,926.5384615384615,251.46818884304233,251.4681888430424,13150.186377686088
SET OF 5 PANCAKE DAY MAGNETS,16.5,6.2105900340811875,132,274.56,2.08,A_A,0.95,35.38757003579715,233.38757003579715,64.79673552385454,262.7967355238545,198.0,83.10591955963025,134.77720988961744,6022.5,1203.2108485855028,10.388869095300317,926.5384615384615,250.26785650578464,250.2678565057846,13027.335713011571
SAVE THE PLANET MUG,18.0,12.0,72,106.79999999999998,1.4833333333333332,A_A,0.95,68.37528126945347,284.37528126945347,90.45199503153333,306.45199503153333,216.0,32.287565553229534,134.17045929677442,6570.0,1488.155482996664,11.778399561008603,1010.7692307692308,220.74306331117177,220.7430633111718,10186.986126622342
RED RETROSPOT PEG BAG,12.0,6.0,36,91.8,2.55,A_A,0.95,34.18764063472673,178.18764063472673,52.22248368019446,196.22248368019444,144.0,52.75252316519465,133.16733338449586,4380.0,926.7273220380224,11.002242179446842,673.8461538461539,236.31546711969577,236.3154671196957,11641.63093423939
MEMO BOARD RETROSPOT  DESIGN,5.285714285714286,3.5923198500080566,37,183.15,4.95,A_A,0.95,20.46882334617848,83.89739477474991,26.857606259035013,90.28617768760644,63.42857142857143,31.21226269241959,132.9451509822233,1929.2857142857142,441.44914189218315,11.898370059145108,296.8131868131868,218.51732523663068,218.51732523663068,9986.998936187547
SET OF 5 LUCKY CAT MAGNETS ,16.0,6.196773353931867,96,199.68,2.08,A_A,0.95,35.308843419845495,227.3088434198455,63.38131365505822,255.38131365505822,192.0,79.50549357115013,131.8331324025211,5840.0,1184.8401385191817,10.549946438869426,898.4615384615386,246.44674881198983,246.4467488119898,12640.09349762398
SET OF TEA COFFEE SUGAR TINS PANTRY,6.0,3.0237157840738176,48,237.60000000000002,4.95,A_A,0.95,17.228951434577773,89.22895143457777,26.19990505564436,98.19990505564436,72.0,52.069063257455504,129.68953002543958,2190.0,470.33192663492576,11.167698714619242,336.92307692307696,232.8143036842883,232.8143036842883,11306.128607368577
PACK OF 60 PINK PAISLEY CAKE CASES,42.0,33.406586176980134,126,69.3,0.5499999999999999,A_A,0.95,190.34872717527105,694.348727175271,235.20831734728898,739.208317347289,504.0,23.567055497414337,129.36457454100892,15330.0,3733.1439345896697,12.66298007819066,2358.4615384615386,205.32291640243176,205.32291640243182,8842.145832804861
PLASTERS IN TIN STRONGMAN,17.0,9.515537533185109,204,336.59999999999997,1.65,A_A,0.95,54.21896293846442,258.2189629384644,77.89290195554969,281.8929019555497,204.0,43.663577711646575,128.52328822665697,6205.0,1371.2414194090807,11.491467173130088,954.6153846153846,226.25483420249833,226.25483420249833,10690.759668404997
PLASTERS IN TIN WOODLAND ANIMALS,16.61111111111111,9.598645056887174,299,493.3499999999999,1.6499999999999997,A_A,0.95,54.692504630859126,254.02583796419245,77.31378787372925,276.6471212070626,199.33333333333331,41.360847149988686,127.56774999165324,6063.055555555556,1355.4665478312486,11.625204460256093,932.7777777777778,223.651980392156,223.651980392156,10451.345627450975
PLASTERS IN TIN SPACEBOY,16.736842105263158,9.503461973075087,318,524.6999999999999,1.6499999999999997,A_A,0.95,54.150157120213684,254.99226238337158,77.22543124416215,278.06753650732,200.8421052631579,42.613494311237574,127.42196155286753,6108.9473684210525,1360.586701481682,11.581456544015696,939.838056680162,224.49680574447757,224.4968057444775,10528.75676938369
SET OF 4 KNICK KNACK TINS DOILY ,7.875,2.872281323269015,126,522.9000000000001,4.15,A_A,0.95,16.36608694695974,110.86608694695974,30.6429873712892,125.1429873712892,94.5,87.2346607383851,127.16839759085019,2874.375,588.4813004368579,10.646150075309105,442.2115384615385,244.21973968129603,244.21973968129603,12417.095729362594
SPOTTY BUNTING,5.333333333333333,3.278719262151,48,237.60000000000002,4.95,A_A,0.95,18.681945979429127,82.68194597942913,25.62900363780257,89.62900363780257,64.0,37.18594233182622,126.86356800712272,1946.6666666666665,443.4331929761197,11.845133237033336,299.4871794871795,219.49943052317926,219.49943052317929,10074.998861046359
SET/2 RED RETROSPOT TEA TOWELS ,8.571428571428571,4.720774754816659,60,195.0,3.25,A_A,0.95,26.898691805860352,129.7558346630032,38.96970753464177,141.82685039178463,102.85714285714286,44.875846810332746,126.65154948758575,3128.5714285714284,693.7713465679317,11.531176719211285,481.31868131868134,225.47568763457787,225.4756876345778,10618.8085181263
PINK  POLKADOT PLATE ,16.0,9.237604307034012,64,108.16,1.69,A_A,0.95,52.6353160624471,244.6353160624471,74.43757783530712,266.43757783530714,192.0,41.42135623730954,125.79950654166903,5840.0,1314.4621146642355,11.704114719613056,898.4615384615386,222.1440973782558,222.14409737825582,10313.888194756511
JUMBO BAG VINTAGE DOILY ,12.857142857142858,7.559289460184544,90,187.20000000000002,2.08,A_A,0.95,43.07237858644444,197.35809287215872,60.36722113157871,214.65293541729298,154.28571428571428,40.15297764534702,125.56381995368372,4692.857142857143,1062.116123284389,11.76895795663676,721.9780219780221,220.92015364315293,220.92015364315293,10202.983164429164
SET OF 16 VINTAGE PISTACHIO CUTLERY,3.0,2.8284271247461903,6,76.5,12.75,C_A,0.8,8.246170315781516,44.24617031578151,9.669491801832443,45.66949180183244,36.0,17.260393995585744,123.28602047336365,1095.0,207.2225288683357,9.84070456726343,168.46153846153848,264.2087243071281,264.208724307128,14489.667448614257
DOORMAT KEEP CALM AND COME IN,7.333333333333333,7.571877794400366,22,169.8,7.718181818181819,B_A,0.7,13.754896496781708,101.75489649678171,15.759183060950317,103.75918306095032,88.0,14.571440538557013,121.63224017042563,2676.6666666666665,416.41335055897696,8.089723871382366,411.79487179487177,321.39539511324676,321.3953951132468,21301.790790226492
BREAD BIN DINER STYLE IVORY,6.0,2.8284271247461903,12,179.39999999999998,14.949999999999998,B_A,0.7,5.138054707954342,77.13805470795434,8.12397780984349,80.1239778098435,72.0,58.11388300841895,121.45346825716015,2190.0,270.6365591659609,6.426073550972587,168.46153846153848,404.60165595311145,404.6016559531115,33549.70331190622
10 COLOUR SPACEBOY PEN,36.0,13.856406460551018,144,122.39999999999999,0.85,A_A,0.95,78.95297409367065,510.95297409367066,142.3344982225548,574.3344982225548,432.0,80.27756377319952,120.98432348917157,13140.0,2780.1819661140676,11.002242179446842,2021.5384615384617,236.31546711969574,236.31546711969577,11641.63093423939
RIBBON REEL CHRISTMAS SOCK BAUBLE,16.0,8.94427190999916,80,132.0,1.65,A_A,0.95,50.963925633055354,242.96392563305534,73.26525924969692,265.2652592496969,192.0,43.75905768565218,120.88767776199992,5840.0,1330.299578928359,11.845133237033336,898.4615384615386,219.49943052317926,219.49943052317926,10074.998861046359
PLASTERS IN TIN CIRCUS PARADE ,15.1,9.278724957778696,302,498.29999999999995,1.65,A_A,0.95,52.86961906750133,234.06961906750132,72.54488591359063,253.74488591359062,181.2,37.21469379412188,119.69906175742454,5511.5,1292.3434199745495,12.193025100004823,847.923076923077,213.2366642958007,213.2366642958007,9520.448328591601
DOORMAT AIRMAIL ,10.0,0.0,10,70.8,7.08,C_A,0.8,0.0,120.0,16.832424671458284,136.83242467145828,120.0,,119.17356667392465,3650.0,507.708933919742,7.2331135791305705,280.7692307692308,359.4579252151773,359.45792521517734,26560.915850430356
DOORMAT UNION FLAG,10.0,0.0,10,70.8,7.08,C_A,0.8,0.0,120.0,16.832424671458284,136.83242467145828,120.0,,119.17356667392465,3650.0,507.708933919742,7.2331135791305705,280.7692307692308,359.4579252151773,359.45792521517734,26560.915850430356
DOORMAT MULTICOLOUR STRIPE,10.0,0.0,10,70.8,7.08,C_A,0.8,0.0,120.0,16.832424671458284,136.83242467145828,120.0,,119.17356667392465,3650.0,507.708933919742,7.2331135791305705,280.7692307692308,359.4579252151773,359.45792521517734,26560.915850430356
DOORMAT NEW ENGLAND,10.0,0.0,10,70.8,7.08,C_A,0.8,0.0,120.0,16.832424671458284,136.83242467145828,120.0,,119.17356667392465,3650.0,507.708933919742,7.2331135791305705,280.7692307692308,359.4579252151773,359.45792521517734,26560.915850430356
DOORMAT MERRY CHRISTMAS RED ,10.0,0.0,10,70.8,7.08,C_A,0.8,0.0,120.0,16.832424671458284,136.83242467145828,120.0,,119.17356667392465,3650.0,507.708933919742,7.2331135791305705,280.7692307692308,359.4579252151773,359.45792521517734,26560.915850430356
DOORMAT NEIGHBOURHOOD WITCH ,10.0,0.0,10,70.8,7.08,C_A,0.8,0.0,120.0,16.832424671458284,136.83242467145828,120.0,,119.17356667392465,3650.0,507.708933919742,7.2331135791305705,280.7692307692308,359.4579252151773,359.45792521517734,26560.915850430356
PACK OF 6 BIRDY GIFT TAGS,21.0,11.489125293076057,84,105.0,1.25,A_A,0.95,65.46434778783895,317.46434778783896,95.17436358763553,347.1743635876355,252.0,45.383505379267966,118.9679544845444,7665.0,1750.999714448863,11.878928265015118,1179.2307692307693,218.8749643061079,218.87496430610787,10018.999928612217
RED TOADSTOOL LED NIGHT LIGHT,16.2,8.31693624909008,243,400.94999999999993,1.6499999999999997,A_A,0.95,47.38940461097062,241.7894046109706,71.31568527156901,265.715685271569,194.39999999999998,50.488671163974615,117.67088069808884,5913.0,1338.588130015421,11.771788053577186,909.6923076923077,220.86704145254447,220.86704145254444,10198.184082905087
CHRISTMAS CRAFT LITTLE FRIENDS,12.0,6.928203230275509,84,176.40000000000003,2.1000000000000005,A_A,0.95,39.476487046835324,183.47648704683533,55.82818337648033,199.82818337648033,144.0,41.42135623730952,117.23918509060873,4380.0,1021.2037714663722,12.12388039183821,673.8461538461539,214.4527920079382,214.45279200793826,9626.905584015878
TEA TIME OVEN GLOVE,16.0,15.011106998930272,112,130.5,1.1651785714285714,A_A,0.95,85.53238860147655,277.53238860147655,100.4304037474096,292.4304037474096,192.0,17.417980942105782,117.01935436640136,5840.0,1583.0520016243127,14.095668507613743,898.4615384615386,184.45382697497575,184.45382697497573,7173.550511092808
JUMBO BAG 50'S CHRISTMAS ,12.272727272727273,6.842381297339532,135,280.8,2.08,A_A,0.95,38.9874788132032,186.26020608593046,56.12537336752703,203.3981006402543,147.27272727272728,43.95743217055639,116.74077660445623,4479.545454545455,1037.6963964420477,12.045912506643353,689.1608391608393,215.84085045994593,215.84085045994593,9749.136246374437
JUMBO BAG PEARS,14.0,5.477225575051661,70,145.6,2.08,A_A,0.95,31.208903272533444,199.20890327253343,55.63399780246924,223.63399780246925,168.0,78.26322609494582,115.71871542913603,5110.0,1108.316464109139,11.278367149447208,786.1538461538462,230.529824534701,230.5298245347009,11089.859649069404
JUMBO BAG SPACEBOY DESIGN,14.0,5.477225575051661,70,145.6,2.08,A_A,0.95,31.208903272533444,199.20890327253343,55.63399780246924,223.63399780246925,168.0,78.26322609494582,115.71871542913603,5110.0,1108.316464109139,11.278367149447208,786.1538461538462,230.529824534701,230.5298245347009,11089.859649069404
GIANT 50'S CHRISTMAS CRACKER,12.0,0.0,36,104.03999999999999,2.8899999999999997,A_A,0.95,0.0,144.0,39.47648704683533,183.47648704683533,144.0,,114.0870475653541,4380.0,870.5087404087495,10.334806963756844,673.8461538461539,251.5770259781286,251.5770259781286,13161.354051956256
JUMBO SHOPPER VINTAGE RED PAISLEY,13.333333333333334,5.773502691896258,40,83.2,2.08,A_A,0.95,32.897072539029445,192.89707253902944,54.828454231715746,214.82845423171574,160.0,66.66666666666667,114.04318480196875,4866.666666666667,1081.606118174169,11.556887290080162,748.7179487179488,224.97407258022722,224.9740725802272,10572.614811827123
JUMBO STORAGE BAG SKULLS,13.333333333333334,5.773502691896257,40,83.2,2.08,A_A,0.95,32.89707253902944,192.89707253902944,54.828454231715746,214.82845423171574,160.0,66.66666666666671,114.04318480196875,4866.666666666667,1081.606118174169,11.556887290080162,748.7179487179488,224.97407258022722,224.9740725802272,10572.614811827123
JUMBO BAG PINK VINTAGE PAISLEY,13.333333333333334,5.773502691896257,40,83.2,2.08,A_A,0.95,32.89707253902944,192.89707253902944,54.828454231715746,214.82845423171574,160.0,66.66666666666671,114.04318480196875,4866.666666666667,1081.606118174169,11.556887290080162,748.7179487179488,224.97407258022722,224.9740725802272,10572.614811827123
JUMBO BAG WOODLAND ANIMALS,12.6,6.193375068316314,252,524.16,2.08,A_A,0.95,35.289480191945714,186.4894801919457,54.43781523267148,205.63781523267147,151.2,54.26074551558877,113.23065568395668,4599.0,1051.441318454742,11.88844282662461,707.5384615384615,218.69979423858635,218.69979423858635,10003.319588477172
3D TRADITIONAL CHRISTMAS STICKERS,22.5,9.0,90,112.5,1.25,A_A,0.95,51.28146095209009,321.2814609520901,90.04728608860988,360.0472860886099,270.0,75.59422921421235,112.55910761076235,8212.5,1812.4568960391857,11.476134988619501,1263.4615384615386,226.55711200489824,226.55711200489822,10718.739224009796
RED RETROSPOT PLATE ,14.666666666666666,7.8655366420014,88,148.72,1.69,A_A,0.95,44.81735668600318,220.81735668600317,65.85260279290307,241.85260279290307,176.0,46.93549031522728,111.29089872000618,5353.333333333333,1258.501660698259,12.224549132560924,823.5897435897435,212.6867806580058,212.68678065800577,9472.506894649345
SET OF 72 SKULL PAPER  DOILIES,18.0,8.48528137423857,36,52.199999999999996,1.45,A_B,0.95,48.348625051168064,264.3486250511681,76.44588844958302,292.44588844958304,216.0,58.11388300841897,110.84653825189538,6570.0,1505.163526457943,11.913014212452516,1010.7692307692308,218.2487113364017,218.2487113364017,9962.997422672803
SET OF 36 TEATIME PAPER DOILIES,18.0,8.48528137423857,36,52.199999999999996,1.45,A_B,0.95,48.348625051168064,264.3486250511681,76.44588844958302,292.44588844958304,216.0,58.11388300841897,110.84653825189538,6570.0,1505.163526457943,11.913014212452516,1010.7692307692308,218.2487113364017,218.2487113364017,9962.997422672803
SET OF 3 BUTTERFLY COOKIE CUTTERS,18.0,8.48528137423857,36,52.199999999999996,1.45,A_B,0.95,48.348625051168064,264.3486250511681,76.44588844958302,292.44588844958304,216.0,58.11388300841897,110.84653825189538,6570.0,1505.163526457943,11.913014212452516,1010.7692307692308,218.2487113364017,218.2487113364017,9962.997422672803
PINK OWL SOFT TOY,8.25,4.464142854857069,66,194.70000000000005,2.9500000000000006,A_A,0.95,25.436418610656087,124.43641861065609,37.19671486991839,136.1967148699184,99.0,46.23408837254925,109.73030886625926,3011.25,714.4097955180928,12.336839972417046,463.2692307692308,210.75088967783748,210.75088967783745,9304.689279355676
36 PENCILS TUBE WOODLAND,21.333333333333332,9.237604307034012,64,80.0,1.25,A_A,0.95,52.6353160624471,308.6353160624471,87.72552677074519,343.7255267707452,256.0,66.6666666666667,109.65690846343149,7786.666666666666,1764.8418248292585,11.78575876170224,1197.948717948718,220.60522810365728,220.6052281036573,10174.543789540647
MEMO BOARD COTTAGE DESIGN,4.888888888888889,2.6666666666666665,44,217.8,4.95,A_A,0.95,15.194506948767435,73.86117361543411,22.125468499809866,80.79213516647654,58.66666666666667,45.614915800901755,109.52106907405884,1784.4444444444446,424.55495943428446,12.371838170314142,274.52991452991455,210.15470491997078,210.15470491997084,9253.309409839943
PLASTERS IN TIN VINTAGE PAISLEY ,16.0,6.928203230275509,48,79.19999999999999,1.6499999999999997,A_A,0.95,39.476487046835324,231.47648704683533,65.79414507805889,257.7941450780589,192.0,66.66666666666671,108.56033937879715,5840.0,1330.299578928359,11.845133237033336,898.4615384615386,219.49943052317926,219.49943052317923,10074.998861046357
LUNCH BAG SPACEBOY DESIGN ,14.285714285714286,7.867957924694432,100,165.0,1.65,A_A,0.95,44.831153009767256,216.2597244383387,64.94951255773627,236.37808398630773,171.42857142857144,44.875846810332696,107.16669572026484,5214.285714285715,1257.0149482351355,12.535710716646282,802.1978021978023,207.4074664587973,207.4074664587974,9018.386361489023
RED DINER WALL CLOCK,8.666666666666666,5.773502691896258,26,200.60000000000002,7.715384615384616,B_A,0.7,10.488010254160812,114.48801025416081,13.878737291587791,117.8787372915878,104.0,32.3295549418614,107.07979618048121,3163.333333333333,452.7710919235256,7.442812469975765,243.33333333333331,349.3303116917665,349.3303116917664,25104.99395671687
RETROSPOT TEA SET CERAMIC 11 PC ,4.0,3.0,36,178.20000000000002,4.95,A_A,0.95,17.093820317363367,65.09382031736337,21.57205308041891,69.57205308041891,48.0,26.19796324000607,106.78166274807361,1460.0,384.024409998567,13.67758172597636,224.61538461538464,190.09208294929064,190.0920829492907,7607.184165898581
ICE CREAM BUBBLES,26.666666666666668,16.329931618554518,160,132.79999999999998,0.8299999999999998,A_A,0.95,93.04697229413388,413.04697229413387,127.88083163754467,447.8808316375447,320.0,37.43685418725535,106.14109025916206,9733.333333333334,2421.4569612654786,12.936550888952556,1497.4358974358977,200.98092778503468,200.9809277850347,8480.628522236735
PINK BOUDICCA LARGE BRACELET,9.0,0.0,9,62.550000000000004,6.95,C_A,0.8,0.0,108.0,15.149182204312456,123.14918220431245,108.0,,105.28681631997158,3285.0,486.13880245440043,7.695347862291879,252.6923076923077,337.8664677058083,337.8664677058083,23506.482935411615
RED BOUDICCA LARGE BRACELET,9.0,0.0,9,62.550000000000004,6.95,C_A,0.8,0.0,108.0,15.149182204312456,123.14918220431245,108.0,,105.28681631997158,3285.0,486.13880245440043,7.695347862291879,252.6923076923077,337.8664677058083,337.8664677058083,23506.482935411615
PURPLE BOUDICCA LARGE BRACELET,9.0,0.0,9,62.550000000000004,6.95,C_A,0.8,0.0,108.0,15.149182204312456,123.14918220431245,108.0,,105.28681631997158,3285.0,486.13880245440043,7.695347862291879,252.6923076923077,337.8664677058083,337.8664677058083,23506.482935411615
16 PIECE CUTLERY SET PANTRY DESIGN,3.0,1.4142135623730951,6,95.69999999999999,15.949999999999998,C_A,0.8,4.123085157890758,40.123085157890756,6.51917004288488,42.51917004288488,36.0,58.11388300841897,103.98076218401381,1095.0,185.2728226394185,8.79834408881257,168.46153846153848,295.51015210987254,295.5101521098725,18056.270304219743
RED RETROSPOT CHILDRENS UMBRELLA,8.181818181818182,3.027149874657078,90,292.5,3.25,A_A,0.95,17.24851867703904,115.43033685885723,31.968280624371083,130.15009880618928,98.18181818181819,85.33928172583747,103.89691202920602,2986.3636363636365,677.8204477887632,11.802535650994598,459.44055944055947,220.29164553134802,220.29164553134805,10146.265109244514
WRAP BILLBOARD FONTS DESIGN,75.0,0.0,75,31.5,0.42,A_B,0.95,0.0,900.0,246.72804404272082,1146.7280440427207,900.0,,103.62577849794275,27375.0,5708.702629694922,10.84392828289081,4211.538461538462,239.7655104471867,239.76551044718673,11977.031020894374
RED WOOLLY HOTTIE WHITE HEART.,16.0,11.313708498984761,32,124.0,3.875,B_A,0.7,20.552218831817367,212.55221883181736,26.532800421079703,218.5328004210797,192.0,29.09944487358056,102.81460163168384,5840.0,868.0716485963438,7.729405090241418,449.2307692307693,336.3777638310832,336.37776383108326,23302.755527662168
RED RETROSPOT CHARLOTTE BAG,21.25,17.268882005337975,170,144.5,0.85,A_A,0.95,98.39705536033229,353.3970553603323,120.7015673781585,375.70156737815853,255.0,22.667865350387338,102.59633227143472,7756.25,2136.000936329383,14.3203285981148,1193.269230769231,181.5600795879975,181.56007958799756,6955.9326591759955
FOUR HOOK  WHITE LOVEBIRDS,12.0,4.898979485566356,48,100.80000000000001,2.1,A_A,0.95,27.914091688240166,171.91409168824018,48.34862505116807,192.34862505116809,144.0,73.20508075688774,101.53211260745296,4380.0,1021.2037714663724,12.123880391838211,673.8461538461539,214.4527920079382,214.45279200793823,9626.905584015876
FELT EGG COSY CHICKEN,36.0,0.0,36,30.599999999999998,0.85,A_B,0.95,0.0,432.0,118.42946114050599,550.429461140506,432.0,,100.66504196943009,13140.0,2780.1819661140676,11.002242179446842,2021.5384615384617,236.31546711969574,236.31546711969577,11641.63093423939
BUBBLEGUM RING ASSORTED,72.0,0.0,72,30.24,0.42,A_B,0.95,0.0,864.0,236.85892228101198,1100.858922281012,864.0,,99.48074735802503,26280.0,5593.363414414826,11.067537958507266,4043.0769230769233,234.9212634054227,234.92126340542274,11507.442526810846
HANGING MINI COLOURED BOTTLES,48.0,0.0,48,30.240000000000002,0.63,A_B,0.95,0.0,576.0,157.90594818734132,733.9059481873413,576.0,,99.48074735802503,17520.0,3728.9089429432174,11.067537958507266,2695.3846153846157,234.92126340542274,234.9212634054227,11507.442526810846
SET OF 12  VINTAGE POSTCARD SET,36.0,16.97056274847714,72,46.800000000000004,0.65,A_B,0.95,96.69725010233613,528.6972501023362,152.89177689916605,584.8917768991661,432.0,58.11388300841897,99.37965498445793,13140.0,3179.259710638989,12.581545278023395,2021.5384615384617,206.65188119153427,206.6518811915343,8954.303762383068
BREAD BIN DINER STYLE RED ,3.6666666666666665,0.5773502691896258,11,170.45,15.495454545454544,C_A,0.8,1.6832424671458286,45.68324246714583,6.397305651743056,50.39730565174305,44.0,280.05847503304597,99.12915893996399,1338.3333333333333,207.80930476700547,8.074284319714286,205.89743589743588,322.0099636139644,322.0099636139644,21382.10326056126
SET/10 BLUE POLKADOT PARTY CANDLES,24.0,0.0,144,180.0,1.25,A_A,0.95,0.0,288.0,78.95297409367066,366.95297409367066,288.0,,98.69121761708833,8760.0,1871.8974330876144,11.111719922437894,1347.6923076923078,233.9871791359518,233.9871791359518,11417.974358271904
SET/10 PINK POLKADOT PARTY CANDLES,24.0,0.0,144,180.0,1.25,A_A,0.95,0.0,288.0,78.95297409367066,366.95297409367066,288.0,,98.69121761708833,8760.0,1871.8974330876144,11.111719922437894,1347.6923076923078,233.9871791359518,233.9871791359518,11417.974358271904
RED RETROSPOT OVEN GLOVE ,15.0,10.801234497346433,150,187.5,1.25,A_A,0.95,61.54478723444884,241.54478723444885,78.8844087536913,258.88440875369133,180.0,28.17398889233116,98.60551094211414,5475.0,1479.864858694874,14.055337470709308,842.3076923076924,184.9831073368593,184.98310733685926,7213.716214673718
SET/5 RED RETROSPOT LID GLASS BOWLS,8.4,3.286335345030997,42,123.90000000000002,2.9500000000000006,A_A,0.95,18.725341963520066,119.52534196352008,33.380398681481545,134.18039868148156,100.80000000000001,78.26322609494582,98.47217611037058,3066.0,720.8751743187945,12.226193432673618,471.69230769230774,212.65817642404446,212.65817642404446,9470.016352848092
RECIPE BOX PANTRY YELLOW DESIGN,8.4,3.286335345030997,42,123.90000000000002,2.9500000000000006,A_A,0.95,18.725341963520066,119.52534196352008,33.380398681481545,134.18039868148156,100.80000000000001,78.26322609494582,98.47217611037058,3066.0,720.8751743187945,12.226193432673618,471.69230769230774,212.65817642404446,212.65817642404446,9470.016352848092
STORAGE TIN VINTAGE DOILY ,8.727272727272727,3.1333978072025612,96,277.44,2.89,A_A,0.95,17.853913033046986,122.5811857603197,33.80881851968757,138.5360912469603,104.72727272727272,89.36363393900595,97.70748552189708,3185.454545454545,742.372348195862,12.118635364384506,490.06993006993,214.54560862860416,214.54560862860413,9635.054853620844
3 PIECE SPACEBOY COOKIE CUTTER SET,10.363636363636363,5.4272042023997455,114,239.40000000000003,2.1,A_A,0.95,30.923884487153536,155.2875208507899,46.02870586195121,170.39234222558758,124.36363636363636,48.84516167777224,96.66028231009754,3782.7272727272725,949.0254741835703,13.045964220932522,581.9580419580419,199.2953495785498,199.29534957854978,8342.317971884373
TABLECLOTH RED APPLES DESIGN ,4.666666666666667,4.618802153517007,14,139.3,9.950000000000001,B_A,0.7,8.39040820332865,64.39040820332865,9.713606334446956,65.71360633444695,56.0,15.770366578748396,96.65038302774722,1703.3333333333335,292.56561634272174,8.931553062517532,262.0512820512821,291.1027882610082,291.1027882610082,17530.37224318869
JUMBO BAG OWLS,10.5,5.431390245600108,63,131.04,2.08,A_A,0.95,30.94773631058944,156.94773631058945,46.3778723747204,172.3778723747204,126.0,49.85869050089844,96.46597453941843,3832.5,959.8302133510583,13.023136619505554,589.6153846153846,199.6446843770202,199.64468437702016,8370.88936875404
ANTIQUE SILVER T-LIGHT GLASS,20.0,6.928203230275509,60,75.0,1.25,A_A,0.95,39.476487046835324,279.4764870468353,76.72849898252682,316.72849898252684,240.0,94.36506316151005,95.91062372815853,7300.0,1708.8007490635061,12.172279308397577,1123.076923076923,213.6000936329383,213.60009363293827,9552.200187265877
PANTRY WASHING UP BRUSH,16.0,6.928203230275509,48,69.6,1.45,A_A,0.95,39.476487046835324,231.47648704683533,65.79414507805889,257.7941450780589,192.0,66.66666666666671,95.40151036318538,5840.0,1419.0817818040916,12.635659700995337,898.4615384615386,205.76685836159334,205.76685836159328,8879.533716723186
SET OF 3 HEART COOKIE CUTTERS,16.0,6.928203230275509,48,69.6,1.45,A_A,0.95,39.476487046835324,231.47648704683533,65.79414507805889,257.7941450780589,192.0,66.66666666666671,95.40151036318538,5840.0,1419.0817818040916,12.635659700995337,898.4615384615386,205.76685836159334,205.76685836159328,8879.533716723186
SET OF 36 DOILIES PANTRY DESIGN,16.0,6.928203230275509,48,69.6,1.45,A_A,0.95,39.476487046835324,231.47648704683533,65.79414507805889,257.7941450780589,192.0,66.66666666666671,95.40151036318538,5840.0,1419.0817818040916,12.635659700995337,898.4615384615386,205.76685836159334,205.76685836159328,8879.533716723186
WOODLAND MINI BACKPACK,5.5,2.4765567494675618,88,365.20000000000005,4.15,A_A,0.95,14.111272027050658,80.11127202705066,22.945560707181844,88.94556070718184,66.0,62.60448146131874,95.22407693480466,2007.5,491.80023371234586,12.739034696409458,308.84615384615387,204.09709699062358,204.09709699062356,8739.319193981248
COFFEE MUG APPLES DESIGN,8.25,4.464142854857069,66,168.29999999999998,2.55,A_A,0.95,25.436418610656087,124.43641861065609,37.19671486991839,136.1967148699184,99.0,46.23408837254925,94.85162291829188,3011.25,768.4017025427445,13.26920333158081,463.2692307692308,195.9424341483998,195.94243414839985,8070.572368296799
LUNCH BAG WOODLAND,13.571428571428571,6.333236937766509,190,313.5,1.65,A_A,0.95,36.08640474715643,198.94354760429928,57.40641371833804,220.2635565754809,162.85714285714286,59.0804462804281,94.72058263525776,4953.571428571428,1225.186618879855,12.861367823280958,762.0879120879121,202.15579211517607,202.15579211517607,8577.70444137321
CAKE STAND LOVEBIRD 2 TIER WHITE,4.25,5.188127472091127,17,151.75,8.926470588235293,B_A,0.7,9.42463129073447,60.42463129073447,10.425551715720959,61.42555171572096,51.0,10.620260826230021,93.06338075650913,1551.25,294.7718521340592,9.881151530037762,238.65384615384616,263.1272268314322,263.12722683143227,14373.441953662863
PLASTERS IN TIN SKULLS,14.4,5.366563145999495,72,118.79999999999998,1.6499999999999997,A_A,0.95,30.578355379833212,203.37835537983324,56.383701371054684,229.1837013710547,172.8,84.39088914585773,93.03310726224021,5256.0,1262.0329919329656,12.485866739062825,808.6153846153846,208.23544366893933,208.2354436689393,9088.870887337876
FOLKART CLIP ON STARS,72.0,0.0,72,28.080000000000002,0.39,A_B,0.95,0.0,864.0,236.85892228101198,1100.858922281012,864.0,,92.37497968959468,26280.0,5804.507532281072,11.485326928410036,4043.0769230769233,226.37579375896175,226.37579375896183,10701.951587517924
FAWN BLUE HOT WATER BOTTLE,6.0,2.8284271247461903,90,323.1,3.5900000000000003,A_A,0.95,16.116208350389357,88.11620835038936,25.481962816527677,97.48196281652767,72.0,58.11388300841897,91.48024651133437,2190.0,552.2806601507983,13.113513391708453,336.92307692307696,198.26875699413665,198.26875699413662,8258.637513988273
12 PENCILS SMALL TUBE RED RETROSPOT,28.0,18.33030277982336,84,54.60000000000001,0.6500000000000001,A_B,0.95,104.4449673603889,440.4449673603889,139.25995648051855,475.25995648051855,336.0,33.33333333333335,90.51897171233708,10220.0,2803.8435158793113,14.26613139194953,1572.3076923076924,182.24982853215533,182.24982853215528,7007.499657064312
WRAP SUKI AND FRIENDS,41.666666666666664,28.867513459481287,125,52.5,0.42,A_B,0.95,164.4853626951472,664.4853626951472,214.11195844686037,714.1119584468604,500.0,30.17082793177761,89.92702254768135,15208.333333333332,4255.015714443218,14.548656470205854,2339.74358974359,178.71066000661514,178.71066000661517,6744.921320013229
36 PENCILS TUBE RED RETROSPOT,18.666666666666668,6.531972647421808,112,140.0,1.25,A_A,0.95,37.218788917653555,261.21878891765357,71.806438371689,295.806438371689,224.0,92.93061504650379,89.75804796461125,6813.333333333334,1650.8583625899994,12.59950609413111,1048.2051282051284,206.3572953237499,206.35729532374992,8929.381257314168
TRADITIONAL CHRISTMAS RIBBONS,18.0,6.928203230275509,72,90.0,1.25,A_A,0.95,39.476487046835324,255.47648704683533,71.1672491112774,287.1672491112774,216.0,80.27756377319952,88.95906138909675,6570.0,1621.1107303327556,12.83070897675849,1010.7692307692308,202.63884129159445,202.63884129159445,8617.77768258319
CHARLOTTE BAG VINTAGE ALPHABET ,20.0,14.142135623730951,40,34.0,0.85,A_B,0.95,80.58104175194678,320.58104175194677,104.02967757511148,344.02967757511146,240.0,29.09944487358056,88.42522593884475,7300.0,2072.2252886833576,14.761056850895148,1123.076923076923,176.13914953808535,176.1391495380854,6557.278299076171
IVORY KITCHEN SCALES,2.6666666666666665,0.9759000729485332,40,340.0,8.5,A_A,0.95,5.560620164894676,37.56062016489467,10.38644198415803,42.386441984158026,32.0,86.785676348292,88.28475686534325,973.3333333333333,239.27996564857725,12.783450219581525,149.74358974358975,203.38797080129066,203.3879708012907,8680.109274935914
STRAWBERRY CERAMIC TRINKET POT,15.2,8.67179335547152,76,95.0,1.25,A_A,0.95,49.41135914924523,231.81135914924522,70.29820375736863,252.69820375736862,182.39999999999998,42.27134199048328,87.87275469671079,5548.0,1489.6979559628858,13.962561952067423,853.5384615384615,186.21224449536072,186.21224449536072,7307.424488990721
DOORMAT WELCOME SUNRISE,4.0,2.8284271247461903,8,66.0,8.25,C_A,0.8,8.246170315781516,56.24617031578151,10.645760101003923,58.64576010100392,48.0,29.09944487358056,87.82752083328236,1460.0,297.46402889231575,10.594609248219466,224.61538461538464,245.40782383616056,245.4078238361605,12535.815647672322
SET OF 2 TEA TOWELS APPLE AND PEARS,7.0,2.449489742783178,42,136.5,3.25,A_A,0.95,13.957045844120083,97.95704584412009,26.927414389383372,110.92741438938337,84.0,92.93061504650379,87.51409676549596,2555.0,626.9584699778153,12.76001582733714,393.0769230769231,203.76150274278996,203.76150274279,8711.27300548558
HAND WARMER BIRD DESIGN,12.5,1.0,50,105.00000000000001,2.1,A_A,0.95,5.697940105787788,155.69794010578778,41.514228648245144,191.51422864824514,150.0,628.5830998131464,87.17988016131481,4562.5,1042.2617347909897,11.878928265015118,701.9230769230769,218.8749643061079,218.87496430610787,10018.999928612217
WOODLAND CHARLOTTE BAG,21.875,12.76388133236386,350,297.5,0.85,A_A,0.95,72.72783134919212,335.2278313491921,102.3128375149523,364.8128375149523,262.5,40.67907101988519,86.96591188770945,7984.375,2167.185081268,14.114269961761064,1228.3653846153848,184.21073190778,184.21073190778,7155.14021381556
SWEETHEART 3 TIER CAKE STAND ,4.4,4.560701700396552,22,201.5,9.159090909090908,B_A,0.7,8.284864276077345,61.08486427607735,9.4833885501499,62.28338855014991,52.800000000000004,14.466432208591652,86.85921785705476,1606.0000000000002,296.09535047967637,9.58714708900571,247.07692307692312,271.19642328024906,271.196423280249,15251.892846560499
TRAVEL SEWING KIT,11.0,6.6332495807108,44,72.6,1.65,A_A,0.95,37.795858817632094,169.7958588176321,52.32599712900422,184.32599712900424,132.0,38.44373104863459,86.33789526285696,4015.0,1103.0261405182864,14.285768196002714,617.6923076923077,181.99931318551728,181.99931318551728,6988.748626371034
TRADITIONAL KNITTING NANCY,12.857142857142858,5.398412465054624,90,148.49999999999997,1.6499999999999997,A_A,0.95,30.75983089221946,185.04554517793375,52.29855434496124,206.58426863067552,154.28571428571428,70.02224273667868,86.29261466918602,4692.857142857143,1192.5090867905042,13.213799317861293,721.9780219780221,196.7639993204332,196.76399932043316,8136.74228435515
SET OF 72 PINK HEART PAPER DOILIES,12.6,7.469939758793239,63,91.35,1.45,A_A,0.95,42.56326933944675,193.76326933944674,59.411785126783045,210.61178512678305,151.2,39.584637291293426,86.1470884338354,4599.0,1259.3101559844254,14.238775410130488,707.5384615384615,182.5999726177416,182.59997261774166,7033.749945235483
BLUE POLKADOT BOWL,13.333333333333334,9.237604307034013,40,50.0,1.25,A_B,0.95,52.63531606244711,212.63531606244712,68.51582670299531,228.5158267029953,160.0,30.170827931777566,85.64478337874414,4866.666666666667,1395.2299690970901,14.907936656105893,748.7179487179488,174.40374613713624,174.40374613713627,6432.1408256076065
WHITE SPOT RED CERAMIC DRAWER KNOB,15.272727272727273,5.605192397962965,168,238.79999999999998,1.4214285714285713,A_A,0.95,31.938050565010005,215.21077783773728,59.534680616880166,242.80740788960745,183.27272727272728,86.40674544520847,84.62429601970823,5574.545454545455,1400.3197442088053,13.062343341282398,857.6223776223777,199.0454493553945,199.04544935539445,8321.90908052897
ALARM CLOCK BAKELIKE IVORY,5.714285714285714,2.138089935299395,40,150.0,3.75,A_A,0.95,12.18270839212364,80.75413696355221,22.40079212831324,90.97222069974181,68.57142857142857,83.87366263150311,84.00297048117464,2085.714285714286,527.347359996462,13.147564317720011,320.87912087912093,197.75525999867324,197.75525999867327,8216.939091425918
DOORMAT TOPIARY,6.0,0.0,6,49.5,8.25,C_B,0.8,0.0,72.0,10.099454802874972,82.09945480287497,72.0,,83.32050212371851,2190.0,364.31754380934325,8.65046222743646,336.92307692307696,300.56197364270815,300.5619736427082,18668.623947285418
SET OF 20 KIDS COOKIE CUTTERS,12.0,0.0,84,176.40000000000003,2.1000000000000005,A_A,0.95,0.0,144.0,39.47648704683533,183.47648704683533,144.0,,82.90062279835422,4380.0,1021.2037714663722,12.12388039183821,673.8461538461539,214.4527920079382,214.45279200793826,9626.905584015878
HAND WARMER RED LOVE HEART,12.0,0.0,36,75.60000000000001,2.1,A_A,0.95,0.0,144.0,39.47648704683533,183.47648704683533,144.0,,82.90062279835419,4380.0,1021.2037714663724,12.123880391838211,673.8461538461539,214.4527920079382,214.45279200793823,9626.905584015876
RIBBON REEL CHRISTMAS PRESENT ,12.5,5.0,50,82.5,1.65,A_A,0.95,28.48970052893894,178.48970052893895,50.026270049227705,200.02627004922772,150.0,75.59422921421233,82.54334558122571,4562.5,1175.8298165873143,13.40123845754309,701.9230769230769,194.0119197369069,194.01191973690686,7916.1488394738135
FAIRY CAKE FLANNEL ASSORTED COLOUR,12.0,5.196152422706632,36,60.12,1.67,A_A,0.95,29.607365285126498,173.6073652851265,49.34560880854416,193.34560880854417,144.0,66.66666666666667,82.40716671026875,4380.0,1145.1538086689413,13.59543334492807,673.8461538461539,191.24068604771315,191.2406860477132,7697.081372095426
SET OF 36 PAISLEY FLOWER DOILIES,12.333333333333334,6.97614984548545,74,107.29999999999998,1.4499999999999997,A_A,0.95,39.74968398857683,187.74968398857683,56.79973821276914,204.79973821276914,148.0,42.89355917670219,82.35962040851524,4501.666666666667,1245.9128583391025,14.391884924168826,692.5641025641027,180.65736445916988,180.65736445916986,6888.731395585006
 RED SPOT GIFT BAG LARGE,16.0,6.928203230275509,48,60.0,1.25,A_A,0.95,39.476487046835324,231.47648704683533,65.79414507805889,257.7941450780589,192.0,66.66666666666671,82.24268134757361,5840.0,1528.3978539634238,13.609021987345555,898.4615384615386,191.04973174542803,191.04973174542798,7682.099463490856
SET 6 FOOTBALL CELEBRATION CANDLES,16.0,6.928203230275509,48,60.0,1.25,A_A,0.95,39.476487046835324,231.47648704683533,65.79414507805889,257.7941450780589,192.0,66.66666666666671,82.24268134757361,5840.0,1528.3978539634238,13.609021987345555,898.4615384615386,191.04973174542803,191.04973174542798,7682.099463490856
CHRISTMAS LIGHTS 10 REINDEER,3.6666666666666665,2.516611478423583,11,93.5,8.5,C_A,0.8,7.3370838117647486,51.33708381176475,9.58775329571432,53.58775329571432,44.0,30.675259294989978,81.49590301357172,1338.3333333333333,280.58063047202387,10.901762977244266,205.89743589743588,238.49353590122035,238.49353590122033,11852.820405135773
GINGERBREAD MAN COOKIE CUTTER,15.5,7.106335201775948,155,193.75,1.25,A_A,0.95,40.491472351370724,226.49147235137073,65.112107879929,251.112107879929,186.0,60.80449561060433,81.39013484991125,5657.5,1504.3270920913444,13.826780165930165,870.3846153846155,188.04088651141802,188.04088651141805,7447.956773022836
IVORY DINER WALL CLOCK,5.0,4.760952285695233,20,159.8,7.99,B_A,0.7,8.648634816093232,68.64863481609324,10.114270806883985,70.11427080688398,60.0,16.94644324747674,80.81302374700304,1825.0,337.9426823748569,9.629051771776744,280.7692307692308,270.0162032175106,270.0162032175107,15121.78240643502
DOORMAT BLACK FLOCK ,6.0,0.0,6,47.7,7.95,C_B,0.8,0.0,72.0,10.099454802874972,82.09945480287497,72.0,,80.29066568285603,2190.0,371.12780690296404,8.812167104545265,336.92307692307696,295.0466064878564,295.0466064878564,18000.593212975713
VICTORIAN SEWING BOX MEDIUM,6.0,0.0,6,47.7,7.95,C_B,0.8,0.0,72.0,10.099454802874972,82.09945480287497,72.0,,80.29066568285603,2190.0,371.12780690296404,8.812167104545265,336.92307692307696,295.0466064878564,295.0466064878564,18000.593212975713
SPACEBOY ROCKET LOLLY MAKERS,9.0,4.242640687119285,90,187.2,2.08,A_A,0.95,24.174312525584032,132.17431252558404,38.22294422479151,146.22294422479152,108.0,58.11388300841897,79.50372398756635,3285.0,888.6301038893862,14.0665952518259,505.3846153846154,184.8350616089924,184.83506160899233,7202.470123217985
SPACEBOY CHILDRENS BOWL,13.333333333333334,8.0,120,150.0,1.25,A_A,0.95,45.58352084630231,205.5835208463023,63.25977698780213,223.25977698780213,160.0,38.77773329774219,79.07472123475266,4866.666666666667,1395.2299690970901,14.907936656105893,748.7179487179488,174.40374613713624,174.40374613713627,6432.1408256076065
DOORMAT VINTAGE LEAF,7.0,4.242640687119285,14,103.8,7.414285714285714,B_A,0.7,7.707082061931511,91.70708206193152,10.644167880305337,94.64416788030533,84.0,38.108921051733915,78.91890185540672,2555.0,415.09336879424575,8.448084218121636,393.0769230769231,307.76208343459075,307.7620834345908,19559.02416686918
WOODEN ADVENT CALENDAR RED,6.0,0.0,12,149.39999999999998,12.449999999999998,B_A,0.7,0.0,72.0,6.292806152496488,78.29280615249648,72.0,,78.34543659858126,2190.0,296.5666994605357,7.041766379884865,168.46153846153848,369.2255408283668,369.2255408283669,28003.95108165673
SET OF 72 RETROSPOT PAPER  DOILIES,13.0,5.754225500544022,130,188.5,1.45,A_A,0.95,32.787232257296594,188.78723225729658,53.88831018006048,209.88831018006047,156.0,64.35760651333409,78.13804976108769,4745.0,1279.1430320928632,14.018005831154667,730.0,185.4757396534652,185.47573965346515,7251.20147930693
HANGING QUILTED PATCHWORK APPLES,18.0,12.828539611796371,144,119.52,0.83,A_A,0.95,73.09625035274185,289.09625035274183,94.07149479060259,310.07149479060257,216.0,28.69537676233751,78.07934067620015,6570.0,1989.4298995695233,15.745868307095161,1010.7692307692308,165.1226816642705,165.12268166427043,5783.345363328541
WOODLAND  HEIGHT CHART STICKERS ,6.428571428571429,2.699206232527312,45,132.75000000000003,2.9500000000000006,A_A,0.95,15.37991544610973,92.52277258896687,26.14927717248062,103.29213431533776,77.14285714285714,70.02224273667868,77.14036765881785,2346.4285714285716,630.6344090431867,13.97570318975464,360.98901098901104,186.03715066774015,186.03715066774012,7294.038587049768
SET 8 CANDLES VINTAGE DOILY,12.0,0.0,48,93.6,1.95,A_A,0.95,0.0,144.0,39.47648704683533,183.47648704683533,144.0,,76.9791497413289,4380.0,1059.7532368796628,12.581545278023395,673.8461538461539,206.65188119153433,206.65188119153427,8954.303762383068
MINI PAINT SET VINTAGE ,36.0,0.0,252,163.8,0.65,A_A,0.95,0.0,432.0,118.42946114050599,550.429461140506,432.0,,76.9791497413289,13140.0,3179.259710638989,12.581545278023395,2021.5384615384617,206.65188119153427,206.6518811915343,8954.303762383068
CIRCUS PARADE LUNCH BOX ,12.0,0.0,84,163.79999999999998,1.9499999999999997,A_A,0.95,0.0,144.0,39.47648704683533,183.47648704683533,144.0,,76.97914974132888,4380.0,1059.753236879663,12.581545278023397,673.8461538461539,206.65188119153427,206.65188119153427,8954.303762383066
GIRAFFE WOODEN RULER,12.0,0.0,36,70.19999999999999,1.9499999999999997,A_A,0.95,0.0,144.0,39.47648704683533,183.47648704683533,144.0,,76.97914974132888,4380.0,1059.753236879663,12.581545278023397,673.8461538461539,206.65188119153427,206.65188119153427,8954.303762383066
REVOLVER WOODEN RULER ,12.0,0.0,36,70.19999999999999,1.9499999999999997,A_A,0.95,0.0,144.0,39.47648704683533,183.47648704683533,144.0,,76.97914974132888,4380.0,1059.753236879663,12.581545278023397,673.8461538461539,206.65188119153427,206.65188119153427,8954.303762383066
BLUE SPOT CERAMIC DRAWER KNOB,14.0,4.898979485566356,84,119.39999999999999,1.4214285714285713,A_A,0.95,27.914091688240166,195.91409168824018,53.854828778766745,221.85482877876674,168.0,92.93061504650379,76.55079233553272,5110.0,1340.704082631932,13.64317266083375,786.1538461538462,190.57150888839598,190.571508888396,7644.643017776791
RED SPOT CERAMIC DRAWER KNOB,14.0,4.898979485566356,84,119.39999999999999,1.4214285714285713,A_A,0.95,27.914091688240166,195.91409168824018,53.854828778766745,221.85482877876674,168.0,92.93061504650379,76.55079233553272,5110.0,1340.704082631932,13.64317266083375,786.1538461538462,190.57150888839598,190.571508888396,7644.643017776791
12 PENCIL SMALL TUBE WOODLAND,25.6,14.310835055998654,128,83.2,0.65,A_A,0.95,81.54228101288855,388.7422810128886,117.22441479951506,424.4244147995151,307.20000000000005,43.75905768565218,76.19586961968479,9344.0,2680.987189020549,14.919877336158878,1437.5384615384617,174.26416728633575,174.2641672863357,6422.1283345726715
DOORMAT WELCOME PUPPIES,5.0,1.4142135623730951,10,81.3,8.129999999999999,C_A,0.8,4.123085157890758,64.12308515789076,9.371897422576629,69.37189742257662,60.0,127.30302828309759,76.19352604554798,1825.0,335.0203313027791,9.54578478232576,280.7692307692308,272.3715293491594,272.3715293491594,15381.993058698317
SET 6 SCHOOL MILK BOTTLES IN CRATE,12.0,0.0,12,45.0,3.75,C_B,0.8,0.0,144.0,20.198909605749943,164.19890960574995,144.0,,75.74591102156229,4380.0,764.1989269817119,9.072681324897037,673.8461538461539,286.57459761814204,286.574597618142,16998.149195236285
BLACK KITCHEN SCALES,4.0,2.0,12,102.0,8.5,C_A,0.8,5.830922949108324,53.83092294910833,8.906881928581344,56.90688192858134,48.0,52.75252316519465,75.70849639294143,1460.0,293.0569107548506,10.437643396748102,224.61538461538464,249.09837414162303,249.09837414162305,12908.196748283246
WHITE SPOT BLUE CERAMIC DRAWER KNOB,13.714285714285714,4.535573676110727,96,139.2,1.45,A_A,0.95,25.84342715186666,190.4148557232952,51.99360390657788,216.56503247800643,164.57142857142856,101.18695404073917,75.39072566453792,5005.714285714285,1313.8144368152743,13.648072345912098,770.1098901098901,190.50309333821477,190.50309333821477,7639.291900962144
ROTATING LEAVES T-LIGHT HOLDER,15.0,6.0,60,75.0,1.25,A_A,0.95,34.18764063472673,214.18764063472673,60.03152405907324,240.03152405907323,180.0,75.59422921421228,75.03940507384155,5475.0,1479.864858694874,14.055337470709308,842.3076923076924,184.9831073368593,184.98310733685926,7213.716214673718
CHRISTMAS LIGHTS 10 VINTAGE BAUBLES,9.0,0.0,9,44.550000000000004,4.95,C_B,0.8,0.0,108.0,15.149182204312456,123.14918220431245,108.0,,74.98845191134666,3285.0,576.0366149978504,9.118387817317572,505.3846153846154,285.138124423936,285.13812442393595,16831.026248847873
ANT COPPER TURQ BOUDICCA BRACELET,9.0,0.0,9,44.550000000000004,4.95,C_B,0.8,0.0,108.0,15.149182204312456,123.14918220431245,108.0,,74.98845191134666,3285.0,576.0366149978504,9.118387817317572,505.3846153846154,285.138124423936,285.13812442393595,16831.026248847873
DOORMAT RED RETROSPOT,6.0,4.618802153517006,24,171.3,7.1375,B_A,0.7,8.390408203328649,80.39040820332865,10.488010254160812,82.48801025416081,72.0,25.00000000000002,74.8581731890728,2190.0,391.6823474398252,9.300220121858864,336.92307692307696,279.5632754851753,279.56327548517527,16190.25155097035
BLUE DINER WALL CLOCK,3.3333333333333335,2.3094010767585034,10,85.0,8.5,C_A,0.8,6.732969868583314,46.73296986858331,8.764362622332017,48.764362622332015,40.0,30.170827931777588,74.49708228982215,1216.6666666666667,267.52313442201665,11.433865471187561,187.1794871794872,227.3946642587142,227.3946642587142,10796.455995184097
DOORMAT RESPECTABLE HOUSE,10.0,0.0,20,141.6,7.08,B_A,0.7,0.0,120.0,10.488010254160812,130.48801025416083,120.0,,74.25511259945856,3650.0,507.708933919742,7.2331135791305705,280.7692307692308,359.4579252151773,359.45792521517734,26560.915850430356
SET 7 BABUSHKA NESTING BOXES,5.0,3.8297084310253524,20,170.0,8.5,B_A,0.7,6.956958962090278,66.95695896209028,8.711995625174168,68.71199562517417,60.0,25.2270664905083,74.05196281398042,1825.0,327.64758686196757,9.335712064012228,280.7692307692308,278.5004488326725,278.5004488326725,16069.500897665344
BISCUIT TIN 50'S CHRISTMAS,6.8,2.1111946516469904,102,294.78,2.8899999999999997,A_A,0.95,12.029460676744064,93.62946067674406,25.399315767217416,106.99931576721741,81.6,111.14259774189716,73.40402256725832,2482.0,655.2951737239352,13.728988329429747,381.84615384615387,189.38030520621723,189.3803052062173,7551.740610412434
DOORMAT HEARTS,9.0,1.4142135623730951,18,134.4,7.466666666666667,B_A,0.7,2.569027353977171,110.56902735397718,9.782564715324028,117.78256471532403,108.0,280.78865529319546,73.04314987441941,3285.0,469.01778065594544,7.424330165634449,252.6923076923077,350.1999428897726,350.1999428897726,25228.399885779545
OVEN MITT APPLES DESIGN,12.5,5.0,50,72.5,1.45,A_A,0.95,28.48970052893894,178.48970052893895,50.026270049227705,200.02627004922772,150.0,75.59422921421233,72.53809157138016,4562.5,1254.3029387149522,14.295617054943017,701.9230769230769,181.87392611366812,181.87392611366806,6979.372852227336
DOORMAT FANCY FONT HOME SWEET HOME,10.0,0.0,20,138.3,6.915000000000001,B_A,0.7,0.0,120.0,10.488010254160812,130.48801025416083,120.0,,72.52459090752203,3650.0,513.7304902675268,7.318900135318189,280.7692307692308,355.2446340199947,355.2446340199948,25950.239268039993
DOORMAT ENGLISH ROSE ,3.3333333333333335,2.3094010767585034,10,82.5,8.25,C_A,0.8,6.732969868583314,46.73296986858331,8.764362622332017,48.764362622332015,40.0,30.170827931777588,72.30599163423915,1216.6666666666667,271.5462644511497,11.605812946405301,187.1794871794872,224.02566817219855,224.0256681721985,10485.551336344397
VINTAGE CHRISTMAS STOCKING ,7.2,2.6832815729997477,36,91.8,2.55,A_A,0.95,15.289177689916606,101.68917768991662,28.191850685527342,114.59185068552735,86.4,84.39088914585773,71.88921924809472,2628.0,717.8398969457319,14.203833577312807,404.3076923076923,183.0491737211616,183.04917372116162,7067.4983474423225
PARISIENNE KEY CABINET ,6.0,6.733003292241386,24,125.2,5.216666666666667,B_A,0.7,12.231016652931189,84.23101665293119,13.754896496781708,85.75489649678171,72.0,12.4591429076774,71.75471005821124,2190.0,458.1529802965737,10.878518253617274,336.92307692307696,239.00313805471254,239.00313805471262,11902.506276109425
GINGHAM HEART  DOORSTOP RED,10.0,0.0,10,42.5,4.25,C_B,0.8,0.0,120.0,16.832424671458284,136.83242467145828,120.0,,71.53780485369771,3650.0,655.2951737239351,9.335712064012228,561.5384615384615,278.5004488326725,278.5004488326725,16069.500897665344
RIBBON REEL POLKADOTS ,11.428571428571429,3.779644730092272,80,132.0,1.65,A_A,0.95,21.53618929322222,158.67904643607935,43.32800325548157,180.47086039833871,137.14285714285714,101.18695404073917,71.49120537154458,4171.428571428572,1124.3083491948569,14.015350654346845,641.7582417582419,185.51087761715138,185.51087761715138,7253.878898091446
BLACK CHRISTMAS TREE 120CM,15.0,4.242640687119285,30,122.1,4.069999999999999,B_A,0.7,7.707082061931511,187.70708206193152,17.518430919033726,197.51843091903373,180.0,127.30302828309763,71.30001384046726,5475.0,820.1246384571206,7.789311634661236,421.1538461538462,333.790727852048,333.79072785204806,22950.831455704094
STRAWBERRY RAFFIA FOOD COVER,18.0,0.0,18,67.5,3.75,B_A,0.7,0.0,216.0,18.878418457489463,234.87841845748946,216.0,,70.79406921558548,6570.0,935.9487165438072,7.407813281625263,505.3846153846154,350.9807687039277,350.9807687039277,25339.461537407857
CHERRY CROCHET FOOD COVER,18.0,0.0,18,67.5,3.75,B_A,0.7,0.0,216.0,18.878418457489463,234.87841845748946,216.0,,70.79406921558548,6570.0,935.9487165438072,7.407813281625263,505.3846153846154,350.9807687039277,350.9807687039277,25339.461537407857
PARISIENNE JEWELLERY DRAWER ,5.0,1.4142135623730951,10,75.0,7.5,C_A,0.8,4.123085157890758,64.12308515789076,9.371897422576629,69.37189742257662,60.0,127.30302828309759,70.28923066932471,1825.0,348.8074922742725,9.938624437403929,280.7692307692308,261.6056192057044,261.60561920570433,14210.711238411408
TURQ+RED BOUDICCA LARGE BRACELET,6.0,0.0,6,41.7,6.95,C_B,0.8,0.0,72.0,10.099454802874972,82.09945480287497,72.0,,70.19121087998106,2190.0,396.9306700603172,9.424837827916207,336.92307692307696,275.86681569192046,275.86681569192046,15772.23363138384
RED STRIPE CERAMIC DRAWER KNOB,13.333333333333334,4.0,120,169.2,1.41,A_A,0.95,22.791760423151153,182.79176042315115,49.43082393595621,209.4308239359562,160.0,116.88023662159037,69.69746174969825,4866.666666666667,1313.6850160951838,14.036634418551277,748.7179487179488,185.22958726942082,185.2295872694209,7232.459174538842
PACK OF 60 MUSHROOM CAKE CASES,28.285714285714285,14.985707476506693,198,108.9,0.55,A_A,0.95,85.3876636439914,424.81623507256285,126.29202507856643,465.7205965071379,339.42857142857144,47.90429868782737,69.46061379321154,10324.285714285714,3063.611314399117,15.430393225975905,1588.3516483516485,168.49862229195142,168.49862229195145,6015.354387441046
SPACEBOY CHILDRENS CUP,12.0,6.79869268479038,120,150.0,1.25,A_A,0.95,38.73854371559316,182.73854371559315,55.308840150231674,199.30884015023167,144.0,42.7747014866968,69.13605018778959,4380.0,1323.6313686219437,15.714345015602985,673.8461538461539,165.45392107774296,165.45392107774296,5805.907842155486
BEACH HUT SHELF W 3 DRAWERS,6.0,2.8284271247461903,12,63.400000000000006,5.283333333333334,C_A,0.8,8.246170315781516,80.24617031578151,13.03834008576976,85.03834008576976,72.0,58.11388300841897,68.88589678648357,2190.0,455.2532487580202,10.80966618055573,336.92307692307696,240.52546642715402,240.52546642715407,12051.55093285431
COFFEE MUG PEARS  DESIGN,7.0,2.449489742783178,42,107.1,2.55,A_A,0.95,13.957045844120083,97.95704584412009,26.927414389383372,110.92741438938337,84.0,92.93061504650379,68.6649066929276,2555.0,707.7996836371593,14.405316457586022,393.0769230769231,180.4889193274756,180.48891932747563,6876.2278386549515
DOLLY GIRL CHILDRENS BOWL,12.571428571428571,6.294366339755546,88,110.0,1.25,A_A,0.95,35.86492240781381,186.72206526495665,54.74155499880385,205.5986978559467,150.85714285714286,52.632576132041024,68.42694374850481,4588.571428571428,1354.7798977799205,15.353047409461116,705.934065934066,169.34748722249003,169.34748722249006,6074.409260159266
JUMBO BAG VINTAGE LEAF,10.0,0.0,40,83.2,2.08,A_A,0.95,0.0,120.0,32.897072539029445,152.89707253902944,120.0,,68.42591088118125,3650.0,936.6983752275041,13.344743975843894,561.5384615384615,194.8332620473209,194.8332620473209,7981.666524094642
KNICKERBOCKERGLORY MAGNET ASSORTED ,18.0,10.039920318408905,108,89.63999999999999,0.8299999999999998,A_A,0.95,57.2068646411758,273.2068646411758,82.3347416257649,298.3347416257649,216.0,43.92458342578489,68.33783554938486,6570.0,1989.4298995695237,15.745868307095165,1010.7692307692308,165.12268166427043,165.12268166427046,5783.345363328541
CHILDS BREAKFAST SET SPACEBOY ,4.0,3.4641016151377544,12,107.8,8.983333333333333,B_A,0.7,6.292806152496487,54.29280615249649,7.563011749793784,55.56301174979379,48.0,20.185042515466336,67.94105555231415,1460.0,285.0641954846484,10.152971346028574,224.61538461538464,256.08266894370917,256.0826689437091,13627.832004554084
RED GINGHAM ROSE JEWELLERY BOX,9.142857142857142,3.0237157840738176,64,124.8,1.95,A_A,0.95,17.228951434577773,126.94323714886349,34.66240260438525,144.37668831867097,109.71428571428571,101.18695404073912,67.59168507855124,3337.142857142857,925.0284620905758,14.41397089901411,513.4065934065934,180.38055010766223,180.3805501076623,6868.189671643895
SET/4 WHITE RETRO STORAGE CUBES ,1.0,0.0,1,39.95,39.95,C_B,0.8,0.0,12.0,1.6832424671458286,13.683242467145828,12.0,,67.24553656247586,365.0,67.58853647497138,9.629051771776744,56.15384615384616,270.0162032175106,270.0162032175107,15121.782406435022
WRAP RED VINTAGE DOILY,33.333333333333336,20.412414523193153,200,84.0,0.42,A_A,0.95,116.30871536766738,516.3087153676673,159.85103954693088,559.8510395469309,400.0,37.43685418725535,67.13743660971096,12166.666666666668,3805.801753129948,16.265892424336215,3743.589743589744,159.84367363145782,159.84367363145782,5429.687347262916
RAIN PONCHO RETROSPOT,24.0,0.0,144,122.39999999999999,0.85,A_A,0.95,0.0,288.0,78.95297409367066,366.95297409367066,288.0,,67.11002797962006,8760.0,2270.0090696890593,13.47493968308574,1347.6923076923078,192.95077092357002,192.95077092357005,7831.90154184714
CHILDRENS CUTLERY SPACEBOY ,4.4,1.2649110640673518,44,182.60000000000002,4.15,A_A,0.95,7.207387482204069,60.007387482204074,16.169839807610362,68.96983980761037,52.800000000000004,124.35091560618457,67.10483520158301,1606.0000000000002,439.87950157243574,14.242673774449973,247.07692307692312,182.54999315256083,182.54999315256086,7029.9999863051235
GUMBALL MAGAZINE RACK,3.3333333333333335,2.3094010767585034,10,76.5,7.65,C_A,0.8,6.732969868583314,46.73296986858331,8.764362622332017,48.764362622332015,40.0,30.170827931777588,67.04737406083993,1216.6666666666667,281.9941438536552,12.052352449635674,187.1794871794872,215.72552004804626,215.72552004804626,9738.951040096093
SET OF 60 I LOVE LONDON CAKE CASES ,24.77777777777778,15.809631382307574,223,122.65,0.55,A_A,0.95,90.08233271097154,387.4156660443049,121.48651511376787,418.8198484471012,297.33333333333337,34.86164429550953,66.81758331257232,9043.888888888889,2867.353687935475,16.48653511829722,2782.735042735043,157.70445283645117,157.70445283645114,5289.547794561792
BEWARE OF THE CAT METAL SIGN ,12.0,0.0,36,60.84,1.6900000000000002,A_A,0.95,0.0,144.0,39.47648704683533,183.47648704683533,144.0,,66.71526310915172,4380.0,1138.3575836114417,13.514747567989717,673.8461538461539,192.38243163033366,192.38243163033368,7786.964863260668
MINI CAKE STAND T-LIGHT HOLDER,48.0,0.0,48,20.16,0.42,A_B,0.95,0.0,576.0,157.90594818734132,733.9059481873413,576.0,,66.32049823868336,17520.0,4566.962103755937,13.554910353613511,2695.3846153846157,191.81240835774938,191.81240835774938,7742.024816715499
LUNCH BAG APPLE DESIGN,10.166666666666666,3.8573031873042956,122,201.3,1.6500000000000001,A_A,0.95,21.97868253112421,143.9786825311242,40.02067460829122,162.02067460829122,122.0,82.088596764695,66.03411310368053,3710.833333333333,1060.4220619616272,14.859720787425452,570.8974358974359,174.96964022366853,174.9696402236685,6472.814280447337
SPACEBOY MINI BACKPACK,4.181818181818182,1.4012980994907414,46,190.9,4.15,A_A,0.95,7.984512641252501,58.16633082307068,15.906172535385686,66.08799071720387,50.18181818181818,99.21281673730988,66.0106160218506,1526.3636363636363,428.8347389109511,14.609497954560098,234.82517482517483,177.96641664804474,177.9664166480447,6690.3419242051805
PACK OF 72 RETROSPOT CAKE CASES,30.0,11.822212393725335,540,297.0,0.55,A_A,0.95,67.36225813734903,427.36225813734904,119.4890382257148,479.4890382257148,360.0,77.38276822917854,65.71897102414314,10950.0,3155.0824798324134,14.983040086875388,1684.6153846153848,173.5295363907828,173.52953639078277,6369.559072781566
CHILDRENS CUTLERY DOLLY GIRL ,4.333333333333333,1.1547005383792515,52,215.8,4.15,A_A,0.95,6.579414507805888,58.579414507805886,15.70047993731486,67.70047993731487,52.0,138.6303510546059,65.15699173985668,1581.6666666666665,436.534361758595,14.35181463315929,243.33333333333331,181.16176012981694,181.16176012981694,6926.240186926301
KITCHEN METAL SIGN,36.0,0.0,36,19.8,0.55,A_B,0.95,0.0,432.0,118.42946114050599,550.429461140506,432.0,,65.1362036272783,13140.0,3456.2196899871033,13.67758172597636,2021.5384615384617,190.09208294929064,190.0920829492907,7607.184165898582
PANTRY SCRUBBING BRUSH,12.0,0.0,48,79.19999999999999,1.6499999999999997,A_A,0.95,0.0,144.0,39.47648704683533,183.47648704683533,144.0,,65.13620362727828,4380.0,1152.073229995701,13.67758172597636,673.8461538461539,190.09208294929064,190.09208294929064,7607.18416589858
CHILDREN'S CIRCUS PARADE MUG,12.0,0.0,36,59.39999999999999,1.6499999999999997,A_A,0.95,0.0,144.0,39.47648704683533,183.47648704683533,144.0,,65.13620362727828,4380.0,1152.073229995701,13.67758172597636,673.8461538461539,190.09208294929064,190.09208294929064,7607.18416589858
ROUND CONTAINER SET OF 5 RETROSPOT,12.0,0.0,48,79.19999999999999,1.6499999999999997,A_A,0.95,0.0,144.0,39.47648704683533,183.47648704683533,144.0,,65.13620362727828,4380.0,1152.073229995701,13.67758172597636,673.8461538461539,190.09208294929064,190.09208294929064,7607.18416589858
BUNDLE OF 3 SCHOOL EXERCISE BOOKS  ,12.0,0.0,60,98.99999999999999,1.6499999999999997,A_A,0.95,0.0,144.0,39.47648704683533,183.47648704683533,144.0,,65.13620362727828,4380.0,1152.073229995701,13.67758172597636,673.8461538461539,190.09208294929064,190.09208294929064,7607.18416589858
BUNDLE OF 3 ALPHABET EXERCISE BOOKS,12.0,0.0,48,79.19999999999999,1.6499999999999997,A_A,0.95,0.0,144.0,39.47648704683533,183.47648704683533,144.0,,65.13620362727828,4380.0,1152.073229995701,13.67758172597636,673.8461538461539,190.09208294929064,190.09208294929064,7607.18416589858
BUNDLE OF 3 RETRO NOTE BOOKS,12.0,0.0,36,59.39999999999999,1.6499999999999997,A_A,0.95,0.0,144.0,39.47648704683533,183.47648704683533,144.0,,65.13620362727828,4380.0,1152.073229995701,13.67758172597636,673.8461538461539,190.09208294929064,190.09208294929064,7607.18416589858
TRADITIONAL NAUGHTS & CROSSES,12.0,0.0,48,79.19999999999999,1.6499999999999997,A_A,0.95,0.0,144.0,39.47648704683533,183.47648704683533,144.0,,65.13620362727828,4380.0,1152.073229995701,13.67758172597636,673.8461538461539,190.09208294929064,190.09208294929064,7607.18416589858
STRAWBERRY HONEYCOMB  GARLAND ,12.0,0.0,36,59.39999999999999,1.6499999999999997,A_A,0.95,0.0,144.0,39.47648704683533,183.47648704683533,144.0,,65.13620362727828,4380.0,1152.073229995701,13.67758172597636,673.8461538461539,190.09208294929064,190.09208294929064,7607.18416589858
CHILDREN'S SPACEBOY MUG,12.0,0.0,48,79.19999999999999,1.6499999999999997,A_A,0.95,0.0,144.0,39.47648704683533,183.47648704683533,144.0,,65.13620362727828,4380.0,1152.073229995701,13.67758172597636,673.8461538461539,190.09208294929064,190.09208294929064,7607.18416589858
HEART T-LIGHT HOLDER WILLIE WINKIE,12.0,0.0,48,79.19999999999999,1.6499999999999997,A_A,0.95,0.0,144.0,39.47648704683533,183.47648704683533,144.0,,65.13620362727828,4380.0,1152.073229995701,13.67758172597636,673.8461538461539,190.09208294929064,190.09208294929064,7607.18416589858
SWALLOW WOODEN CHRISTMAS DECORATION,18.0,8.48528137423857,36,30.599999999999998,0.85,A_B,0.95,48.348625051168064,264.3486250511681,76.44588844958302,292.44588844958304,216.0,58.11388300841897,64.97900518214557,6570.0,1965.8855211718053,15.559520106687042,1010.7692307692308,167.1002692996035,167.10026929960347,5918.700538599207
BIG DOUGHNUT FRIDGE MAGNETS,18.0,8.48528137423857,36,30.599999999999998,0.85,A_B,0.95,48.348625051168064,264.3486250511681,76.44588844958302,292.44588844958304,216.0,58.11388300841897,64.97900518214557,6570.0,1965.8855211718053,15.559520106687042,1010.7692307692308,167.1002692996035,167.10026929960347,5918.700538599207
PACK OF 20 SPACEBOY NAPKINS,18.0,8.48528137423857,36,30.599999999999998,0.85,A_B,0.95,48.348625051168064,264.3486250511681,76.44588844958302,292.44588844958304,216.0,58.11388300841897,64.97900518214557,6570.0,1965.8855211718053,15.559520106687042,1010.7692307692308,167.1002692996035,167.10026929960347,5918.700538599207
SET 20 NAPKINS FAIRY CAKES DESIGN ,18.0,8.48528137423857,36,30.599999999999998,0.85,A_B,0.95,48.348625051168064,264.3486250511681,76.44588844958302,292.44588844958304,216.0,58.11388300841897,64.97900518214557,6570.0,1965.8855211718053,15.559520106687042,1010.7692307692308,167.1002692996035,167.10026929960347,5918.700538599207
FOLDING UMBRELLA PINKWHITE POLKADOT,6.0,2.8284271247461903,12,59.400000000000006,4.95,C_A,0.8,8.246170315781516,80.24617031578151,13.03834008576976,85.03834008576976,72.0,58.11388300841897,64.53978342456031,2190.0,470.33192663492576,11.167698714619242,336.92307692307696,232.8143036842883,232.8143036842883,11306.128607368577
SET 12 RETRO WHITE CHALK STICKS,36.0,16.97056274847714,72,30.240000000000002,0.42000000000000004,A_B,0.95,96.69725010233613,528.6972501023362,152.89177689916605,584.8917768991661,432.0,58.11388300841897,64.21454629764975,13140.0,3955.105199973465,15.651862283000012,2021.5384615384617,166.11441839888553,166.11441839888556,5851.028836797771
WOODLAND STORAGE BOX LARGE ,24.0,0.0,24,61.199999999999996,2.55,B_A,0.7,0.0,288.0,25.171224609985952,313.1712246099859,288.0,,64.18662275546417,8760.0,1310.5903474478703,7.779760053343521,673.8461538461539,334.20053859920694,334.20053859920694,23006.401077198414
VINTAGE DOILY TRAVEL SEWING KIT,10.0,0.0,70,136.5,1.95,A_A,0.95,0.0,120.0,32.897072539029445,152.89707253902944,120.0,,64.14929145110742,3650.0,967.4179220468453,13.782392314092043,561.5384615384615,188.6464947991348,188.64649479913484,7494.79298959827
LIPSTICK PEN RED,34.0,17.663521732655695,204,85.68,0.42000000000000004,A_A,0.95,100.64568888995309,508.6456888899531,150.4659018644105,558.4659018644105,408.0,49.5005931440653,63.19567878305242,12410.0,3843.6713600162952,16.1056334182794,3818.4615384615386,161.43419712068447,161.43419712068444,5535.06839424137
LE GRAND TRAY CHIC SET,3.0,0.0,3,37.5,12.5,C_B,0.8,0.0,36.0,5.049727401437486,41.04972740143749,36.0,,63.12159251796857,1095.0,209.2844953645635,9.938624437403929,168.46153846153848,261.60561920570433,261.6056192057044,14210.711238411408
LANDMARK FRAME LONDON BRIDGE ,3.0,0.0,3,37.5,12.5,C_B,0.8,0.0,36.0,5.049727401437486,41.04972740143749,36.0,,63.12159251796857,1095.0,209.2844953645635,9.938624437403929,168.46153846153848,261.60561920570433,261.6056192057044,14210.711238411408
LARGE APOTHECARY MEASURING JAR ,3.0,0.0,3,37.5,12.5,C_B,0.8,0.0,36.0,5.049727401437486,41.04972740143749,36.0,,63.12159251796857,1095.0,209.2844953645635,9.938624437403929,168.46153846153848,261.60561920570433,261.6056192057044,14210.711238411408
TEA TIME TEAPOT IN GIFT BOX,12.0,0.0,24,118.80000000000001,4.95,B_A,0.7,0.0,144.0,12.585612304992976,156.58561230499296,144.0,,62.298780909715234,4380.0,665.1497894641795,7.896755491355556,336.92307692307696,329.2491457847689,329.2491457847689,22339.498291569536
60 CAKE CASES VINTAGE CHRISTMAS,28.8,10.73312629199899,144,79.2,0.55,A_A,0.95,61.156710759666424,406.7567107596665,112.76740274210937,458.3674027421094,345.6,84.39088914585773,62.02207150816016,10512.0,3091.336868793764,15.292001253546017,1617.2307692307693,170.02352778365707,170.02352778365704,6121.647055567315
JAZZ HEARTS PURSE NOTEBOOK,48.0,0.0,48,18.72,0.38999999999999996,A_C,0.95,0.0,576.0,157.90594818734132,733.9059481873413,576.0,,61.58331979306311,17520.0,4739.360554076728,14.066595251825902,2695.3846153846157,184.83506160899233,184.83506160899236,7202.470123217984
SCOTTIE DOGS BABY BIB,48.0,0.0,48,18.72,0.38999999999999996,A_C,0.95,0.0,576.0,157.90594818734132,733.9059481873413,576.0,,61.58331979306311,17520.0,4739.360554076728,14.066595251825902,2695.3846153846157,184.83506160899233,184.83506160899236,7202.470123217984
HANGING HEART WITH BELL,48.0,0.0,48,18.72,0.38999999999999996,A_B,0.95,0.0,576.0,157.90594818734132,733.9059481873413,576.0,,61.58331979306311,17520.0,4739.360554076728,14.066595251825902,2695.3846153846157,184.83506160899233,184.83506160899236,7202.470123217984
FOLKART STAR CHRISTMAS DECORATIONS,48.0,0.0,96,37.44,0.38999999999999996,A_B,0.95,0.0,576.0,157.90594818734132,733.9059481873413,576.0,,61.58331979306311,17520.0,4739.360554076728,14.066595251825902,2695.3846153846157,184.83506160899233,184.83506160899236,7202.470123217984
LOVE HEART TRINKET POT,48.0,0.0,48,18.72,0.38999999999999996,A_C,0.95,0.0,576.0,157.90594818734132,733.9059481873413,576.0,,61.58331979306311,17520.0,4739.360554076728,14.066595251825902,2695.3846153846157,184.83506160899233,184.83506160899236,7202.470123217984
FRENCH STYLE EMBOSSED HEART CABINET,1.3333333333333333,0.5773502691896257,4,87.8,21.95,C_A,0.8,1.6832424671458284,17.683242467145828,2.8054041119097146,18.805404111909716,16.0,66.6666666666667,61.57862025641823,486.66666666666663,105.2891307924138,11.250071509326407,74.87179487179488,231.10964208934828,231.10964208934828,11144.552617512029
PACK OF 20 NAPKINS PANTRY DESIGN,15.428571428571429,9.071147352221454,108,91.8,0.85,A_A,0.95,51.68685430373332,236.82971144659047,72.44066535789446,257.5835225007516,185.14285714285714,40.15297764534704,61.57456555421029,5631.428571428572,1820.0563293526952,16.806202533850357,1732.7472527472528,154.7047879949791,154.7047879949791,5096.123861704244
PACK OF 12 WOODLAND TISSUES ,43.2,20.079840636817814,216,72.24,0.33444444444444443,A_A,0.95,114.41372928235162,632.8137292823517,182.44800659743953,700.8480065974396,518.4000000000001,59.46338585572373,61.018722206476994,15768.000000000002,4855.2468451058485,16.011722218766117,4851.6923076923085,162.38103337520675,162.3810333752067,5598.282066750414
CHRISTMAS TREE PAINTED ZINC ,96.0,0.0,96,18.240000000000002,0.19000000000000003,A_C,0.95,0.0,1152.0,315.81189637468265,1467.8118963746826,1152.0,,60.00426031118971,35040.0,9602.631218358303,14.250480118568257,5390.769230769231,182.44999314880778,182.44999314880778,7022.4999862976165
STAR DECORATION PAINTED ZINC ,96.0,0.0,96,18.240000000000002,0.19000000000000003,A_C,0.95,0.0,1152.0,315.81189637468265,1467.8118963746826,1152.0,,60.00426031118971,35040.0,9602.631218358303,14.250480118568257,5390.769230769231,182.44999314880778,182.44999314880778,7022.4999862976165
DOVE DECORATION PAINTED ZINC ,96.0,0.0,96,18.240000000000002,0.19000000000000003,A_C,0.95,0.0,1152.0,315.81189637468265,1467.8118963746826,1152.0,,60.00426031118971,35040.0,9602.631218358303,14.250480118568257,5390.769230769231,182.44999314880778,182.44999314880778,7022.4999862976165
RED RETROSPOT BOWL,12.571428571428571,4.27617987059879,88,110.0,1.25,A_A,0.95,24.36541678424728,175.22255964139015,48.00019499375644,198.85733785089928,150.85714285714286,97.00132946131052,60.00024374219555,4588.571428571428,1354.7798977799205,15.353047409461116,705.934065934066,169.34748722249003,169.34748722249006,6074.409260159266
SET OF 6 TEA TIME BAKING CASES,12.88888888888889,3.8873012632302,116,145.0,1.25,A_A,0.95,22.14960977103889,176.81627643770557,47.837455381428725,202.5041220480954,154.66666666666669,115.97425812881484,59.79681922678591,4704.444444444444,1371.7790557439553,15.162791641194405,723.7606837606838,171.47238196799444,171.4723819679944,6223.500319491544
4 TRADITIONAL SPINNING TOPS,10.75,3.5355339059327378,86,124.69999999999999,1.45,A_A,0.95,20.145260437986696,149.1452604379867,40.69974176539596,169.69974176539597,129.0,102.03135070247554,59.01462555982415,3923.75,1163.1926931421597,15.415360316888767,603.6538461538462,168.66294050561314,168.66294050561314,6026.763381011227
CERAMIC CAKE DESIGN SPOTTED PLATE,12.0,0.0,36,53.64,1.49,A_B,0.95,0.0,144.0,39.47648704683533,183.47648704683533,144.0,,58.819965699784646,4380.0,1212.3525302972403,14.393226387090523,673.8461538461539,180.64052701428878,180.64052701428878,6887.481054028577
CERAMIC CAKE DESIGN SPOTTED MUG,12.0,0.0,48,71.52,1.49,A_A,0.95,0.0,144.0,39.47648704683533,183.47648704683533,144.0,,58.819965699784646,4380.0,1212.3525302972403,14.393226387090523,673.8461538461539,180.64052701428878,180.64052701428878,6887.481054028577
WOODEN PICTURE FRAME WHITE FINISH,12.0,8.48528137423857,24,70.80000000000001,2.9500000000000006,B_A,0.7,15.414164123863022,159.41416412386303,19.899600315809774,163.89960031580978,144.0,29.09944487358056,58.703820931638845,4380.0,861.6106321047414,10.22916732179145,673.8461538461539,254.17513647089876,254.1751364708988,13429.3502729418
WOODLAND PARTY BAG + STICKER SET,8.846153846153847,3.4603986727484126,115,189.75,1.65,A_A,0.95,19.71714437946801,125.87099053331417,35.15179811917513,141.3056442730213,106.15384615384616,78.28037084203552,58.00046689663897,3228.8461538461543,989.1603653797641,15.930253889141644,496.74556213017763,163.21146028766108,163.21146028766108,5654.019074421476
BLUE STRIPE CERAMIC DRAWER KNOB,12.0,0.0,72,104.39999999999999,1.45,A_A,0.95,0.0,144.0,39.47648704683533,183.47648704683533,144.0,,57.24090621791123,4380.0,1228.9608730900293,14.59040305951633,673.8461538461539,178.19932659805423,178.19932659805423,6707.398653196108
CLASSIC CHROME BICYCLE BELL ,12.0,0.0,36,52.199999999999996,1.45,A_B,0.95,0.0,144.0,39.47648704683533,183.47648704683533,144.0,,57.24090621791123,4380.0,1228.9608730900293,14.59040305951633,673.8461538461539,178.19932659805423,178.19932659805423,6707.398653196108
FAMILY ALBUM WHITE PICTURE FRAME,4.0,0.0,4,34.0,8.5,C_B,0.8,0.0,48.0,6.732969868583314,54.73296986858331,48.0,,57.23024388295817,1460.0,293.0569107548506,10.437643396748102,224.61538461538464,249.09837414162303,249.09837414162305,12908.196748283246
SET OF 60 VINTAGE LEAF CAKE CASES ,27.428571428571427,9.071147352221454,192,105.60000000000001,0.55,A_A,0.95,51.68685430373332,380.8297114465904,103.98720781315576,433.13006495601286,329.1428571428571,101.18695404073917,57.192964297235676,10011.42857142857,3016.8358757643246,15.669638395807851,1540.2197802197802,165.92597316703788,165.92597316703788,5838.13766061979
ROUND STORAGE TIN VINTAGE LEAF,7.5,2.7774602993176543,60,117.0,1.95,A_A,0.95,15.825802431715415,105.82580243171542,29.312169823797717,119.31216982379772,90.0,85.2175897574406,57.158731156405544,2737.5,837.8084965689217,15.914535825236138,421.1538461538462,163.37265683093975,163.37265683093972,5664.87031366188
WOODEN ADVENT CALENDAR CREAM,2.0,0.0,2,33.9,16.95,C_B,0.8,0.0,24.0,3.366484934291657,27.366484934291655,24.0,,57.06191963624359,730.0,146.74441489826725,10.453026814671093,112.30769230769232,248.7317832525631,248.731783252563,12870.963566505126
LUNCH BAG ALPHABET DESIGN,8.4,3.5777087639996634,42,69.3,1.65,A_A,0.95,20.385570253222138,121.18557025322215,34.33924954091083,135.13924954091084,100.80000000000001,68.44880527923016,56.659761742502866,3066.0,963.8936191774013,16.34783698539624,943.3846153846155,159.0424471642712,159.04244716427124,5376.984894328542
GREY HEART HOT WATER BOTTLE,8.0,5.656854249492381,16,68.0,4.25,B_A,0.7,10.276109415908683,106.27610941590868,13.266400210539851,109.26640021053986,96.0,29.09944487358056,56.382200894794366,2920.0,586.1138215097012,10.437643396748102,449.2307692307693,249.09837414162303,249.09837414162305,12908.196748283246
3 DRAWER ANTIQUE WHITE WOOD CABINET,6.0,0.0,12,107.39999999999999,8.95,B_A,0.7,0.0,72.0,6.292806152496488,78.29280615249648,72.0,,56.320615064843565,2190.0,349.7804578804879,8.305289410860901,336.92307692307696,313.0535098030367,313.0535098030367,20226.607019606072
OVERNIGHT BAG VINTAGE ROSE PAISLEY,6.0,5.196152422706632,18,89.10000000000001,4.95,B_A,0.7,9.439209228744732,81.43920922874473,11.344517624690676,83.34451762469068,72.0,20.18504251546631,56.15536224221885,2190.0,470.33192663492576,11.167698714619242,336.92307692307696,232.8143036842883,232.8143036842883,11306.128607368577
RED APPLES CHOPPING BOARD   ,6.0,5.196152422706632,18,89.10000000000001,4.95,B_A,0.7,9.439209228744732,81.43920922874473,11.344517624690676,83.34451762469068,72.0,20.18504251546631,56.15536224221885,2190.0,470.33192663492576,11.167698714619242,336.92307692307696,232.8143036842883,232.8143036842883,11306.128607368577
MINI FUNKY DESIGN TAPES,20.0,0.0,40,34.0,0.85,A_B,0.95,0.0,240.0,65.79414507805889,305.7941450780589,240.0,,55.92502331635006,7300.0,2072.2252886833576,14.761056850895148,1123.076923076923,176.13914953808535,176.1391495380854,6557.278299076171
SET OF 9 BLACK SKULL BALLOONS,20.0,0.0,40,34.0,0.85,A_B,0.95,0.0,240.0,65.79414507805889,305.7941450780589,240.0,,55.92502331635006,7300.0,2072.2252886833576,14.761056850895148,1123.076923076923,176.13914953808535,176.1391495380854,6557.278299076171
DRAWER KNOB CERAMIC IVORY,10.5,3.0,42,60.89999999999999,1.4499999999999997,A_A,0.95,17.093820317363367,143.09382031736337,38.54015252043486,164.54015252043484,126.0,125.46248764114468,55.88322115463053,3832.5,1149.5876322133652,15.597796966756682,589.6153846153846,166.6902066709379,166.69020667093793,5890.505413341875
CHRISTMAS CRAFT WHITE FAIRY ,10.5,3.0,42,60.89999999999999,1.4499999999999997,A_A,0.95,17.093820317363367,143.09382031736337,38.54015252043486,164.54015252043484,126.0,125.46248764114468,55.88322115463053,3832.5,1149.5876322133652,15.597796966756682,589.6153846153846,166.6902066709379,166.69020667093793,5890.505413341875
BLACK CHRISTMAS TREE 60CM,18.0,0.0,18,53.1,2.95,B_B,0.7,0.0,216.0,18.878418457489463,234.87841845748946,216.0,,55.69133444959392,6570.0,1055.2532028067471,8.352080143980343,1010.7692307692308,311.29969482799055,311.29969482799044,20004.09938965598
PURPLE ENAMEL FLOWER RING,18.0,0.0,18,53.1,2.95,B_B,0.7,0.0,216.0,18.878418457489463,234.87841845748946,216.0,,55.69133444959392,6570.0,1055.2532028067471,8.352080143980343,1010.7692307692308,311.29969482799055,311.29969482799044,20004.09938965598
WOODEN FRAME ANTIQUE WHITE ,18.0,0.0,18,53.1,2.95,B_B,0.7,0.0,216.0,18.878418457489463,234.87841845748946,216.0,,55.69133444959392,6570.0,1055.2532028067471,8.352080143980343,1010.7692307692308,311.29969482799055,311.29969482799044,20004.09938965598
GREEN ENAMEL FLOWER RING,18.0,0.0,18,53.1,2.95,B_B,0.7,0.0,216.0,18.878418457489463,234.87841845748946,216.0,,55.69133444959392,6570.0,1055.2532028067471,8.352080143980343,1010.7692307692308,311.29969482799055,311.29969482799044,20004.09938965598
BLACK ENAMEL FLOWER RING,18.0,0.0,18,53.1,2.95,B_B,0.7,0.0,216.0,18.878418457489463,234.87841845748946,216.0,,55.69133444959392,6570.0,1055.2532028067471,8.352080143980343,1010.7692307692308,311.29969482799055,311.29969482799044,20004.09938965598
DOORMAT I LOVE LONDON,4.0,0.0,4,33.0,8.25,C_B,0.8,0.0,48.0,6.732969868583314,54.73296986858331,48.0,,55.547001415812346,1460.0,297.46402889231575,10.594609248219466,224.61538461538464,245.40782383616056,245.4078238361605,12535.815647672322
FELTCRAFT CHRISTMAS FAIRY,6.0,2.8284271247461903,12,51.0,4.25,C_B,0.8,8.246170315781516,80.24617031578151,13.03834008576976,85.03834008576976,72.0,58.11388300841897,55.41294536452148,2190.0,507.5894589365794,12.052352449635674,336.92307692307696,215.72552004804626,215.72552004804626,9738.951040096092
SET/6 RED SPOTTY PAPER PLATES,16.88888888888889,5.92546294487706,152,129.2,0.85,A_A,0.95,33.76293295897441,236.4295996256411,65.01379633785336,267.68046300452005,202.66666666666669,92.55968199460665,55.26172688717536,6164.444444444444,1904.2436269683753,16.063194257772164,1896.7521367521367,161.86070829231193,161.86070829231193,5563.499194362401
SET OF 60 PANTRY DESIGN CAKE CASES ,25.764705882352942,9.430862975920506,438,240.90000000000003,0.55,A_A,0.95,53.73649238268663,362.9129629709219,100.35729562580077,409.53376621403606,309.1764705882353,86.75818084869067,55.19651259419043,9404.117647058823,2923.901137344176,16.167690031977553,2893.574660633484,160.8145625539297,160.8145625539297,5493.893830990212
CHILDRENS CUTLERY RETROSPOT RED ,8.0,5.656854249492381,16,66.4,4.15,B_A,0.7,10.276109415908683,106.27610941590868,13.266400210539851,109.26640021053986,96.0,29.09944487358056,55.05556087374039,2920.0,593.1333989210713,10.562649569827295,449.2307692307693,246.15036055224456,246.1503605522446,12610.300721104491
RED RETROSPOT CUP,13.0,8.48528137423857,104,88.39999999999999,0.8499999999999999,A_A,0.95,48.348625051168064,204.34862505116806,64.54871741023933,220.54871741023933,156.0,33.50683156331018,54.86640979870342,4745.0,1670.6814389907595,18.30883768756997,1460.0,142.00792231421457,142.00792231421454,4317.265844628429
ROLL WRAP VINTAGE CHRISTMAS,9.25,5.5,37,46.25,1.25,A_B,0.95,31.338670581832837,142.33867058183284,43.68162681266335,154.68162681266335,111.0,39.3857046315991,54.60203351582919,3376.25,1162.1101496846159,17.898475463487603,1038.8461538461538,145.26376871057695,145.26376871057698,4510.840037421154
LUNCH BAG VINTAGE DOILY ,10.0,0.0,40,66.0,1.65,A_A,0.95,0.0,120.0,32.897072539029445,152.89707253902944,120.0,,54.28016968939858,3650.0,1051.694159944138,14.983040086875388,561.5384615384615,173.52953639078277,173.52953639078277,6369.559072781565
LUNCH BAG RED RETROSPOT,10.0,0.0,60,99.0,1.65,A_A,0.95,0.0,120.0,32.897072539029445,152.89707253902944,120.0,,54.28016968939858,3650.0,1051.694159944138,14.983040086875388,561.5384615384615,173.52953639078277,173.52953639078277,6369.559072781565
CHILDRENS TOY COOKING UTENSIL SET,6.857142857142857,2.2677868380553634,48,99.84,2.08,A_A,0.95,12.92171357593333,95.2074278616476,25.99680195328894,108.28251623900321,82.28571428571428,101.18695404073917,54.073348062841,2502.8571428571427,775.6599458837304,16.11530937794965,770.1098901098901,161.33726874381594,161.33726874381594,5528.617394630489
DOORMAT FAIRY CAKE,4.857142857142857,2.544836041121407,34,267.0,7.852941176470588,B_A,0.7,4.622889763592218,62.9086040493065,6.879080102310696,65.16479438802497,58.28571428571428,48.804761828568985,54.02101139167517,1772.8571428571427,335.97402381180825,9.854516089242402,272.74725274725273,263.8384245816258,263.8384245816259,14449.819706306107
RECYCLED ACAPULCO MAT LAVENDER,3.0,1.4142135623730951,6,49.5,8.25,C_B,0.8,4.123085157890758,40.123085157890756,6.51917004288488,42.51917004288488,36.0,58.11388300841897,53.78315285380025,1095.0,257.6114057328137,12.233601002836815,168.46153846153848,212.5294097295713,212.5294097295713,9458.808819459142
RECYCLED ACAPULCO MAT GREEN,3.0,1.4142135623730951,6,49.5,8.25,C_B,0.8,4.123085157890758,40.123085157890756,6.51917004288488,42.51917004288488,36.0,58.11388300841897,53.78315285380025,1095.0,257.6114057328137,12.233601002836815,168.46153846153848,212.5294097295713,212.5294097295713,9458.808819459142
PACK OF 12 RED RETROSPOT TISSUES ,40.0,13.856406460551018,120,42.0,0.35,A_B,0.95,78.95297409367065,558.9529740936706,153.45699796505363,633.4569979650537,480.0,94.36506316151005,53.709949287768765,14600.0,4566.962103755938,16.265892424336215,4492.307692307692,159.84367363145776,159.84367363145782,5429.687347262916
WOOD BLACK BOARD ANT WHITE FINISH,4.0,0.0,8,63.6,7.95,C_A,0.8,0.0,48.0,6.732969868583314,54.73296986858331,48.0,,53.52711045523735,1460.0,303.02458542347546,10.792656467137482,224.61538461538464,240.904545411663,240.904545411663,12088.809090823326
WOODLAND STORAGE BOX SMALL,15.0,12.727922061357855,30,57.00000000000001,1.9000000000000001,B_A,0.7,23.121246185794533,203.12124618579452,27.965842256934238,207.96584225693425,180.0,20.953005872651342,53.13510028817505,5475.0,1200.328902294788,11.400384094854605,842.3076923076924,228.0624914360097,228.06249143600974,10858.62498287202
CHILDRENS APRON APPLES DESIGN,7.454545454545454,1.8090680674665818,82,159.9,1.9500000000000002,A_A,0.95,10.307961495717844,99.7625069502633,26.601596800889997,116.05614225543545,89.45454545454545,158.06845332067732,51.873113761735496,2720.9090909090905,835.2658245546728,15.962982012872466,418.60139860139856,162.87683578816123,162.87683578816123,5631.52639884905
ROUND CAKE TIN VINTAGE RED,3.0,1.4142135623730951,6,47.7,7.95,C_B,0.8,4.123085157890758,40.123085157890756,6.51917004288488,42.51917004288488,36.0,58.11388300841897,51.82740184093479,1095.0,262.42698894797746,12.462286233145962,168.46153846153848,208.6294562136421,208.6294562136421,9122.508912427284
GARDEN PATH JOURNAL,12.0,0.0,12,30.599999999999998,2.55,C_B,0.8,0.0,144.0,20.198909605749943,164.19890960574995,144.0,,51.50721949466235,4380.0,926.7273220380224,11.002242179446842,673.8461538461539,236.31546711969577,236.3154671196957,11641.63093423939
RETROSPOT CHILDRENS APRON,8.0,0.0,48,93.6,1.95,A_A,0.95,0.0,96.0,26.317658031223555,122.31765803122356,96.0,,51.31943316088593,2920.0,865.2848945393354,15.40918305344022,449.2307692307693,168.7305544351704,168.7305544351704,6031.4611088703405
CHILDRENS APRON SPACEBOY DESIGN,8.0,0.0,40,78.0,1.95,A_A,0.95,0.0,96.0,26.317658031223555,122.31765803122356,96.0,,51.31943316088593,2920.0,865.2848945393354,15.40918305344022,449.2307692307693,168.7305544351704,168.7305544351704,6031.4611088703405
PACK OF 20 SKULL PAPER NAPKINS,15.0,6.0,60,51.0,0.85,A_B,0.95,34.18764063472673,214.18764063472673,60.03152405907324,240.03152405907323,180.0,75.59422921421228,51.026795450212255,5475.0,1794.5997423643294,17.044600292775364,1684.6153846153848,152.540978100968,152.540978100968,4958.831956201936
RED REFECTORY CLOCK ,2.5,1.0,10,99.5,9.95,C_A,0.8,2.915461474554162,32.915461474554164,5.119382104280689,35.11938210428069,30.0,75.5942292142123,50.93785193759285,912.5,214.13610474832103,12.202824599356376,140.3846153846154,213.06542422457943,213.06542422457943,9505.505848449158
DOLLY GIRL CHILDRENS CUP,10.285714285714286,3.9036002917941324,72,90.0,1.25,A_A,0.95,22.2424806595787,145.67105208815013,40.492835953127376,163.92140738169883,123.42857142857144,82.0517979665599,50.61604494140922,3754.2857142857147,1225.444525759647,16.973432548573495,1155.1648351648353,153.18056571995587,153.18056571995587,4999.218274297054
PARISIENNE CURIO CABINET,4.0,0.0,4,30.0,7.5,C_B,0.8,0.0,48.0,6.732969868583314,54.73296986858331,48.0,,50.49727401437486,1460.0,311.9829055146024,11.111719922437894,224.61538461538464,233.9871791359518,233.9871791359518,11417.974358271904
SET OF 4 FAIRY CAKE PLACEMATS ,8.0,0.0,8,30.0,3.75,C_B,0.8,0.0,96.0,13.465939737166629,109.46593973716662,96.0,,50.49727401437486,2920.0,623.9658110292048,11.111719922437894,449.2307692307693,233.9871791359518,233.9871791359518,11417.974358271904
HOME SWEET HOME 3 PEG HANGER ,8.0,0.0,8,30.0,3.75,C_B,0.8,0.0,96.0,13.465939737166629,109.46593973716662,96.0,,50.49727401437486,2920.0,623.9658110292048,11.111719922437894,449.2307692307693,233.9871791359518,233.9871791359518,11417.974358271904
SET OF 4 FAIRY CAKE PLACEMATS,8.0,0.0,8,30.0,3.75,C_B,0.8,0.0,96.0,13.465939737166629,109.46593973716662,96.0,,50.49727401437486,2920.0,623.9658110292048,11.111719922437894,449.2307692307693,233.9871791359518,233.9871791359518,11417.974358271904
CHOCOLATE BOX RIBBONS ,10.5,3.6742346141747673,63,78.75,1.25,A_A,0.95,20.935568766180126,146.93556876618013,40.39112158407506,166.39112158407505,126.0,92.93061504650377,50.48890198009382,3832.5,1238.1437719424994,16.79934145884148,1179.2307692307693,154.76797149281242,154.76797149281242,5100.160942985625
CABIN BAG VINTAGE RETROSPOT,1.0,0.0,2,59.9,29.95,C_A,0.8,0.0,12.0,1.6832424671458286,13.683242467145828,12.0,,50.413111891017564,365.0,78.06080417585363,11.120991279847642,56.15384615384616,233.79210850668164,233.79210850668164,11399.334217013364
BIRDS MOBILE VINTAGE DESIGN,4.0,1.7320508075688772,12,71.4,5.95,C_A,0.8,5.049727401437485,53.04972740143749,8.416212335729142,56.41621233572914,48.0,66.66666666666667,50.0764633975884,1460.0,350.27000389735355,12.475370001823551,224.61538461538464,208.4106523189254,208.4106523189254,9103.821304637851
ENAMEL FLOWER JUG CREAM,4.0,1.7320508075688772,12,71.4,5.95,C_A,0.8,5.049727401437485,53.04972740143749,8.416212335729142,56.41621233572914,48.0,66.66666666666667,50.0764633975884,1460.0,350.27000389735355,12.475370001823551,224.61538461538464,208.4106523189254,208.4106523189254,9103.821304637851
HOME SWEET HOME BLACKBOARD,6.0,0.0,6,29.700000000000003,4.95,C_B,0.8,0.0,72.0,10.099454802874972,82.09945480287497,72.0,,49.99230127423111,2190.0,470.33192663492576,11.167698714619242,336.92307692307696,232.8143036842883,232.8143036842883,11306.128607368577
ANT COPPER PINK BOUDICCA BRACELET,6.0,0.0,6,29.700000000000003,4.95,C_B,0.8,0.0,72.0,10.099454802874972,82.09945480287497,72.0,,49.99230127423111,2190.0,470.33192663492576,11.167698714619242,336.92307692307696,232.8143036842883,232.8143036842883,11306.128607368577
ANT COPPER LIME BOUDICCA BRACELET,6.0,0.0,6,29.700000000000003,4.95,C_B,0.8,0.0,72.0,10.099454802874972,82.09945480287497,72.0,,49.99230127423111,2190.0,470.33192663492576,11.167698714619242,336.92307692307696,232.8143036842883,232.8143036842883,11306.128607368577
RED RETROSPOT BIG BOWL,6.0,0.0,6,29.700000000000003,4.95,C_B,0.8,0.0,72.0,10.099454802874972,82.09945480287497,72.0,,49.99230127423111,2190.0,470.33192663492576,11.167698714619242,336.92307692307696,232.8143036842883,232.8143036842883,11306.128607368577
WALL ART ONLY ONE PERSON ,6.0,0.0,6,29.700000000000003,4.95,C_B,0.8,0.0,72.0,10.099454802874972,82.09945480287497,72.0,,49.99230127423111,2190.0,470.33192663492576,11.167698714619242,336.92307692307696,232.8143036842883,232.8143036842883,11306.128607368577
WOODLAND SMALL RED FELT HEART,15.0,6.0,60,49.8,0.83,A_B,0.95,34.18764063472673,214.18764063472673,60.03152405907324,240.03152405907323,180.0,75.59422921421228,49.826164969030785,5475.0,1816.0927209491088,17.248734518603406,1684.6153846153848,150.73569583877602,150.73569583877602,4845.721391677552
DINOSAUR KEYRINGS ASSORTED,72.0,0.0,72,15.12,0.21,A_C,0.95,0.0,864.0,236.85892228101198,1100.858922281012,864.0,,49.740373679012514,26280.0,7910.21039994693,15.651862283000012,4043.0769230769233,166.11441839888553,166.11441839888553,5851.028836797771
HAIRCLIPS FORTIES FABRIC ASSORTED,18.0,8.48528137423857,36,23.400000000000002,0.65,A_B,0.95,48.348625051168064,264.3486250511681,76.44588844958302,292.44588844958304,216.0,58.11388300841897,49.689827492228964,6570.0,2248.07610054601,17.792991967791856,2021.5384615384617,146.12494653549064,146.12494653549064,4562.749893070982
RED BABY BUNTING ,10.0,0.0,10,29.5,2.95,C_B,0.8,0.0,120.0,16.832424671458284,136.83242467145828,120.0,,49.655652780801944,3650.0,786.5392983167529,11.205491373279768,561.5384615384615,232.02909300344214,232.02909300344214,11231.558186006885
 DOLLY GIRL BEAKER,12.0,0.0,72,90.0,1.25,A_A,0.95,0.0,144.0,39.47648704683533,183.47648704683533,144.0,,49.34560880854416,4380.0,1323.6313686219437,15.714345015602985,673.8461538461539,165.45392107774296,165.45392107774296,5805.907842155486
SET OF 3 WOODEN STOCKING DECORATION,12.0,0.0,36,45.0,1.25,A_B,0.95,0.0,144.0,39.47648704683533,183.47648704683533,144.0,,49.34560880854416,4380.0,1323.6313686219437,15.714345015602985,673.8461538461539,165.45392107774296,165.45392107774296,5805.907842155486
SET OF 3 WOODEN TREE DECORATIONS,12.0,0.0,36,45.0,1.25,A_B,0.95,0.0,144.0,39.47648704683533,183.47648704683533,144.0,,49.34560880854416,4380.0,1323.6313686219437,15.714345015602985,673.8461538461539,165.45392107774296,165.45392107774296,5805.907842155486
SET OF 3 WOODEN SLEIGH DECORATIONS,12.0,0.0,36,45.0,1.25,A_B,0.95,0.0,144.0,39.47648704683533,183.47648704683533,144.0,,49.34560880854416,4380.0,1323.6313686219437,15.714345015602985,673.8461538461539,165.45392107774296,165.45392107774296,5805.907842155486
I LOVE LONDON BEAKER,12.0,0.0,36,45.0,1.25,A_B,0.95,0.0,144.0,39.47648704683533,183.47648704683533,144.0,,49.34560880854416,4380.0,1323.6313686219437,15.714345015602985,673.8461538461539,165.45392107774296,165.45392107774296,5805.907842155486
 50'S CHRISTMAS GIFT BAG LARGE,12.0,0.0,60,75.0,1.25,A_A,0.95,0.0,144.0,39.47648704683533,183.47648704683533,144.0,,49.34560880854416,4380.0,1323.6313686219437,15.714345015602985,673.8461538461539,165.45392107774296,165.45392107774296,5805.907842155486
ROLL WRAP 50'S CHRISTMAS,12.0,0.0,48,60.0,1.25,A_A,0.95,0.0,144.0,39.47648704683533,183.47648704683533,144.0,,49.34560880854416,4380.0,1323.6313686219437,15.714345015602985,673.8461538461539,165.45392107774296,165.45392107774296,5805.907842155486
ROMANTIC PINKS RIBBONS ,12.0,0.0,48,60.0,1.25,A_A,0.95,0.0,144.0,39.47648704683533,183.47648704683533,144.0,,49.34560880854416,4380.0,1323.6313686219437,15.714345015602985,673.8461538461539,165.45392107774296,165.45392107774296,5805.907842155486
CHARLIE & LOLA WASTEPAPER BIN FLORA,12.0,0.0,36,45.0,1.25,A_B,0.95,0.0,144.0,39.47648704683533,183.47648704683533,144.0,,49.34560880854416,4380.0,1323.6313686219437,15.714345015602985,673.8461538461539,165.45392107774296,165.45392107774296,5805.907842155486
SET OF SALT AND PEPPER TOADSTOOLS,12.0,0.0,48,60.0,1.25,A_A,0.95,0.0,144.0,39.47648704683533,183.47648704683533,144.0,,49.34560880854416,4380.0,1323.6313686219437,15.714345015602985,673.8461538461539,165.45392107774296,165.45392107774296,5805.907842155486
TRADITIONAL PICK UP STICKS GAME ,12.0,0.0,36,45.0,1.25,A_B,0.95,0.0,144.0,39.47648704683533,183.47648704683533,144.0,,49.34560880854416,4380.0,1323.6313686219437,15.714345015602985,673.8461538461539,165.45392107774296,165.45392107774296,5805.907842155486
PINK BLUE FELT CRAFT TRINKET BOX,12.0,0.0,36,45.0,1.25,A_B,0.95,0.0,144.0,39.47648704683533,183.47648704683533,144.0,,49.34560880854416,4380.0,1323.6313686219437,15.714345015602985,673.8461538461539,165.45392107774296,165.45392107774296,5805.907842155486
SILVER BELLS TABLE DECORATION,12.0,0.0,36,45.0,1.25,A_B,0.95,0.0,144.0,39.47648704683533,183.47648704683533,144.0,,49.34560880854416,4380.0,1323.6313686219437,15.714345015602985,673.8461538461539,165.45392107774296,165.45392107774296,5805.907842155486
SCANDINAVIAN REDS RIBBONS,11.416666666666666,2.0207259421636903,137,171.25,1.25,A_A,0.95,11.513975388660306,148.5139753886603,39.28277956862591,176.28277956862593,137.0,241.1747745032883,49.103474460782394,4167.083333333333,1291.05899684458,16.110805200100348,1282.179487179487,161.3823746055725,161.3823746055725,5531.618915877811
SPACEBOY BEAKER,11.333333333333334,1.9999999999999998,102,127.5,1.25,A_A,0.95,11.395880211575575,147.3958802115756,38.98607686499033,174.98607686499034,136.0,242.10676262979237,48.732596081237915,4136.666666666667,1286.3384728238004,16.16992761970289,1272.820512820513,160.79230910297503,160.79230910297505,5492.417951539284
6 GIFT TAGS VINTAGE CHRISTMAS ,15.0,5.5549205986353085,120,99.6,0.83,A_A,0.95,31.65160486343083,211.65160486343083,58.624339647595434,238.62433964759543,180.0,85.2175897574406,48.65820190750421,5475.0,1816.0927209491088,17.248734518603406,1684.6153846153848,150.73569583877602,150.73569583877602,4845.721391677552
CAKE PLATE LOVEBIRD PINK,4.5,2.1213203435596424,9,44.550000000000004,4.95,C_B,0.8,6.184627736836136,60.184627736836134,9.778755064327319,63.77875506432732,54.0,58.11388300841897,48.40483756842023,1642.5,407.3193966767245,12.895347718228113,252.6923076923077,201.6231013549787,201.62310135497867,8533.621202709957
CAKE STAND WHITE TWO TIER LACE,2.6666666666666665,1.1547005383792515,8,68.0,8.5,C_A,0.8,3.3664849342916567,35.366484934291655,5.610808223819429,37.61080822381943,32.0,66.6666666666667,47.69186990246515,973.3333333333333,239.27996564857725,12.783450219581525,149.74358974358975,203.38797080129066,203.3879708012907,8680.109274935914
EDWARDIAN PARASOL NATURAL,7.0,1.7320508075688772,21,124.95000000000002,5.950000000000001,B_A,0.7,3.1464030762482436,87.14640307624825,7.987430642766282,91.98743064276628,84.0,153.85910352879696,47.52521232445938,2555.0,463.36366101901126,9.430493296668722,393.0769230769231,275.7013783063117,275.70137830631177,15753.652756612626
3D VINTAGE CHRISTMAS STICKERS ,36.0,0.0,36,45.0,1.25,B_B,0.7,0.0,432.0,37.756836914978926,469.7568369149789,432.0,,47.196046143723656,13140.0,2292.596780945136,9.072681324897037,2021.5384615384617,286.57459761814204,286.574597618142,16998.149195236285
SET/6 RED SPOTTY PAPER CUPS,17.0,7.974960814950754,102,66.30000000000001,0.6500000000000001,A_A,0.95,45.440849069593966,249.44084906959398,72.05885786702365,276.0588578670237,204.0,58.57726988477579,46.83825761356538,6205.0,2184.7372663725314,18.308837687569966,1909.2307692307693,142.0079223142146,142.00792231421457,4317.26584462843
WOODLAND SMALL BLUE FELT HEART,14.4,5.366563145999495,72,59.75999999999999,0.8299999999999998,A_A,0.95,30.578355379833212,203.37835537983324,56.383701371054684,229.1837013710547,172.8,84.39088914585773,46.79847213797538,5256.0,1779.400196763214,17.604415949712163,1617.2307692307693,147.69021633134673,147.69021633134673,4657.860432662693
WALL ART THE MAGIC FOREST ,4.0,0.0,4,27.8,6.95,C_B,0.8,0.0,48.0,6.732969868583314,54.73296986858331,48.0,,46.79414058665404,1460.0,324.0925349696003,11.543021793437818,224.61538461538464,225.2443118038722,225.24431180387222,10597.488623607744
GREEN VINTAGE SPOT BEAKER,12.0,6.6932802122726045,72,61.199999999999996,0.85,A_A,0.95,38.13790976078387,182.13790976078388,54.889827750509944,198.88982775050994,144.0,43.92458342578489,46.65635358793345,4380.0,1605.1388065320998,19.056442451979265,1347.6923076923078,136.4367985552285,136.4367985552285,3995.873597110457
RED METAL BOX TOP SECRET,2.6666666666666665,1.1547005383792515,8,66.0,8.25,C_A,0.8,3.3664849342916567,35.366484934291655,5.610808223819429,37.61080822381943,32.0,66.6666666666667,46.28916784651029,973.3333333333333,242.87836253956215,12.97569334115469,149.74358974358975,200.37464909513875,200.37464909513878,8430.749298190276
RED RETROSPOT TISSUE BOX,36.0,0.0,72,28.080000000000002,0.39,A_B,0.95,0.0,432.0,118.42946114050599,550.429461140506,432.0,,46.18748984479734,13140.0,4104.406637524338,16.242705110446394,4043.0769230769233,160.07185886344922,160.07185886344922,5444.7437177268985
GLITTER CHRISTMAS TREE,36.0,0.0,36,14.040000000000001,0.39,A_C,0.95,0.0,432.0,118.42946114050599,550.429461140506,432.0,,46.18748984479734,13140.0,4104.406637524338,16.242705110446394,4043.0769230769233,160.07185886344922,160.07185886344922,5444.7437177268985
SKULLS SQUARE TISSUE BOX,36.0,0.0,36,14.040000000000001,0.39,A_C,0.95,0.0,432.0,118.42946114050599,550.429461140506,432.0,,46.18748984479734,13140.0,4104.406637524338,16.242705110446394,4043.0769230769233,160.07185886344922,160.07185886344922,5444.7437177268985
BROCADE RING PURSE ,36.0,0.0,36,14.040000000000001,0.39,A_C,0.95,0.0,432.0,118.42946114050599,550.429461140506,432.0,,46.18748984479734,13140.0,4104.406637524338,16.242705110446394,4043.0769230769233,160.07185886344922,160.07185886344922,5444.7437177268985
WORLD WAR 2 GLIDERS ASSTD DESIGNS,48.0,0.0,48,13.919999999999998,0.29,A_C,0.95,0.0,576.0,157.90594818734132,733.9059481873413,576.0,,45.79272497432898,17520.0,5496.080107833595,16.312566530099712,5390.769230769231,159.38632312717422,159.38632312717425,5399.572646254348
SMOKEY GREY COLOUR GLASS,48.0,0.0,48,13.919999999999998,0.29,A_C,0.95,0.0,576.0,157.90594818734132,733.9059481873413,576.0,,45.79272497432898,17520.0,5496.080107833595,16.312566530099712,5390.769230769231,159.38632312717422,159.38632312717425,5399.572646254348
SET 10 NIGHT OWL LIGHTS,4.0,0.0,4,27.0,6.75,C_B,0.8,0.0,48.0,6.732969868583314,54.73296986858331,48.0,,45.44754661293737,1460.0,328.85885748774984,11.71278122559109,224.61538461538464,221.97972880423112,221.97972880423117,10298.959457608462
SET/20 RED RETROSPOT PAPER NAPKINS ,14.222222222222221,4.521553322083512,128,108.8,0.85,A_A,0.95,25.763540014357652,196.43020668102432,53.41140759081214,224.0780742574788,170.66666666666666,107.313931086515,45.39969645219032,5191.11111111111,1747.4537965971601,17.504460120022927,1597.264957264957,148.53357271075865,148.53357271075862,4709.511589865961
PACK OF 60 SPACEBOY CAKE CASES,19.5,9.0,78,42.900000000000006,0.55,A_B,0.95,51.28146095209009,285.2814609520901,82.12746088282447,316.1274608828245,234.0,60.15039228221748,45.17010348555346,7117.5,2543.7088169549884,18.5841740051506,2190.0,139.90398493252434,139.90398493252437,4194.432969865049
60 CAKE CASES DOLLY GIRL DESIGN,19.5,9.0,78,42.900000000000006,0.55,A_B,0.95,51.28146095209009,285.2814609520901,82.12746088282447,316.1274608828245,234.0,60.15039228221748,45.17010348555346,7117.5,2543.7088169549884,18.5841740051506,2190.0,139.90398493252434,139.90398493252437,4194.432969865049
RED SPOT PAPER GIFT BAG,13.333333333333334,5.773502691896258,40,32.8,0.82,A_B,0.95,32.897072539029445,192.89707253902944,54.828454231715746,214.82845423171574,160.0,66.66666666666667,44.959332470006906,4866.666666666667,1722.63741826211,18.40626282526638,1497.4358974358977,141.25626829749305,141.25626829749302,4273.179203261652
GREEN POLKADOT PLATE ,16.0,11.313708498984761,32,54.08,1.69,B_B,0.7,20.552218831817367,212.55221883181736,26.532800421079703,218.5328004210797,192.0,29.09944487358056,44.84043271162469,5840.0,1314.4621146642355,11.704114719613056,898.4615384615386,222.1440973782558,222.14409737825582,10313.888194756511
PACK OF 72 SKULL CAKE CASES,21.428571428571427,6.80336051416609,150,82.5,0.55,A_A,0.95,38.76514072779999,295.9079978706571,80.44937329511329,337.5922304379704,257.1428571428571,107.5301979683513,44.247155312312316,7821.428571428571,2666.5313818497634,17.72817210946692,2406.5934065934066,146.659226001737,146.659226001737,4595.104166289188
WOODLAND  STICKERS,13.714285714285714,4.535573676110727,96,81.6,0.85,A_A,0.95,25.84342715186666,190.4148557232952,51.99360390657788,216.56503247800643,164.57142857142856,101.18695404073917,44.1945633205912,5005.714285714285,1715.9655635023826,17.825669666520188,1540.2197802197802,145.85707289770255,145.85707289770252,4546.571288652547
BLUE VINTAGE SPOT BEAKER,11.428571428571429,6.294366339755546,80,68.0,0.85,A_A,0.95,35.86492240781381,173.00777955067093,51.95961004618902,189.10246718904617,137.14285714285714,44.875846810332696,44.165668539260665,4171.428571428572,1566.4550783871975,19.527042757977394,1283.5164835164837,133.14868166291186,133.1486816629118,3812.0116490401097
PENS ASSORTED FUNNY FACE,54.0,25.45584412271571,108,20.52,0.19,A_B,0.95,145.0458751535042,793.0458751535042,229.33766534874906,877.337665348749,648.0,58.11388300841895,43.57415641626232,19710.0,7201.9734137687265,19.000640158091006,6064.615384615385,136.83749486160585,136.83749486160582,4018.5749897232117
SET OF 4 KNICK KNACK TINS LEAF,8.0,3.4641016151377544,24,99.60000000000001,4.15,B_A,0.7,6.292806152496487,102.29280615249648,10.488010254160812,106.48801025416081,96.0,66.66666666666667,43.525242554767374,2920.0,593.1333989210713,10.562649569827295,449.2307692307693,246.15036055224456,246.1503605522446,12610.300721104491
PINK VINTAGE SPOT BEAKER,10.666666666666666,6.531972647421808,64,54.4,0.85,A_B,0.95,37.218788917653555,165.21878891765357,51.15233265501787,179.15233265501786,128.0,37.43685418725535,43.479482756765194,3893.333333333333,1513.339379792706,20.212409524628608,1197.948717948718,128.63384728238003,128.63384728238003,3566.601027898093
72 SWEETHEART FAIRY CAKE CASES,24.0,0.0,48,26.400000000000002,0.55,A_B,0.95,0.0,288.0,78.95297409367066,366.95297409367066,288.0,,43.42413575151887,8760.0,2821.9915598095545,16.751548071928863,2695.3846153846157,155.20953578952552,155.20953578952552,5128.419071579051
HOT WATER BOTTLE KEEP CALM,5.6,3.5777087639996634,28,138.60000000000002,4.950000000000001,B_A,0.7,6.499182247874791,73.69918224787477,8.759843337762858,75.95984333776285,67.19999999999999,34.78377746103818,43.361224521926154,2043.9999999999998,454.383809641856,11.559666390105926,314.46153846153845,224.91998577271875,224.91998577271875,10567.639971545439
VINTAGE DOILY DELUXE SEWING KIT ,5.4,2.5099800796022267,27,160.65,5.95,B_A,0.7,4.559571237328272,69.35957123732828,7.270846675547379,72.07084667554739,64.80000000000001,59.46338585572373,43.261537719506904,1971.0000000000002,406.97696753113723,10.737088945519602,303.2307692307693,242.15129568102668,242.15129568102668,12211.752591362056
CHERRY BLOSSOM  DECORATIVE FLASK,12.0,0.0,12,40.68,3.39,B_B,0.7,0.0,144.0,12.585612304992976,156.58561230499296,144.0,,42.66522571392619,4380.0,803.7522622767816,9.542264301002886,673.8461538461539,272.4720169118289,272.472016911829,15393.144033823659
HAND WARMER BABUSHKA DESIGN,12.0,0.0,12,25.200000000000003,2.1,C_B,0.8,0.0,144.0,20.198909605749943,164.19890960574995,144.0,,42.417710172074884,4380.0,1021.2037714663724,12.123880391838211,673.8461538461539,214.4527920079382,214.45279200793823,9626.905584015876
SKULLS STORAGE BOX SMALL,12.0,0.0,12,25.200000000000003,2.1,C_B,0.8,0.0,144.0,20.198909605749943,164.19890960574995,144.0,,42.417710172074884,4380.0,1021.2037714663724,12.123880391838211,673.8461538461539,214.4527920079382,214.45279200793823,9626.905584015876
PACK OF 60 DINOSAUR CAKE CASES,20.0,6.928203230275509,60,33.0,0.55,A_B,0.95,39.476487046835324,279.4764870468353,76.72849898252682,316.72849898252684,240.0,94.36506316151005,42.200674440389754,7300.0,2576.114057328137,18.350401504255224,2246.153846153846,141.68627315304755,141.68627315304755,4298.3725463060955
FRYING PAN PINK POLKADOT,5.5,4.43471156521669,22,93.5,4.25,B_A,0.7,8.055993536734968,74.05599353673497,9.90825592569443,75.90825592569443,66.0,22.99235197388414,42.110087684201325,2007.5,485.9799075972537,12.588271579106944,308.84615384615387,206.54146072883287,206.54146072883285,8944.957921457666
DOLLY CABINET 2 DRAWERS ,2.0,0.0,2,25.0,12.5,C_B,0.8,0.0,24.0,3.366484934291657,27.366484934291655,24.0,,42.08106167864572,730.0,170.88007490635061,12.172279308397577,112.30769230769232,213.6000936329383,213.60009363293827,9552.200187265877
GLASS  SONGBIRD STORAGE JAR,2.0,0.0,2,25.0,12.5,C_B,0.8,0.0,24.0,3.366484934291657,27.366484934291655,24.0,,42.08106167864572,730.0,170.88007490635061,12.172279308397577,112.30769230769232,213.6000936329383,213.60009363293827,9552.200187265877
BOTANICAL GARDENS WALL CLOCK ,1.0,0.0,1,25.0,25.0,C_B,0.8,0.0,12.0,1.6832424671458286,13.683242467145828,12.0,,42.08106167864572,365.0,85.44003745317531,12.172279308397577,56.15384615384616,213.6000936329383,213.60009363293827,9552.200187265877
IVORY CAFE HANGING LAMP ,2.0,0.0,2,25.0,12.5,C_B,0.8,0.0,24.0,3.366484934291657,27.366484934291655,24.0,,42.08106167864572,730.0,170.88007490635061,12.172279308397577,112.30769230769232,213.6000936329383,213.60009363293827,9552.200187265877
PACK OF 12 SPACEBOY TISSUES,30.0,12.0,120,42.0,0.35,A_B,0.95,68.37528126945347,428.37528126945347,120.06304811814648,480.06304811814647,360.0,75.59422921421228,42.02206684135127,10950.0,3955.105199973465,18.782234739600018,3369.2307692307695,138.42868199907127,138.42868199907127,4109.357363998142
BICYCLE PUNCTURE REPAIR KIT ,12.0,0.0,12,24.96,2.08,C_B,0.8,0.0,144.0,20.198909605749943,164.19890960574995,144.0,,42.013731979959886,4380.0,1026.1016593810846,12.182028832834794,673.8461538461539,213.42914515126557,213.4291451512656,9537.25829030253
HOME SWEET HOME BOTTLE ,12.0,0.0,12,24.96,2.08,C_B,0.8,0.0,144.0,20.198909605749943,164.19890960574995,144.0,,42.013731979959886,4380.0,1026.1016593810846,12.182028832834794,673.8461538461539,213.42914515126557,213.4291451512656,9537.25829030253
6 GIFT TAGS 50'S CHRISTMAS ,13.5,4.242640687119285,108,89.63999999999999,0.8299999999999998,A_A,0.95,24.174312525584032,186.17431252558404,50.56420239774543,212.56420239774542,162.0,109.16500663351889,41.9682879901287,4927.5,1722.896832075532,18.181762611451582,1516.1538461538462,143.00043706226913,143.00043706226916,4375.825874124537
SET OF 4 KNICK KNACK TINS DOILEY ,6.0,0.0,6,24.900000000000002,4.15,C_B,0.8,0.0,72.0,10.099454802874972,82.09945480287497,72.0,,41.912737431931134,2190.0,513.6685912986572,12.19669714499095,336.92307692307696,213.17246538894275,213.17246538894278,9514.844930777886
EDWARDIAN PARASOL PINK,4.8,2.6832815729997477,24,142.8,5.95,B_A,0.7,4.874386685906094,62.47438668590609,7.00737236761349,64.60737236761348,57.599999999999994,43.75905768565216,41.693865587300266,1752.0,383.701564704006,11.388402605370041,269.53846153846155,228.3024309988836,228.3024309988836,10881.004861997766
SMALL SQUARE CUT GLASS CANDLESTICK,5.0,0.0,5,24.75,4.95,C_B,0.8,0.0,60.0,8.416212335729142,68.41621233572914,60.0,,41.660251061859256,1825.0,429.35234288802286,12.233601002836815,280.7692307692308,212.5294097295713,212.52940972957134,9458.808819459142
VINTAGE CHRISTMAS BUNTING,5.0,0.0,5,24.75,4.95,C_B,0.8,0.0,60.0,8.416212335729142,68.41621233572914,60.0,,41.660251061859256,1825.0,429.35234288802286,12.233601002836815,280.7692307692308,212.5294097295713,212.52940972957134,9458.808819459142
WALL ART KEEP CALM ,3.0,0.0,3,24.75,8.25,C_B,0.8,0.0,36.0,5.049727401437486,41.04972740143749,36.0,,41.660251061859256,1095.0,257.6114057328137,12.233601002836815,168.46153846153848,212.5294097295713,212.5294097295713,9458.808819459142
PARTY BUNTING,8.0,0.0,16,79.2,4.95,B_A,0.7,0.0,96.0,8.39040820332865,104.39040820332865,96.0,,41.53252060647682,2920.0,543.0925289022995,9.671510788671085,449.2307692307693,268.8308018066382,268.83080180663825,14991.661603613276
RECYCLED PENCIL WITH RABBIT ERASER,60.0,0.0,120,25.2,0.21,A_B,0.95,0.0,720.0,197.38243523417665,917.3824352341767,720.0,,41.450311399177096,21900.0,7221.001117771492,17.14575607872683,6738.461538461539,151.64102347320133,151.64102347320136,4902.282046946402
RED RETROSPOT SHOPPER BAG,10.0,0.0,40,50.0,1.25,A_B,0.95,0.0,120.0,32.897072539029445,152.89707253902944,120.0,,41.121340673786804,3650.0,1208.3045973594571,17.214202482929252,1123.076923076923,151.03807466993214,151.03807466993214,4864.576149339864
CHARLOTTE BAG APPLES DESIGN,12.307692307692308,4.385290096535146,160,136.0,0.85,A_A,0.95,24.987120316561604,172.6794280088693,47.578265910350744,195.27057360265846,147.6923076923077,90.41116106050684,40.44152602379813,4492.307692307692,1625.5872590087508,18.816729230991704,1382.2485207100592,138.17491701574383,138.17491701574383,4094.8113724930263
JUMBO BAG PAISLEY PARK,11.0,8.54400374531753,33,68.64,2.08,B_A,0.7,15.520837812764082,147.52083781276409,19.33893536135586,151.33893536135585,132.0,24.59981603217216,40.224985551620186,4015.0,982.417544005211,12.723714144027639,617.6923076923077,204.3428491530839,204.3428491530839,8759.885698306169
6 RIBBONS ELEGANT CHRISTMAS ,18.0,8.48528137423857,36,59.39999999999999,1.6499999999999997,B_A,0.7,15.414164123863022,231.41416412386303,24.37193342953047,240.37193342953046,216.0,58.11388300841897,40.213690158725264,6570.0,1410.9957799047772,11.167698714619242,1010.7692307692308,232.8143036842883,232.8143036842882,11306.128607368575
WALL ART STOP FOR TEA ,4.0,0.0,4,23.8,5.95,C_B,0.8,0.0,48.0,6.732969868583314,54.73296986858331,48.0,,40.06117071807072,1460.0,350.27000389735355,12.475370001823551,224.61538461538464,208.4106523189254,208.4106523189254,9103.821304637851
WALL ART BICYCLE SAFETY,4.0,0.0,4,23.8,5.95,C_B,0.8,0.0,48.0,6.732969868583314,54.73296986858331,48.0,,40.06117071807072,1460.0,350.27000389735355,12.475370001823551,224.61538461538464,208.4106523189254,208.4106523189254,9103.821304637851
CHARLOTTE BAG PINK POLKADOT,12.0,4.47213595499958,60,51.0,0.85,A_B,0.95,25.481962816527677,169.48196281652767,46.98641780921224,190.98641780921224,144.0,84.39088914585776,39.9384551378304,4380.0,1605.1388065320998,19.056442451979265,1347.6923076923078,136.4367985552285,136.4367985552285,3995.873597110457
RED RETROSPOT TAPE,15.428571428571429,5.855400437691199,108,70.2,0.65,A_A,0.95,33.363720989368055,218.5065781322252,60.73925392969107,245.8821110725482,185.14285714285714,82.05179796655987,39.4805150542992,5631.428571428572,2081.3140397037955,19.218627865352147,1732.7472527472528,135.28541258074668,135.2854125807467,3930.999396590065
RED STAR CARD HOLDER,12.0,0.0,12,23.4,1.95,C_B,0.8,0.0,144.0,20.198909605749943,164.19890960574995,144.0,,39.38787373121239,4380.0,1059.7532368796628,12.581545278023395,673.8461538461539,206.65188119153433,206.65188119153427,8954.303762383068
REGENCY TEA SPOON,13.0,15.556349186104045,26,32.5,1.25,B_B,0.7,28.259300893748872,184.25930089374887,31.37650894965646,187.37650894965645,156.0,11.030733094310685,39.220636187070575,4745.0,1377.6792079435618,15.097854333628074,730.0,172.20990099294525,172.20990099294522,6275.66980198589
WHITE HEARTS WIRE PLANT POT HOLDER,8.0,0.0,8,23.12,2.89,C_B,0.8,0.0,96.0,13.465939737166629,109.46593973716662,96.0,,38.91656584041156,2920.0,710.7674102114454,12.657501825683275,449.2307692307693,205.41178155110777,205.41178155110774,8849.623563102217
REGENCY SUGAR BOWL GREEN,6.4,3.5777087639996634,32,132.8,4.15,B_A,0.7,6.499182247874791,83.2991822478748,9.343163156817987,86.14316315681799,76.80000000000001,43.75905768565218,38.77412710079465,2336.0,530.5146398852063,11.809401230321374,359.3846153846154,220.16357555236064,220.16357555236064,10134.727151104722
CHARLOTTE BAG SUKI DESIGN,11.666666666666666,4.0824829046386295,70,59.5,0.85,A_A,0.95,23.26174307353347,163.26174307353347,44.87902398230562,184.87902398230563,140.0,92.93061504650379,38.14717038495977,4258.333333333333,1582.6882070655336,19.326760101935285,1310.2564102564102,134.52849760057038,134.52849760057038,3888.6403285344736
ENCHANTED BIRD COATHANGER 5 HOOK,6.666666666666667,2.309401076758503,20,93.0,4.65,B_A,0.7,4.1952041016643244,84.19520410166433,8.154011101954126,88.15401110195413,80.0,94.36506316151008,37.91615162408669,2433.3333333333335,511.51612439855035,10.931029507695047,374.3589743589744,237.85499784532593,237.85499784532595,11790.709995690653
SET 6 PAPER TABLE LANTERN HEARTS ,6.0,0.0,12,45.0,3.75,C_B,0.8,0.0,72.0,10.099454802874972,82.09945480287497,72.0,,37.872955510781146,2190.0,540.3702434442519,12.83070897675849,336.92307692307696,202.63884129159445,202.63884129159445,8617.77768258319
HOT STUFF HOT WATER BOTTLE,6.0,0.0,6,22.5,3.75,C_B,0.8,0.0,72.0,10.099454802874972,82.09945480287497,72.0,,37.872955510781146,2190.0,540.3702434442519,12.83070897675849,336.92307692307696,202.63884129159445,202.63884129159445,8617.77768258319
PANTRY ROLLING PIN,6.0,0.0,6,22.5,3.75,C_B,0.8,0.0,72.0,10.099454802874972,82.09945480287497,72.0,,37.872955510781146,2190.0,540.3702434442519,12.83070897675849,336.92307692307696,202.63884129159445,202.63884129159445,8617.77768258319
EMBROIDERED RIBBON REEL SOPHIE  ,6.0,0.0,6,22.5,3.75,C_B,0.8,0.0,72.0,10.099454802874972,82.09945480287497,72.0,,37.872955510781146,2190.0,540.3702434442519,12.83070897675849,336.92307692307696,202.63884129159445,202.63884129159445,8617.77768258319
EMBROIDERED RIBBON REEL RUBY ,6.0,0.0,6,22.5,3.75,C_B,0.8,0.0,72.0,10.099454802874972,82.09945480287497,72.0,,37.872955510781146,2190.0,540.3702434442519,12.83070897675849,336.92307692307696,202.63884129159445,202.63884129159445,8617.77768258319
SET OF 10 LED DOLLY LIGHTS,3.6,2.6076809620810595,18,112.5,6.25,B_A,0.7,4.737052380398807,47.93705238039881,6.05767716149393,49.25767716149393,43.2,27.878618918373487,37.86048225933706,1314.0,324.2221460665511,12.83070897675849,202.15384615384616,202.63884129159445,202.63884129159442,8617.77768258319
RED VINTAGE SPOT BEAKER,9.777777777777779,5.333333333333333,88,74.8,0.85,A_A,0.95,30.38901389753487,147.72234723086822,44.25093699961973,161.58427033295308,117.33333333333334,45.614915800901755,37.613296449676774,3568.888888888889,1448.9121454487013,21.111173227583816,1098.1196581196582,123.1575323631396,123.15753236313962,3279.870620281835
WHITE HANGING HEART T-LIGHT HOLDER,12.0,0.0,12,35.400000000000006,2.9500000000000006,B_B,0.7,0.0,144.0,12.585612304992976,156.58561230499296,144.0,,37.127556299729285,4380.0,861.6106321047414,10.22916732179145,673.8461538461539,254.17513647089876,254.1751364708988,13429.3502729418
RED ENAMEL FLOWER RING,12.0,0.0,12,35.400000000000006,2.9500000000000006,B_B,0.7,0.0,144.0,12.585612304992976,156.58561230499296,144.0,,37.127556299729285,4380.0,861.6106321047414,10.22916732179145,673.8461538461539,254.17513647089876,254.1751364708988,13429.3502729418
CLASSIC BICYCLE CLIPS ,24.0,0.0,24,34.8,1.45,B_B,0.7,0.0,288.0,25.171224609985952,313.1712246099859,288.0,,36.49827568447963,8760.0,1738.0131343497994,10.316972943628947,1347.6923076923078,252.0119044807209,252.0119044807209,13206.023808961441
RED RETROSPOT ROUND CAKE TINS,2.7142857142857144,1.2535663410560174,19,189.04999999999998,9.95,B_A,0.7,2.27719936074858,34.84862793217715,3.6454900452224517,36.21691861665102,32.57142857142857,60.08655667389946,36.27262594996339,990.7142857142858,223.12471282464364,11.711232223240128,152.41758241758242,222.0090892605204,222.00908926052043,10301.625321378184
BROCANTE SHELF WITH HOOKS,2.0,0.0,4,43.0,10.75,C_B,0.8,0.0,24.0,3.366484934291657,27.366484934291655,24.0,,36.189713043635315,730.0,184.26472362363077,13.125706340313425,112.30769230769232,198.08457789540304,198.08457789540307,8243.669155790805
PANTRY CHOPPING BOARD,5.4,2.5099800796022267,27,133.65,4.95,B_A,0.7,4.559571237328272,69.35957123732828,7.270846675547379,72.07084667554739,64.80000000000001,59.46338585572373,35.99069104395952,1971.0000000000002,446.1960433384737,11.771788053577184,303.2307692307693,220.86704145254447,220.8670414525445,10198.184082905089
BLUE PARTY BAGS ,10.0,0.0,10,21.0,2.1,C_B,0.8,0.0,120.0,16.832424671458284,136.83242467145828,120.0,,35.3480918100624,3650.0,932.2272357358044,13.28104555020872,561.5384615384615,195.76771950451894,195.76771950451894,8056.535439009038
WALL ART BIG LOVE ,3.0,0.0,3,20.85,6.95,C_B,0.8,0.0,36.0,5.049727401437486,41.04972740143749,36.0,,35.09560543999053,1095.0,280.6723684605704,13.328733479406083,168.46153846153848,195.0672960800964,195.06729608009644,8000.384592160193
PEACE WOODEN BLOCK LETTERS,3.0,0.0,3,20.85,6.95,C_B,0.8,0.0,36.0,5.049727401437486,41.04972740143749,36.0,,35.09560543999053,1095.0,280.6723684605704,13.328733479406083,168.46153846153848,195.0672960800964,195.06729608009644,8000.384592160193
HOME SWEET HOME KEY HOLDER,2.6666666666666665,1.1547005383792515,8,50.0,6.25,C_B,0.8,3.3664849342916567,35.366484934291655,5.610808223819429,37.61080822381943,32.0,66.6666666666667,35.06755139887143,973.3333333333333,279.04599381941796,14.907936656105893,149.74358974358975,174.40374613713624,174.40374613713624,6432.140825607606
JUMBO BAG DOILEY PATTERNS,10.0,0.0,10,20.8,2.08,C_B,0.8,0.0,120.0,16.832424671458284,136.83242467145828,120.0,,35.01144331663323,3650.0,936.6983752275041,13.344743975843894,561.5384615384615,194.8332620473209,194.8332620473209,7981.666524094642
JUMBO BAG TOYS ,10.0,0.0,10,20.8,2.08,C_B,0.8,0.0,120.0,16.832424671458284,136.83242467145828,120.0,,35.01144331663323,3650.0,936.6983752275041,13.344743975843894,561.5384615384615,194.8332620473209,194.8332620473209,7981.666524094642
RETROSPOT HEART HOT WATER BOTTLE,4.8,2.6832815729997477,24,118.80000000000001,4.95,B_A,0.7,4.874386685906094,62.47438668590609,7.00737236761349,64.60737236761348,57.599999999999994,43.75905768565216,34.686493219686774,1752.0,420.67766397765513,12.485866739062825,269.53846153846155,208.23544366893935,208.2354436689393,9088.870887337878
WRAP  VINTAGE DOILY ,25.0,0.0,75,31.5,0.42,A_B,0.95,0.0,300.0,82.24268134757361,382.2426813475736,300.0,,34.54192616598091,9125.0,3295.9209999778877,18.782234739600018,2807.6923076923076,138.42868199907124,138.4286819990713,4109.357363998142
SPACEBOY GIFT WRAP,25.0,0.0,125,52.5,0.42,A_B,0.95,0.0,300.0,82.24268134757361,382.2426813475736,300.0,,34.54192616598091,9125.0,3295.9209999778877,18.782234739600018,2807.6923076923076,138.42868199907124,138.4286819990713,4109.357363998142
BOX OF 24 COCKTAIL PARASOLS,25.0,0.0,50,21.0,0.42,A_B,0.95,0.0,300.0,82.24268134757361,382.2426813475736,300.0,,34.54192616598091,9125.0,3295.9209999778877,18.782234739600018,2807.6923076923076,138.42868199907124,138.4286819990713,4109.357363998142
WRAP 50'S  CHRISTMAS,25.0,0.0,200,84.0,0.42,A_A,0.95,0.0,300.0,82.24268134757361,382.2426813475736,300.0,,34.54192616598091,9125.0,3295.9209999778877,18.782234739600018,2807.6923076923076,138.42868199907124,138.4286819990713,4109.357363998142
WRAP RED APPLES ,25.0,0.0,100,42.0,0.42,A_B,0.95,0.0,300.0,82.24268134757361,382.2426813475736,300.0,,34.54192616598091,9125.0,3295.9209999778877,18.782234739600018,2807.6923076923076,138.42868199907124,138.4286819990713,4109.357363998142
WRAP VINTAGE LEAF DESIGN,25.0,0.0,50,21.0,0.42,A_B,0.95,0.0,300.0,82.24268134757361,382.2426813475736,300.0,,34.54192616598091,9125.0,3295.9209999778877,18.782234739600018,2807.6923076923076,138.42868199907124,138.4286819990713,4109.357363998142
WRAP PINK FAIRY CAKES ,25.0,0.0,50,21.0,0.42,A_B,0.95,0.0,300.0,82.24268134757361,382.2426813475736,300.0,,34.54192616598091,9125.0,3295.9209999778877,18.782234739600018,2807.6923076923076,138.42868199907124,138.4286819990713,4109.357363998142
WRAP PAISLEY PARK ,25.0,0.0,75,31.5,0.42,A_B,0.95,0.0,300.0,82.24268134757361,382.2426813475736,300.0,,34.54192616598091,9125.0,3295.9209999778877,18.782234739600018,2807.6923076923076,138.42868199907124,138.4286819990713,4109.357363998142
WRAP GREEN PEARS ,25.0,0.0,100,42.0,0.42,A_B,0.95,0.0,300.0,82.24268134757361,382.2426813475736,300.0,,34.54192616598091,9125.0,3295.9209999778877,18.782234739600018,2807.6923076923076,138.42868199907124,138.4286819990713,4109.357363998142
WRAP GINGHAM ROSE ,25.0,0.0,50,21.0,0.42,A_B,0.95,0.0,300.0,82.24268134757361,382.2426813475736,300.0,,34.54192616598091,9125.0,3295.9209999778877,18.782234739600018,2807.6923076923076,138.42868199907124,138.4286819990713,4109.357363998142
WRAP DOLLY GIRL,25.0,0.0,50,21.0,0.42,A_B,0.95,0.0,300.0,82.24268134757361,382.2426813475736,300.0,,34.54192616598091,9125.0,3295.9209999778877,18.782234739600018,2807.6923076923076,138.42868199907124,138.4286819990713,4109.357363998142
WRAP COWBOYS  ,25.0,0.0,50,21.0,0.42,A_B,0.95,0.0,300.0,82.24268134757361,382.2426813475736,300.0,,34.54192616598091,9125.0,3295.9209999778877,18.782234739600018,2807.6923076923076,138.42868199907124,138.4286819990713,4109.357363998142
CHRISTMAS CRAFT TREE TOP ANGEL,10.0,6.928203230275509,30,63.00000000000001,2.1,B_A,0.7,12.585612304992974,132.58561230499296,16.38279573769303,136.38279573769302,120.0,30.170827931777566,34.40387104915536,3650.0,932.2272357358044,13.28104555020872,561.5384615384615,195.76771950451894,195.76771950451894,8056.535439009038
SET 12 COLOUR PENCILS DOLLY GIRL ,16.0,0.0,64,41.6,0.65,A_B,0.95,0.0,192.0,52.63531606244711,244.63531606244712,192.0,,34.212955440590626,5840.0,2119.506473759326,18.872317917035094,1796.9230769230771,137.76792079435617,137.7679207943562,4071.535841588712
SET 12 COLOUR PENCILS SPACEBOY ,16.0,0.0,48,31.200000000000003,0.65,A_B,0.95,0.0,192.0,52.63531606244711,244.63531606244712,192.0,,34.212955440590626,5840.0,2119.506473759326,18.872317917035094,1796.9230769230771,137.76792079435617,137.7679207943562,4071.535841588712
EDWARDIAN PARASOL BLACK,4.714285714285714,1.6035674514745464,33,196.35000000000002,5.950000000000001,B_A,0.7,2.913003209976812,59.484431781405384,5.7386550509049705,62.310083622333536,56.57142857142857,97.0013294613105,34.14499755288458,1720.7142857142858,380.2602255504173,11.491467173130086,264.72527472527474,226.25483420249833,226.25483420249833,10690.759668404999
RETROSPOT CANDLE  SMALL,12.0,0.0,12,20.28,1.6900000000000002,C_B,0.8,0.0,144.0,20.198909605749943,164.19890960574995,144.0,,34.136157233717405,4380.0,1138.3575836114417,13.514747567989717,673.8461538461539,192.38243163033366,192.38243163033368,7786.964863260668
PIN CUSHION BABUSHKA RED,6.0,0.0,6,20.1,3.35,C_B,0.8,0.0,72.0,10.099454802874972,82.09945480287497,72.0,,33.83317358963116,2190.0,571.7216732307696,13.575126487671243,336.92307692307696,191.52676053230792,191.52676053230783,7719.553521064616
PIN CUSHION BABUSHKA PINK,6.0,0.0,6,20.1,3.35,C_B,0.8,0.0,72.0,10.099454802874972,82.09945480287497,72.0,,33.83317358963116,2190.0,571.7216732307696,13.575126487671243,336.92307692307696,191.52676053230792,191.52676053230783,7719.553521064616
TEA TIME KITCHEN APRON,4.5,1.7320508075688772,18,107.10000000000001,5.95,B_A,0.7,3.1464030762482436,57.14640307624824,5.672258812345338,59.67225881234534,54.0,80.2775637731995,33.74993993345476,1642.5,371.5174425030857,11.761891634800886,252.6923076923077,221.05287828933604,221.05287828933604,10214.980756578672
FRYING PAN RED RETROSPOT,5.5,3.0,22,93.5,4.25,B_A,0.7,5.449729989152971,71.44972998915297,7.93561973508159,73.93561973508159,66.0,45.614915800901755,33.72638387409676,2007.5,485.9799075972537,12.588271579106944,308.84615384615387,206.54146072883287,206.54146072883285,8944.957921457666
ROCOCO WALL MIRROR WHITE,1.0,0.0,1,19.95,19.95,C_B,0.8,0.0,12.0,1.6832424671458286,13.683242467145828,12.0,,33.58068721955928,365.0,95.64449630891191,13.626065227571013,56.15384615384616,190.81077013627925,190.81077013627927,7663.371540272558
ROCKING HORSE RED CHRISTMAS ,12.0,0.0,48,40.8,0.85,A_B,0.95,0.0,144.0,39.47648704683533,183.47648704683533,144.0,,33.55501398981003,4380.0,1605.1388065320998,19.056442451979265,1347.6923076923078,136.4367985552285,136.4367985552285,3995.873597110457
POPCORN HOLDER,12.0,0.0,36,30.599999999999998,0.85,A_B,0.95,0.0,144.0,39.47648704683533,183.47648704683533,144.0,,33.55501398981003,4380.0,1605.1388065320998,19.056442451979265,1347.6923076923078,136.4367985552285,136.4367985552285,3995.873597110457
PACK OF 6 SKULL PAPER PLATES,12.0,0.0,48,40.8,0.85,A_B,0.95,0.0,144.0,39.47648704683533,183.47648704683533,144.0,,33.55501398981003,4380.0,1605.1388065320998,19.056442451979265,1347.6923076923078,136.4367985552285,136.4367985552285,3995.873597110457
PARTY CONE CHRISTMAS DECORATION ,12.0,0.0,36,30.599999999999998,0.85,A_B,0.95,0.0,144.0,39.47648704683533,183.47648704683533,144.0,,33.55501398981003,4380.0,1605.1388065320998,19.056442451979265,1347.6923076923078,136.4367985552285,136.4367985552285,3995.873597110457
SET OF 20 VINTAGE CHRISTMAS NAPKINS,12.0,0.0,36,30.599999999999998,0.85,A_B,0.95,0.0,144.0,39.47648704683533,183.47648704683533,144.0,,33.55501398981003,4380.0,1605.1388065320998,19.056442451979265,1347.6923076923078,136.4367985552285,136.4367985552285,3995.873597110457
SET OF 6 3D KIT CARDS FOR KIDS,12.0,0.0,48,40.8,0.85,A_B,0.95,0.0,144.0,39.47648704683533,183.47648704683533,144.0,,33.55501398981003,4380.0,1605.1388065320998,19.056442451979265,1347.6923076923078,136.4367985552285,136.4367985552285,3995.873597110457
JAM JAR WITH PINK LID,12.0,0.0,36,30.599999999999998,0.85,A_B,0.95,0.0,144.0,39.47648704683533,183.47648704683533,144.0,,33.55501398981003,4380.0,1605.1388065320998,19.056442451979265,1347.6923076923078,136.4367985552285,136.4367985552285,3995.873597110457
LUNCH BAG CARS BLUE,15.0,7.0710678118654755,30,49.5,1.65,B_B,0.7,12.845136769885853,192.84513676988584,20.309944524608724,200.30994452460874,180.0,58.11388300841895,33.51140846560439,5475.0,1288.0570286640686,12.233601002836815,842.3076923076924,212.5294097295713,212.52940972957134,9458.808819459142
RIBBON REEL STRIPES DESIGN ,15.0,7.0710678118654755,30,49.5,1.65,B_B,0.7,12.845136769885853,192.84513676988584,20.309944524608724,200.30994452460874,180.0,58.11388300841895,33.51140846560439,5475.0,1288.0570286640686,12.233601002836815,842.3076923076924,212.5294097295713,212.52940972957134,9458.808819459142
SET OF 2 TRAYS HOME SWEET HOME,2.0,0.0,2,19.9,9.95,C_B,0.8,0.0,24.0,3.366484934291657,27.366484934291655,24.0,,33.496525096201985,730.0,191.52915466170452,13.643172660833747,112.30769230769232,190.571508888396,190.571508888396,7644.643017776791
CHILDS BREAKFAST SET DOLLY GIRL ,2.0,0.0,2,19.9,9.95,C_B,0.8,0.0,24.0,3.366484934291657,27.366484934291655,24.0,,33.496525096201985,730.0,191.52915466170452,13.643172660833747,112.30769230769232,190.571508888396,190.571508888396,7644.643017776791
REGENCY TEAPOT ROSES ,2.0,0.0,6,59.699999999999996,9.95,C_A,0.8,0.0,24.0,3.366484934291657,27.366484934291655,24.0,,33.496525096201985,730.0,191.52915466170452,13.643172660833747,112.30769230769232,190.571508888396,190.571508888396,7644.643017776791
CERAMIC CAKE STAND + HANGING CAKES,2.0,0.0,4,39.8,9.95,C_B,0.8,0.0,24.0,3.366484934291657,27.366484934291655,24.0,,33.496525096201985,730.0,191.52915466170452,13.643172660833747,112.30769230769232,190.571508888396,190.571508888396,7644.643017776791
NOVELTY BISCUITS CAKE STAND 3 TIER,2.0,0.0,2,19.9,9.95,C_B,0.8,0.0,24.0,3.366484934291657,27.366484934291655,24.0,,33.496525096201985,730.0,191.52915466170452,13.643172660833747,112.30769230769232,190.571508888396,190.571508888396,7644.643017776791
BLUE REFECTORY CLOCK ,2.0,0.0,4,39.8,9.95,C_B,0.8,0.0,24.0,3.366484934291657,27.366484934291655,24.0,,33.496525096201985,730.0,191.52915466170452,13.643172660833747,112.30769230769232,190.571508888396,190.571508888396,7644.643017776791
CAKE STAND LOVEBIRD 2 TIER PINK,2.0,0.0,2,19.9,9.95,C_B,0.8,0.0,24.0,3.366484934291657,27.366484934291655,24.0,,33.496525096201985,730.0,191.52915466170452,13.643172660833747,112.30769230769232,190.571508888396,190.571508888396,7644.643017776791
MUM'S KITCHEN CLOCK,4.0,0.0,8,39.6,4.95,C_B,0.8,0.0,48.0,6.732969868583314,54.73296986858331,48.0,,33.32820084948741,1460.0,384.024409998567,13.67758172597636,224.61538461538464,190.09208294929064,190.0920829492907,7607.184165898581
GINGHAM RECIPE BOOK BOX,4.0,0.0,8,39.6,4.95,C_B,0.8,0.0,48.0,6.732969868583314,54.73296986858331,48.0,,33.32820084948741,1460.0,384.024409998567,13.67758172597636,224.61538461538464,190.09208294929064,190.0920829492907,7607.184165898581
HOT WATER BOTTLE I AM SO POORLY,4.0,0.0,4,19.8,4.95,C_B,0.8,0.0,48.0,6.732969868583314,54.73296986858331,48.0,,33.32820084948741,1460.0,384.024409998567,13.67758172597636,224.61538461538464,190.09208294929064,190.0920829492907,7607.184165898581
HOT WATER BOTTLE SEX BOMB,4.0,0.0,4,19.8,4.95,C_B,0.8,0.0,48.0,6.732969868583314,54.73296986858331,48.0,,33.32820084948741,1460.0,384.024409998567,13.67758172597636,224.61538461538464,190.09208294929064,190.0920829492907,7607.184165898581
LARGE MEDINA STAMPED METAL BOWL ,4.0,0.0,4,19.8,4.95,C_B,0.8,0.0,48.0,6.732969868583314,54.73296986858331,48.0,,33.32820084948741,1460.0,384.024409998567,13.67758172597636,224.61538461538464,190.09208294929064,190.0920829492907,7607.184165898581
FELTCRAFT GIRL AMELIE KIT,4.0,0.0,8,39.6,4.95,C_B,0.8,0.0,48.0,6.732969868583314,54.73296986858331,48.0,,33.32820084948741,1460.0,384.024409998567,13.67758172597636,224.61538461538464,190.09208294929064,190.0920829492907,7607.184165898581
FOLDING UMBRELLA BLACKBLUE POLKADOT,4.0,0.0,4,19.8,4.95,C_B,0.8,0.0,48.0,6.732969868583314,54.73296986858331,48.0,,33.32820084948741,1460.0,384.024409998567,13.67758172597636,224.61538461538464,190.09208294929064,190.0920829492907,7607.184165898581
FOLDING UMBRELLA RED/WHITE POLKADOT,4.0,0.0,12,59.400000000000006,4.95,C_A,0.8,0.0,48.0,6.732969868583314,54.73296986858331,48.0,,33.32820084948741,1460.0,384.024409998567,13.67758172597636,224.61538461538464,190.09208294929064,190.0920829492907,7607.184165898581
FOLDING UMBRELLA CREAM POLKADOT,4.0,0.0,4,19.8,4.95,C_B,0.8,0.0,48.0,6.732969868583314,54.73296986858331,48.0,,33.32820084948741,1460.0,384.024409998567,13.67758172597636,224.61538461538464,190.09208294929064,190.0920829492907,7607.184165898581
BULL DOG BOTTLE OPENER,4.0,0.0,4,19.8,4.95,C_B,0.8,0.0,48.0,6.732969868583314,54.73296986858331,48.0,,33.32820084948741,1460.0,384.024409998567,13.67758172597636,224.61538461538464,190.09208294929064,190.0920829492907,7607.184165898581
GIN AND TONIC MUG,12.0,0.0,12,19.799999999999997,1.6499999999999997,C_B,0.8,0.0,144.0,20.198909605749943,164.19890960574995,144.0,,33.3282008494874,4380.0,1152.073229995701,13.67758172597636,673.8461538461539,190.09208294929064,190.09208294929064,7607.18416589858
FRENCH BATHROOM SIGN BLUE METAL,12.0,0.0,12,19.799999999999997,1.6499999999999997,C_B,0.8,0.0,144.0,20.198909605749943,164.19890960574995,144.0,,33.3282008494874,4380.0,1152.073229995701,13.67758172597636,673.8461538461539,190.09208294929064,190.09208294929064,7607.18416589858
CANDLE HOLDER SILVER MADELINE,12.0,0.0,12,19.799999999999997,1.6499999999999997,C_B,0.8,0.0,144.0,20.198909605749943,164.19890960574995,144.0,,33.3282008494874,4380.0,1152.073229995701,13.67758172597636,673.8461538461539,190.09208294929064,190.09208294929064,7607.18416589858
SMALL WHITE HEART OF WICKER,12.0,0.0,12,19.799999999999997,1.6499999999999997,C_B,0.8,0.0,144.0,20.198909605749943,164.19890960574995,144.0,,33.3282008494874,4380.0,1152.073229995701,13.67758172597636,673.8461538461539,190.09208294929064,190.09208294929064,7607.18416589858
HEART IVORY TRELLIS LARGE,12.0,0.0,12,19.799999999999997,1.6499999999999997,C_B,0.8,0.0,144.0,20.198909605749943,164.19890960574995,144.0,,33.3282008494874,4380.0,1152.073229995701,13.67758172597636,673.8461538461539,190.09208294929064,190.09208294929064,7607.18416589858
HI TEC ALPINE HAND WARMER,12.0,0.0,12,19.799999999999997,1.6499999999999997,C_B,0.8,0.0,144.0,20.198909605749943,164.19890960574995,144.0,,33.3282008494874,4380.0,1152.073229995701,13.67758172597636,673.8461538461539,190.09208294929064,190.09208294929064,7607.18416589858
SMALL BLUE PROVENCAL CERAMIC BALL,12.0,0.0,12,19.799999999999997,1.6499999999999997,C_B,0.8,0.0,144.0,20.198909605749943,164.19890960574995,144.0,,33.3282008494874,4380.0,1152.073229995701,13.67758172597636,673.8461538461539,190.09208294929064,190.09208294929064,7607.18416589858
BALLOONS  WRITING SET ,12.0,0.0,12,19.799999999999997,1.6499999999999997,C_B,0.8,0.0,144.0,20.198909605749943,164.19890960574995,144.0,,33.3282008494874,4380.0,1152.073229995701,13.67758172597636,673.8461538461539,190.09208294929064,190.09208294929064,7607.18416589858
PINK POLKADOT BOWL,16.0,11.313708498984761,32,40.0,1.25,B_B,0.7,20.552218831817367,212.55221883181736,26.532800421079703,218.5328004210797,192.0,29.09944487358056,33.16600052634963,5840.0,1528.3978539634238,13.609021987345555,898.4615384615386,191.04973174542803,191.04973174542798,7682.099463490856
MAGIC DRAWING SLATE DINOSAUR,24.0,0.0,48,20.16,0.42,A_B,0.95,0.0,288.0,78.95297409367066,366.95297409367066,288.0,,33.16024911934168,8760.0,3229.3298729878043,19.169538058831712,2695.3846153846157,135.6318546654878,135.6318546654878,3950.4637093309752
MAGIC DRAWING SLATE DOLLY GIRL ,24.0,0.0,48,20.16,0.42,A_B,0.95,0.0,288.0,78.95297409367066,366.95297409367066,288.0,,33.16024911934168,8760.0,3229.3298729878043,19.169538058831712,2695.3846153846157,135.6318546654878,135.6318546654878,3950.4637093309752
PACK OF 12 TRADITIONAL CRAYONS,24.0,0.0,168,70.56,0.42000000000000004,A_A,0.95,0.0,288.0,78.95297409367066,366.95297409367066,288.0,,33.16024911934168,8760.0,3229.3298729878043,19.169538058831712,2695.3846153846157,135.6318546654878,135.63185466548782,3950.4637093309757
CARD CHRISTMAS VILLAGE,24.0,0.0,48,20.16,0.42,A_B,0.95,0.0,288.0,78.95297409367066,366.95297409367066,288.0,,33.16024911934168,8760.0,3229.3298729878043,19.169538058831712,2695.3846153846157,135.6318546654878,135.6318546654878,3950.4637093309752
MAGIC DRAWING SLATE CIRCUS PARADE  ,24.0,0.0,72,30.240000000000002,0.42000000000000004,A_B,0.95,0.0,288.0,78.95297409367066,366.95297409367066,288.0,,33.16024911934168,8760.0,3229.3298729878043,19.169538058831712,2695.3846153846157,135.6318546654878,135.63185466548782,3950.4637093309757
MINI JIGSAW SPACEBOY,24.0,0.0,48,20.16,0.42,A_B,0.95,0.0,288.0,78.95297409367066,366.95297409367066,288.0,,33.16024911934168,8760.0,3229.3298729878043,19.169538058831712,2695.3846153846157,135.6318546654878,135.6318546654878,3950.4637093309752
PACK OF 20 NAPKINS RED APPLES,11.8,0.6324555320336759,118,100.3,0.85,A_A,0.95,3.6036937411020347,145.20369374110206,38.98545999180514,180.58545999180518,141.60000000000002,981.8194550540002,33.137640993034374,4307.0,1591.706446479597,19.217259163440687,1325.2307692307693,135.29504795076573,135.29504795076576,3931.5400959015315
MAGIC DRAWING SLATE SPACEBOY ,21.666666666666668,5.715476066494082,130,54.6,0.42,A_B,0.95,32.56644030294686,292.56644030294683,78.36442055498082,338.3644205549808,260.0,140.62937129757412,32.91305663309195,7908.333333333334,3068.3354672660125,20.175356497091588,2433.3333333333335,128.87008962517254,128.87008962517254,3579.240179250345
BAKING MOULD ROSE MILK CHOCOLATE,6.0,0.0,6,19.5,3.25,C_B,0.8,0.0,72.0,10.099454802874972,82.09945480287497,72.0,,32.82322810934366,2190.0,580.4507532281071,13.782392314092043,336.92307692307696,188.6464947991348,188.64649479913484,7494.79298959827
CAT BOWL VINTAGE CREAM,6.0,0.0,6,19.5,3.25,C_B,0.8,0.0,72.0,10.099454802874972,82.09945480287497,72.0,,32.82322810934366,2190.0,580.4507532281071,13.782392314092043,336.92307692307696,188.6464947991348,188.64649479913484,7494.79298959827
SET 2 TEA TOWELS I LOVE LONDON ,6.0,0.0,6,19.5,3.25,C_B,0.8,0.0,72.0,10.099454802874972,82.09945480287497,72.0,,32.82322810934366,2190.0,580.4507532281071,13.782392314092043,336.92307692307696,188.6464947991348,188.64649479913484,7494.79298959827
CARDHOLDER GINGHAM CHRISTMAS TREE,6.0,0.0,6,19.5,3.25,C_B,0.8,0.0,72.0,10.099454802874972,82.09945480287497,72.0,,32.82322810934366,2190.0,580.4507532281071,13.782392314092043,336.92307692307696,188.6464947991348,188.64649479913484,7494.79298959827
WOODLAND SMALL PINK FELT HEART,12.0,0.0,48,39.839999999999996,0.83,A_B,0.95,0.0,144.0,39.47648704683533,183.47648704683533,144.0,,32.76548424887332,4380.0,1624.3627109939055,19.284671454722165,1347.6923076923078,134.82210501249415,134.82210501249415,3905.044210024988
SILVER STARS TABLE DECORATION,12.0,0.0,36,29.879999999999995,0.8299999999999998,A_B,0.95,0.0,144.0,39.47648704683533,183.47648704683533,144.0,,32.76548424887332,4380.0,1624.3627109939057,19.28467145472217,1347.6923076923078,134.82210501249412,134.82210501249415,3905.0442100249875
PRETTY HANGING QUILTED HEARTS,12.0,0.0,36,29.879999999999995,0.8299999999999998,A_B,0.95,0.0,144.0,39.47648704683533,183.47648704683533,144.0,,32.76548424887332,4380.0,1624.3627109939057,19.28467145472217,1347.6923076923078,134.82210501249412,134.82210501249415,3905.0442100249875
MINIATURE ANTIQUE ROSE HOOK IVORY,12.0,0.0,36,29.879999999999995,0.8299999999999998,A_B,0.95,0.0,144.0,39.47648704683533,183.47648704683533,144.0,,32.76548424887332,4380.0,1624.3627109939057,19.28467145472217,1347.6923076923078,134.82210501249412,134.82210501249415,3905.0442100249875
LUNCH BAG PAISLEY PARK  ,10.666666666666666,9.018499505645789,32,52.8,1.65,B_B,0.7,16.38279573769303,144.38279573769302,19.838086720981135,147.83808672098112,128.0,21.090972741229265,32.73284308961887,3893.333333333333,1086.185057804599,14.507266183006632,598.974358974359,179.2205345377588,179.22053453775882,6782.441069075517
WHITE WOOD GARDEN PLANT LADDER,1.5,0.7071067811865476,3,29.849999999999998,9.95,C_B,0.8,2.061542578945379,20.061542578945378,3.25958502144244,21.25958502144244,18.0,58.11388300841897,32.43287096335227,547.5,165.86911350239487,15.753778816665815,84.23076923076924,165.0397679348829,165.0397679348829,5777.704535869766
ASSORTED BOTTLE TOP  MAGNETS ,18.0,8.48528137423857,36,15.120000000000001,0.42000000000000004,A_C,0.95,48.348625051168064,264.3486250511681,76.44588844958302,292.44588844958304,216.0,58.11388300841897,32.10727314882487,6570.0,2796.681707207413,22.135075917014532,2021.5384615384617,117.46063170271135,117.46063170271138,2994.321263405423
ANIMAL STICKERS,36.0,16.97056274847714,72,15.120000000000001,0.21000000000000002,A_C,0.95,96.69725010233613,528.6972501023362,152.89177689916605,584.8917768991661,432.0,58.11388300841897,32.10727314882487,13140.0,5593.363414414826,22.135075917014532,4043.0769230769233,117.46063170271135,117.46063170271138,2994.321263405423
PEG BAG APPLES DESIGN,12.0,0.0,12,30.599999999999998,2.55,B_B,0.7,0.0,144.0,12.585612304992976,156.58561230499296,144.0,,32.093311377732086,4380.0,926.7273220380224,11.002242179446842,673.8461538461539,236.31546711969577,236.3154671196957,11641.63093423939
"SET 3 RETROSPOT TEA,COFFEE,SUGAR",5.0,2.0,20,99.0,4.95,B_A,0.7,3.63315332610198,63.63315332610198,6.37960757913929,66.37960757913929,60.0,75.59422921421233,31.57905751673949,1825.0,429.35234288802286,12.233601002836815,280.7692307692308,212.5294097295713,212.52940972957134,9458.808819459142
LOVE BUILDING BLOCK WORD,3.0,0.0,3,18.75,6.25,C_B,0.8,0.0,36.0,5.049727401437486,41.04972740143749,36.0,,31.560796258984286,1095.0,295.9729717389748,14.055337470709308,168.46153846153848,184.9831073368593,184.98310733685926,7213.716214673718
HOME BUILDING BLOCK WORD,3.0,0.0,3,18.75,6.25,C_B,0.8,0.0,36.0,5.049727401437486,41.04972740143749,36.0,,31.560796258984286,1095.0,295.9729717389748,14.055337470709308,168.46153846153848,184.9831073368593,184.98310733685926,7213.716214673718
FILIGREE HEART DAISY WHITE,24.0,0.0,24,30.0,1.25,B_B,0.7,0.0,288.0,25.171224609985952,313.1712246099859,288.0,,31.46403076248244,8760.0,1871.8974330876144,11.111719922437894,1347.6923076923078,233.9871791359518,233.9871791359518,11417.974358271904
ICE CREAM SUNDAE LIP GLOSS,24.0,0.0,24,30.0,1.25,B_B,0.7,0.0,288.0,25.171224609985952,313.1712246099859,288.0,,31.46403076248244,8760.0,1871.8974330876144,11.111719922437894,1347.6923076923078,233.9871791359518,233.9871791359518,11417.974358271904
FILIGREE HEART BIRD WHITE ,24.0,0.0,24,30.0,1.25,B_B,0.7,0.0,288.0,25.171224609985952,313.1712246099859,288.0,,31.46403076248244,8760.0,1871.8974330876144,11.111719922437894,1347.6923076923078,233.9871791359518,233.9871791359518,11417.974358271904
RETROSPOT CIGAR BOX MATCHES ,24.0,0.0,24,30.0,1.25,B_B,0.7,0.0,288.0,25.171224609985952,313.1712246099859,288.0,,31.46403076248244,8760.0,1871.8974330876144,11.111719922437894,1347.6923076923078,233.9871791359518,233.9871791359518,11417.974358271904
PLAYING CARDS KEEP CALM & CARRY ON,24.0,0.0,24,30.0,1.25,B_B,0.7,0.0,288.0,25.171224609985952,313.1712246099859,288.0,,31.46403076248244,8760.0,1871.8974330876144,11.111719922437894,1347.6923076923078,233.9871791359518,233.9871791359518,11417.974358271904
SET OF 6 GIRLS CELEBRATION CANDLES,24.0,0.0,24,30.0,1.25,B_B,0.7,0.0,288.0,25.171224609985952,313.1712246099859,288.0,,31.46403076248244,8760.0,1871.8974330876144,11.111719922437894,1347.6923076923078,233.9871791359518,233.9871791359518,11417.974358271904
SET/10 IVORY POLKADOT PARTY CANDLES,24.0,0.0,24,30.0,1.25,B_B,0.7,0.0,288.0,25.171224609985952,313.1712246099859,288.0,,31.46403076248244,8760.0,1871.8974330876144,11.111719922437894,1347.6923076923078,233.9871791359518,233.9871791359518,11417.974358271904
DINOSAUR HEIGHT CHART STICKER SET,4.0,2.8284271247461903,8,23.6,2.95,C_B,0.8,8.246170315781516,56.24617031578151,10.645760101003923,58.64576010100392,48.0,29.09944487358056,31.404992297961574,1460.0,497.4511303823161,17.717437520466053,449.2307692307693,146.74808346278328,146.74808346278326,4600.496166925566
LOVE HOT WATER BOTTLE,4.0,1.7320508075688772,12,71.4,5.95,B_A,0.7,3.1464030762482436,51.14640307624824,5.244005127080406,53.244005127080406,48.0,66.66666666666667,31.201830506128417,1460.0,350.27000389735355,12.475370001823551,224.61538461538464,208.4106523189254,208.4106523189254,9103.821304637851
PAPER CHAIN KIT 50'S CHRISTMAS ,8.0,3.4641016151377544,24,70.80000000000001,2.9500000000000006,B_A,0.7,6.292806152496487,102.29280615249648,10.488010254160812,106.48801025416081,96.0,66.66666666666667,30.939630249774403,2920.0,703.5021352044981,12.528120215970514,449.2307692307693,207.53312988532704,207.533129885327,9029.066259770656
PAPER BUNTING RETROSPOT,8.0,3.4641016151377544,24,70.80000000000001,2.9500000000000006,B_A,0.7,6.292806152496487,102.29280615249648,10.488010254160812,106.48801025416081,96.0,66.66666666666667,30.939630249774403,2920.0,703.5021352044981,12.528120215970514,449.2307692307693,207.53312988532704,207.533129885327,9029.066259770656
PACK OF 12 PAISLEY PARK TISSUES ,24.0,0.0,48,18.72,0.38999999999999996,A_C,0.95,0.0,288.0,78.95297409367066,366.95297409367066,288.0,,30.791659896531556,8760.0,3351.233986275687,19.893169781545176,2695.3846153846157,130.69812546475177,130.6981254647518,3677.796250929503
PACK OF 12 VINTAGE DOILY TISSUES,24.0,0.0,72,28.08,0.38999999999999996,A_B,0.95,0.0,288.0,78.95297409367066,366.95297409367066,288.0,,30.791659896531556,8760.0,3351.233986275687,19.893169781545176,2695.3846153846157,130.69812546475177,130.6981254647518,3677.796250929503
BOX OF 6 CHRISTMAS CAKE DECORATIONS,6.0,2.8284271247461903,12,45.0,3.75,B_B,0.7,5.138054707954342,77.13805470795434,8.12397780984349,80.1239778098435,72.0,58.11388300841895,30.464916786913086,2190.0,540.3702434442519,12.83070897675849,336.92307692307696,202.63884129159445,202.63884129159445,8617.77768258319
20 DOLLY PEGS RETROSPOT,20.0,0.0,20,29.0,1.45,B_B,0.7,0.0,240.0,20.976020508321625,260.97602050832165,240.0,,30.415229737066355,7300.0,1586.5816648727366,11.301677612792096,1123.076923076923,230.05434140654683,230.0543414065468,11045.108682813094
RED RETROSPOT CAKE STAND,1.8571428571428572,1.0690449676496976,13,142.35,10.95,B_A,0.7,1.9420021399845413,24.227716425698826,2.7504896415223246,25.03620392723661,22.285714285714285,41.631648333004364,30.11786157466945,677.8571428571429,175.93288763724922,13.496221517378022,104.28571428571429,192.64651196278786,192.64651196278788,7807.828738211289
DELUXE SEWING KIT ,3.0,0.0,6,35.7,5.95,C_B,0.8,0.0,36.0,5.049727401437486,41.04972740143749,36.0,,30.04587803855304,1095.0,303.3427215587825,14.405316457586018,168.46153846153848,180.48891932747563,180.4889193274756,6876.2278386549515
BLACK/BLUE POLKADOT UMBRELLA,3.0,0.0,9,53.550000000000004,5.95,C_B,0.8,0.0,36.0,5.049727401437486,41.04972740143749,36.0,,30.04587803855304,1095.0,303.3427215587825,14.405316457586018,168.46153846153848,180.48891932747563,180.4889193274756,6876.2278386549515
SMALL FOLKART STAR CHRISTMAS DEC,48.0,0.0,48,9.120000000000001,0.19000000000000003,A_C,0.95,0.0,576.0,157.90594818734132,733.9059481873413,576.0,,30.002130155594855,17520.0,6790.085651734794,20.153222254007378,5390.769230769231,129.01162738296114,129.0116273829611,3586.8232547659227
CHRISTMAS CARD STACK OF PRESENTS,48.0,0.0,48,9.120000000000001,0.19000000000000003,A_C,0.95,0.0,576.0,157.90594818734132,733.9059481873413,576.0,,30.002130155594855,17520.0,6790.085651734794,20.153222254007378,5390.769230769231,129.01162738296114,129.0116273829611,3586.8232547659227
ROSES REGENCY TEACUP AND SAUCER ,6.0,0.0,12,35.400000000000006,2.9500000000000006,C_B,0.8,0.0,72.0,10.099454802874972,82.09945480287497,72.0,,29.79339166848117,2190.0,609.2507207036903,14.466227158261137,336.92307692307696,179.72896260758867,179.7289626075887,6819.957925215178
FIVE CATS HANGING DECORATION,6.0,0.0,12,35.400000000000006,2.9500000000000006,C_B,0.8,0.0,72.0,10.099454802874972,82.09945480287497,72.0,,29.79339166848117,2190.0,609.2507207036903,14.466227158261137,336.92307692307696,179.72896260758867,179.7289626075887,6819.957925215178
FIVE HEART HANGING DECORATION,6.0,0.0,12,35.400000000000006,2.9500000000000006,C_B,0.8,0.0,72.0,10.099454802874972,82.09945480287497,72.0,,29.79339166848117,2190.0,609.2507207036903,14.466227158261137,336.92307692307696,179.72896260758867,179.7289626075887,6819.957925215178
FRENCH ENAMEL POT W LID,6.0,0.0,12,35.400000000000006,2.9500000000000006,C_B,0.8,0.0,72.0,10.099454802874972,82.09945480287497,72.0,,29.79339166848117,2190.0,609.2507207036903,14.466227158261137,336.92307692307696,179.72896260758867,179.7289626075887,6819.957925215178
RED GINGHAM TEDDY BEAR ,6.0,0.0,12,35.400000000000006,2.9500000000000006,C_B,0.8,0.0,72.0,10.099454802874972,82.09945480287497,72.0,,29.79339166848117,2190.0,609.2507207036903,14.466227158261137,336.92307692307696,179.72896260758867,179.7289626075887,6819.957925215178
ENGLISH ROSE HOT WATER BOTTLE,5.333333333333333,2.309401076758503,16,68.0,4.25,B_A,0.7,4.1952041016643244,68.19520410166433,6.992006836107209,70.99200683610721,64.0,66.66666666666671,29.71602905345564,1946.6666666666665,478.5599312971545,12.783450219581525,299.4871794871795,203.38797080129066,203.3879708012907,8680.109274935914
CHOCOLATE THIS WAY METAL SIGN,7.5,6.363961030678928,15,31.500000000000004,2.1,B_B,0.7,11.560623092897266,101.56062309289726,13.982921128467119,103.98292112846713,90.0,20.953005872651342,29.364134369780952,2737.5,807.3324682469512,15.335630447065373,421.1538461538462,169.53981833185972,169.53981833185978,6087.82963666372
EMBROIDERED RIBBON REEL REBECCA ,6.0,0.0,12,34.68,2.89,C_B,0.8,0.0,72.0,10.099454802874972,82.09945480287497,72.0,,29.18742438030867,2190.0,615.5426334251868,14.615624172652836,336.92307692307696,177.89182105987896,177.891821059879,6684.883642119758
SET/6 FRUIT SALAD PAPER CUPS,36.0,16.97056274847714,72,13.680000000000001,0.19000000000000003,A_C,0.95,96.69725010233613,528.6972501023362,152.89177689916605,584.8917768991661,432.0,58.11388300841897,29.049437610841554,13140.0,5880.386668274548,23.270936586779033,4043.0769230769233,111.72734669721645,111.72734669721643,2720.0546933944333
KNITTED UNION FLAG HOT WATER BOTTLE,4.0,0.0,8,34.0,4.25,C_B,0.8,0.0,48.0,6.732969868583314,54.73296986858331,48.0,,28.615121941479085,1460.0,414.4450577366714,14.761056850895146,224.61538461538464,176.1391495380854,176.13914953808538,6557.278299076171
AIRLINE BAG VINTAGE JET SET RED,4.0,0.0,8,34.0,4.25,C_B,0.8,0.0,48.0,6.732969868583314,54.73296986858331,48.0,,28.615121941479085,1460.0,414.4450577366714,14.761056850895146,224.61538461538464,176.1391495380854,176.13914953808538,6557.278299076171
WHITE SKULL HOT WATER BOTTLE ,4.0,0.0,8,34.0,4.25,C_B,0.8,0.0,48.0,6.732969868583314,54.73296986858331,48.0,,28.615121941479085,1460.0,414.4450577366714,14.761056850895146,224.61538461538464,176.1391495380854,176.13914953808538,6557.278299076171
MINT DINER WALL CLOCK,2.0,0.0,4,34.0,8.5,C_B,0.8,0.0,24.0,3.366484934291657,27.366484934291655,24.0,,28.615121941479085,730.0,207.2225288683357,14.761056850895146,112.30769230769232,176.1391495380854,176.13914953808538,6557.278299076171
PIECE OF CAMO STATIONERY SET,108.0,0.0,108,8.64,0.08,A_C,0.95,0.0,1296.0,355.288383421518,1651.2883834215181,1296.0,,28.42307067372144,39420.0,15696.337152342261,20.70546757792485,12129.23076923077,125.5706972187381,125.57069721873809,3404.741394437476
ASSTD DESIGN RACING CAR PEN,16.0,0.0,16,27.04,1.69,B_B,0.7,0.0,192.0,16.7808164066573,208.7808164066573,192.0,,28.35957972725084,5840.0,1314.4621146642355,11.704114719613056,898.4615384615386,222.1440973782558,222.14409737825582,10313.888194756511
RABBIT  DESIGN  COTTON TOTE BAG,12.0,0.0,12,27.0,2.25,B_B,0.7,0.0,144.0,12.585612304992976,156.58561230499296,144.0,,28.317627686234196,4380.0,986.5765724632495,11.71278122559109,673.8461538461539,221.97972880423112,221.97972880423114,10298.959457608462
PACK OF 12 CIRCUS PARADE TISSUES ,24.0,0.0,72,25.68,0.3566666666666667,A_B,0.95,0.0,288.0,78.95297409367066,366.95297409367066,288.0,,28.159894093409203,8760.0,3504.3364324470476,20.801997087585214,2695.3846153846157,124.9879994239447,124.98799942394471,3374.3759988478896
CAKE PLATE LOVEBIRD WHITE,4.5,1.7320508075688772,18,89.10000000000001,4.95,B_A,0.7,3.1464030762482436,57.14640307624824,5.672258812345338,59.67225881234534,54.0,80.2775637731995,28.077681121109425,1642.5,407.3193966767245,12.895347718228113,252.6923076923077,201.6231013549787,201.62310135497867,8533.621202709957
DOLLY GIRL MINI BACKPACK,4.0,0.0,8,33.2,4.15,C_B,0.8,0.0,48.0,6.732969868583314,54.73296986858331,48.0,,27.941824954620756,1460.0,419.4086485253151,14.9378422762441,224.61538461538464,174.0545891380058,174.05458913800578,6407.109178276012
 I LOVE LONDON MINI BACKPACK,4.0,0.0,8,33.2,4.15,C_B,0.8,0.0,48.0,6.732969868583314,54.73296986858331,48.0,,27.941824954620756,1460.0,419.4086485253151,14.9378422762441,224.61538461538464,174.0545891380058,174.05458913800578,6407.109178276012
RECYCLED ACAPULCO MAT TURQUOISE,2.0,0.0,4,33.0,8.25,C_B,0.8,0.0,24.0,3.366484934291657,27.366484934291655,24.0,,27.773500707906173,730.0,210.33883198882756,14.983040086875388,112.30769230769232,173.5295363907828,173.52953639078277,6369.559072781565
AIRLINE BAG VINTAGE TOKYO 78,3.0,1.4142135623730951,6,25.5,4.25,C_B,0.8,4.123085157890758,40.123085157890756,6.51917004288488,42.51917004288488,36.0,58.11388300841897,27.70647268226074,1095.0,358.9199484728659,17.044600292775364,336.92307692307696,152.540978100968,152.540978100968,4958.831956201936
STORAGE TIN VINTAGE LEAF,7.5,3.0,30,86.7,2.89,B_A,0.7,5.449729989152971,95.44972998915297,9.569411368708936,99.56941136870894,90.0,75.59422921421233,27.655598855568826,2737.5,688.1975856939758,13.072611673456345,421.1538461538462,198.88910226555905,198.88910226555905,8309.153204531118
MINI PLAYING CARDS GYMKHANA,20.0,0.0,60,25.200000000000003,0.42000000000000004,A_B,0.95,0.0,240.0,65.79414507805889,305.7941450780589,240.0,,27.633540932784737,7300.0,2947.9613617678556,20.999176823551846,2246.153846153846,123.81437719424994,123.81437719424996,3313.6287543885005
SMALL CHINESE STYLE SCISSOR,20.0,0.0,40,16.8,0.42000000000000004,A_C,0.95,0.0,240.0,65.79414507805889,305.7941450780589,240.0,,27.633540932784737,7300.0,2947.9613617678556,20.999176823551846,2246.153846153846,123.81437719424994,123.81437719424996,3313.6287543885005
DOORMAT WELCOME TO OUR HOME,2.0,0.0,4,32.4,8.1,C_B,0.8,0.0,24.0,3.366484934291657,27.366484934291655,24.0,,27.268527967762424,730.0,212.27747971714223,15.121135541495063,112.30769230769232,171.9447585708852,171.94475857088523,6256.889517141771
BIRD HOUSE HOT WATER BOTTLE,4.0,2.8284271247461903,8,20.4,2.55,C_B,0.8,8.246170315781516,56.24617031578151,10.645760101003923,58.64576010100392,48.0,29.09944487358056,27.14668825756,1460.0,535.0462688440333,19.056442451979265,449.2307692307693,136.4367985552285,136.4367985552285,3995.8735971104566
50'S CHRISTMAS PAPER GIFT BAG,10.0,0.0,40,32.8,0.82,A_B,0.95,0.0,120.0,32.897072539029445,152.89707253902944,120.0,,26.975599482004142,3650.0,1491.8477657246267,21.253721593885093,1123.076923076923,122.3315167894194,122.3315167894194,3237.6630335788386
MINI PLAYING CARDS SPACEBOY ,18.2,4.024922359499621,91,38.22,0.42,A_B,0.95,22.933766534874906,241.33376653487488,64.11469802170487,282.5146980217048,218.39999999999998,179.56462329991442,26.928173169116043,6643.0,2812.17590725284,22.01311864777174,2044.0,118.11138810461928,118.11138810461928,3026.2827762092384
PACK OF 12 SKULL TISSUES,24.0,0.0,48,16.32,0.34,A_C,0.95,0.0,288.0,78.95297409367066,366.95297409367066,288.0,,26.844011191848026,8760.0,3589.1994847286587,21.305750365969207,2695.3846153846157,122.0327824807744,122.0327824807744,3222.465564961549
TRIPLE HOOK ANTIQUE IVORY ROSE,6.666666666666667,2.309401076758503,20,65.8,3.29,B_A,0.7,4.1952041016643244,84.19520410166433,8.154011101954126,88.15401110195413,80.0,94.36506316151008,26.826696525429075,2433.3333333333335,608.1179963354743,12.995398277853973,374.3589743589744,200.07082079437106,200.07082079437106,8405.80830825541
CHILDRENS CUTLERY POLKADOT PINK,5.0,2.0,20,83.0,4.15,B_A,0.7,3.63315332610198,63.63315332610198,6.37960757913929,66.37960757913929,60.0,75.59422921421233,26.475371453428057,1825.0,468.9131242269608,13.360812306740801,280.7692307692308,194.59894655418873,194.59894655418876,7962.947893108379
CHOCOLATE HOT WATER BOTTLE,2.0,1.4142135623730951,4,19.8,4.95,C_B,0.8,4.123085157890758,28.123085157890756,5.322880050501961,29.32288005050196,24.0,29.09944487358056,26.34825624998471,730.0,271.54626445114974,19.34302157734217,224.61538461538464,134.4154009033191,134.41540090331912,3882.330801806638
SCOTTIE DOG HOT WATER BOTTLE,4.2,1.6431676725154984,21,103.95000000000002,4.950000000000001,B_A,0.7,2.9849400473714667,53.38494004737147,5.321050425444381,55.72105042544439,50.400000000000006,78.26322609494582,26.33919960594969,1533.0,393.5079222181998,13.34795300413985,235.84615384615387,194.786421498009,194.78642149800893,7977.922842996019
FELTCRAFT PRINCESS LOLA DOLL,5.333333333333333,2.309401076758503,16,60.0,3.75,B_A,0.7,4.1952041016643244,68.19520410166433,6.992006836107209,70.99200683610721,64.0,66.66666666666671,26.220025635402035,1946.6666666666665,509.46595132114123,13.609021987345555,299.4871794871795,191.04973174542803,191.04973174542795,7682.099463490855
BLACK RECORD COVER FRAME,5.333333333333333,2.309401076758503,16,60.0,3.75,B_A,0.7,4.1952041016643244,68.19520410166433,6.992006836107209,70.99200683610721,64.0,66.66666666666671,26.220025635402035,1946.6666666666665,509.46595132114123,13.609021987345555,299.4871794871795,191.04973174542803,191.04973174542795,7682.099463490855
KEY RING BASEBALL BOOT ASSORTED ,20.0,0.0,20,25.0,1.25,B_B,0.7,0.0,240.0,20.976020508321625,260.97602050832165,240.0,,26.22002563540203,7300.0,1708.8007490635061,12.172279308397577,1123.076923076923,213.6000936329383,213.60009363293827,9552.200187265877
PANTRY HOOK BALLOON WHISK ,12.0,0.0,12,24.96,2.08,B_B,0.7,0.0,144.0,12.585612304992976,156.58561230499296,144.0,,26.178073594385392,4380.0,1026.1016593810846,12.182028832834794,673.8461538461539,213.42914515126557,213.4291451512656,9537.25829030253
SET OF 5 MINI GROCERY MAGNETS,12.0,0.0,24,49.92,2.08,B_B,0.7,0.0,144.0,12.585612304992976,156.58561230499296,144.0,,26.178073594385392,4380.0,1026.1016593810846,12.182028832834794,673.8461538461539,213.42914515126557,213.4291451512656,9537.25829030253
JINGLE BELL HEART ANTIQUE SILVER,12.0,0.0,24,49.92,2.08,B_B,0.7,0.0,144.0,12.585612304992976,156.58561230499296,144.0,,26.178073594385392,4380.0,1026.1016593810846,12.182028832834794,673.8461538461539,213.42914515126557,213.4291451512656,9537.25829030253
PANTRY HOOK SPATULA,12.0,0.0,12,24.96,2.08,B_B,0.7,0.0,144.0,12.585612304992976,156.58561230499296,144.0,,26.178073594385392,4380.0,1026.1016593810846,12.182028832834794,673.8461538461539,213.42914515126557,213.4291451512656,9537.25829030253
SET OF 4 JAM JAR MAGNETS,12.0,0.0,12,24.96,2.08,B_B,0.7,0.0,144.0,12.585612304992976,156.58561230499296,144.0,,26.178073594385392,4380.0,1026.1016593810846,12.182028832834794,673.8461538461539,213.42914515126557,213.4291451512656,9537.25829030253
SET OF 6 NATIVITY MAGNETS ,12.0,0.0,24,49.92,2.08,B_B,0.7,0.0,144.0,12.585612304992976,156.58561230499296,144.0,,26.178073594385392,4380.0,1026.1016593810846,12.182028832834794,673.8461538461539,213.42914515126557,213.4291451512656,9537.25829030253
SET OF 4 KNICK KNACK TINS POPPIES,6.0,0.0,24,99.60000000000001,4.15,B_A,0.7,0.0,72.0,6.292806152496488,78.29280615249648,72.0,,26.115145532860428,2190.0,513.6685912986572,12.19669714499095,336.92307692307696,213.17246538894275,213.17246538894278,9514.844930777886
OWL DOORSTOP,4.0,1.7320508075688772,12,59.400000000000006,4.95,B_A,0.7,3.1464030762482436,51.14640307624824,5.244005127080406,53.244005127080406,48.0,66.66666666666667,25.95782537904801,1460.0,384.024409998567,13.67758172597636,224.61538461538464,190.09208294929064,190.0920829492907,7607.184165898581
BAKING MOULD HEART MILK CHOCOLATE,6.0,0.0,12,30.599999999999998,2.55,C_B,0.8,0.0,72.0,10.099454802874972,82.09945480287497,72.0,,25.753609747331176,2190.0,655.2951737239351,15.559520106687042,336.92307692307696,167.10026929960347,167.10026929960347,5918.700538599207
RED RETROSPOT SMALL MILK JUG,6.0,0.0,12,30.599999999999998,2.55,C_B,0.8,0.0,72.0,10.099454802874972,82.09945480287497,72.0,,25.753609747331176,2190.0,655.2951737239351,15.559520106687042,336.92307692307696,167.10026929960347,167.10026929960347,5918.700538599207
MULTICOLOUR HONEYCOMB FAN,16.0,6.928203230275509,48,18.72,0.38999999999999996,A_C,0.95,39.476487046835324,231.47648704683533,65.79414507805889,257.7941450780589,192.0,66.66666666666671,25.659716580442964,5840.0,2736.2710916828923,24.36405766566959,1796.9230769230771,106.71457257563279,106.7145725756328,2491.0291451512653
STARS GIFT TAPE ,12.0,0.0,60,39.0,0.65,A_B,0.95,0.0,144.0,39.47648704683533,183.47648704683533,144.0,,25.659716580442964,4380.0,1835.5464497611522,21.791875659264818,1347.6923076923078,119.31051923447487,119.3105192344749,3085.62103846895
PACK OF 6 SKULL PAPER CUPS,12.0,0.0,36,23.400000000000002,0.65,A_B,0.95,0.0,144.0,39.47648704683533,183.47648704683533,144.0,,25.659716580442964,4380.0,1835.5464497611522,21.791875659264818,1347.6923076923078,119.31051923447487,119.3105192344749,3085.62103846895
CHILDS BREAKFAST SET CIRCUS PARADE,2.4,0.8944271909999159,12,102.0,8.5,B_A,0.7,1.6247955619686978,30.424795561968693,2.995974983516518,31.795974983516516,28.799999999999997,84.39088914585776,25.465787359890403,876.0,227.00090696890595,13.47493968308574,134.76923076923077,192.95077092357,192.95077092357008,7831.90154184714
DRAWER KNOB CERAMIC BLACK,15.0,4.242640687119285,30,43.5,1.45,B_B,0.7,7.707082061931511,187.70708206193152,17.518430919033726,197.51843091903373,180.0,127.30302828309763,25.4017248325989,5475.0,1374.0200269583986,13.050053224079768,842.3076923076924,199.2329039089678,199.23290390896778,8337.215807817936
SET OF 4 POLKADOT PLACEMATS ,4.0,0.0,8,30.0,3.75,C_B,0.8,0.0,48.0,6.732969868583314,54.73296986858331,48.0,,25.24863700718743,1460.0,441.21045620731456,15.714345015602985,224.61538461538464,165.45392107774296,165.45392107774296,5805.907842155486
SET OF 4 ENGLISH ROSE PLACEMATS,4.0,0.0,8,30.0,3.75,C_B,0.8,0.0,48.0,6.732969868583314,54.73296986858331,48.0,,25.24863700718743,1460.0,441.21045620731456,15.714345015602985,224.61538461538464,165.45392107774296,165.45392107774296,5805.907842155486
PINK FAIRY CAKE CUSHION COVER,4.0,0.0,8,30.0,3.75,C_B,0.8,0.0,48.0,6.732969868583314,54.73296986858331,48.0,,25.24863700718743,1460.0,441.21045620731456,15.714345015602985,224.61538461538464,165.45392107774296,165.45392107774296,5805.907842155486
DOORSTOP RETROSPOT HEART,4.0,0.0,8,30.0,3.75,C_B,0.8,0.0,48.0,6.732969868583314,54.73296986858331,48.0,,25.24863700718743,1460.0,441.21045620731456,15.714345015602985,224.61538461538464,165.45392107774296,165.45392107774296,5805.907842155486
FELTCRAFT PRINCESS CHARLOTTE DOLL,4.0,0.0,8,30.0,3.75,C_B,0.8,0.0,48.0,6.732969868583314,54.73296986858331,48.0,,25.24863700718743,1460.0,441.21045620731456,15.714345015602985,224.61538461538464,165.45392107774296,165.45392107774296,5805.907842155486
FELTCRAFT PRINCESS OLIVIA DOLL,4.0,0.0,8,30.0,3.75,C_B,0.8,0.0,48.0,6.732969868583314,54.73296986858331,48.0,,25.24863700718743,1460.0,441.21045620731456,15.714345015602985,224.61538461538464,165.45392107774296,165.45392107774296,5805.907842155486
AIRLINE BAG VINTAGE JET SET BROWN,2.3333333333333335,1.5275252316519468,7,29.75,4.25,C_B,0.8,4.453440964290672,32.45344096429067,5.937921285720897,33.9379212857209,28.0,33.33333333333337,25.236165464313814,851.6666666666667,316.5376414131067,19.32676010193528,262.0512820512821,134.5284976005704,134.52849760057038,3888.640328534474
CARD GINGHAM ROSE ,15.0,6.0,60,25.2,0.42,A_B,0.95,34.18764063472673,214.18764063472673,60.03152405907324,240.03152405907323,180.0,75.59422921421228,25.21324010481076,5475.0,2553.009428665931,24.247760783676423,1684.6153846153848,107.2263960039691,107.2263960039691,2513.952792007938
CREAM HEART CARD HOLDER,5.0,2.0,20,79.0,3.95,B_A,0.7,3.63315332610198,63.63315332610198,6.37960757913929,66.37960757913929,60.0,75.59422921421233,25.1994499376002,1825.0,480.63776196616936,13.694884176570305,280.7692307692308,189.85191597663692,189.85191597663692,7588.453831953274
BILI NUT AND WOOD NECKLACE,24.0,0.0,24,24.0,1.0,B_B,0.7,0.0,288.0,25.171224609985952,313.1712246099859,288.0,,25.171224609985952,8760.0,2092.8449536456346,12.42328054675491,1347.6923076923078,209.28449536456353,209.28449536456347,9178.568990729127
RED KUKUI COCONUT SEED NECKLACE,24.0,0.0,24,24.0,1.0,B_B,0.7,0.0,288.0,25.171224609985952,313.1712246099859,288.0,,25.171224609985952,8760.0,2092.8449536456346,12.42328054675491,1347.6923076923078,209.28449536456353,209.28449536456347,9178.568990729127
SPOTTED WHITE NATURAL SEED NECKLACE,24.0,0.0,24,24.0,1.0,B_B,0.7,0.0,288.0,25.171224609985952,313.1712246099859,288.0,,25.171224609985952,8760.0,2092.8449536456346,12.42328054675491,1347.6923076923078,209.28449536456353,209.28449536456347,9178.568990729127
BROWN KUKUI COCONUT SEED NECKLACE,24.0,0.0,24,24.0,1.0,B_B,0.7,0.0,288.0,25.171224609985952,313.1712246099859,288.0,,25.171224609985952,8760.0,2092.8449536456346,12.42328054675491,1347.6923076923078,209.28449536456353,209.28449536456347,9178.568990729127
STORAGE TIN HOME SWEET HOME,6.0,0.0,12,29.880000000000003,2.49,C_B,0.8,0.0,72.0,10.099454802874972,82.09945480287497,72.0,,25.147642459158682,2190.0,663.1432998565077,15.745868307095161,336.92307692307696,165.1226816642705,165.12268166427043,5783.345363328542
BAKING SET SPACEBOY DESIGN,3.0,0.0,6,29.700000000000003,4.95,C_B,0.8,0.0,36.0,5.049727401437486,41.04972740143749,36.0,,24.996150637115555,1095.0,332.5748947320898,15.793510982711112,168.46153846153848,164.62457289238446,164.62457289238446,5749.499145784769
RETROSPOT LARGE MILK JUG,3.0,0.0,6,29.700000000000003,4.95,C_B,0.8,0.0,36.0,5.049727401437486,41.04972740143749,36.0,,24.996150637115555,1095.0,332.5748947320898,15.793510982711112,168.46153846153848,164.62457289238446,164.62457289238446,5749.499145784769
VINTAGE LEAF CHOPPING BOARD  ,3.0,0.0,6,29.700000000000003,4.95,C_B,0.8,0.0,36.0,5.049727401437486,41.04972740143749,36.0,,24.996150637115555,1095.0,332.5748947320898,15.793510982711112,168.46153846153848,164.62457289238446,164.62457289238446,5749.499145784769
MOBILE VINTAGE HEARTS ,3.0,0.0,9,44.550000000000004,4.95,C_B,0.8,0.0,36.0,5.049727401437486,41.04972740143749,36.0,,24.996150637115555,1095.0,332.5748947320898,15.793510982711112,168.46153846153848,164.62457289238446,164.62457289238446,5749.499145784769
RED RETROSPOT PICNIC BAG,5.0,0.0,10,29.5,2.95,C_B,0.8,0.0,60.0,8.416212335729142,68.41621233572914,60.0,,24.827826390400972,1825.0,556.1672715094849,15.846957873146966,280.7692307692308,164.06934509529805,164.06934509529805,5711.888690190596
12 PENCILS SMALL TUBE SKULL,14.0,14.142135623730951,28,18.200000000000003,0.6500000000000001,B_C,0.75,33.0431144943538,201.0431144943538,38.05939530802768,206.0593953080277,168.0,15.181016954473314,24.738606950218,5110.0,1982.6167634641924,20.175356497091585,1572.3076923076924,128.87008962517254,128.87008962517254,3579.2401792503456
WHITE GOOSE FEATHER TREE 60CM ,12.0,0.0,12,23.4,1.95,B_B,0.7,0.0,144.0,12.585612304992976,156.58561230499296,144.0,,24.541943994736304,4380.0,1059.7532368796628,12.581545278023395,673.8461538461539,206.65188119153433,206.65188119153427,8954.303762383068
BLUE POLKADOT KIDS BAG,12.0,0.0,24,46.8,1.95,B_B,0.7,0.0,144.0,12.585612304992976,156.58561230499296,144.0,,24.541943994736304,4380.0,1059.7532368796628,12.581545278023395,673.8461538461539,206.65188119153433,206.65188119153427,8954.303762383068
FAIRY TALE COTTAGE NIGHT LIGHT,12.0,0.0,24,46.8,1.95,B_B,0.7,0.0,144.0,12.585612304992976,156.58561230499296,144.0,,24.541943994736304,4380.0,1059.7532368796628,12.581545278023395,673.8461538461539,206.65188119153433,206.65188119153427,8954.303762383068
LUNCH BOX I LOVE LONDON,12.0,0.0,24,46.8,1.95,B_B,0.7,0.0,144.0,12.585612304992976,156.58561230499296,144.0,,24.541943994736304,4380.0,1059.7532368796628,12.581545278023395,673.8461538461539,206.65188119153433,206.65188119153427,8954.303762383068
MAGIC GARDEN FELT GARLAND ,12.0,0.0,12,23.4,1.95,B_B,0.7,0.0,144.0,12.585612304992976,156.58561230499296,144.0,,24.541943994736304,4380.0,1059.7532368796628,12.581545278023395,673.8461538461539,206.65188119153433,206.65188119153427,8954.303762383068
PINK DISCO HANDBAG,12.0,0.0,12,23.4,1.95,B_B,0.7,0.0,144.0,12.585612304992976,156.58561230499296,144.0,,24.541943994736304,4380.0,1059.7532368796628,12.581545278023395,673.8461538461539,206.65188119153433,206.65188119153427,8954.303762383068
ASSORTED COLOUR MINI CASES,2.4444444444444446,0.8819171036881968,22,174.9,7.95,B_A,0.7,1.6020700293054986,30.935403362638834,3.0231390698440133,32.35647240317735,29.333333333333336,88.70205512517775,24.033955605259905,892.2222222222223,236.88521518070507,13.806012541042337,137.26495726495727,188.32374606866054,188.32374606866054,7469.814158803988
SET/3 RED GINGHAM ROSE STORAGE BOX,5.0,2.0,20,75.0,3.75,B_A,0.7,3.63315332610198,63.63315332610198,6.37960757913929,66.37960757913929,60.0,75.59422921421233,23.92352842177234,1825.0,493.28828623162474,14.055337470709308,280.7692307692308,184.98310733685926,184.9831073368593,7213.716214673718
BOX OF 6 MINI VINTAGE CRACKERS,7.5,3.0,30,74.7,2.49,B_A,0.7,5.449729989152971,95.44972998915297,9.569411368708936,99.56941136870894,90.0,75.59422921421233,23.82783430808525,2737.5,741.416748651339,14.083532759769728,421.1538461538462,184.61277041418342,184.61277041418344,7185.600540828368
ALPHABET STENCIL CRAFT,7.0,7.0710678118654755,14,17.5,1.25,B_C,0.75,16.5215572471769,100.5215572471769,19.02969765401384,103.02969765401384,84.0,15.181016954473314,23.787122067517302,2555.0,1010.9401564880089,20.574907294472197,786.1538461538462,126.36751956100112,126.36751956100112,3446.485039122002
TRADITIONAL WOODEN CATCH CUP GAME ,7.0,7.0710678118654755,14,17.5,1.25,B_C,0.75,16.5215572471769,100.5215572471769,19.02969765401384,103.02969765401384,84.0,15.181016954473314,23.787122067517302,2555.0,1010.9401564880089,20.574907294472197,786.1538461538462,126.36751956100112,126.36751956100112,3446.485039122002
ROBOT BIRTHDAY CARD,14.4,5.366563145999495,72,30.24,0.42,A_B,0.95,30.578355379833212,203.37835537983324,56.383701371054684,229.1837013710547,172.8,84.39088914585773,23.681154575842967,5256.0,2501.428163498376,24.747767218781497,1617.2307692307693,105.05998286693179,105.05998286693179,2417.6399657338634
PANTRY 3 HOOK ROLLING PIN HANGER,6.0,0.0,12,45.0,3.75,B_B,0.7,0.0,72.0,6.292806152496488,78.29280615249648,72.0,,23.59802307186183,2190.0,540.3702434442519,12.83070897675849,336.92307692307696,202.63884129159445,202.63884129159445,8617.77768258319
RED SPOTTY BISCUIT TIN,6.0,0.0,18,67.5,3.75,B_A,0.7,0.0,72.0,6.292806152496488,78.29280615249648,72.0,,23.59802307186183,2190.0,540.3702434442519,12.83070897675849,336.92307692307696,202.63884129159445,202.63884129159445,8617.77768258319
3D CHRISTMAS STAMPS STICKERS ,18.0,0.0,36,45.0,1.25,B_B,0.7,0.0,216.0,18.878418457489463,234.87841845748946,216.0,,23.598023071861828,6570.0,1621.1107303327556,12.83070897675849,1010.7692307692308,202.63884129159445,202.63884129159445,8617.77768258319
CERAMIC STRAWBERRY CAKE MONEY BANK,12.0,0.0,12,17.4,1.45,B_C,0.75,0.0,144.0,16.187754004705962,160.18775400470597,144.0,,23.472243306823643,4380.0,1228.9608730900293,14.59040305951633,673.8461538461539,178.19932659805423,178.19932659805423,6707.398653196108
PICTURE DOMINOES,12.0,0.0,12,17.4,1.45,B_C,0.75,0.0,144.0,16.187754004705962,160.18775400470597,144.0,,23.472243306823643,4380.0,1228.9608730900293,14.59040305951633,673.8461538461539,178.19932659805423,178.19932659805423,6707.398653196108
CERAMIC CHERRY CAKE MONEY BANK,12.0,0.0,12,17.4,1.45,B_C,0.75,0.0,144.0,16.187754004705962,160.18775400470597,144.0,,23.472243306823643,4380.0,1228.9608730900293,14.59040305951633,673.8461538461539,178.19932659805423,178.19932659805423,6707.398653196108
SET OF 36 DOILIES SPACEBOY DESIGN ,12.0,0.0,12,17.4,1.45,B_C,0.75,0.0,144.0,16.187754004705962,160.18775400470597,144.0,,23.472243306823643,4380.0,1228.9608730900293,14.59040305951633,673.8461538461539,178.19932659805423,178.19932659805423,6707.398653196108
SET OF 2 CERAMIC CHRISTMAS TREES,12.0,0.0,12,17.4,1.45,B_C,0.75,0.0,144.0,16.187754004705962,160.18775400470597,144.0,,23.472243306823643,4380.0,1228.9608730900293,14.59040305951633,673.8461538461539,178.19932659805423,178.19932659805423,6707.398653196108
CERAMIC PIRATE CHEST MONEY BANK,12.0,0.0,12,17.4,1.45,B_C,0.75,0.0,144.0,16.187754004705962,160.18775400470597,144.0,,23.472243306823643,4380.0,1228.9608730900293,14.59040305951633,673.8461538461539,178.19932659805423,178.19932659805423,6707.398653196108
36 DOILIES DOLLY GIRL,12.0,0.0,12,17.4,1.45,B_C,0.75,0.0,144.0,16.187754004705962,160.18775400470597,144.0,,23.472243306823643,4380.0,1228.9608730900293,14.59040305951633,673.8461538461539,178.19932659805423,178.19932659805423,6707.398653196108
SET OF 6 SOLDIER SKITTLES,3.5,0.7071067811865476,7,26.25,3.75,C_B,0.8,2.061542578945379,44.06154257894538,6.241630119131033,48.24163011913103,42.0,202.76503540974917,23.406112946741374,1277.5,412.7145906474998,16.79934145884148,393.0769230769231,154.76797149281242,154.76797149281242,5100.160942985625
PINK DOUGHNUT TRINKET POT ,8.666666666666666,5.773502691896258,26,42.89999999999999,1.6499999999999997,B_B,0.7,10.488010254160812,114.48801025416081,13.878737291587791,117.8787372915878,104.0,32.3295549418614,22.899916531119853,3163.333333333333,979.0739801393246,16.094366796810817,973.3333333333333,161.54720672298853,161.54720672298853,5542.594413445975
WOODEN STAR CHRISTMAS SCANDINAVIAN,24.0,0.0,48,13.919999999999998,0.29,A_C,0.95,0.0,288.0,78.95297409367066,366.95297409367066,288.0,,22.89636248716449,8760.0,3886.3155141936263,23.06945282398043,2695.3846153846157,112.70314991161516,112.70314991161516,2765.80629982323
SWISS CHALET TREE DECORATION ,24.0,0.0,48,13.919999999999998,0.29,A_C,0.95,0.0,288.0,78.95297409367066,366.95297409367066,288.0,,22.89636248716449,8760.0,3886.3155141936263,23.06945282398043,2695.3846153846157,112.70314991161516,112.70314991161516,2765.80629982323
WOODEN TREE CHRISTMAS SCANDINAVIAN,24.0,0.0,72,20.879999999999995,0.2899999999999999,A_B,0.95,0.0,288.0,78.95297409367066,366.95297409367066,288.0,,22.896362487164485,8760.0,3886.3155141936263,23.06945282398043,2695.3846153846157,112.70314991161516,112.70314991161514,2765.8062998232294
PHARMACIE FIRST AID TIN,2.0,0.0,4,27.0,6.75,C_B,0.8,0.0,24.0,3.366484934291657,27.366484934291655,24.0,,22.723773306468686,730.0,232.53832818284832,16.56437406233988,224.61538461538464,156.96337152342264,156.96337152342264,5241.426743046845
SKULLS  DESIGN  COTTON TOTE BAG,6.0,0.0,12,27.0,2.25,C_B,0.8,0.0,72.0,10.099454802874972,82.09945480287497,72.0,,22.723773306468686,2190.0,697.614984548545,16.56437406233988,673.8461538461539,156.96337152342264,156.9633715234226,5241.426743046845
HOT WATER BOTTLE TEA AND SYMPATHY,4.666666666666667,1.1547005383792517,14,59.5,4.25,B_A,0.7,2.0976020508321627,58.097602050832165,5.3249537618441884,61.324953761844185,56.0,153.85910352879696,22.6310534878378,1703.3333333333335,447.65182548800703,13.66608312644405,262.0512820512821,190.252025832403,190.252025832403,7619.670718331473
PENS ASSORTED SPACEBALL,36.0,0.0,36,6.84,0.19,A_C,0.95,0.0,432.0,118.42946114050599,550.429461140506,432.0,,22.501597616696138,13140.0,5880.386668274548,23.270936586779033,4043.0769230769233,111.72734669721645,111.72734669721643,2720.054693394433
PENS ASSORTED FUNKY JEWELED ,36.0,0.0,72,13.68,0.19,A_C,0.95,0.0,432.0,118.42946114050599,550.429461140506,432.0,,22.501597616696138,13140.0,5880.386668274548,23.270936586779033,4043.0769230769233,111.72734669721645,111.72734669721643,2720.054693394433
SPACEBOY BIRTHDAY CARD,14.0,4.670993664969138,168,70.56,0.42000000000000004,A_A,0.95,26.61504213750834,194.61504213750834,53.1931060946073,221.1931060946073,168.0,99.86106285228358,22.34110455973507,5110.0,2466.441431158123,25.0988169119809,1572.3076923076924,103.59054010864122,103.59054010864119,2353.3810802172825
JUMBO STORAGE BAG SUKI,8.25,3.5,33,68.64,2.08,B_A,0.7,6.3580183206784655,105.35801832067847,10.737412636322363,109.73741263632236,99.0,68.87986310766988,22.333818283550514,3011.25,850.7985502320295,14.692079572292414,463.2692307692308,176.9660984482621,176.96609844826216,6617.332196896525
36 FOIL HEART CAKE CASES,8.0,3.4641016151377544,24,50.400000000000006,2.1,B_B,0.7,6.292806152496487,102.29280615249648,10.488010254160812,106.48801025416081,96.0,66.66666666666667,22.024821533737708,2920.0,833.8093878327919,14.848660331268897,449.2307692307693,175.0999714448863,175.0999714448863,6482.1999428897725
TOAST ITS - BEST MUM,13.0,0.0,13,16.25,1.25,B_C,0.75,0.0,156.0,17.536733505098123,173.5367335050981,156.0,,21.920916881372655,4745.0,1377.6792079435618,15.097854333628074,730.0,172.20990099294525,172.20990099294522,6275.66980198589
REGENCY MILK JUG PINK ,4.0,0.0,8,26.0,3.25,C_B,0.8,0.0,48.0,6.732969868583314,54.73296986858331,48.0,,21.88215207289577,1460.0,473.93605540767277,16.879914302191086,449.2307692307693,154.0292180074936,154.02921800749365,5053.058436014987
JUMBO BAG SCANDINAVIAN BLUE PAISLEY,10.0,0.0,30,62.400000000000006,2.08,B_A,0.7,0.0,120.0,10.488010254160812,130.48801025416083,120.0,,21.81506132865449,3650.0,936.6983752275041,13.344743975843894,561.5384615384615,194.8332620473209,194.8332620473209,7981.666524094642
VINTAGE DOILY JUMBO BAG RED ,10.0,0.0,30,62.400000000000006,2.08,B_A,0.7,0.0,120.0,10.488010254160812,130.48801025416083,120.0,,21.81506132865449,3650.0,936.6983752275041,13.344743975843894,561.5384615384615,194.8332620473209,194.8332620473209,7981.666524094642
ALARM CLOCK BAKELIKE CHOCOLATE,4.333333333333333,1.96638416050035,26,97.5,3.75,B_A,0.7,3.5720875765580486,55.57208757655805,5.78057584363203,57.78057584363203,52.0,61.826263207186294,21.67715941362011,1581.6666666666665,459.2264026478539,15.097854333628074,243.33333333333331,172.20990099294525,172.20990099294522,6275.6698019858895
RIBBON REEL LACE DESIGN ,8.333333333333334,2.886751345948129,25,52.5,2.1,B_B,0.7,5.244005127080406,105.24400512708041,10.192513877442657,110.19251387744265,100.0,94.36506316151005,21.40427914262958,3041.666666666667,851.0031428886437,14.54865647020585,467.948717948718,178.71066000661517,178.71066000661517,6744.921320013231
FRIDGE MAGNETS US DINER ASSORTED,24.0,0.0,24,20.4,0.85,B_B,0.7,0.0,288.0,25.171224609985952,313.1712246099859,288.0,,21.39554091848806,8760.0,2270.0090696890593,13.47493968308574,1347.6923076923078,192.95077092357002,192.95077092357005,7831.90154184714
GINGHAM HEART DECORATION,24.0,0.0,24,20.4,0.85,B_B,0.7,0.0,288.0,25.171224609985952,313.1712246099859,288.0,,21.39554091848806,8760.0,2270.0090696890593,13.47493968308574,1347.6923076923078,192.95077092357002,192.95077092357005,7831.90154184714
WHITE JEWELLED HEART DECORATION,24.0,0.0,24,20.4,0.85,B_B,0.7,0.0,288.0,25.171224609985952,313.1712246099859,288.0,,21.39554091848806,8760.0,2270.0090696890593,13.47493968308574,1347.6923076923078,192.95077092357002,192.95077092357005,7831.90154184714
KIDS RAIN MAC PINK,24.0,0.0,24,20.4,0.85,B_B,0.7,0.0,288.0,25.171224609985952,313.1712246099859,288.0,,21.39554091848806,8760.0,2270.0090696890593,13.47493968308574,1347.6923076923078,192.95077092357002,192.95077092357005,7831.90154184714
SKULLS  STICKERS,24.0,0.0,24,20.4,0.85,B_B,0.7,0.0,288.0,25.171224609985952,313.1712246099859,288.0,,21.39554091848806,8760.0,2270.0090696890593,13.47493968308574,1347.6923076923078,192.95077092357002,192.95077092357005,7831.90154184714
ZINC FOLKART SLEIGH BELLS,12.0,0.0,24,40.56,1.6900000000000002,B_B,0.7,0.0,144.0,12.585612304992976,156.58561230499296,144.0,,21.26968479543813,4380.0,1138.3575836114417,13.514747567989717,673.8461538461539,192.38243163033366,192.38243163033368,7786.964863260668
RETROSPOT RED WASHING UP GLOVES,6.0,0.0,12,25.200000000000003,2.1,C_B,0.8,0.0,72.0,10.099454802874972,82.09945480287497,72.0,,21.208855086037442,2190.0,722.1001117771492,17.14575607872683,673.8461538461539,151.64102347320133,151.64102347320136,4902.282046946402
36 FOIL STAR CAKE CASES ,6.0,0.0,12,25.200000000000003,2.1,C_B,0.8,0.0,72.0,10.099454802874972,82.09945480287497,72.0,,21.208855086037442,2190.0,722.1001117771492,17.14575607872683,673.8461538461539,151.64102347320133,151.64102347320136,4902.282046946402
POPPY'S PLAYHOUSE BEDROOM ,6.0,0.0,12,25.200000000000003,2.1,C_B,0.8,0.0,72.0,10.099454802874972,82.09945480287497,72.0,,21.208855086037442,2190.0,722.1001117771492,17.14575607872683,673.8461538461539,151.64102347320133,151.64102347320136,4902.282046946402
POPART WOODEN PENCILS ASST,133.33333333333334,51.63977794943223,800,32.0,0.04,A_B,0.95,294.2403618320458,1894.240361832046,528.1776137921519,2128.177613792152,1600.0,79.50549357115015,21.127104551686074,48666.66666666667,24664.41431158124,26.353757757579952,14974.358974358976,98.65765724632494,98.65765724632496,2143.981981159317
LARGE HANGING IVORY & RED WOOD BIRD,24.0,0.0,24,15.600000000000001,0.65,B_C,0.75,0.0,288.0,32.375508009411924,320.37550800941193,288.0,,21.04408020611775,8760.0,2595.854683618006,15.40918305344022,1347.6923076923078,168.73055443517038,168.7305544351704,6031.4611088703405
PINK/WHITE CHRISTMAS TREE 60CM,24.0,0.0,24,15.600000000000001,0.65,B_C,0.75,0.0,288.0,32.375508009411924,320.37550800941193,288.0,,21.04408020611775,8760.0,2595.854683618006,15.40918305344022,1347.6923076923078,168.73055443517038,168.7305544351704,6031.4611088703405
ANGEL DECORATION PAINTED ZINC ,24.0,0.0,24,15.600000000000001,0.65,B_C,0.75,0.0,288.0,32.375508009411924,320.37550800941193,288.0,,21.04408020611775,8760.0,2595.854683618006,15.40918305344022,1347.6923076923078,168.73055443517038,168.7305544351704,6031.4611088703405
EMBROIDERED RIBBON REEL SALLY ,6.0,0.0,12,24.96,2.08,C_B,0.8,0.0,72.0,10.099454802874972,82.09945480287497,72.0,,21.006865989979943,2190.0,725.5634415351338,17.22799039261505,673.8461538461539,150.91719583930788,150.91719583930785,4857.034391678615
EMBROIDERED RIBBON REEL EMILY ,6.0,0.0,12,24.96,2.08,C_B,0.8,0.0,72.0,10.099454802874972,82.09945480287497,72.0,,21.006865989979943,2190.0,725.5634415351338,17.22799039261505,673.8461538461539,150.91719583930788,150.91719583930785,4857.034391678615
MAGNETS PACK OF 4 SWALLOWS,14.0,4.898979485566356,84,32.76,0.38999999999999996,A_B,0.95,27.914091688240166,195.91409168824018,53.854828778766745,221.85482877876674,168.0,92.93061504650379,21.003383223719027,5110.0,2559.547235602823,26.046273239011114,1572.3076923076924,99.82234218851006,99.8223421885101,2192.54468437702
36 PENCILS TUBE SKULLS,16.0,0.0,32,40.0,1.25,B_B,0.7,0.0,192.0,16.7808164066573,208.7808164066573,192.0,,20.976020508321625,5840.0,1528.3978539634238,13.609021987345555,898.4615384615386,191.04973174542803,191.04973174542798,7682.099463490856
LARGE STRIPES CHOCOLATE GIFT BAG,16.0,0.0,16,20.0,1.25,B_B,0.7,0.0,192.0,16.7808164066573,208.7808164066573,192.0,,20.976020508321625,5840.0,1528.3978539634238,13.609021987345555,898.4615384615386,191.04973174542803,191.04973174542798,7682.099463490856
PLAYING CARDS I LOVE LONDON ,16.0,0.0,16,20.0,1.25,B_B,0.7,0.0,192.0,16.7808164066573,208.7808164066573,192.0,,20.976020508321625,5840.0,1528.3978539634238,13.609021987345555,898.4615384615386,191.04973174542803,191.04973174542798,7682.099463490856
ZINC  STAR T-LIGHT HOLDER ,16.0,0.0,16,20.0,1.25,B_B,0.7,0.0,192.0,16.7808164066573,208.7808164066573,192.0,,20.976020508321625,5840.0,1528.3978539634238,13.609021987345555,898.4615384615386,191.04973174542803,191.04973174542798,7682.099463490856
ZINC  HEART T-LIGHT HOLDER,16.0,0.0,16,20.0,1.25,B_B,0.7,0.0,192.0,16.7808164066573,208.7808164066573,192.0,,20.976020508321625,5840.0,1528.3978539634238,13.609021987345555,898.4615384615386,191.04973174542803,191.04973174542798,7682.099463490856
SET 36 COLOURING PENCILS DOILY,16.0,0.0,16,20.0,1.25,B_B,0.7,0.0,192.0,16.7808164066573,208.7808164066573,192.0,,20.976020508321625,5840.0,1528.3978539634238,13.609021987345555,898.4615384615386,191.04973174542803,191.04973174542798,7682.099463490856
SET 36 COLOUR PENCILS LOVE LONDON,16.0,0.0,16,20.0,1.25,B_B,0.7,0.0,192.0,16.7808164066573,208.7808164066573,192.0,,20.976020508321625,5840.0,1528.3978539634238,13.609021987345555,898.4615384615386,191.04973174542803,191.04973174542798,7682.099463490856
SET 36 COLOUR PENCILS SPACEBOY ,16.0,0.0,16,20.0,1.25,B_B,0.7,0.0,192.0,16.7808164066573,208.7808164066573,192.0,,20.976020508321625,5840.0,1528.3978539634238,13.609021987345555,898.4615384615386,191.04973174542803,191.04973174542798,7682.099463490856
NATURAL HANGING QUILTED HEARTS ,24.0,0.0,24,19.919999999999998,0.83,B_B,0.7,0.0,288.0,25.171224609985952,313.1712246099859,288.0,,20.89211642628834,8760.0,2297.1957761007093,13.636321958588685,1347.6923076923078,190.66724941635886,190.66724941635889,7652.134498832717
PICNIC BOXES SET OF 3 RETROSPOT ,4.0,0.0,16,79.2,4.95,B_A,0.7,0.0,48.0,4.195204101664325,52.195204101664324,48.0,,20.76626030323841,1460.0,384.024409998567,13.67758172597636,224.61538461538464,190.09208294929064,190.0920829492907,7607.184165898581
BATHROOM METAL SIGN,36.0,0.0,36,19.8,0.55,B_B,0.7,0.0,432.0,37.756836914978926,469.7568369149789,432.0,,20.76626030323841,13140.0,3456.2196899871033,13.67758172597636,2021.5384615384617,190.09208294929064,190.0920829492907,7607.184165898582
ADULT APRON APPLE DELIGHT,4.0,0.0,12,59.400000000000006,4.95,B_A,0.7,0.0,48.0,4.195204101664325,52.195204101664324,48.0,,20.76626030323841,1460.0,384.024409998567,13.67758172597636,224.61538461538464,190.09208294929064,190.0920829492907,7607.184165898581
CHOCOLATE CALCULATOR,12.0,0.0,12,19.799999999999997,1.6499999999999997,B_B,0.7,0.0,144.0,12.585612304992976,156.58561230499296,144.0,,20.766260303238408,4380.0,1152.073229995701,13.67758172597636,673.8461538461539,190.09208294929064,190.09208294929064,7607.18416589858
CHILDRENS DOLLY GIRL MUG,12.0,0.0,12,19.799999999999997,1.6499999999999997,B_B,0.7,0.0,144.0,12.585612304992976,156.58561230499296,144.0,,20.766260303238408,4380.0,1152.073229995701,13.67758172597636,673.8461538461539,190.09208294929064,190.09208294929064,7607.18416589858
CHOC TRUFFLE GOLD TRINKET POT ,12.0,0.0,12,19.799999999999997,1.6499999999999997,B_B,0.7,0.0,144.0,12.585612304992976,156.58561230499296,144.0,,20.766260303238408,4380.0,1152.073229995701,13.67758172597636,673.8461538461539,190.09208294929064,190.09208294929064,7607.18416589858
6 RIBBONS EMPIRE  ,12.0,0.0,24,39.599999999999994,1.6499999999999997,B_B,0.7,0.0,144.0,12.585612304992976,156.58561230499296,144.0,,20.766260303238408,4380.0,1152.073229995701,13.67758172597636,673.8461538461539,190.09208294929064,190.09208294929064,7607.18416589858
STAR T-LIGHT HOLDER WILLIE WINKIE,12.0,0.0,24,39.599999999999994,1.6499999999999997,B_B,0.7,0.0,144.0,12.585612304992976,156.58561230499296,144.0,,20.766260303238408,4380.0,1152.073229995701,13.67758172597636,673.8461538461539,190.09208294929064,190.09208294929064,7607.18416589858
PINK HEART SHAPE EGG FRYING PAN,12.0,0.0,12,19.799999999999997,1.6499999999999997,B_B,0.7,0.0,144.0,12.585612304992976,156.58561230499296,144.0,,20.766260303238408,4380.0,1152.073229995701,13.67758172597636,673.8461538461539,190.09208294929064,190.09208294929064,7607.18416589858
PHOTO CUBE,12.0,0.0,12,19.799999999999997,1.6499999999999997,B_B,0.7,0.0,144.0,12.585612304992976,156.58561230499296,144.0,,20.766260303238408,4380.0,1152.073229995701,13.67758172597636,673.8461538461539,190.09208294929064,190.09208294929064,7607.18416589858
DINOSAURS  WRITING SET ,12.0,0.0,12,19.799999999999997,1.6499999999999997,B_B,0.7,0.0,144.0,12.585612304992976,156.58561230499296,144.0,,20.766260303238408,4380.0,1152.073229995701,13.67758172597636,673.8461538461539,190.09208294929064,190.09208294929064,7607.18416589858
REGENCY TEA PLATE GREEN ,12.0,0.0,24,39.599999999999994,1.6499999999999997,B_B,0.7,0.0,144.0,12.585612304992976,156.58561230499296,144.0,,20.766260303238408,4380.0,1152.073229995701,13.67758172597636,673.8461538461539,190.09208294929064,190.09208294929064,7607.18416589858
REGENCY TEA PLATE PINK,12.0,0.0,24,39.599999999999994,1.6499999999999997,B_B,0.7,0.0,144.0,12.585612304992976,156.58561230499296,144.0,,20.766260303238408,4380.0,1152.073229995701,13.67758172597636,673.8461538461539,190.09208294929064,190.09208294929064,7607.18416589858
SET OF 3 NOTEBOOKS IN PARCEL,12.0,0.0,24,39.599999999999994,1.6499999999999997,B_B,0.7,0.0,144.0,12.585612304992976,156.58561230499296,144.0,,20.766260303238408,4380.0,1152.073229995701,13.67758172597636,673.8461538461539,190.09208294929064,190.09208294929064,7607.18416589858
LARGE CERAMIC TOP STORAGE JAR,12.0,0.0,12,19.799999999999997,1.6499999999999997,B_B,0.7,0.0,144.0,12.585612304992976,156.58561230499296,144.0,,20.766260303238408,4380.0,1152.073229995701,13.67758172597636,673.8461538461539,190.09208294929064,190.09208294929064,7607.18416589858
TREE T-LIGHT HOLDER WILLIE WINKIE,12.0,0.0,12,19.799999999999997,1.6499999999999997,B_B,0.7,0.0,144.0,12.585612304992976,156.58561230499296,144.0,,20.766260303238408,4380.0,1152.073229995701,13.67758172597636,673.8461538461539,190.09208294929064,190.09208294929064,7607.18416589858
MULTICOLOUR  CONFETTI IN TUBE,12.0,0.0,12,19.799999999999997,1.6499999999999997,B_B,0.7,0.0,144.0,12.585612304992976,156.58561230499296,144.0,,20.766260303238408,4380.0,1152.073229995701,13.67758172597636,673.8461538461539,190.09208294929064,190.09208294929064,7607.18416589858
SKULL AND CROSSBONES  GARLAND ,12.0,0.0,24,39.599999999999994,1.6499999999999997,B_B,0.7,0.0,144.0,12.585612304992976,156.58561230499296,144.0,,20.766260303238408,4380.0,1152.073229995701,13.67758172597636,673.8461538461539,190.09208294929064,190.09208294929064,7607.18416589858
REGENCY TEA PLATE ROSES ,12.0,0.0,24,39.599999999999994,1.6499999999999997,B_B,0.7,0.0,144.0,12.585612304992976,156.58561230499296,144.0,,20.766260303238408,4380.0,1152.073229995701,13.67758172597636,673.8461538461539,190.09208294929064,190.09208294929064,7607.18416589858
SLEEPING CAT ERASERS,30.0,0.0,60,12.6,0.21,A_C,0.95,0.0,360.0,98.69121761708833,458.69121761708834,360.0,,20.725155699588548,10950.0,5106.018857331862,24.247760783676423,3369.2307692307695,107.2263960039691,107.2263960039691,2513.952792007938
SET 2 PANTRY DESIGN TEA TOWELS,6.0,0.0,24,78.0,3.25,B_A,0.7,0.0,72.0,6.292806152496488,78.29280615249648,72.0,,20.451619995613587,2190.0,580.4507532281071,13.782392314092043,336.92307692307696,188.6464947991348,188.64649479913484,7494.79298959827
VINTAGE RED TRIM ENAMEL BOWL ,12.0,0.0,12,15.0,1.25,B_C,0.75,0.0,144.0,16.187754004705962,160.18775400470597,144.0,,20.234692505882453,4380.0,1323.6313686219437,15.714345015602985,673.8461538461539,165.45392107774296,165.45392107774296,5805.907842155486
DECORATIVE CATS BATHROOM BOTTLE,12.0,0.0,12,15.0,1.25,B_C,0.75,0.0,144.0,16.187754004705962,160.18775400470597,144.0,,20.234692505882453,4380.0,1323.6313686219437,15.714345015602985,673.8461538461539,165.45392107774296,165.45392107774296,5805.907842155486
POCKET BAG BLUE PAISLEY RED SPOT,12.0,0.0,12,15.0,1.25,B_C,0.75,0.0,144.0,16.187754004705962,160.18775400470597,144.0,,20.234692505882453,4380.0,1323.6313686219437,15.714345015602985,673.8461538461539,165.45392107774296,165.45392107774296,5805.907842155486
PLAYING CARDS VINTAGE DOILY ,12.0,0.0,12,15.0,1.25,B_C,0.75,0.0,144.0,16.187754004705962,160.18775400470597,144.0,,20.234692505882453,4380.0,1323.6313686219437,15.714345015602985,673.8461538461539,165.45392107774296,165.45392107774296,5805.907842155486
ZINC HEART LATTICE T-LIGHT HOLDER,12.0,0.0,12,15.0,1.25,B_C,0.75,0.0,144.0,16.187754004705962,160.18775400470597,144.0,,20.234692505882453,4380.0,1323.6313686219437,15.714345015602985,673.8461538461539,165.45392107774296,165.45392107774296,5805.907842155486
SET OF 6 STRAWBERRY CHOPSTICKS,12.0,0.0,12,15.0,1.25,B_C,0.75,0.0,144.0,16.187754004705962,160.18775400470597,144.0,,20.234692505882453,4380.0,1323.6313686219437,15.714345015602985,673.8461538461539,165.45392107774296,165.45392107774296,5805.907842155486
SET OF 9 HEART SHAPED BALLOONS,12.0,0.0,12,15.0,1.25,B_C,0.75,0.0,144.0,16.187754004705962,160.18775400470597,144.0,,20.234692505882453,4380.0,1323.6313686219437,15.714345015602985,673.8461538461539,165.45392107774296,165.45392107774296,5805.907842155486
SET OF 4 ROSE BOTANICAL CANDLES,12.0,0.0,12,15.0,1.25,B_C,0.75,0.0,144.0,16.187754004705962,160.18775400470597,144.0,,20.234692505882453,4380.0,1323.6313686219437,15.714345015602985,673.8461538461539,165.45392107774296,165.45392107774296,5805.907842155486
MONSTERS STENCIL CRAFT,12.0,0.0,12,15.0,1.25,B_C,0.75,0.0,144.0,16.187754004705962,160.18775400470597,144.0,,20.234692505882453,4380.0,1323.6313686219437,15.714345015602985,673.8461538461539,165.45392107774296,165.45392107774296,5805.907842155486
VINTAGE HEADS AND TAILS CARD GAME ,12.0,0.0,12,15.0,1.25,B_C,0.75,0.0,144.0,16.187754004705962,160.18775400470597,144.0,,20.234692505882453,4380.0,1323.6313686219437,15.714345015602985,673.8461538461539,165.45392107774296,165.45392107774296,5805.907842155486
DECORATIVE FLORE BATHROOM BOTTLE,12.0,0.0,12,15.0,1.25,B_C,0.75,0.0,144.0,16.187754004705962,160.18775400470597,144.0,,20.234692505882453,4380.0,1323.6313686219437,15.714345015602985,673.8461538461539,165.45392107774296,165.45392107774296,5805.907842155486
DECORATIVE ROSE BATHROOM BOTTLE,12.0,0.0,12,15.0,1.25,B_C,0.75,0.0,144.0,16.187754004705962,160.18775400470597,144.0,,20.234692505882453,4380.0,1323.6313686219437,15.714345015602985,673.8461538461539,165.45392107774296,165.45392107774296,5805.907842155486
ZINC METAL HEART DECORATION,12.0,0.0,12,15.0,1.25,B_C,0.75,0.0,144.0,16.187754004705962,160.18775400470597,144.0,,20.234692505882453,4380.0,1323.6313686219437,15.714345015602985,673.8461538461539,165.45392107774296,165.45392107774296,5805.907842155486
PINK LOVE BIRD CANDLE,12.0,0.0,12,15.0,1.25,B_C,0.75,0.0,144.0,16.187754004705962,160.18775400470597,144.0,,20.234692505882453,4380.0,1323.6313686219437,15.714345015602985,673.8461538461539,165.45392107774296,165.45392107774296,5805.907842155486
VINTAGE RED ENAMEL TRIM MUG ,12.0,0.0,12,15.0,1.25,B_C,0.75,0.0,144.0,16.187754004705962,160.18775400470597,144.0,,20.234692505882453,4380.0,1323.6313686219437,15.714345015602985,673.8461538461539,165.45392107774296,165.45392107774296,5805.907842155486
VINTAGE CHRISTMAS GIFT BAG LARGE ,12.0,0.0,12,15.0,1.25,B_C,0.75,0.0,144.0,16.187754004705962,160.18775400470597,144.0,,20.234692505882453,4380.0,1323.6313686219437,15.714345015602985,673.8461538461539,165.45392107774296,165.45392107774296,5805.907842155486
VINTAGE BILLBOARD LOVE/HATE MUG,12.0,0.0,12,15.0,1.25,B_C,0.75,0.0,144.0,16.187754004705962,160.18775400470597,144.0,,20.234692505882453,4380.0,1323.6313686219437,15.714345015602985,673.8461538461539,165.45392107774296,165.45392107774296,5805.907842155486
4 LAVENDER BOTANICAL DINNER CANDLES,12.0,0.0,12,15.0,1.25,B_C,0.75,0.0,144.0,16.187754004705962,160.18775400470597,144.0,,20.234692505882453,4380.0,1323.6313686219437,15.714345015602985,673.8461538461539,165.45392107774296,165.45392107774296,5805.907842155486
DRAWER KNOB CRACKLE GLAZE IVORY,9.0,4.242640687119285,18,29.699999999999996,1.6499999999999997,B_B,0.7,7.707082061931511,115.70708206193152,12.185966714765234,120.18596671476523,108.0,58.11388300841897,20.106845079362632,3285.0,997.7246841962694,15.793510982711114,505.3846153846154,164.62457289238444,164.62457289238444,5749.499145784768
FRENCH ENAMEL CANDLEHOLDER,7.5,3.0,30,63.00000000000001,2.1,B_A,0.7,5.449729989152971,95.44972998915297,9.569411368708936,99.56941136870894,90.0,75.59422921421233,20.095763874288767,2737.5,807.3324682469512,15.335630447065373,421.1538461538462,169.53981833185972,169.53981833185978,6087.82963666372
GREEN REGENCY TEACUP AND SAUCER,4.75,2.5,19,56.05000000000001,2.9500000000000006,B_B,0.7,4.541441657627475,61.54144165762747,6.741147684157895,63.741147684157895,57.0,48.43629385474881,19.886385668265792,1733.75,542.0848016716478,16.25863572425418,533.4615384615385,159.91501649313616,159.91501649313616,5434.392532986273
PINK REGENCY TEACUP AND SAUCER,4.75,2.5,19,56.05000000000001,2.9500000000000006,B_B,0.7,4.541441657627475,61.54144165762747,6.741147684157895,63.741147684157895,57.0,48.43629385474881,19.886385668265792,1733.75,542.0848016716478,16.25863572425418,533.4615384615385,159.91501649313616,159.91501649313616,5434.392532986273
SET OF 2 CHRISTMAS DECOUPAGE CANDLE,24.0,0.0,24,18.96,0.79,B_B,0.7,0.0,288.0,25.171224609985952,313.1712246099859,288.0,,19.885267441888903,8760.0,2354.634535860789,13.97728263296359,1347.6923076923078,186.01612833300237,186.01612833300237,7292.432256666005
HEART STRING MEMO HOLDER HANGING,24.0,0.0,24,18.96,0.79,B_B,0.7,0.0,288.0,25.171224609985952,313.1712246099859,288.0,,19.885267441888903,8760.0,2354.634535860789,13.97728263296359,1347.6923076923078,186.01612833300237,186.01612833300237,7292.432256666005
BEADED CRYSTAL HEART GREEN LARGE,24.0,0.0,24,18.96,0.79,B_B,0.7,0.0,288.0,25.171224609985952,313.1712246099859,288.0,,19.885267441888903,8760.0,2354.634535860789,13.97728263296359,1347.6923076923078,186.01612833300237,186.01612833300237,7292.432256666005
MINT GREEN ROSE TOWEL,4.0,0.0,4,18.6,4.65,C_C,0.7,0.0,48.0,4.195204101664325,52.195204101664324,48.0,,19.507699072739115,1460.0,396.2186862224293,14.111898413401592,224.61538461538464,184.2416890934297,184.24168909342967,7157.48337818686
SET OF 3 CAKE TINS PANTRY DESIGN ,3.3333333333333335,1.0,30,148.5,4.95,B_A,0.7,1.81657666305099,41.81657666305099,3.939795765237579,43.93979576523758,40.0,116.88023662159041,19.501989037926016,1216.6666666666667,350.5647199813793,14.983040086875388,187.1794871794872,173.5295363907828,173.52953639078277,6369.559072781566
ABC TREASURE BOOK BOX ,8.0,0.0,16,36.0,2.25,B_B,0.7,0.0,96.0,8.39040820332865,104.39040820332865,96.0,,18.878418457489463,2920.0,805.5363982396382,14.34516873577438,449.2307692307693,181.24568960391858,181.2456896039186,6932.491379207837
TOADSTOOL BEDSIDE LIGHT ,2.0,0.0,2,17.9,8.95,C_C,0.7,0.0,24.0,2.0976020508321627,26.097602050832162,24.0,,18.773538354947853,730.0,201.94584151457028,14.385183231174869,112.30769230769232,180.74152815554038,180.7415281555404,6894.98305631108
TOOL BOX SOFT TOY ,2.0,0.0,2,17.9,8.95,C_C,0.7,0.0,24.0,2.0976020508321627,26.097602050832162,24.0,,18.773538354947853,730.0,201.94584151457028,14.385183231174869,112.30769230769232,180.74152815554038,180.7415281555404,6894.98305631108
VINTAGE UNION JACK DOORSTOP,3.0,0.0,3,17.85,5.95,C_C,0.7,0.0,36.0,3.146403076248244,39.14640307624824,36.0,,18.721098303677053,1095.0,303.3427215587825,14.405316457586018,168.46153846153848,180.48891932747563,180.4889193274756,6876.2278386549515
RUBY GLASS CLUSTER BRACELET,3.0,0.0,3,17.85,5.95,C_C,0.7,0.0,36.0,3.146403076248244,39.14640307624824,36.0,,18.721098303677053,1095.0,303.3427215587825,14.405316457586018,168.46153846153848,180.48891932747563,180.4889193274756,6876.2278386549515
ROSE DU SUD OVEN GLOVE,7.0,0.0,7,17.849999999999998,2.55,C_C,0.7,0.0,84.0,7.34160717791257,91.34160717791256,84.0,,18.721098303677053,2555.0,707.7996836371593,14.405316457586022,393.0769230769231,180.4889193274756,180.48891932747563,6876.2278386549515
PENCIL CASE LIFE IS BEAUTIFUL,6.0,0.0,18,53.10000000000001,2.9500000000000006,B_B,0.7,0.0,72.0,6.292806152496488,78.29280615249648,72.0,,18.563778149864643,2190.0,609.2507207036903,14.466227158261137,336.92307692307696,179.72896260758867,179.7289626075887,6819.957925215178
FLYING PIG WATERING CAN,6.0,0.0,6,17.700000000000003,2.9500000000000006,C_C,0.7,0.0,72.0,6.292806152496488,78.29280615249648,72.0,,18.563778149864643,2190.0,609.2507207036903,14.466227158261137,336.92307692307696,179.72896260758867,179.7289626075887,6819.957925215178
FELTCRAFT DOLL EMILY,6.0,0.0,18,53.10000000000001,2.9500000000000006,B_B,0.7,0.0,72.0,6.292806152496488,78.29280615249648,72.0,,18.563778149864643,2190.0,609.2507207036903,14.466227158261137,336.92307692307696,179.72896260758867,179.7289626075887,6819.957925215178
RED RETROSPOT PURSE ,6.0,0.0,6,17.700000000000003,2.9500000000000006,C_C,0.7,0.0,72.0,6.292806152496488,78.29280615249648,72.0,,18.563778149864643,2190.0,609.2507207036903,14.466227158261137,336.92307692307696,179.72896260758867,179.7289626075887,6819.957925215178
GLASS JAR DIGESTIVE BISCUITS,6.0,0.0,6,17.700000000000003,2.9500000000000006,C_C,0.7,0.0,72.0,6.292806152496488,78.29280615249648,72.0,,18.563778149864643,2190.0,609.2507207036903,14.466227158261137,336.92307692307696,179.72896260758867,179.7289626075887,6819.957925215178
GLASS JAR PEACOCK BATH SALTS,6.0,0.0,6,17.700000000000003,2.9500000000000006,C_C,0.7,0.0,72.0,6.292806152496488,78.29280615249648,72.0,,18.563778149864643,2190.0,609.2507207036903,14.466227158261137,336.92307692307696,179.72896260758867,179.7289626075887,6819.957925215178
CERAMIC CAKE BOWL + HANGING CAKES,6.0,0.0,24,70.80000000000001,2.9500000000000006,B_A,0.7,0.0,72.0,6.292806152496488,78.29280615249648,72.0,,18.563778149864643,2190.0,609.2507207036903,14.466227158261137,336.92307692307696,179.72896260758867,179.7289626075887,6819.957925215178
FELTCRAFT DOLL MOLLY,6.0,0.0,18,53.10000000000001,2.9500000000000006,B_B,0.7,0.0,72.0,6.292806152496488,78.29280615249648,72.0,,18.563778149864643,2190.0,609.2507207036903,14.466227158261137,336.92307692307696,179.72896260758867,179.7289626075887,6819.957925215178
FELTCRAFT DOLL ROSIE,6.0,0.0,24,70.80000000000001,2.9500000000000006,B_A,0.7,0.0,72.0,6.292806152496488,78.29280615249648,72.0,,18.563778149864643,2190.0,609.2507207036903,14.466227158261137,336.92307692307696,179.72896260758867,179.7289626075887,6819.957925215178
CHARLIE + LOLA RED HOT WATER BOTTLE,6.0,0.0,6,17.700000000000003,2.9500000000000006,C_C,0.7,0.0,72.0,6.292806152496488,78.29280615249648,72.0,,18.563778149864643,2190.0,609.2507207036903,14.466227158261137,336.92307692307696,179.72896260758867,179.7289626075887,6819.957925215178
CHARLIE+LOLA PINK HOT WATER BOTTLE,6.0,0.0,12,35.400000000000006,2.9500000000000006,B_B,0.7,0.0,72.0,6.292806152496488,78.29280615249648,72.0,,18.563778149864643,2190.0,609.2507207036903,14.466227158261137,336.92307692307696,179.72896260758867,179.7289626075887,6819.957925215178
METAL SIGN TAKE IT OR LEAVE IT ,6.0,0.0,6,17.700000000000003,2.9500000000000006,C_C,0.7,0.0,72.0,6.292806152496488,78.29280615249648,72.0,,18.563778149864643,2190.0,609.2507207036903,14.466227158261137,336.92307692307696,179.72896260758867,179.7289626075887,6819.957925215178
MAKE YOUR OWN FLOWERPOWER CARD KIT,6.0,0.0,18,53.10000000000001,2.9500000000000006,B_B,0.7,0.0,72.0,6.292806152496488,78.29280615249648,72.0,,18.563778149864643,2190.0,609.2507207036903,14.466227158261137,336.92307692307696,179.72896260758867,179.7289626075887,6819.957925215178
MEDIUM MEDINA STAMPED METAL BOWL ,6.0,0.0,6,17.700000000000003,2.9500000000000006,C_C,0.7,0.0,72.0,6.292806152496488,78.29280615249648,72.0,,18.563778149864643,2190.0,609.2507207036903,14.466227158261137,336.92307692307696,179.72896260758867,179.7289626075887,6819.957925215178
MEASURING TAPE BABUSHKA PINK,6.0,0.0,24,70.80000000000001,2.9500000000000006,B_A,0.7,0.0,72.0,6.292806152496488,78.29280615249648,72.0,,18.563778149864643,2190.0,609.2507207036903,14.466227158261137,336.92307692307696,179.72896260758867,179.7289626075887,6819.957925215178
COSY SLIPPER SHOES SMALL GREEN,6.0,0.0,6,17.700000000000003,2.9500000000000006,C_C,0.7,0.0,72.0,6.292806152496488,78.29280615249648,72.0,,18.563778149864643,2190.0,609.2507207036903,14.466227158261137,336.92307692307696,179.72896260758867,179.7289626075887,6819.957925215178
STRING OF STARS CARD HOLDER,6.0,0.0,6,17.700000000000003,2.9500000000000006,C_C,0.7,0.0,72.0,6.292806152496488,78.29280615249648,72.0,,18.563778149864643,2190.0,609.2507207036903,14.466227158261137,336.92307692307696,179.72896260758867,179.7289626075887,6819.957925215178
PINK GLASS CANDLEHOLDER,6.0,0.0,6,17.700000000000003,2.9500000000000006,C_C,0.7,0.0,72.0,6.292806152496488,78.29280615249648,72.0,,18.563778149864643,2190.0,609.2507207036903,14.466227158261137,336.92307692307696,179.72896260758867,179.7289626075887,6819.957925215178
PINK PAPER PARASOL ,6.0,0.0,12,35.400000000000006,2.9500000000000006,B_B,0.7,0.0,72.0,6.292806152496488,78.29280615249648,72.0,,18.563778149864643,2190.0,609.2507207036903,14.466227158261137,336.92307692307696,179.72896260758867,179.7289626075887,6819.957925215178
WOODEN HAPPY BIRTHDAY GARLAND,6.0,0.0,12,35.400000000000006,2.9500000000000006,B_B,0.7,0.0,72.0,6.292806152496488,78.29280615249648,72.0,,18.563778149864643,2190.0,609.2507207036903,14.466227158261137,336.92307692307696,179.72896260758867,179.7289626075887,6819.957925215178
PAPER BUNTING VINTAGE PARTY,6.0,0.0,6,17.700000000000003,2.9500000000000006,C_C,0.7,0.0,72.0,6.292806152496488,78.29280615249648,72.0,,18.563778149864643,2190.0,609.2507207036903,14.466227158261137,336.92307692307696,179.72896260758867,179.7289626075887,6819.957925215178
PAPER CHAIN KIT SKULLS ,6.0,0.0,6,17.700000000000003,2.9500000000000006,C_C,0.7,0.0,72.0,6.292806152496488,78.29280615249648,72.0,,18.563778149864643,2190.0,609.2507207036903,14.466227158261137,336.92307692307696,179.72896260758867,179.7289626075887,6819.957925215178
PAPER CHAIN KIT RETROSPOT,6.0,0.0,12,35.400000000000006,2.9500000000000006,B_B,0.7,0.0,72.0,6.292806152496488,78.29280615249648,72.0,,18.563778149864643,2190.0,609.2507207036903,14.466227158261137,336.92307692307696,179.72896260758867,179.7289626075887,6819.957925215178
LARGE WHITE HEART OF WICKER,6.0,0.0,6,17.700000000000003,2.9500000000000006,C_C,0.7,0.0,72.0,6.292806152496488,78.29280615249648,72.0,,18.563778149864643,2190.0,609.2507207036903,14.466227158261137,336.92307692307696,179.72896260758867,179.7289626075887,6819.957925215178
RECIPE BOX RETROSPOT ,6.0,0.0,18,53.10000000000001,2.9500000000000006,B_B,0.7,0.0,72.0,6.292806152496488,78.29280615249648,72.0,,18.563778149864643,2190.0,609.2507207036903,14.466227158261137,336.92307692307696,179.72896260758867,179.7289626075887,6819.957925215178
TOY TIDY SPACEBOY  ,6.666666666666667,2.886751345948129,20,42.0,2.1,B_B,0.7,5.244005127080406,85.24400512708041,8.740008545134012,88.74000854513402,80.0,66.6666666666667,18.354017944781425,2433.3333333333335,761.1603506259895,16.265892424336215,748.7179487179488,159.84367363145785,159.84367363145782,5429.687347262917
SMALL STRIPES CHOCOLATE GIFT BAG ,16.0,0.0,16,13.6,0.85,B_C,0.75,0.0,192.0,21.583672006274615,213.5836720062746,192.0,,18.34612120533342,5840.0,1853.454644076045,16.503363269170265,1796.9230769230771,157.54364474646383,157.54364474646383,5279.087289492928
LUNCH BAG  BLACK SKULL.,8.0,4.0,32,52.8,1.65,B_B,0.7,7.26630665220396,103.26630665220397,11.099466752161938,107.09946675216193,96.0,52.752523165194695,18.314120141067196,2920.0,940.6638532698516,16.751548071928866,898.4615384615386,155.2095357895255,155.20953578952552,5128.419071579051
HOMEMADE JAM SCENTED CANDLES,12.0,0.0,24,34.8,1.45,B_B,0.7,0.0,144.0,12.585612304992976,156.58561230499296,144.0,,18.249137842239815,4380.0,1228.9608730900293,14.59040305951633,673.8461538461539,178.19932659805423,178.19932659805423,6707.398653196108
TRADITIONAL WOODEN SKIPPING ROPE,12.0,0.0,24,34.8,1.45,B_B,0.7,0.0,144.0,12.585612304992976,156.58561230499296,144.0,,18.249137842239815,4380.0,1228.9608730900293,14.59040305951633,673.8461538461539,178.19932659805423,178.19932659805423,6707.398653196108
FELTCRAFT BUTTERFLY HEARTS,12.0,0.0,12,17.4,1.45,C_C,0.7,0.0,144.0,12.585612304992976,156.58561230499296,144.0,,18.249137842239815,4380.0,1228.9608730900293,14.59040305951633,673.8461538461539,178.19932659805423,178.19932659805423,6707.398653196108
SET OF 6 RIBBONS COUNTRY STYLE,6.0,0.0,6,17.34,2.89,C_C,0.7,0.0,72.0,6.292806152496488,78.29280615249648,72.0,,18.18620978071485,2190.0,615.5426334251868,14.615624172652836,336.92307692307696,177.89182105987896,177.891821059879,6684.883642119758
EMBROIDERED RIBBON REEL RACHEL ,6.0,0.0,6,17.34,2.89,C_C,0.7,0.0,72.0,6.292806152496488,78.29280615249648,72.0,,18.18620978071485,2190.0,615.5426334251868,14.615624172652836,336.92307692307696,177.89182105987896,177.891821059879,6684.883642119758
CARD HOLDER GINGHAM HEART,6.0,0.0,6,17.34,2.89,C_C,0.7,0.0,72.0,6.292806152496488,78.29280615249648,72.0,,18.18620978071485,2190.0,615.5426334251868,14.615624172652836,336.92307692307696,177.89182105987896,177.891821059879,6684.883642119758
CLOCK MAGNET MUM'S KITCHEN,6.0,0.0,6,17.34,2.89,C_C,0.7,0.0,72.0,6.292806152496488,78.29280615249648,72.0,,18.18620978071485,2190.0,615.5426334251868,14.615624172652836,336.92307692307696,177.89182105987896,177.891821059879,6684.883642119758
VINTAGE BELLS GARLAND,6.0,0.0,6,17.34,2.89,C_C,0.7,0.0,72.0,6.292806152496488,78.29280615249648,72.0,,18.18620978071485,2190.0,615.5426334251868,14.615624172652836,336.92307692307696,177.89182105987896,177.891821059879,6684.883642119758
BISCUIT TIN VINTAGE CHRISTMAS,6.0,0.0,18,52.019999999999996,2.8899999999999997,B_B,0.7,0.0,72.0,6.292806152496488,78.29280615249648,72.0,,18.186209780714847,2190.0,615.5426334251868,14.615624172652836,336.92307692307696,177.89182105987896,177.89182105987896,6684.8836421197575
ROLL WRAP VINTAGE SPOT ,8.333333333333334,6.3508529610858835,25,31.25,1.25,B_B,0.7,11.536811279576895,111.5368112795769,14.473623038810574,114.47362303881057,100.0,25.45600936051182,18.09202879851322,3041.666666666667,1103.0261405182866,18.85721401872358,935.897435897436,137.8782675647858,137.87826756478583,4077.8398684629055
PAPER LANTERN 9 POINT SNOW STAR ,3.0,0.0,3,17.25,5.75,C_C,0.7,0.0,36.0,3.146403076248244,39.14640307624824,36.0,,18.091817688427405,1095.0,308.57315389441743,14.653702285396992,168.46153846153848,177.42956348929002,177.42956348929005,6651.10912697858
VICTORIAN GLASS HANGING T-LIGHT,9.0,4.242640687119285,18,26.7,1.4833333333333334,B_B,0.7,7.707082061931511,115.70708206193152,12.185966714765234,120.18596671476523,108.0,58.11388300841897,18.075850626901765,3285.0,1052.284833486883,16.657172402227676,1010.7692307692308,156.08891696722097,156.08891696722097,5184.927833934442
CHRISTMAS TABLE SILVER CANDLE SPIKE,16.0,0.0,16,13.28,0.83,B_C,0.75,0.0,192.0,21.583672006274615,213.5836720062746,192.0,,17.914447765207928,5840.0,1875.652496907843,16.701015383426,1796.9230769230771,155.679157243351,155.67915724335097,5158.558314486701
RED RETROSPOT PUDDING BOWL,4.0,0.0,4,17.0,4.25,C_C,0.7,0.0,48.0,4.195204101664325,52.195204101664324,48.0,,17.829617432073384,1460.0,414.4450577366714,14.761056850895146,224.61538461538464,176.1391495380854,176.13914953808538,6557.278299076171
DOG BOWL VINTAGE CREAM,4.0,0.0,4,17.0,4.25,C_C,0.7,0.0,48.0,4.195204101664325,52.195204101664324,48.0,,17.829617432073384,1460.0,414.4450577366714,14.761056850895146,224.61538461538464,176.1391495380854,176.13914953808538,6557.278299076171
WOODEN OWLS LIGHT GARLAND ,4.0,0.0,12,51.0,4.25,B_B,0.7,0.0,48.0,4.195204101664325,52.195204101664324,48.0,,17.829617432073384,1460.0,414.4450577366714,14.761056850895146,224.61538461538464,176.1391495380854,176.13914953808538,6557.278299076171
FRYING PAN UNION FLAG,4.0,0.0,4,17.0,4.25,C_C,0.7,0.0,48.0,4.195204101664325,52.195204101664324,48.0,,17.829617432073384,1460.0,414.4450577366714,14.761056850895146,224.61538461538464,176.1391495380854,176.13914953808538,6557.278299076171
LIGHT GARLAND BUTTERFILES PINK,4.0,0.0,4,17.0,4.25,C_C,0.7,0.0,48.0,4.195204101664325,52.195204101664324,48.0,,17.829617432073384,1460.0,414.4450577366714,14.761056850895146,224.61538461538464,176.1391495380854,176.13914953808538,6557.278299076171
SET3 BOOK BOX GREEN GINGHAM FLOWER ,4.0,0.0,4,17.0,4.25,C_C,0.7,0.0,48.0,4.195204101664325,52.195204101664324,48.0,,17.829617432073384,1460.0,414.4450577366714,14.761056850895146,224.61538461538464,176.1391495380854,176.13914953808538,6557.278299076171
AIRLINE BAG VINTAGE JET SET WHITE,4.0,0.0,4,17.0,4.25,C_C,0.7,0.0,48.0,4.195204101664325,52.195204101664324,48.0,,17.829617432073384,1460.0,414.4450577366714,14.761056850895146,224.61538461538464,176.1391495380854,176.13914953808538,6557.278299076171
PIGGY BANK RETROSPOT ,5.333333333333333,2.309401076758503,16,40.8,2.55,B_B,0.7,4.1952041016643244,68.19520410166433,6.992006836107209,70.99200683610721,64.0,66.66666666666671,17.82961743207338,1946.6666666666665,617.818214692015,16.503363269170265,598.974358974359,157.54364474646383,157.54364474646383,5279.087289492927
BREAD BIN DINER STYLE PINK,1.0,0.0,1,16.95,16.95,C_C,0.7,0.0,12.0,1.0488010254160813,13.048801025416081,12.0,,17.777177380802577,365.0,103.76397087581702,14.782812289157494,56.15384615384616,175.87993063450986,175.87993063450986,6538.50986126902
SEWING BOX RETROSPOT DESIGN ,1.0,0.0,1,16.95,16.95,C_C,0.7,0.0,12.0,1.0488010254160813,13.048801025416081,12.0,,17.777177380802577,365.0,103.76397087581702,14.782812289157494,56.15384615384616,175.87993063450986,175.87993063450986,6538.50986126902
CIRCUS PARADE BABY GIFT SET,1.0,0.0,1,16.95,16.95,C_C,0.7,0.0,12.0,1.0488010254160813,13.048801025416081,12.0,,17.777177380802577,365.0,103.76397087581702,14.782812289157494,56.15384615384616,175.87993063450986,175.87993063450986,6538.50986126902
BOTTLE BAG RETROSPOT ,5.0,0.0,10,21.0,2.1,C_B,0.8,0.0,60.0,8.416212335729142,68.41621233572914,60.0,,17.6740459050312,1825.0,659.1841999955775,18.782234739600018,561.5384615384615,138.42868199907127,138.4286819990713,4109.357363998142
TOY TIDY PINK POLKADOT,5.0,0.0,10,21.0,2.1,C_B,0.8,0.0,60.0,8.416212335729142,68.41621233572914,60.0,,17.6740459050312,1825.0,659.1841999955775,18.782234739600018,561.5384615384615,138.42868199907127,138.4286819990713,4109.357363998142
DRAWER KNOB CERAMIC RED,9.0,4.242640687119285,18,26.099999999999998,1.45,B_B,0.7,7.707082061931511,115.70708206193152,12.185966714765234,120.18596671476523,108.0,58.11388300841897,17.669651736409588,3285.0,1064.3113363530688,16.84754626799378,1010.7692307692308,154.32514377119497,154.32514377119497,5071.90028754239
12 COLOURED PARTY BALLOONS,20.0,0.0,20,13.0,0.65,B_C,0.75,0.0,240.0,26.979590007843267,266.9795900078433,240.0,,17.536733505098123,7300.0,2369.680277038364,16.879914302191086,2246.153846153846,154.0292180074936,154.02921800749365,5053.058436014987
PARLOUR CERAMIC WALL HOOK,4.0,0.0,4,16.6,4.15,C_C,0.7,0.0,48.0,4.195204101664325,52.195204101664324,48.0,,17.410097021906953,1460.0,419.4086485253151,14.9378422762441,224.61538461538464,174.0545891380058,174.05458913800578,6407.109178276012
SET OF 10 LANTERNS FAIRY LIGHT STAR,4.0,0.0,4,16.6,4.15,C_C,0.7,0.0,48.0,4.195204101664325,52.195204101664324,48.0,,17.410097021906953,1460.0,419.4086485253151,14.9378422762441,224.61538461538464,174.0545891380058,174.05458913800578,6407.109178276012
CHILDRENS CUTLERY POLKADOT BLUE,4.0,0.0,12,49.800000000000004,4.15,B_B,0.7,0.0,48.0,4.195204101664325,52.195204101664324,48.0,,17.410097021906953,1460.0,419.4086485253151,14.9378422762441,224.61538461538464,174.0545891380058,174.05458913800578,6407.109178276012
CHILDRENS CUTLERY POLKADOT GREEN ,4.0,0.0,4,16.6,4.15,C_C,0.7,0.0,48.0,4.195204101664325,52.195204101664324,48.0,,17.410097021906953,1460.0,419.4086485253151,14.9378422762441,224.61538461538464,174.0545891380058,174.05458913800578,6407.109178276012
CHILDRENS CUTLERY CIRCUS PARADE,4.0,0.0,16,66.4,4.15,B_A,0.7,0.0,48.0,4.195204101664325,52.195204101664324,48.0,,17.410097021906953,1460.0,419.4086485253151,14.9378422762441,224.61538461538464,174.0545891380058,174.05458913800578,6407.109178276012
GLASS BONNE JAM JAR,4.0,0.0,4,16.6,4.15,C_C,0.7,0.0,48.0,4.195204101664325,52.195204101664324,48.0,,17.410097021906953,1460.0,419.4086485253151,14.9378422762441,224.61538461538464,174.0545891380058,174.05458913800578,6407.109178276012
CERAMIC STRAWBERRY DESIGN MUG,10.5,2.1213203435596424,21,31.29,1.49,B_B,0.7,3.8535410309657556,129.85354103096574,11.667174866932683,137.66717486693267,126.0,202.76503540974917,17.3840905517297,3832.5,1134.051950090187,15.387006237361962,589.6153846153846,168.97374056343784,168.97374056343784,6048.372481126876
URBAN BLACK RIBBONS ,8.666666666666666,5.773502691896257,26,32.5,1.25,B_B,0.7,10.48801025416081,114.48801025416081,13.878737291587788,117.87873729158778,104.0,32.3295549418614,17.348421614484735,3163.333333333333,1124.8703629011359,18.491019664128263,973.3333333333333,140.60879536264198,140.60879536264198,4235.38425739195
DOORMAT HOME SWEET HOME BLUE ,2.0,0.0,2,16.5,8.25,C_C,0.7,0.0,24.0,2.0976020508321627,26.097602050832162,24.0,,17.305216919365343,730.0,210.33883198882756,14.983040086875388,112.30769230769232,173.5295363907828,173.52953639078277,6369.559072781565
WALL ART 70'S ALPHABET ,2.0,0.0,2,16.5,8.25,C_C,0.7,0.0,24.0,2.0976020508321627,26.097602050832162,24.0,,17.305216919365343,730.0,210.33883198882756,14.983040086875388,112.30769230769232,173.5295363907828,173.52953639078277,6369.559072781565
RECYCLED ACAPULCO MAT RED,2.0,0.0,2,16.5,8.25,C_C,0.7,0.0,24.0,2.0976020508321627,26.097602050832162,24.0,,17.305216919365343,730.0,210.33883198882756,14.983040086875388,112.30769230769232,173.5295363907828,173.52953639078277,6369.559072781565
PINK VINTAGE PAISLEY PICNIC BAG,10.0,0.0,10,16.5,1.65,C_C,0.7,0.0,120.0,10.488010254160812,130.48801025416083,120.0,,17.30521691936534,3650.0,1051.694159944138,14.983040086875388,561.5384615384615,173.52953639078277,173.52953639078277,6369.559072781565
RIBBON REEL SNOWY VILLAGE,10.0,0.0,10,16.5,1.65,C_C,0.7,0.0,120.0,10.488010254160812,130.48801025416083,120.0,,17.30521691936534,3650.0,1051.694159944138,14.983040086875388,561.5384615384615,173.52953639078277,173.52953639078277,6369.559072781565
LUNCH BAG RED VINTAGE DOILY,10.0,0.0,10,16.5,1.65,C_C,0.7,0.0,120.0,10.488010254160812,130.48801025416083,120.0,,17.30521691936534,3650.0,1051.694159944138,14.983040086875388,561.5384615384615,173.52953639078277,173.52953639078277,6369.559072781565
RIBBON REEL HEARTS DESIGN ,10.0,0.0,30,49.5,1.65,B_B,0.7,0.0,120.0,10.488010254160812,130.48801025416083,120.0,,17.30521691936534,3650.0,1051.694159944138,14.983040086875388,561.5384615384615,173.52953639078277,173.52953639078277,6369.559072781565
SUKI  SHOULDER BAG,10.0,0.0,10,16.5,1.65,C_C,0.7,0.0,120.0,10.488010254160812,130.48801025416083,120.0,,17.30521691936534,3650.0,1051.694159944138,14.983040086875388,561.5384615384615,173.52953639078277,173.52953639078277,6369.559072781565
LUNCH BAG PINK POLKADOT,10.0,0.0,20,33.0,1.65,B_B,0.7,0.0,120.0,10.488010254160812,130.48801025416083,120.0,,17.30521691936534,3650.0,1051.694159944138,14.983040086875388,561.5384615384615,173.52953639078277,173.52953639078277,6369.559072781565
LUNCH BAG VINTAGE LEAF DESIGN,10.0,0.0,10,16.5,1.65,C_C,0.7,0.0,120.0,10.488010254160812,130.48801025416083,120.0,,17.30521691936534,3650.0,1051.694159944138,14.983040086875388,561.5384615384615,173.52953639078277,173.52953639078277,6369.559072781565
RIBBON REEL MAKING SNOWMEN ,10.0,0.0,20,33.0,1.65,B_B,0.7,0.0,120.0,10.488010254160812,130.48801025416083,120.0,,17.30521691936534,3650.0,1051.694159944138,14.983040086875388,561.5384615384615,173.52953639078277,173.52953639078277,6369.559072781565
RIBBON REEL SOCKS AND MITTENS,10.0,0.0,10,16.5,1.65,C_C,0.7,0.0,120.0,10.488010254160812,130.48801025416083,120.0,,17.30521691936534,3650.0,1051.694159944138,14.983040086875388,561.5384615384615,173.52953639078277,173.52953639078277,6369.559072781565
LARGE CHINESE STYLE SCISSOR,15.0,7.0710678118654755,30,25.5,0.85,B_B,0.7,12.845136769885853,192.84513676988584,20.309944524608724,200.30994452460874,180.0,58.11388300841895,17.263452845917413,5475.0,1794.5997423643294,17.044600292775364,1684.6153846153848,152.540978100968,152.540978100968,4958.831956201936
CURIO CABINET LINEN AND LACE ,2.0,0.0,2,16.3,8.15,C_C,0.7,0.0,24.0,2.0976020508321627,26.097602050832162,24.0,,17.095456714282125,730.0,211.62532002012338,15.07468033020057,112.30769230769232,172.47463581640054,172.47463581640056,6294.449271632801
IVORY RETRO KITCHEN WALL CLOCK,2.0,0.0,2,16.3,8.15,C_C,0.7,0.0,24.0,2.0976020508321627,26.097602050832162,24.0,,17.095456714282125,730.0,211.62532002012338,15.07468033020057,112.30769230769232,172.47463581640054,172.47463581640056,6294.449271632801
BLUE RETRO KITCHEN WALL CLOCK,2.0,0.0,2,16.3,8.15,C_C,0.7,0.0,24.0,2.0976020508321627,26.097602050832162,24.0,,17.095456714282125,730.0,211.62532002012338,15.07468033020057,112.30769230769232,172.47463581640054,172.47463581640056,6294.449271632801
RED RETRO KITCHEN WALL CLOCK,2.0,0.0,2,16.3,8.15,C_C,0.7,0.0,24.0,2.0976020508321627,26.097602050832162,24.0,,17.095456714282125,730.0,211.62532002012338,15.07468033020057,112.30769230769232,172.47463581640054,172.47463581640056,6294.449271632801
S/6 WOODEN SKITTLES IN COTTON BAG,5.0,0.0,5,16.25,3.25,C_C,0.7,0.0,60.0,5.244005127080406,65.24400512708041,60.0,,17.043016663011322,1825.0,529.8766184398315,15.097854333628074,280.7692307692308,172.20990099294522,172.20990099294525,6275.66980198589
RECYCLING BAG RETROSPOT ,5.75,2.9860788111948193,23,48.3,2.1,B_B,0.7,5.424441082447553,74.42444108244756,8.111274162024921,77.11127416202493,69.0,49.531980138404364,17.033675740252335,2098.75,706.8963014137087,17.514524204175274,645.7692307692308,148.44822329687887,148.44822329687884,4704.271446593758
TOADSTOOL MONEY BOX,4.333333333333333,1.8618986725025255,26,76.70000000000002,2.9500000000000006,B_A,0.7,3.3822816774337063,55.38228167743371,5.665251695634145,57.66525169563415,52.0,67.4979270186815,16.712492502120732,1581.6666666666665,517.7635522564307,17.02236336185526,486.66666666666663,152.7402479156471,152.7402479156471,4971.397162497961
NEW BAROQUE JEWELLERY BOX ,2.0,0.0,2,15.9,7.95,C_C,0.7,0.0,24.0,2.0976020508321627,26.097602050832162,24.0,,16.675936304115694,730.0,214.27073921918173,15.263121149859522,112.30769230769232,170.3452376792495,170.3452376792495,6144.190475358499
DRAWER KNOB CRACKLE GLAZE PINK,6.0,0.0,12,19.799999999999997,1.6499999999999997,C_B,0.8,0.0,72.0,10.099454802874972,82.09945480287497,72.0,,16.6641004247437,2190.0,814.6387933534493,19.343021577342174,673.8461538461539,134.4154009033191,134.41540090331912,3882.3308018066377
CARD DOLLY GIRL ,12.0,0.0,36,15.120000000000001,0.42000000000000004,A_C,0.95,0.0,144.0,39.47648704683533,183.47648704683533,144.0,,16.58012455967084,4380.0,2283.4810518779686,27.109820707227023,1347.6923076923078,95.90620417887469,95.9062041788747,2031.4124083577494
CARD SUKI BIRTHDAY,12.0,0.0,36,15.120000000000001,0.42000000000000004,A_C,0.95,0.0,144.0,39.47648704683533,183.47648704683533,144.0,,16.58012455967084,4380.0,2283.4810518779686,27.109820707227023,1347.6923076923078,95.90620417887469,95.9062041788747,2031.4124083577494
COWBOYS AND INDIANS BIRTHDAY CARD ,12.0,0.0,48,20.16,0.42,A_B,0.95,0.0,144.0,39.47648704683533,183.47648704683533,144.0,,16.58012455967084,4380.0,2283.4810518779686,27.109820707227023,1347.6923076923078,95.90620417887469,95.90620417887469,2031.4124083577492
"BIRTHDAY CARD, RETRO SPOT",12.0,0.0,36,15.120000000000001,0.42000000000000004,A_C,0.95,0.0,144.0,39.47648704683533,183.47648704683533,144.0,,16.58012455967084,4380.0,2283.4810518779686,27.109820707227023,1347.6923076923078,95.90620417887469,95.9062041788747,2031.4124083577494
CARD CIRCUS PARADE,12.0,0.0,48,20.16,0.42,A_B,0.95,0.0,144.0,39.47648704683533,183.47648704683533,144.0,,16.58012455967084,4380.0,2283.4810518779686,27.109820707227023,1347.6923076923078,95.90620417887469,95.90620417887469,2031.4124083577492
CARD PSYCHEDELIC APPLES,12.0,0.0,48,20.16,0.42,A_B,0.95,0.0,144.0,39.47648704683533,183.47648704683533,144.0,,16.58012455967084,4380.0,2283.4810518779686,27.109820707227023,1347.6923076923078,95.90620417887469,95.90620417887469,2031.4124083577492
GLASS APOTHECARY BOTTLE TONIC,4.0,0.0,4,15.8,3.95,C_C,0.7,0.0,48.0,4.195204101664325,52.195204101664324,48.0,,16.571056201574084,1460.0,429.8954833238871,15.31134598139872,224.61538461538464,169.80871591293538,169.8087159129354,6106.617431825871
SNACK TRAY HAPPY FOREST  ,8.0,0.0,8,15.6,1.95,C_C,0.7,0.0,96.0,8.39040820332865,104.39040820332865,96.0,,16.361295996490867,2920.0,865.2848945393354,15.40918305344022,449.2307692307693,168.7305544351704,168.7305544351704,6031.4611088703405
BALLOON PUMP WITH 10 BALLOONS,8.0,0.0,16,31.2,1.95,B_B,0.7,0.0,96.0,8.39040820332865,104.39040820332865,96.0,,16.361295996490867,2920.0,865.2848945393354,15.40918305344022,449.2307692307693,168.7305544351704,168.7305544351704,6031.4611088703405
SNACK TRAY RED GINGHAM,8.0,0.0,8,15.6,1.95,C_C,0.7,0.0,96.0,8.39040820332865,104.39040820332865,96.0,,16.361295996490867,2920.0,865.2848945393354,15.40918305344022,449.2307692307693,168.7305544351704,168.7305544351704,6031.4611088703405
PINK FAIRY CAKE CHILDRENS APRON,8.0,0.0,8,15.6,1.95,C_C,0.7,0.0,96.0,8.39040820332865,104.39040820332865,96.0,,16.361295996490867,2920.0,865.2848945393354,15.40918305344022,449.2307692307693,168.7305544351704,168.7305544351704,6031.4611088703405
SNACK TRAY I LOVE LONDON,8.0,0.0,8,15.6,1.95,C_C,0.7,0.0,96.0,8.39040820332865,104.39040820332865,96.0,,16.361295996490867,2920.0,865.2848945393354,15.40918305344022,449.2307692307693,168.7305544351704,168.7305544351704,6031.4611088703405
SNACK TRAY RED VINTAGE DOILY,8.0,0.0,8,15.6,1.95,C_C,0.7,0.0,96.0,8.39040820332865,104.39040820332865,96.0,,16.361295996490867,2920.0,865.2848945393354,15.40918305344022,449.2307692307693,168.7305544351704,168.7305544351704,6031.4611088703405
"RECORD FRAME 7"" SINGLE SIZE ",6.0,0.0,6,15.299999999999999,2.55,C_C,0.7,0.0,72.0,6.292806152496488,78.29280615249648,72.0,,16.046655688866043,2190.0,655.2951737239351,15.559520106687042,336.92307692307696,167.10026929960347,167.10026929960347,5918.700538599207
PAPERWEIGHT VINTAGE COLLAGE,6.0,0.0,6,15.299999999999999,2.55,C_C,0.7,0.0,72.0,6.292806152496488,78.29280615249648,72.0,,16.046655688866043,2190.0,655.2951737239351,15.559520106687042,336.92307692307696,167.10026929960347,167.10026929960347,5918.700538599207
CERAMIC STRAWBERRY TRINKET TRAY,6.0,0.0,6,15.299999999999999,2.55,C_C,0.7,0.0,72.0,6.292806152496488,78.29280615249648,72.0,,16.046655688866043,2190.0,655.2951737239351,15.559520106687042,336.92307692307696,167.10026929960347,167.10026929960347,5918.700538599207
PACK OF 6 PANNETONE GIFT BOXES,6.0,0.0,6,15.299999999999999,2.55,C_C,0.7,0.0,72.0,6.292806152496488,78.29280615249648,72.0,,16.046655688866043,2190.0,655.2951737239351,15.559520106687042,336.92307692307696,167.10026929960347,167.10026929960347,5918.700538599207
RED RETROSPOT SHOPPING BAG,6.0,0.0,30,76.5,2.55,B_A,0.7,0.0,72.0,6.292806152496488,78.29280615249648,72.0,,16.046655688866043,2190.0,655.2951737239351,15.559520106687042,336.92307692307696,167.10026929960347,167.10026929960347,5918.700538599207
COFFEE MUG BLUE PAISLEY DESIGN,6.0,0.0,6,15.299999999999999,2.55,C_C,0.7,0.0,72.0,6.292806152496488,78.29280615249648,72.0,,16.046655688866043,2190.0,655.2951737239351,15.559520106687042,336.92307692307696,167.10026929960347,167.10026929960347,5918.700538599207
DINOSAUR LUNCH BOX WITH CUTLERY,6.0,0.0,6,15.299999999999999,2.55,C_C,0.7,0.0,72.0,6.292806152496488,78.29280615249648,72.0,,16.046655688866043,2190.0,655.2951737239351,15.559520106687042,336.92307692307696,167.10026929960347,167.10026929960347,5918.700538599207
BLUE SCOTTIE DOG W FLOWER PATTERN,6.0,0.0,6,15.299999999999999,2.55,C_C,0.7,0.0,72.0,6.292806152496488,78.29280615249648,72.0,,16.046655688866043,2190.0,655.2951737239351,15.559520106687042,336.92307692307696,167.10026929960347,167.10026929960347,5918.700538599207
PINK SCOTTIE DOG W FLOWER PATTERN,6.0,0.0,6,15.299999999999999,2.55,C_C,0.7,0.0,72.0,6.292806152496488,78.29280615249648,72.0,,16.046655688866043,2190.0,655.2951737239351,15.559520106687042,336.92307692307696,167.10026929960347,167.10026929960347,5918.700538599207
BAKING MOULD TOFFEE CUP CHOCOLATE,6.0,0.0,6,15.299999999999999,2.55,C_C,0.7,0.0,72.0,6.292806152496488,78.29280615249648,72.0,,16.046655688866043,2190.0,655.2951737239351,15.559520106687042,336.92307692307696,167.10026929960347,167.10026929960347,5918.700538599207
PACK OF 6 HANDBAG GIFT BOXES,6.0,0.0,6,15.299999999999999,2.55,C_C,0.7,0.0,72.0,6.292806152496488,78.29280615249648,72.0,,16.046655688866043,2190.0,655.2951737239351,15.559520106687042,336.92307692307696,167.10026929960347,167.10026929960347,5918.700538599207
PACK OF 6 PANETTONE GIFT BOXES,6.0,0.0,6,15.299999999999999,2.55,C_C,0.7,0.0,72.0,6.292806152496488,78.29280615249648,72.0,,16.046655688866043,2190.0,655.2951737239351,15.559520106687042,336.92307692307696,167.10026929960347,167.10026929960347,5918.700538599207
MODERN FLORAL STATIONERY SET,12.0,0.0,24,30.0,1.25,B_B,0.7,0.0,144.0,12.585612304992976,156.58561230499296,144.0,,15.73201538124122,4380.0,1323.6313686219437,15.714345015602985,673.8461538461539,165.45392107774296,165.45392107774296,5805.907842155486
BOHEMIAN COLLAGE STATIONERY SET,12.0,0.0,24,30.0,1.25,B_B,0.7,0.0,144.0,12.585612304992976,156.58561230499296,144.0,,15.73201538124122,4380.0,1323.6313686219437,15.714345015602985,673.8461538461539,165.45392107774296,165.45392107774296,5805.907842155486
IVORY LOVE BIRD CANDLE,12.0,0.0,12,15.0,1.25,C_C,0.7,0.0,144.0,12.585612304992976,156.58561230499296,144.0,,15.73201538124122,4380.0,1323.6313686219437,15.714345015602985,673.8461538461539,165.45392107774296,165.45392107774296,5805.907842155486
BLUE PAISLEY SKETCHBOOK,4.0,0.0,4,15.0,3.75,C_C,0.7,0.0,48.0,4.195204101664325,52.195204101664324,48.0,,15.73201538124122,1460.0,441.21045620731456,15.714345015602985,224.61538461538464,165.45392107774296,165.45392107774296,5805.907842155486
SET OF 3 WOODEN HEART DECORATIONS,12.0,0.0,24,30.0,1.25,B_B,0.7,0.0,144.0,12.585612304992976,156.58561230499296,144.0,,15.73201538124122,4380.0,1323.6313686219437,15.714345015602985,673.8461538461539,165.45392107774296,165.45392107774296,5805.907842155486
SET OF 4 CAROUSEL PLACEMATS ,4.0,0.0,4,15.0,3.75,C_C,0.7,0.0,48.0,4.195204101664325,52.195204101664324,48.0,,15.73201538124122,1460.0,441.21045620731456,15.714345015602985,224.61538461538464,165.45392107774296,165.45392107774296,5805.907842155486
CIRCUS PARADE CHILDRENS EGG CUP ,12.0,0.0,24,30.0,1.25,B_B,0.7,0.0,144.0,12.585612304992976,156.58561230499296,144.0,,15.73201538124122,4380.0,1323.6313686219437,15.714345015602985,673.8461538461539,165.45392107774296,165.45392107774296,5805.907842155486
SET OF 3 HANGING OWLS OLLIE BEAK,12.0,0.0,24,30.0,1.25,B_B,0.7,0.0,144.0,12.585612304992976,156.58561230499296,144.0,,15.73201538124122,4380.0,1323.6313686219437,15.714345015602985,673.8461538461539,165.45392107774296,165.45392107774296,5805.907842155486
EGG CUP MILKMAID HEIDI,12.0,0.0,24,30.0,1.25,B_B,0.7,0.0,144.0,12.585612304992976,156.58561230499296,144.0,,15.73201538124122,4380.0,1323.6313686219437,15.714345015602985,673.8461538461539,165.45392107774296,165.45392107774296,5805.907842155486
EMERGENCY FIRST AID TIN ,12.0,0.0,12,15.0,1.25,C_C,0.7,0.0,144.0,12.585612304992976,156.58561230499296,144.0,,15.73201538124122,4380.0,1323.6313686219437,15.714345015602985,673.8461538461539,165.45392107774296,165.45392107774296,5805.907842155486
FAIRY CAKE DESIGN UMBRELLA,4.0,0.0,16,60.0,3.75,B_A,0.7,0.0,48.0,4.195204101664325,52.195204101664324,48.0,,15.73201538124122,1460.0,441.21045620731456,15.714345015602985,224.61538461538464,165.45392107774296,165.45392107774296,5805.907842155486
FELTCRAFT CUSHION BUTTERFLY,4.0,0.0,4,15.0,3.75,C_C,0.7,0.0,48.0,4.195204101664325,52.195204101664324,48.0,,15.73201538124122,1460.0,441.21045620731456,15.714345015602985,224.61538461538464,165.45392107774296,165.45392107774296,5805.907842155486
CHARLIE & LOLA WASTEPAPER BIN BLUE,12.0,0.0,24,30.0,1.25,B_B,0.7,0.0,144.0,12.585612304992976,156.58561230499296,144.0,,15.73201538124122,4380.0,1323.6313686219437,15.714345015602985,673.8461538461539,165.45392107774296,165.45392107774296,5805.907842155486
FRENCH WC SIGN BLUE METAL,12.0,0.0,12,15.0,1.25,C_C,0.7,0.0,144.0,12.585612304992976,156.58561230499296,144.0,,15.73201538124122,4380.0,1323.6313686219437,15.714345015602985,673.8461538461539,165.45392107774296,165.45392107774296,5805.907842155486
GARDEN PATH SKETCHBOOK,4.0,0.0,4,15.0,3.75,C_C,0.7,0.0,48.0,4.195204101664325,52.195204101664324,48.0,,15.73201538124122,1460.0,441.21045620731456,15.714345015602985,224.61538461538464,165.45392107774296,165.45392107774296,5805.907842155486
FLORAL FOLK STATIONERY SET,12.0,0.0,12,15.0,1.25,C_C,0.7,0.0,144.0,12.585612304992976,156.58561230499296,144.0,,15.73201538124122,4380.0,1323.6313686219437,15.714345015602985,673.8461538461539,165.45392107774296,165.45392107774296,5805.907842155486
EGG CUP MILKMAID HELGA ,12.0,0.0,12,15.0,1.25,C_C,0.7,0.0,144.0,12.585612304992976,156.58561230499296,144.0,,15.73201538124122,4380.0,1323.6313686219437,15.714345015602985,673.8461538461539,165.45392107774296,165.45392107774296,5805.907842155486
LETTER HOLDER HOME SWEET HOME,4.0,0.0,4,15.0,3.75,C_C,0.7,0.0,48.0,4.195204101664325,52.195204101664324,48.0,,15.73201538124122,1460.0,441.21045620731456,15.714345015602985,224.61538461538464,165.45392107774296,165.45392107774296,5805.907842155486
EGG CUP MILKMAID INGRID,12.0,0.0,24,30.0,1.25,B_B,0.7,0.0,144.0,12.585612304992976,156.58561230499296,144.0,,15.73201538124122,4380.0,1323.6313686219437,15.714345015602985,673.8461538461539,165.45392107774296,165.45392107774296,5805.907842155486
LA JARDIN BOTANIQUE CUSHION COVER,4.0,0.0,4,15.0,3.75,C_C,0.7,0.0,48.0,4.195204101664325,52.195204101664324,48.0,,15.73201538124122,1460.0,441.21045620731456,15.714345015602985,224.61538461538464,165.45392107774296,165.45392107774296,5805.907842155486
FELTCRAFT CUSHION OWL,4.0,0.0,4,15.0,3.75,C_C,0.7,0.0,48.0,4.195204101664325,52.195204101664324,48.0,,15.73201538124122,1460.0,441.21045620731456,15.714345015602985,224.61538461538464,165.45392107774296,165.45392107774296,5805.907842155486
RETROSPOT BABUSHKA DOORSTOP,4.0,0.0,4,15.0,3.75,C_C,0.7,0.0,48.0,4.195204101664325,52.195204101664324,48.0,,15.73201538124122,1460.0,441.21045620731456,15.714345015602985,224.61538461538464,165.45392107774296,165.45392107774296,5805.907842155486
EGG CUP HENRIETTA HEN CREAM ,12.0,0.0,12,15.0,1.25,C_C,0.7,0.0,144.0,12.585612304992976,156.58561230499296,144.0,,15.73201538124122,4380.0,1323.6313686219437,15.714345015602985,673.8461538461539,165.45392107774296,165.45392107774296,5805.907842155486
SMALL RED RETROSPOT WINDMILL,12.0,0.0,12,15.0,1.25,C_C,0.7,0.0,144.0,12.585612304992976,156.58561230499296,144.0,,15.73201538124122,4380.0,1323.6313686219437,15.714345015602985,673.8461538461539,165.45392107774296,165.45392107774296,5805.907842155486
BIRTHDAY PARTY CORDON BARRIER TAPE,12.0,0.0,12,15.0,1.25,C_C,0.7,0.0,144.0,12.585612304992976,156.58561230499296,144.0,,15.73201538124122,4380.0,1323.6313686219437,15.714345015602985,673.8461538461539,165.45392107774296,165.45392107774296,5805.907842155486
DOORSTOP FOOTBALL DESIGN,4.0,0.0,4,15.0,3.75,C_C,0.7,0.0,48.0,4.195204101664325,52.195204101664324,48.0,,15.73201538124122,1460.0,441.21045620731456,15.714345015602985,224.61538461538464,165.45392107774296,165.45392107774296,5805.907842155486
DOORSTOP RACING CAR DESIGN,4.0,0.0,4,15.0,3.75,C_C,0.7,0.0,48.0,4.195204101664325,52.195204101664324,48.0,,15.73201538124122,1460.0,441.21045620731456,15.714345015602985,224.61538461538464,165.45392107774296,165.45392107774296,5805.907842155486
HOME SWEET HOME CUSHION COVER ,4.0,0.0,4,15.0,3.75,C_C,0.7,0.0,48.0,4.195204101664325,52.195204101664324,48.0,,15.73201538124122,1460.0,441.21045620731456,15.714345015602985,224.61538461538464,165.45392107774296,165.45392107774296,5805.907842155486
SPACEBOY CHILDRENS EGG CUP,12.0,0.0,12,15.0,1.25,C_C,0.7,0.0,144.0,12.585612304992976,156.58561230499296,144.0,,15.73201538124122,4380.0,1323.6313686219437,15.714345015602985,673.8461538461539,165.45392107774296,165.45392107774296,5805.907842155486
HAPPY STENCIL CRAFT,12.0,0.0,12,15.0,1.25,C_C,0.7,0.0,144.0,12.585612304992976,156.58561230499296,144.0,,15.73201538124122,4380.0,1323.6313686219437,15.714345015602985,673.8461538461539,165.45392107774296,165.45392107774296,5805.907842155486
HANGING  BUTTERFLY T-LIGHT HOLDER,12.0,0.0,12,15.0,1.25,C_C,0.7,0.0,144.0,12.585612304992976,156.58561230499296,144.0,,15.73201538124122,4380.0,1323.6313686219437,15.714345015602985,673.8461538461539,165.45392107774296,165.45392107774296,5805.907842155486
HEADS AND TAILS SPORTING FUN,12.0,0.0,12,15.0,1.25,C_C,0.7,0.0,144.0,12.585612304992976,156.58561230499296,144.0,,15.73201538124122,4380.0,1323.6313686219437,15.714345015602985,673.8461538461539,165.45392107774296,165.45392107774296,5805.907842155486
WOODLAND LARGE RED FELT HEART,12.0,0.0,24,30.0,1.25,B_B,0.7,0.0,144.0,12.585612304992976,156.58561230499296,144.0,,15.73201538124122,4380.0,1323.6313686219437,15.714345015602985,673.8461538461539,165.45392107774296,165.45392107774296,5805.907842155486
BAKING SET 9 PIECE RETROSPOT ,3.0,0.0,21,103.95000000000002,4.950000000000001,B_A,0.7,0.0,36.0,3.146403076248244,39.14640307624824,36.0,,15.574695227428812,1095.0,332.5748947320898,15.793510982711112,168.46153846153848,164.62457289238446,164.62457289238446,5749.49914578477
EMPIRE UNION JACK TV DINNER TRAY,3.0,0.0,3,14.850000000000001,4.95,C_C,0.7,0.0,36.0,3.146403076248244,39.14640307624824,36.0,,15.574695227428808,1095.0,332.5748947320898,15.793510982711112,168.46153846153848,164.62457289238446,164.62457289238446,5749.499145784769
SET OF 3 CAKE TINS SKETCHBOOK,3.0,0.0,3,14.850000000000001,4.95,C_C,0.7,0.0,36.0,3.146403076248244,39.14640307624824,36.0,,15.574695227428808,1095.0,332.5748947320898,15.793510982711112,168.46153846153848,164.62457289238446,164.62457289238446,5749.499145784769
RED COAT RACK PARIS FASHION,3.0,0.0,3,14.850000000000001,4.95,C_C,0.7,0.0,36.0,3.146403076248244,39.14640307624824,36.0,,15.574695227428808,1095.0,332.5748947320898,15.793510982711112,168.46153846153848,164.62457289238446,164.62457289238446,5749.499145784769
BLUE COAT RACK PARIS FASHION,3.0,0.0,3,14.850000000000001,4.95,C_C,0.7,0.0,36.0,3.146403076248244,39.14640307624824,36.0,,15.574695227428808,1095.0,332.5748947320898,15.793510982711112,168.46153846153848,164.62457289238446,164.62457289238446,5749.499145784769
WALL ART WORK REST AND PLAY  ,3.0,0.0,3,14.850000000000001,4.95,C_C,0.7,0.0,36.0,3.146403076248244,39.14640307624824,36.0,,15.574695227428808,1095.0,332.5748947320898,15.793510982711112,168.46153846153848,164.62457289238446,164.62457289238446,5749.499145784769
TV DINNER TRAY AIR HOSTESS ,3.0,0.0,3,14.850000000000001,4.95,C_C,0.7,0.0,36.0,3.146403076248244,39.14640307624824,36.0,,15.574695227428808,1095.0,332.5748947320898,15.793510982711112,168.46153846153848,164.62457289238446,164.62457289238446,5749.499145784769
POPPY FIELDS CHOPPING BOARD,3.0,0.0,3,14.850000000000001,4.95,C_C,0.7,0.0,36.0,3.146403076248244,39.14640307624824,36.0,,15.574695227428808,1095.0,332.5748947320898,15.793510982711112,168.46153846153848,164.62457289238446,164.62457289238446,5749.499145784769
ROSE DU SUD CUSHION COVER ,3.0,0.0,3,14.850000000000001,4.95,C_C,0.7,0.0,36.0,3.146403076248244,39.14640307624824,36.0,,15.574695227428808,1095.0,332.5748947320898,15.793510982711112,168.46153846153848,164.62457289238446,164.62457289238446,5749.499145784769
SET 12 KIDS  WHITE CHALK STICKS,14.5,13.435028842544403,29,12.18,0.42,B_C,0.75,31.390958769636114,205.39095876963611,36.98640053209497,210.98640053209496,174.0,17.82501070936138,15.534288223479887,5292.5,2510.0986510683674,24.66228244790838,1628.4615384615386,105.42414334487145,105.42414334487144,2433.698286689743
PINK BABY BUNTING,5.0,0.0,5,14.75,2.95,C_C,0.7,0.0,60.0,5.244005127080406,65.24400512708041,60.0,,15.4698151248872,1825.0,556.1672715094849,15.846957873146966,280.7692307692308,164.06934509529805,164.06934509529805,5711.888690190596
MAGNETS PACK OF 4 VINTAGE LABELS ,12.0,0.0,36,14.04,0.38999999999999996,A_C,0.95,0.0,144.0,39.47648704683533,183.47648704683533,144.0,,15.395829948265778,4380.0,2369.680277038364,28.133190503651804,1347.6923076923078,92.41753080449617,92.41753080449618,1893.0350616089922
WALL TIDY RETROSPOT ,5.833333333333333,2.0412414523193148,35,73.5,2.1,B_A,0.7,3.7080715859355777,73.70807158593558,7.154005317110157,77.15400531711016,70.0,92.93061504650379,15.023411165931332,2129.1666666666665,712.0003121097942,17.38897044056797,655.1282051282051,149.5200655430568,149.5200655430568,4770.290131086113
PARTY INVITES WOODLAND,8.0,5.656854249492381,16,13.6,0.85,B_C,0.75,13.217245797741523,109.21724579774153,17.06339095246096,113.06339095246096,96.0,29.09944487358056,14.503882309591816,2920.0,1310.5903474478703,23.339280160030565,898.4615384615386,111.40017953306898,111.40017953306898,2704.800359066138
POPART RECT PENCIL SHARPENER ASST,36.0,0.0,36,4.32,0.12000000000000001,A_C,0.95,0.0,432.0,118.42946114050599,550.429461140506,432.0,,14.21153533686072,13140.0,7399.32429347437,29.281953063977724,4043.0769230769233,88.79189152169246,88.79189152169246,1754.3837830433852
BLUE POLKADOT PLATE ,8.0,0.0,16,27.04,1.69,B_B,0.7,0.0,96.0,8.39040820332865,104.39040820332865,96.0,,14.17978986362542,2920.0,929.4650748918901,16.55211777204736,898.4615384615386,157.07959765672942,157.07959765672945,5248.959195313459
WRAP POPPIES  DESIGN,25.0,0.0,25,10.5,0.42,B_C,0.75,0.0,300.0,33.724487509804085,333.7244875098041,300.0,,14.164284754117714,9125.0,3295.9209999778877,18.782234739600018,2807.6923076923076,138.42868199907124,138.4286819990713,4109.357363998142
WRAP FOLK ART,25.0,0.0,25,10.5,0.42,B_C,0.75,0.0,300.0,33.724487509804085,333.7244875098041,300.0,,14.164284754117714,9125.0,3295.9209999778877,18.782234739600018,2807.6923076923076,138.42868199907124,138.4286819990713,4109.357363998142
WRAP FLOWER SHOP  ,25.0,0.0,25,10.5,0.42,B_C,0.75,0.0,300.0,33.724487509804085,333.7244875098041,300.0,,14.164284754117714,9125.0,3295.9209999778877,18.782234739600018,2807.6923076923076,138.42868199907124,138.4286819990713,4109.357363998142
WRAP ALPHABET POSTER  ,25.0,0.0,25,10.5,0.42,B_C,0.75,0.0,300.0,33.724487509804085,333.7244875098041,300.0,,14.164284754117714,9125.0,3295.9209999778877,18.782234739600018,2807.6923076923076,138.42868199907124,138.4286819990713,4109.357363998142
WRAP RED DOILEY,25.0,0.0,25,10.5,0.42,B_C,0.75,0.0,300.0,33.724487509804085,333.7244875098041,300.0,,14.164284754117714,9125.0,3295.9209999778877,18.782234739600018,2807.6923076923076,138.42868199907124,138.4286819990713,4109.357363998142
WRAP CIRCUS PARADE,25.0,0.0,25,10.5,0.42,B_C,0.75,0.0,300.0,33.724487509804085,333.7244875098041,300.0,,14.164284754117714,9125.0,3295.9209999778877,18.782234739600018,2807.6923076923076,138.42868199907124,138.4286819990713,4109.357363998142
BLUE SCANDINAVIAN PAISLEY WRAP,25.0,0.0,25,10.5,0.42,B_C,0.75,0.0,300.0,33.724487509804085,333.7244875098041,300.0,,14.164284754117714,9125.0,3295.9209999778877,18.782234739600018,2807.6923076923076,138.42868199907124,138.4286819990713,4109.357363998142
LOLITA  DESIGN  COTTON TOTE BAG,6.0,0.0,6,13.5,2.25,C_C,0.7,0.0,72.0,6.292806152496488,78.29280615249648,72.0,,14.158813843117098,2190.0,697.614984548545,16.56437406233988,673.8461538461539,156.96337152342264,156.9633715234226,5241.426743046845
BABUSHKA LIGHTS STRING OF 10,2.0,0.0,2,13.5,6.75,C_C,0.7,0.0,24.0,2.0976020508321627,26.097602050832162,24.0,,14.158813843117098,730.0,232.53832818284832,16.56437406233988,224.61538461538464,156.96337152342264,156.96337152342264,5241.426743046845
LETS GO SHOPPING COTTON TOTE BAG,6.0,0.0,6,13.5,2.25,C_C,0.7,0.0,72.0,6.292806152496488,78.29280615249648,72.0,,14.158813843117098,2190.0,697.614984548545,16.56437406233988,673.8461538461539,156.96337152342264,156.9633715234226,5241.426743046845
WOODLAND DESIGN  COTTON TOTE BAG,6.0,0.0,6,13.5,2.25,C_C,0.7,0.0,72.0,6.292806152496488,78.29280615249648,72.0,,14.158813843117098,2190.0,697.614984548545,16.56437406233988,673.8461538461539,156.96337152342264,156.9633715234226,5241.426743046845
SAVE THE PLANET COTTON TOTE BAG,6.0,0.0,18,40.5,2.25,B_B,0.7,0.0,72.0,6.292806152496488,78.29280615249648,72.0,,14.158813843117098,2190.0,697.614984548545,16.56437406233988,673.8461538461539,156.96337152342264,156.9633715234226,5241.426743046845
SET 12 COLOUR PENCILS LOVE LONDON,16.0,0.0,16,10.4,0.65,B_C,0.75,0.0,192.0,21.583672006274615,213.5836720062746,192.0,,14.0293868040785,5840.0,2119.506473759326,18.872317917035094,1796.9230769230771,137.76792079435617,137.7679207943562,4071.535841588712
COLOUR GLASS T-LIGHT HOLDER HANGING,16.0,0.0,16,10.4,0.65,B_C,0.75,0.0,192.0,21.583672006274615,213.5836720062746,192.0,,14.0293868040785,5840.0,2119.506473759326,18.872317917035094,1796.9230769230771,137.76792079435617,137.7679207943562,4071.535841588712
MINI CAKE STAND  HANGING STRAWBERY,6.75,2.5,27,44.55,1.65,B_B,0.7,4.541441657627475,85.54144165762747,8.41086765385387,89.41086765385387,81.0,85.20259177452141,13.877931628858885,2463.75,864.0549224967757,18.236775634635144,758.0769230769231,142.569062211968,142.569062211968,4350.3256244239365
DINOSAUR PARTY BAG + STICKER SET,8.0,0.0,32,52.8,1.65,B_B,0.7,0.0,96.0,8.39040820332865,104.39040820332865,96.0,,13.844173535492272,2920.0,940.6638532698516,16.751548071928866,898.4615384615386,155.2095357895255,155.20953578952552,5128.419071579051
SKULLS PARTY BAG + STICKER SET,8.0,0.0,16,26.4,1.65,B_B,0.7,0.0,96.0,8.39040820332865,104.39040820332865,96.0,,13.844173535492272,2920.0,940.6638532698516,16.751548071928866,898.4615384615386,155.2095357895255,155.20953578952552,5128.419071579051
CHRISTMAS RETROSPOT ANGEL WOOD,12.0,0.0,12,10.2,0.85,B_C,0.75,0.0,144.0,16.187754004705962,160.18775400470597,144.0,,13.759590904000067,4380.0,1605.1388065320998,19.056442451979265,1347.6923076923078,136.4367985552285,136.4367985552285,3995.873597110457
ALPHABET HEARTS STICKER SHEET,12.0,0.0,12,10.2,0.85,B_C,0.75,0.0,144.0,16.187754004705962,160.18775400470597,144.0,,13.759590904000067,4380.0,1605.1388065320998,19.056442451979265,1347.6923076923078,136.4367985552285,136.4367985552285,3995.873597110457
CHRISTMAS GINGHAM STAR,12.0,0.0,12,10.2,0.85,B_C,0.75,0.0,144.0,16.187754004705962,160.18775400470597,144.0,,13.759590904000067,4380.0,1605.1388065320998,19.056442451979265,1347.6923076923078,136.4367985552285,136.4367985552285,3995.873597110457
CRYSTAL SEA HORSE PHONE CHARM,12.0,0.0,12,10.2,0.85,B_C,0.75,0.0,144.0,16.187754004705962,160.18775400470597,144.0,,13.759590904000067,4380.0,1605.1388065320998,19.056442451979265,1347.6923076923078,136.4367985552285,136.4367985552285,3995.873597110457
CHRISTMAS RETROSPOT TREE WOOD,12.0,0.0,12,10.2,0.85,B_C,0.75,0.0,144.0,16.187754004705962,160.18775400470597,144.0,,13.759590904000067,4380.0,1605.1388065320998,19.056442451979265,1347.6923076923078,136.4367985552285,136.4367985552285,3995.873597110457
MULTI COLOUR SILVER T-LIGHT HOLDER,12.0,0.0,12,10.2,0.85,B_C,0.75,0.0,144.0,16.187754004705962,160.18775400470597,144.0,,13.759590904000067,4380.0,1605.1388065320998,19.056442451979265,1347.6923076923078,136.4367985552285,136.4367985552285,3995.873597110457
PARTY CONES CANDY DECORATION,12.0,0.0,12,10.2,0.85,B_C,0.75,0.0,144.0,16.187754004705962,160.18775400470597,144.0,,13.759590904000067,4380.0,1605.1388065320998,19.056442451979265,1347.6923076923078,136.4367985552285,136.4367985552285,3995.873597110457
PANDA AND BUNNIES STICKER SHEET,12.0,0.0,12,10.2,0.85,B_C,0.75,0.0,144.0,16.187754004705962,160.18775400470597,144.0,,13.759590904000067,4380.0,1605.1388065320998,19.056442451979265,1347.6923076923078,136.4367985552285,136.4367985552285,3995.873597110457
PARTY INVITES SPACEMAN,12.0,0.0,12,10.2,0.85,B_C,0.75,0.0,144.0,16.187754004705962,160.18775400470597,144.0,,13.759590904000067,4380.0,1605.1388065320998,19.056442451979265,1347.6923076923078,136.4367985552285,136.4367985552285,3995.873597110457
CHRISTMAS RETROSPOT STAR WOOD,12.0,0.0,12,10.2,0.85,B_C,0.75,0.0,144.0,16.187754004705962,160.18775400470597,144.0,,13.759590904000067,4380.0,1605.1388065320998,19.056442451979265,1347.6923076923078,136.4367985552285,136.4367985552285,3995.873597110457
STAR WOODEN CHRISTMAS DECORATION,12.0,0.0,12,10.2,0.85,B_C,0.75,0.0,144.0,16.187754004705962,160.18775400470597,144.0,,13.759590904000067,4380.0,1605.1388065320998,19.056442451979265,1347.6923076923078,136.4367985552285,136.4367985552285,3995.873597110457
MINI JIGSAW PURDEY,24.0,0.0,24,10.08,0.42,B_C,0.75,0.0,288.0,32.375508009411924,320.37550800941193,288.0,,13.597713363953007,8760.0,3229.3298729878043,19.169538058831712,2695.3846153846157,135.6318546654878,135.6318546654878,3950.4637093309752
MINI JIGSAW LEAP FROG,24.0,0.0,24,10.08,0.42,B_C,0.75,0.0,288.0,32.375508009411924,320.37550800941193,288.0,,13.597713363953007,8760.0,3229.3298729878043,19.169538058831712,2695.3846153846157,135.6318546654878,135.6318546654878,3950.4637093309752
POLKADOT RAIN HAT ,24.0,0.0,24,10.08,0.42,B_C,0.75,0.0,288.0,32.375508009411924,320.37550800941193,288.0,,13.597713363953007,8760.0,3229.3298729878043,19.169538058831712,2695.3846153846157,135.6318546654878,135.6318546654878,3950.4637093309752
TRAVEL CARD WALLET TRANSPORT,24.0,0.0,24,10.08,0.42,B_C,0.75,0.0,288.0,32.375508009411924,320.37550800941193,288.0,,13.597713363953007,8760.0,3229.3298729878043,19.169538058831712,2695.3846153846157,135.6318546654878,135.6318546654878,3950.4637093309752
TRAVEL CARD WALLET PANTRY,24.0,0.0,24,10.08,0.42,B_C,0.75,0.0,288.0,32.375508009411924,320.37550800941193,288.0,,13.597713363953007,8760.0,3229.3298729878043,19.169538058831712,2695.3846153846157,135.6318546654878,135.6318546654878,3950.4637093309752
MAGIC DRAWING SLATE GO TO THE FAIR ,24.0,0.0,24,10.08,0.42,B_C,0.75,0.0,288.0,32.375508009411924,320.37550800941193,288.0,,13.597713363953007,8760.0,3229.3298729878043,19.169538058831712,2695.3846153846157,135.6318546654878,135.6318546654878,3950.4637093309752
MAGIC DRAWING SLATE BUNNIES ,24.0,0.0,24,10.08,0.42,B_C,0.75,0.0,288.0,32.375508009411924,320.37550800941193,288.0,,13.597713363953007,8760.0,3229.3298729878043,19.169538058831712,2695.3846153846157,135.6318546654878,135.6318546654878,3950.4637093309752
SET 12 VINTAGE DOILY CHALK ,24.0,0.0,24,10.08,0.42,B_C,0.75,0.0,288.0,32.375508009411924,320.37550800941193,288.0,,13.597713363953007,8760.0,3229.3298729878043,19.169538058831712,2695.3846153846157,135.6318546654878,135.6318546654878,3950.4637093309752
MINI JIGSAW DOLLY GIRL,24.0,0.0,24,10.08,0.42,B_C,0.75,0.0,288.0,32.375508009411924,320.37550800941193,288.0,,13.597713363953007,8760.0,3229.3298729878043,19.169538058831712,2695.3846153846157,135.6318546654878,135.6318546654878,3950.4637093309752
MINI JIGSAW BAKE A CAKE ,24.0,0.0,24,10.08,0.42,B_C,0.75,0.0,288.0,32.375508009411924,320.37550800941193,288.0,,13.597713363953007,8760.0,3229.3298729878043,19.169538058831712,2695.3846153846157,135.6318546654878,135.6318546654878,3950.4637093309752
SET 12 KIDS COLOUR  CHALK STICKS,24.0,0.0,24,10.08,0.42,B_C,0.75,0.0,288.0,32.375508009411924,320.37550800941193,288.0,,13.597713363953007,8760.0,3229.3298729878043,19.169538058831712,2695.3846153846157,135.6318546654878,135.6318546654878,3950.4637093309752
PARTY CHARMS 50 PIECES,12.0,0.0,12,9.959999999999999,0.83,B_C,0.75,0.0,144.0,16.187754004705962,160.18775400470597,144.0,,13.435835823905947,4380.0,1624.3627109939055,19.284671454722165,1347.6923076923078,134.82210501249415,134.82210501249415,3905.044210024988
CHRISTMAS TREE HANGING GOLD,12.0,0.0,12,9.959999999999999,0.83,B_C,0.75,0.0,144.0,16.187754004705962,160.18775400470597,144.0,,13.435835823905947,4380.0,1624.3627109939055,19.284671454722165,1347.6923076923078,134.82210501249415,134.82210501249415,3905.044210024988
VINTAGE GLASS T-LIGHT HOLDER,12.0,0.0,12,9.959999999999999,0.83,B_C,0.75,0.0,144.0,16.187754004705962,160.18775400470597,144.0,,13.435835823905947,4380.0,1624.3627109939055,19.284671454722165,1347.6923076923078,134.82210501249415,134.82210501249415,3905.044210024988
SET OF 16 VINTAGE RED CUTLERY,1.0,0.0,1,12.75,12.75,C_C,0.7,0.0,12.0,1.0488010254160813,13.048801025416081,12.0,,13.372213074055036,365.0,119.63998282428862,17.044600292775364,112.30769230769232,152.540978100968,152.540978100968,4958.831956201936
WHITE BAROQUE WALL CLOCK ,1.0,0.0,1,12.75,12.75,C_C,0.7,0.0,12.0,1.0488010254160813,13.048801025416081,12.0,,13.372213074055036,365.0,119.63998282428862,17.044600292775364,112.30769230769232,152.540978100968,152.540978100968,4958.831956201936
SPOTTY PINK DUCK DOORSTOP,3.0,0.0,3,12.75,4.25,C_C,0.7,0.0,36.0,3.146403076248244,39.14640307624824,36.0,,13.372213074055036,1095.0,358.9199484728659,17.044600292775364,336.92307692307696,152.540978100968,152.540978100968,4958.831956201936
AIRLINE BAG VINTAGE WORLD CHAMPION ,3.0,0.0,3,12.75,4.25,C_C,0.7,0.0,36.0,3.146403076248244,39.14640307624824,36.0,,13.372213074055036,1095.0,358.9199484728659,17.044600292775364,336.92307692307696,152.540978100968,152.540978100968,4958.831956201936
GOLD MUG BONE CHINA TREE OF LIFE,12.0,0.0,12,12.72,1.06,C_C,0.7,0.0,144.0,12.585612304992976,156.58561230499296,144.0,,13.340749043292556,4380.0,1437.3718154496619,17.064688219950323,1347.6923076923078,152.36141243766414,152.36141243766417,4947.522824875328
VINTAGE CREAM CAT FOOD CONTAINER,2.0,0.0,2,12.7,6.35,C_C,0.7,0.0,24.0,2.0976020508321627,26.097602050832162,24.0,,13.319773022784233,730.0,239.75052650751348,17.078119696425617,224.61538461538464,152.24158433227103,152.24158433227106,4939.983168664542
POPPY'S PLAYHOUSE BATHROOM,6.0,0.0,6,12.600000000000001,2.1,C_C,0.7,0.0,72.0,6.292806152496488,78.29280615249648,72.0,,13.214892920242626,2190.0,722.1001117771492,17.14575607872683,673.8461538461539,151.64102347320133,151.64102347320136,4902.282046946402
POPPY'S PLAYHOUSE LIVINGROOM ,6.0,0.0,6,12.600000000000001,2.1,C_C,0.7,0.0,72.0,6.292806152496488,78.29280615249648,72.0,,13.214892920242626,2190.0,722.1001117771492,17.14575607872683,673.8461538461539,151.64102347320133,151.64102347320136,4902.282046946402
POPPY'S PLAYHOUSE KITCHEN,6.0,0.0,6,12.600000000000001,2.1,C_C,0.7,0.0,72.0,6.292806152496488,78.29280615249648,72.0,,13.214892920242626,2190.0,722.1001117771492,17.14575607872683,673.8461538461539,151.64102347320133,151.64102347320136,4902.282046946402
CLAM SHELL SMALL ,6.0,0.0,6,12.600000000000001,2.1,C_C,0.7,0.0,72.0,6.292806152496488,78.29280615249648,72.0,,13.214892920242626,2190.0,722.1001117771492,17.14575607872683,673.8461538461539,151.64102347320133,151.64102347320136,4902.282046946402
CHILDREN'S APRON DOLLY GIRL ,6.0,0.0,6,12.600000000000001,2.1,C_C,0.7,0.0,72.0,6.292806152496488,78.29280615249648,72.0,,13.214892920242626,2190.0,722.1001117771492,17.14575607872683,673.8461538461539,151.64102347320133,151.64102347320136,4902.282046946402
3 TRADITIONAl BISCUIT CUTTERS  SET,6.0,0.0,12,25.200000000000003,2.1,B_B,0.7,0.0,72.0,6.292806152496488,78.29280615249648,72.0,,13.214892920242626,2190.0,722.1001117771492,17.14575607872683,673.8461538461539,151.64102347320133,151.64102347320136,4902.282046946402
WHITE WICKER STAR ,6.0,0.0,6,12.600000000000001,2.1,C_C,0.7,0.0,72.0,6.292806152496488,78.29280615249648,72.0,,13.214892920242626,2190.0,722.1001117771492,17.14575607872683,673.8461538461539,151.64102347320133,151.64102347320136,4902.282046946402
FELTCRAFT 6 FLOWER FRIENDS,6.0,0.0,6,12.600000000000001,2.1,C_C,0.7,0.0,72.0,6.292806152496488,78.29280615249648,72.0,,13.214892920242626,2190.0,722.1001117771492,17.14575607872683,673.8461538461539,151.64102347320133,151.64102347320136,4902.282046946402
MIRRORED DOVE WALL DECORATION,6.0,0.0,6,12.600000000000001,2.1,C_C,0.7,0.0,72.0,6.292806152496488,78.29280615249648,72.0,,13.214892920242626,2190.0,722.1001117771492,17.14575607872683,673.8461538461539,151.64102347320133,151.64102347320136,4902.282046946402
GEORGIAN TRINKET BOX,1.0,0.0,1,12.5,12.5,C_C,0.7,0.0,12.0,1.0488010254160813,13.048801025416081,12.0,,13.110012817701017,365.0,120.83045973594572,17.214202482929252,112.30769230769232,151.03807466993214,151.03807466993214,4864.576149339864
SHELF WITH 4 HOOKS HOME SWEET HOME,2.0,0.0,2,12.5,6.25,C_C,0.7,0.0,24.0,2.0976020508321627,26.097602050832162,24.0,,13.110012817701017,730.0,241.66091947189145,17.214202482929252,224.61538461538464,151.03807466993214,151.03807466993214,4864.576149339864
RUSTIC MIRROR WITH LACE HEART,2.0,0.0,2,12.5,6.25,C_C,0.7,0.0,24.0,2.0976020508321627,26.097602050832162,24.0,,13.110012817701017,730.0,241.66091947189145,17.214202482929252,224.61538461538464,151.03807466993214,151.03807466993214,4864.576149339864
APPLE BATH SPONGE,10.0,0.0,10,12.5,1.25,C_C,0.7,0.0,120.0,10.488010254160812,130.48801025416083,120.0,,13.110012817701016,3650.0,1208.3045973594571,17.214202482929252,1123.076923076923,151.03807466993214,151.03807466993214,4864.576149339864
EMBROIDERED RIBBON REEL SUSIE ,6.0,0.0,18,37.44,2.08,B_B,0.7,0.0,72.0,6.292806152496488,78.29280615249648,72.0,,13.089036797192696,2190.0,725.5634415351338,17.22799039261505,673.8461538461539,150.91719583930788,150.91719583930785,4857.034391678615
TREASURE TIN GYMKHANA DESIGN,6.0,0.0,30,62.400000000000006,2.08,B_A,0.7,0.0,72.0,6.292806152496488,78.29280615249648,72.0,,13.089036797192696,2190.0,725.5634415351338,17.22799039261505,673.8461538461539,150.91719583930788,150.91719583930785,4857.034391678615
TREASURE TIN BUFFALO BILL ,6.0,0.0,18,37.44,2.08,B_B,0.7,0.0,72.0,6.292806152496488,78.29280615249648,72.0,,13.089036797192696,2190.0,725.5634415351338,17.22799039261505,673.8461538461539,150.91719583930788,150.91719583930785,4857.034391678615
EMBROIDERED RIBBON REEL ROSIE,6.0,0.0,6,12.48,2.08,C_C,0.7,0.0,72.0,6.292806152496488,78.29280615249648,72.0,,13.089036797192696,2190.0,725.5634415351338,17.22799039261505,673.8461538461539,150.91719583930788,150.91719583930785,4857.034391678615
EMBROIDERED RIBBON REEL DAISY ,6.0,0.0,18,37.44,2.08,B_B,0.7,0.0,72.0,6.292806152496488,78.29280615249648,72.0,,13.089036797192696,2190.0,725.5634415351338,17.22799039261505,673.8461538461539,150.91719583930788,150.91719583930785,4857.034391678615
PINK FEATHERS CURTAIN,12.0,0.0,12,9.48,0.79,B_C,0.75,0.0,144.0,16.187754004705962,160.18775400470597,144.0,,12.78832566371771,4380.0,1664.9780475232028,19.76686266465903,1347.6923076923078,131.53326575433306,131.53326575433306,3723.2665315086665
PACK OF 12 LONDON TISSUES ,24.0,0.0,24,9.36,0.38999999999999996,B_C,0.75,0.0,288.0,32.375508009411924,320.37550800941193,288.0,,12.626448123670649,8760.0,3351.233986275687,19.893169781545176,2695.3846153846157,130.69812546475177,130.6981254647518,3677.796250929503
PACK OF 12 DOLLY GIRL TISSUES,24.0,0.0,24,9.36,0.38999999999999996,B_C,0.75,0.0,288.0,32.375508009411924,320.37550800941193,288.0,,12.626448123670649,8760.0,3351.233986275687,19.893169781545176,2695.3846153846157,130.69812546475177,130.6981254647518,3677.796250929503
"FEATHER PEN,COAL BLACK",24.0,0.0,24,9.36,0.38999999999999996,B_C,0.75,0.0,288.0,32.375508009411924,320.37550800941193,288.0,,12.626448123670649,8760.0,3351.233986275687,19.893169781545176,2695.3846153846157,130.69812546475177,130.6981254647518,3677.796250929503
SET OF 3 BIRD LIGHT PINK FEATHER ,24.0,0.0,24,9.36,0.38999999999999996,B_C,0.75,0.0,288.0,32.375508009411924,320.37550800941193,288.0,,12.626448123670649,8760.0,3351.233986275687,19.893169781545176,2695.3846153846157,130.69812546475177,130.6981254647518,3677.796250929503
"FEATHER PEN,LIGHT PINK",24.0,0.0,24,9.36,0.38999999999999996,B_C,0.75,0.0,288.0,32.375508009411924,320.37550800941193,288.0,,12.626448123670649,8760.0,3351.233986275687,19.893169781545176,2695.3846153846157,130.69812546475177,130.6981254647518,3677.796250929503
"FEATHER PEN,HOT PINK",24.0,0.0,24,9.36,0.38999999999999996,B_C,0.75,0.0,288.0,32.375508009411924,320.37550800941193,288.0,,12.626448123670649,8760.0,3351.233986275687,19.893169781545176,2695.3846153846157,130.69812546475177,130.6981254647518,3677.796250929503
PACK OF 12 PINK PAISLEY TISSUES ,24.0,0.0,24,9.36,0.38999999999999996,B_C,0.75,0.0,288.0,32.375508009411924,320.37550800941193,288.0,,12.626448123670649,8760.0,3351.233986275687,19.893169781545176,2695.3846153846157,130.69812546475177,130.6981254647518,3677.796250929503
FLAG OF ST GEORGE CHAIR,2.0,0.0,2,11.9,5.95,C_C,0.7,0.0,24.0,2.0976020508321627,26.097602050832162,24.0,,12.480732202451367,730.0,247.67829500205713,17.64283745220133,224.61538461538464,147.36858552622402,147.36858552622402,4638.237171052448
CUSHION COVER PINK UNION JACK,2.0,0.0,2,11.9,5.95,C_C,0.7,0.0,24.0,2.0976020508321627,26.097602050832162,24.0,,12.480732202451367,730.0,247.67829500205713,17.64283745220133,224.61538461538464,147.36858552622402,147.36858552622402,4638.237171052448
DANISH ROSE TRINKET TRAYS,2.0,0.0,2,11.9,5.95,C_C,0.7,0.0,24.0,2.0976020508321627,26.097602050832162,24.0,,12.480732202451367,730.0,247.67829500205713,17.64283745220133,224.61538461538464,147.36858552622402,147.36858552622402,4638.237171052448
3 STRIPEY MICE FELTCRAFT,6.0,0.0,12,23.4,1.95,B_B,0.7,0.0,72.0,6.292806152496488,78.29280615249648,72.0,,12.270971997368152,2190.0,749.3587001820032,17.792991967791856,673.8461538461539,146.12494653549066,146.12494653549064,4562.749893070982
FOOD CONTAINER SET 3 LOVE HEART ,6.0,0.0,6,11.7,1.95,C_C,0.7,0.0,72.0,6.292806152496488,78.29280615249648,72.0,,12.270971997368152,2190.0,749.3587001820032,17.792991967791856,673.8461538461539,146.12494653549066,146.12494653549064,4562.749893070982
WATERING CAN PINK BUNNY,6.0,0.0,6,11.7,1.95,C_C,0.7,0.0,72.0,6.292806152496488,78.29280615249648,72.0,,12.270971997368152,2190.0,749.3587001820032,17.792991967791856,673.8461538461539,146.12494653549066,146.12494653549064,4562.749893070982
WATERING CAN GREEN DINOSAUR,6.0,0.0,6,11.7,1.95,C_C,0.7,0.0,72.0,6.292806152496488,78.29280615249648,72.0,,12.270971997368152,2190.0,749.3587001820032,17.792991967791856,673.8461538461539,146.12494653549066,146.12494653549064,4562.749893070982
SOMBRERO ,6.0,0.0,6,11.7,1.95,C_C,0.7,0.0,72.0,6.292806152496488,78.29280615249648,72.0,,12.270971997368152,2190.0,749.3587001820032,17.792991967791856,673.8461538461539,146.12494653549066,146.12494653549064,4562.749893070982
WATERING CAN BLUE ELEPHANT,6.0,0.0,18,35.099999999999994,1.9499999999999997,B_B,0.7,0.0,72.0,6.292806152496488,78.29280615249648,72.0,,12.27097199736815,2190.0,749.3587001820033,17.79299196779186,673.8461538461539,146.12494653549064,146.12494653549064,4562.749893070981
MINI CAKE STAND WITH HANGING CAKES,8.0,0.0,8,11.6,1.45,C_C,0.7,0.0,96.0,8.39040820332865,104.39040820332865,96.0,,12.166091894826543,2920.0,1003.4423509719619,17.869521318678775,898.4615384615386,145.49914089093448,145.49914089093446,4524.998281781869
ZINC T-LIGHT HOLDER STAR LARGE,12.0,0.0,24,22.799999999999997,0.9499999999999998,B_B,0.7,0.0,144.0,12.585612304992976,156.58561230499296,144.0,,11.956331689743326,4380.0,1518.3093090324965,18.025589970248816,1347.6923076923078,144.23938435808716,144.23938435808714,4449.478768716173
SINGLE HEART ZINC T-LIGHT HOLDER,12.0,0.0,12,11.399999999999999,0.9499999999999998,C_C,0.7,0.0,144.0,12.585612304992976,156.58561230499296,144.0,,11.956331689743326,4380.0,1518.3093090324965,18.025589970248816,1347.6923076923078,144.23938435808716,144.23938435808714,4449.478768716173
SET/3 CHRISTMAS DECOUPAGE CANDLES,12.0,0.0,12,11.399999999999999,0.9499999999999998,C_C,0.7,0.0,144.0,12.585612304992976,156.58561230499296,144.0,,11.956331689743326,4380.0,1518.3093090324965,18.025589970248816,1347.6923076923078,144.23938435808716,144.23938435808714,4449.478768716173
STRAWBERRY CHARLOTTE BAG,10.0,0.0,20,17.0,0.85,B_C,0.75,0.0,120.0,13.489795003921634,133.48979500392164,120.0,,11.466325753333388,3650.0,1465.284553774253,20.87528679349621,1123.076923076923,124.54918707081151,124.54918707081151,3351.598374141623
MINI PLAYING CARDS BUFFALO BILL ,20.0,0.0,20,8.4,0.42000000000000004,B_C,0.75,0.0,240.0,26.979590007843267,266.9795900078433,240.0,,11.331427803294174,7300.0,2947.9613617678556,20.999176823551846,2246.153846153846,123.81437719424994,123.81437719424996,3313.6287543885005
MINI PLAYING CARDS DOLLY GIRL ,20.0,0.0,20,8.4,0.42000000000000004,B_C,0.75,0.0,240.0,26.979590007843267,266.9795900078433,240.0,,11.331427803294174,7300.0,2947.9613617678556,20.999176823551846,2246.153846153846,123.81437719424994,123.81437719424996,3313.6287543885005
BALLOON WATER BOMB PACK OF 35,20.0,0.0,20,8.4,0.42000000000000004,B_C,0.75,0.0,240.0,26.979590007843267,266.9795900078433,240.0,,11.331427803294174,7300.0,2947.9613617678556,20.999176823551846,2246.153846153846,123.81437719424994,123.81437719424996,3313.6287543885005
SET 12 COLOURING PENCILS DOILY,16.0,0.0,32,20.8,0.65,B_B,0.7,0.0,192.0,16.7808164066573,208.7808164066573,192.0,,10.907530664327247,5840.0,2119.506473759326,18.872317917035094,1796.9230769230771,137.76792079435617,137.7679207943562,4071.535841588712
BIRD DECORATION RED RETROSPOT,12.0,0.0,12,10.2,0.85,C_C,0.7,0.0,144.0,12.585612304992976,156.58561230499296,144.0,,10.69777045924403,4380.0,1605.1388065320998,19.056442451979265,1347.6923076923078,136.4367985552285,136.4367985552285,3995.873597110457
ZINC WILLIE WINKIE  CANDLE STICK,12.0,0.0,24,20.4,0.85,B_B,0.7,0.0,144.0,12.585612304992976,156.58561230499296,144.0,,10.69777045924403,4380.0,1605.1388065320998,19.056442451979265,1347.6923076923078,136.4367985552285,136.4367985552285,3995.873597110457
12 PENCILS TALL TUBE WOODLAND,12.0,0.0,24,20.4,0.85,B_B,0.7,0.0,144.0,12.585612304992976,156.58561230499296,144.0,,10.69777045924403,4380.0,1605.1388065320998,19.056442451979265,1347.6923076923078,136.4367985552285,136.4367985552285,3995.873597110457
CHRISTMAS GINGHAM TREE,12.0,0.0,24,20.4,0.85,B_B,0.7,0.0,144.0,12.585612304992976,156.58561230499296,144.0,,10.69777045924403,4380.0,1605.1388065320998,19.056442451979265,1347.6923076923078,136.4367985552285,136.4367985552285,3995.873597110457
ROCKING HORSE GREEN CHRISTMAS ,12.0,0.0,24,20.4,0.85,B_B,0.7,0.0,144.0,12.585612304992976,156.58561230499296,144.0,,10.69777045924403,4380.0,1605.1388065320998,19.056442451979265,1347.6923076923078,136.4367985552285,136.4367985552285,3995.873597110457
FELTCRAFT HAIRBAND PINK AND BLUE,12.0,0.0,12,10.2,0.85,C_C,0.7,0.0,144.0,12.585612304992976,156.58561230499296,144.0,,10.69777045924403,4380.0,1605.1388065320998,19.056442451979265,1347.6923076923078,136.4367985552285,136.4367985552285,3995.873597110457
12 PENCILS TALL TUBE RED RETROSPOT,12.0,0.0,24,20.4,0.85,B_B,0.7,0.0,144.0,12.585612304992976,156.58561230499296,144.0,,10.69777045924403,4380.0,1605.1388065320998,19.056442451979265,1347.6923076923078,136.4367985552285,136.4367985552285,3995.873597110457
RETRO PLASTIC ELEPHANT TRAY,12.0,0.0,24,20.4,0.85,B_B,0.7,0.0,144.0,12.585612304992976,156.58561230499296,144.0,,10.69777045924403,4380.0,1605.1388065320998,19.056442451979265,1347.6923076923078,136.4367985552285,136.4367985552285,3995.873597110457
BIRD DECORATION GREEN POLKADOT,12.0,0.0,12,10.2,0.85,C_C,0.7,0.0,144.0,12.585612304992976,156.58561230499296,144.0,,10.69777045924403,4380.0,1605.1388065320998,19.056442451979265,1347.6923076923078,136.4367985552285,136.4367985552285,3995.873597110457
JAM JAR WITH GREEN LID,12.0,0.0,24,20.4,0.85,B_B,0.7,0.0,144.0,12.585612304992976,156.58561230499296,144.0,,10.69777045924403,4380.0,1605.1388065320998,19.056442451979265,1347.6923076923078,136.4367985552285,136.4367985552285,3995.873597110457
HEART WOODEN CHRISTMAS DECORATION,12.0,0.0,12,10.2,0.85,C_C,0.7,0.0,144.0,12.585612304992976,156.58561230499296,144.0,,10.69777045924403,4380.0,1605.1388065320998,19.056442451979265,1347.6923076923078,136.4367985552285,136.4367985552285,3995.873597110457
BAG 250g SWIRLY MARBLES,12.0,0.0,12,10.2,0.85,C_C,0.7,0.0,144.0,12.585612304992976,156.58561230499296,144.0,,10.69777045924403,4380.0,1605.1388065320998,19.056442451979265,1347.6923076923078,136.4367985552285,136.4367985552285,3995.873597110457
SMALL PURPLE BABUSHKA NOTEBOOK ,12.0,0.0,12,10.2,0.85,C_C,0.7,0.0,144.0,12.585612304992976,156.58561230499296,144.0,,10.69777045924403,4380.0,1605.1388065320998,19.056442451979265,1347.6923076923078,136.4367985552285,136.4367985552285,3995.873597110457
HANGING HEART ZINC T-LIGHT HOLDER,12.0,0.0,12,10.2,0.85,C_C,0.7,0.0,144.0,12.585612304992976,156.58561230499296,144.0,,10.69777045924403,4380.0,1605.1388065320998,19.056442451979265,1347.6923076923078,136.4367985552285,136.4367985552285,3995.873597110457
BLUE PAISLEY POCKET BOOK,12.0,0.0,12,10.2,0.85,C_C,0.7,0.0,144.0,12.585612304992976,156.58561230499296,144.0,,10.69777045924403,4380.0,1605.1388065320998,19.056442451979265,1347.6923076923078,136.4367985552285,136.4367985552285,3995.873597110457
CURIOUS IMAGES GIFT WRAP SET,12.0,0.0,24,15.600000000000001,0.65,B_C,0.75,0.0,144.0,16.187754004705962,160.18775400470597,144.0,,10.522040103058876,4380.0,1835.5464497611522,21.791875659264818,1347.6923076923078,119.31051923447487,119.3105192344749,3085.62103846895
CUTE CATS TAPE,12.0,0.0,24,15.600000000000001,0.65,B_C,0.75,0.0,144.0,16.187754004705962,160.18775400470597,144.0,,10.522040103058876,4380.0,1835.5464497611522,21.791875659264818,1347.6923076923078,119.31051923447487,119.3105192344749,3085.62103846895
GIFT BAG PSYCHEDELIC APPLES,12.0,0.0,24,15.600000000000001,0.65,B_C,0.75,0.0,144.0,16.187754004705962,160.18775400470597,144.0,,10.522040103058876,4380.0,1835.5464497611522,21.791875659264818,1347.6923076923078,119.31051923447487,119.3105192344749,3085.62103846895
SKULLS TAPE,12.0,0.0,24,15.600000000000001,0.65,B_C,0.75,0.0,144.0,16.187754004705962,160.18775400470597,144.0,,10.522040103058876,4380.0,1835.5464497611522,21.791875659264818,1347.6923076923078,119.31051923447487,119.3105192344749,3085.62103846895
TOOTHPASTE TUBE PEN,12.0,0.0,12,7.800000000000001,0.65,B_C,0.75,0.0,144.0,16.187754004705962,160.18775400470597,144.0,,10.522040103058876,4380.0,1835.5464497611522,21.791875659264818,1347.6923076923078,119.31051923447487,119.3105192344749,3085.62103846895
PINK  HONEYCOMB PAPER FAN,12.0,0.0,24,15.600000000000001,0.65,B_C,0.75,0.0,144.0,16.187754004705962,160.18775400470597,144.0,,10.522040103058876,4380.0,1835.5464497611522,21.791875659264818,1347.6923076923078,119.31051923447487,119.3105192344749,3085.62103846895
RIDGED GLASS T-LIGHT HOLDER,12.0,0.0,12,7.800000000000001,0.65,B_C,0.75,0.0,144.0,16.187754004705962,160.18775400470597,144.0,,10.522040103058876,4380.0,1835.5464497611522,21.791875659264818,1347.6923076923078,119.31051923447487,119.3105192344749,3085.62103846895
YULETIDE IMAGES GIFT WRAP SET,12.0,0.0,12,7.800000000000001,0.65,B_C,0.75,0.0,144.0,16.187754004705962,160.18775400470597,144.0,,10.522040103058876,4380.0,1835.5464497611522,21.791875659264818,1347.6923076923078,119.31051923447487,119.3105192344749,3085.62103846895
GREEN POLKADOT BOWL,8.0,0.0,32,40.0,1.25,B_B,0.7,0.0,96.0,8.39040820332865,104.39040820332865,96.0,,10.488010254160812,2920.0,1080.7404868885037,19.246063465137738,898.4615384615386,135.09256086106296,135.09256086106296,3920.185121722126
ENAMEL PINK COFFEE CONTAINER,12.0,0.0,12,9.959999999999999,0.83,C_C,0.7,0.0,144.0,12.585612304992976,156.58561230499296,144.0,,10.44605821314417,4380.0,1624.3627109939055,19.284671454722165,1347.6923076923078,134.82210501249415,134.82210501249415,3905.044210024988
SILVER HEARTS TABLE DECORATION,12.0,0.0,12,9.959999999999999,0.83,C_C,0.7,0.0,144.0,12.585612304992976,156.58561230499296,144.0,,10.44605821314417,4380.0,1624.3627109939055,19.284671454722165,1347.6923076923078,134.82210501249415,134.82210501249415,3905.044210024988
WOOD STAMP SET FLOWERS,12.0,0.0,24,19.919999999999998,0.83,B_B,0.7,0.0,144.0,12.585612304992976,156.58561230499296,144.0,,10.44605821314417,4380.0,1624.3627109939055,19.284671454722165,1347.6923076923078,134.82210501249415,134.82210501249415,3905.044210024988
ZINC T-LIGHT HOLDER STARS SMALL,12.0,0.0,24,19.919999999999998,0.83,B_B,0.7,0.0,144.0,12.585612304992976,156.58561230499296,144.0,,10.44605821314417,4380.0,1624.3627109939055,19.284671454722165,1347.6923076923078,134.82210501249415,134.82210501249415,3905.044210024988
WOOD STAMP SET THANK YOU,12.0,0.0,12,9.959999999999999,0.83,C_C,0.7,0.0,144.0,12.585612304992976,156.58561230499296,144.0,,10.44605821314417,4380.0,1624.3627109939055,19.284671454722165,1347.6923076923078,134.82210501249415,134.82210501249415,3905.044210024988
WOOD STAMP SET HAPPY BIRTHDAY,12.0,0.0,24,19.919999999999998,0.83,B_B,0.7,0.0,144.0,12.585612304992976,156.58561230499296,144.0,,10.44605821314417,4380.0,1624.3627109939055,19.284671454722165,1347.6923076923078,134.82210501249415,134.82210501249415,3905.044210024988
ASSORTED COLOURS SILK FAN,12.0,0.0,12,9.959999999999999,0.83,C_C,0.7,0.0,144.0,12.585612304992976,156.58561230499296,144.0,,10.44605821314417,4380.0,1624.3627109939055,19.284671454722165,1347.6923076923078,134.82210501249415,134.82210501249415,3905.044210024988
REINDEER HEART DECORATION SILVER,12.0,0.0,12,9.959999999999999,0.83,C_C,0.7,0.0,144.0,12.585612304992976,156.58561230499296,144.0,,10.44605821314417,4380.0,1624.3627109939055,19.284671454722165,1347.6923076923078,134.82210501249415,134.82210501249415,3905.044210024988
LARGE CAKE STAND  HANGING STRAWBERY,1.0,0.0,1,9.95,9.95,C_C,0.7,0.0,12.0,1.0488010254160813,13.048801025416081,12.0,,10.435570202890009,365.0,135.43156405621832,19.294359810748915,112.30769230769232,134.75440623593724,134.75440623593724,3901.258812471874
ZINC BOX SIGN HOME,1.0,0.0,1,9.95,9.95,C_C,0.7,0.0,12.0,1.0488010254160813,13.048801025416081,12.0,,10.435570202890009,365.0,135.43156405621832,19.294359810748915,112.30769230769232,134.75440623593724,134.75440623593724,3901.258812471874
COTTON APRON PANTRY DESIGN,2.0,0.0,2,9.9,4.95,C_C,0.7,0.0,24.0,2.0976020508321627,26.097602050832162,24.0,,10.383130151619206,730.0,271.54626445114974,19.34302157734217,224.61538461538464,134.4154009033191,134.41540090331912,3882.330801806638
ENGLISH ROSE SPIRIT LEVEL ,12.0,0.0,12,9.48,0.79,C_C,0.7,0.0,144.0,12.585612304992976,156.58561230499296,144.0,,9.942633720944452,4380.0,1664.9780475232028,19.76686266465903,1347.6923076923078,131.53326575433306,131.53326575433306,3723.2665315086665
RED  EGG  SPOON,24.0,0.0,48,5.76,0.12,A_C,0.95,0.0,288.0,78.95297409367066,366.95297409367066,288.0,,9.474356891240479,8760.0,6041.522986797286,35.86292183943595,5390.769230769231,72.49827584156743,72.49827584156743,1196.1965516831349
BLUE EGG  SPOON,24.0,0.0,48,5.76,0.12,A_C,0.95,0.0,288.0,78.95297409367066,366.95297409367066,288.0,,9.474356891240479,8760.0,6041.522986797286,35.86292183943595,5390.769230769231,72.49827584156743,72.49827584156743,1196.1965516831349
LA PALMIERA TILE COASTER,24.0,0.0,24,6.959999999999999,0.29,B_C,0.75,0.0,288.0,32.375508009411924,320.37550800941193,288.0,,9.388897322729457,8760.0,3886.3155141936263,23.06945282398043,2695.3846153846157,112.70314991161516,112.70314991161516,2765.80629982323
SET/4 BIRD MIRROR MAGNETS ,24.0,0.0,24,6.959999999999999,0.29,B_C,0.75,0.0,288.0,32.375508009411924,320.37550800941193,288.0,,9.388897322729457,8760.0,3886.3155141936263,23.06945282398043,2695.3846153846157,112.70314991161516,112.70314991161516,2765.80629982323
12 PENCILS TALL TUBE POSY,24.0,0.0,24,6.959999999999999,0.29,B_C,0.75,0.0,288.0,32.375508009411924,320.37550800941193,288.0,,9.388897322729457,8760.0,3886.3155141936263,23.06945282398043,2695.3846153846157,112.70314991161516,112.70314991161516,2765.80629982323
WOODEN HEART CHRISTMAS SCANDINAVIAN,24.0,0.0,24,6.959999999999999,0.29,B_C,0.75,0.0,288.0,32.375508009411924,320.37550800941193,288.0,,9.388897322729457,8760.0,3886.3155141936263,23.06945282398043,2695.3846153846157,112.70314991161516,112.70314991161516,2765.80629982323
DARK BIRD HOUSE TREE DECORATION,24.0,0.0,24,6.959999999999999,0.29,B_C,0.75,0.0,288.0,32.375508009411924,320.37550800941193,288.0,,9.388897322729457,8760.0,3886.3155141936263,23.06945282398043,2695.3846153846157,112.70314991161516,112.70314991161516,2765.80629982323
ASSORTED TUTTI FRUTTI PEN,24.0,0.0,24,6.959999999999999,0.29,B_C,0.75,0.0,288.0,32.375508009411924,320.37550800941193,288.0,,9.388897322729457,8760.0,3886.3155141936263,23.06945282398043,2695.3846153846157,112.70314991161516,112.70314991161516,2765.80629982323
ENGLISH ROSE NOTEBOOK A7 SIZE,16.0,0.0,16,6.72,0.42,B_C,0.75,0.0,192.0,21.583672006274615,213.5836720062746,192.0,,9.065142242635337,5840.0,2636.73679998231,23.47779342450002,1796.9230769230771,110.74294559925701,110.74294559925703,2674.2858911985136
FRYING PAN BLUE POLKADOT,2.0,0.0,2,8.5,4.25,C_C,0.7,0.0,24.0,2.0976020508321627,26.097602050832162,24.0,,8.914808716036692,730.0,293.0569107548506,20.875286793496205,224.61538461538464,124.54918707081151,124.54918707081153,3351.598374141623
GREEN CHRISTMAS TREE CARD HOLDER,2.0,0.0,2,8.5,4.25,C_C,0.7,0.0,24.0,2.0976020508321627,26.097602050832162,24.0,,8.914808716036692,730.0,293.0569107548506,20.875286793496205,224.61538461538464,124.54918707081151,124.54918707081153,3351.598374141623
DOORMAT PEACE ON EARTH BLUE,1.0,0.0,1,8.25,8.25,C_C,0.7,0.0,12.0,1.0488010254160813,13.048801025416081,12.0,,8.652608459682671,365.0,148.73201444615788,21.189218496438933,112.30769230769232,122.70391191808028,122.70391191808025,3256.6578238361603
GREEN FERN NOTEBOOK,5.0,0.0,5,8.25,1.65,C_C,0.7,0.0,60.0,5.244005127080406,65.24400512708041,60.0,,8.65260845968267,1825.0,743.6600722307894,21.189218496438933,561.5384615384615,122.70391191808028,122.70391191808025,3256.6578238361603
VINTAGE CHRISTMAS PAPER GIFT BAG,10.0,0.0,10,8.2,0.82,C_C,0.7,0.0,120.0,10.488010254160812,130.48801025416083,120.0,,8.600168408411866,3650.0,1491.8477657246267,21.253721593885093,1123.076923076923,122.3315167894194,122.3315167894194,3237.6630335788386
3 RAFFIA RIBBONS 50'S CHRISTMAS ,10.0,0.0,30,23.700000000000003,0.7900000000000001,B_B,0.7,0.0,120.0,10.488010254160812,130.48801025416083,120.0,,8.285528100787044,3650.0,1519.9100572989444,21.65351314508085,1123.076923076923,120.07289452661665,120.07289452661662,3123.645789053234
WRAP BAD HAIR DAY,25.0,0.0,50,5.0,0.1,A_C,0.95,0.0,300.0,82.24268134757361,382.2426813475736,300.0,,8.224268134757361,9125.0,6754.628043053148,38.492126930275475,5615.384615384615,67.54628043053148,67.5462804305315,1047.592560861063
ASSORTED COLOUR T-LIGHT HOLDER,12.0,0.0,12,7.800000000000001,0.65,C_C,0.7,0.0,144.0,12.585612304992976,156.58561230499296,144.0,,8.180647998245435,4380.0,1835.5464497611522,21.791875659264818,1347.6923076923078,119.31051923447487,119.3105192344749,3085.62103846895
CAKES AND BOWS GIFT  TAPE,12.0,0.0,12,7.800000000000001,0.65,C_C,0.7,0.0,144.0,12.585612304992976,156.58561230499296,144.0,,8.180647998245435,4380.0,1835.5464497611522,21.791875659264818,1347.6923076923078,119.31051923447487,119.3105192344749,3085.62103846895
BLOSSOM IMAGES GIFT WRAP SET,12.0,0.0,12,7.800000000000001,0.65,C_C,0.7,0.0,144.0,12.585612304992976,156.58561230499296,144.0,,8.180647998245435,4380.0,1835.5464497611522,21.791875659264818,1347.6923076923078,119.31051923447487,119.3105192344749,3085.62103846895
PARTY TIME PENCIL ERASERS,28.0,0.0,28,5.88,0.21,B_C,0.75,0.0,336.0,37.771426010980576,373.7714260109806,336.0,,7.931999462305921,10220.0,4932.882862316247,25.098816911980904,3144.6153846153848,103.59054010864119,103.59054010864119,2353.381080217282
KITTY PENCIL ERASERS,28.0,0.0,28,5.88,0.21,B_C,0.75,0.0,336.0,37.771426010980576,373.7714260109806,336.0,,7.931999462305921,10220.0,4932.882862316247,25.098816911980904,3144.6153846153848,103.59054010864119,103.59054010864119,2353.381080217282
SMALL POP BOX FUNKY MONKEY,6.0,0.0,6,7.5,1.25,C_C,0.7,0.0,72.0,6.292806152496488,78.29280615249648,72.0,,7.86600769062061,2190.0,935.9487165438072,22.223439844875788,673.8461538461539,116.9935895679759,116.9935895679759,2971.487179135952
FRENCH GARDEN SIGN BLUE METAL,6.0,0.0,6,7.5,1.25,C_C,0.7,0.0,72.0,6.292806152496488,78.29280615249648,72.0,,7.86600769062061,2190.0,935.9487165438072,22.223439844875788,673.8461538461539,116.9935895679759,116.9935895679759,2971.487179135952
VINTAGE RED ENAMEL TRIM JUG ,2.0,0.0,2,7.5,3.75,C_C,0.7,0.0,24.0,2.0976020508321627,26.097602050832162,24.0,,7.86600769062061,730.0,311.9829055146024,22.223439844875788,224.61538461538464,116.9935895679759,116.9935895679759,2971.487179135952
BLUE POLKADOT CUP,8.0,0.0,32,27.2,0.85,B_B,0.7,0.0,96.0,8.39040820332865,104.39040820332865,96.0,,7.1318469728293525,2920.0,1310.5903474478703,23.339280160030565,898.4615384615386,111.40017953306898,111.40017953306898,2704.800359066138
PINK  POLKADOT CUP,8.0,0.0,8,6.8,0.85,C_C,0.7,0.0,96.0,8.39040820332865,104.39040820332865,96.0,,7.1318469728293525,2920.0,1310.5903474478703,23.339280160030565,898.4615384615386,111.40017953306898,111.40017953306898,2704.800359066138
"NURSERY A,B,C PAINTED LETTERS",1.0,0.0,1,6.75,6.75,C_C,0.7,0.0,12.0,1.0488010254160813,13.048801025416081,12.0,,7.079406921558549,365.0,164.42942874387492,23.42556245118218,112.30769230769232,110.98986440211556,110.98986440211559,2685.729728804231
MINI LADLE LOVE HEART RED ,12.0,0.0,24,10.08,0.42,B_C,0.75,0.0,144.0,16.187754004705962,160.18775400470597,144.0,,6.7988566819765035,4380.0,2283.4810518779686,27.109820707227023,1347.6923076923078,95.90620417887469,95.90620417887469,2031.4124083577492
MINI LADLE LOVE HEART PINK,12.0,0.0,24,10.08,0.42,B_C,0.75,0.0,144.0,16.187754004705962,160.18775400470597,144.0,,6.7988566819765035,4380.0,2283.4810518779686,27.109820707227023,1347.6923076923078,95.90620417887469,95.90620417887469,2031.4124083577492
CARD PARTY GAMES ,12.0,0.0,12,5.04,0.42,B_C,0.75,0.0,144.0,16.187754004705962,160.18775400470597,144.0,,6.7988566819765035,4380.0,2283.4810518779686,27.109820707227023,1347.6923076923078,95.90620417887469,95.90620417887469,2031.4124083577492
CARD MOTORBIKE SANTA,12.0,0.0,12,5.04,0.42,B_C,0.75,0.0,144.0,16.187754004705962,160.18775400470597,144.0,,6.7988566819765035,4380.0,2283.4810518779686,27.109820707227023,1347.6923076923078,95.90620417887469,95.90620417887469,2031.4124083577492
VINTAGE CARAVAN GREETING CARD ,12.0,0.0,12,5.04,0.42,B_C,0.75,0.0,144.0,16.187754004705962,160.18775400470597,144.0,,6.7988566819765035,4380.0,2283.4810518779686,27.109820707227023,1347.6923076923078,95.90620417887469,95.90620417887469,2031.4124083577492
CARD DOG AND BALL ,12.0,0.0,12,5.04,0.42,B_C,0.75,0.0,144.0,16.187754004705962,160.18775400470597,144.0,,6.7988566819765035,4380.0,2283.4810518779686,27.109820707227023,1347.6923076923078,95.90620417887469,95.90620417887469,2031.4124083577492
CARD CAT AND TREE ,12.0,0.0,12,5.04,0.42,B_C,0.75,0.0,144.0,16.187754004705962,160.18775400470597,144.0,,6.7988566819765035,4380.0,2283.4810518779686,27.109820707227023,1347.6923076923078,95.90620417887469,95.90620417887469,2031.4124083577492
CARD BIRTHDAY COWBOY,12.0,0.0,12,5.04,0.42,B_C,0.75,0.0,144.0,16.187754004705962,160.18775400470597,144.0,,6.7988566819765035,4380.0,2283.4810518779686,27.109820707227023,1347.6923076923078,95.90620417887469,95.90620417887469,2031.4124083577492
DOILY THANK YOU CARD,12.0,0.0,12,5.04,0.42,B_C,0.75,0.0,144.0,16.187754004705962,160.18775400470597,144.0,,6.7988566819765035,4380.0,2283.4810518779686,27.109820707227023,1347.6923076923078,95.90620417887469,95.90620417887469,2031.4124083577492
RING OF ROSES BIRTHDAY CARD,12.0,0.0,24,10.08,0.42,B_C,0.75,0.0,144.0,16.187754004705962,160.18775400470597,144.0,,6.7988566819765035,4380.0,2283.4810518779686,27.109820707227023,1347.6923076923078,95.90620417887469,95.90620417887469,2031.4124083577492
BOTANICAL LILY GREETING CARD,12.0,0.0,24,10.08,0.42,B_C,0.75,0.0,144.0,16.187754004705962,160.18775400470597,144.0,,6.7988566819765035,4380.0,2283.4810518779686,27.109820707227023,1347.6923076923078,95.90620417887469,95.90620417887469,2031.4124083577492
PENNY FARTHING BIRTHDAY CARD,12.0,0.0,12,5.04,0.42,B_C,0.75,0.0,144.0,16.187754004705962,160.18775400470597,144.0,,6.7988566819765035,4380.0,2283.4810518779686,27.109820707227023,1347.6923076923078,95.90620417887469,95.90620417887469,2031.4124083577492
TEA PARTY BIRTHDAY CARD,12.0,0.0,12,5.04,0.42,B_C,0.75,0.0,144.0,16.187754004705962,160.18775400470597,144.0,,6.7988566819765035,4380.0,2283.4810518779686,27.109820707227023,1347.6923076923078,95.90620417887469,95.90620417887469,2031.4124083577492
POCKET MIRROR WOODLAND,5.0,0.0,5,6.25,1.25,C_C,0.7,0.0,60.0,5.244005127080406,65.24400512708041,60.0,,6.555006408850508,1825.0,854.4003745317531,24.344558616795155,561.5384615384615,106.80004681646915,106.80004681646913,2494.8500936329383
JUMBO BAG ALPHABET,3.0,0.0,3,6.24,2.08,C_C,0.7,0.0,36.0,3.146403076248244,39.14640307624824,36.0,,6.544518398596348,1095.0,513.0508296905423,24.364057665669588,336.92307692307696,106.71457257563279,106.7145725756328,2491.0291451512653
WRAP CHRISTMAS SCREEN PRINT,25.0,0.0,25,4.75,0.19,B_C,0.75,0.0,300.0,33.724487509804085,333.7244875098041,300.0,,6.4076526268627765,9125.0,4900.322223562123,27.92512390413484,2807.6923076923076,93.10612224768037,93.10612224768036,1919.9622444953607
MAGNETS PACK OF 4 RETRO PHOTO,12.0,0.0,12,4.68,0.38999999999999996,B_C,0.75,0.0,144.0,16.187754004705962,160.18775400470597,144.0,,6.313224061835324,4380.0,2369.680277038364,28.133190503651804,1347.6923076923078,92.41753080449617,92.41753080449618,1893.0350616089922
MAGNETS PACK OF 4 VINTAGE COLLAGE,12.0,0.0,24,9.36,0.38999999999999996,B_C,0.75,0.0,144.0,16.187754004705962,160.18775400470597,144.0,,6.313224061835324,4380.0,2369.680277038364,28.133190503651804,1347.6923076923078,92.41753080449617,92.41753080449618,1893.0350616089922
PASTEL COLOUR HONEYCOMB FAN,12.0,0.0,24,9.36,0.38999999999999996,B_C,0.75,0.0,144.0,16.187754004705962,160.18775400470597,144.0,,6.313224061835324,4380.0,2369.680277038364,28.133190503651804,1347.6923076923078,92.41753080449617,92.41753080449618,1893.0350616089922
MAGNETS PACK OF 4 HOME SWEET HOME,12.0,0.0,12,4.68,0.38999999999999996,B_C,0.75,0.0,144.0,16.187754004705962,160.18775400470597,144.0,,6.313224061835324,4380.0,2369.680277038364,28.133190503651804,1347.6923076923078,92.41753080449617,92.41753080449618,1893.0350616089922
CERAMIC PLATE STRAWBERRY DESIGN,4.0,0.0,4,5.96,1.49,C_C,0.7,0.0,48.0,4.195204101664325,52.195204101664324,48.0,,6.250854111479844,1460.0,699.9520597198356,24.929799387281818,449.2307692307693,104.2928568982555,104.2928568982555,2383.985713796511
CERAMIC BOWL WITH STRAWBERRY DESIGN,2.0,0.0,2,5.9,2.95,C_C,0.7,0.0,24.0,2.0976020508321627,26.097602050832162,24.0,,6.18792604995488,730.0,351.75106760224907,25.05624043194103,224.61538461538464,103.76656494266352,103.76656494266349,2361.033129885327
ASSTD FRUIT+FLOWERS FRIDGE MAGNETS,24.0,0.0,24,4.5600000000000005,0.19000000000000003,B_C,0.75,0.0,288.0,32.375508009411924,320.37550800941193,288.0,,6.151346521788266,8760.0,4801.315609179152,28.500960237136514,2695.3846153846157,91.22499657440389,91.22499657440389,1846.8499931488082
"ACRYLIC HANGING JEWEL,PINK",12.0,0.0,12,4.5600000000000005,0.38000000000000006,B_C,0.75,0.0,144.0,16.187754004705962,160.18775400470597,144.0,,6.151346521788266,4380.0,2400.657804589576,28.500960237136514,1347.6923076923078,91.22499657440389,91.22499657440389,1846.8499931488082
ASSORTED TUTTI FRUTTI BRACELET,24.0,0.0,24,4.5600000000000005,0.19000000000000003,B_C,0.75,0.0,288.0,32.375508009411924,320.37550800941193,288.0,,6.151346521788266,8760.0,4801.315609179152,28.500960237136514,2695.3846153846157,91.22499657440389,91.22499657440389,1846.8499931488082
GIN + TONIC DIET METAL SIGN,2.0,0.0,2,5.1,2.55,C_C,0.7,0.0,24.0,2.0976020508321627,26.097602050832162,24.0,,5.348885229622015,730.0,378.33484494817657,26.94987936617148,224.61538461538464,96.47538546178501,96.47538546178502,2054.45077092357
GIRLS VINTAGE TIN SEASIDE BUCKET,2.0,0.0,2,5.1,2.55,C_C,0.7,0.0,24.0,2.0976020508321627,26.097602050832162,24.0,,5.348885229622015,730.0,378.33484494817657,26.94987936617148,224.61538461538464,96.47538546178501,96.47538546178502,2054.45077092357
SKULLS GREETING CARD,12.0,0.0,12,5.04,0.42,C_C,0.7,0.0,144.0,12.585612304992976,156.58561230499296,144.0,,5.28595716809705,4380.0,2283.4810518779686,27.109820707227023,1347.6923076923078,95.90620417887469,95.90620417887469,2031.4124083577492
BOTANICAL LAVENDER BIRTHDAY CARD,12.0,0.0,12,5.04,0.42,C_C,0.7,0.0,144.0,12.585612304992976,156.58561230499296,144.0,,5.28595716809705,4380.0,2283.4810518779686,27.109820707227023,1347.6923076923078,95.90620417887469,95.90620417887469,2031.4124083577492
"FANCY FONT BIRTHDAY CARD, ",12.0,0.0,12,5.04,0.42,C_C,0.7,0.0,144.0,12.585612304992976,156.58561230499296,144.0,,5.28595716809705,4380.0,2283.4810518779686,27.109820707227023,1347.6923076923078,95.90620417887469,95.90620417887469,2031.4124083577492
ENVELOPE 50 BLOSSOM IMAGES,12.0,0.0,12,5.04,0.42,C_C,0.7,0.0,144.0,12.585612304992976,156.58561230499296,144.0,,5.28595716809705,4380.0,2283.4810518779686,27.109820707227023,1347.6923076923078,95.90620417887469,95.90620417887469,2031.4124083577492
"ELEPHANT, BIRTHDAY CARD, ",12.0,0.0,12,5.04,0.42,C_C,0.7,0.0,144.0,12.585612304992976,156.58561230499296,144.0,,5.28595716809705,4380.0,2283.4810518779686,27.109820707227023,1347.6923076923078,95.90620417887469,95.90620417887469,2031.4124083577492
SET/6 FRUIT SALAD  PAPER PLATES,12.0,0.0,12,4.68,0.38999999999999996,C_C,0.7,0.0,144.0,12.585612304992976,156.58561230499296,144.0,,4.90838879894726,4380.0,2369.680277038364,28.133190503651804,1347.6923076923078,92.41753080449617,92.41753080449618,1893.0350616089922
PAPER POCKET TRAVELING FAN ,24.0,0.0,24,3.3600000000000003,0.14,B_C,0.75,0.0,288.0,32.375508009411924,320.37550800941193,288.0,,4.53257112131767,8760.0,5593.363414414826,33.2026138755218,5390.769230769231,78.30708780180757,78.30708780180758,1383.0141756036153
HAND WARMER SCOTTY DOG DESIGN,2.0,0.0,2,4.2,2.1,C_C,0.7,0.0,24.0,2.0976020508321627,26.097602050832162,24.0,,4.404964306747542,730.0,416.90469391639596,29.697320662537795,224.61538461538464,87.54998572244315,87.54998572244315,1708.0999714448863
AREA PATROLLED METAL SIGN,1.5,0.7071067811865476,3,6.300000000000001,2.1,C_C,0.7,1.2845136769885854,19.284513676988585,2.0309944524608725,20.030994452460874,18.0,58.11388300841895,4.265088350167832,547.5,361.0500558885746,34.29151215745366,336.92307692307696,75.82051173660066,75.82051173660068,1301.3910234732014
CARAVAN SQUARE TISSUE BOX,10.0,0.0,10,3.9000000000000004,0.39,C_C,0.7,0.0,120.0,10.488010254160812,130.48801025416083,120.0,,4.090323999122717,3650.0,2163.212236348338,30.818366106880433,1123.076923076923,84.36527721758522,84.3652772175852,1592.2305544351705
ICON PLACEMAT POP ART ELVIS,24.0,0.0,24,2.88,0.12,B_C,0.75,0.0,288.0,32.375508009411924,320.37550800941193,288.0,,3.885060961129431,8760.0,6041.522986797286,35.86292183943595,5390.769230769231,72.49827584156743,72.49827584156743,1196.1965516831349
SMALL FOLDING SCISSOR(POINTED EDGE),24.0,0.0,24,2.88,0.12,B_C,0.75,0.0,288.0,32.375508009411924,320.37550800941193,288.0,,3.885060961129431,8760.0,6041.522986797286,35.86292183943595,5390.769230769231,72.49827584156743,72.49827584156743,1196.1965516831349
60 TEATIME FAIRY CAKE CASES,6.0,0.0,6,3.3000000000000003,0.55,C_C,0.7,0.0,72.0,6.292806152496488,78.29280615249648,72.0,,3.4610433838730685,2190.0,1410.9957799047772,33.503096143857725,1347.6923076923078,77.60476789476276,77.60476789476276,1359.7095357895255
MOTORING TISSUE BOX,8.0,0.0,8,3.12,0.39,C_C,0.7,0.0,96.0,8.39040820332865,104.39040820332865,96.0,,3.272259199298174,2920.0,1934.8358440936902,34.4559807852301,1796.9230769230771,75.45859791965394,75.45859791965393,1289.7171958393078
High Resolution Image,1.0,0.0,1,3.0,3.0,C_C,0.7,0.0,12.0,1.0488010254160813,13.048801025416081,12.0,,3.146403076248244,365.0,246.64414311581234,35.13834367677327,224.61538461538464,73.99324293474372,73.99324293474372,1242.9864858694875
WHITE GOOSE FEATHER CHRISTMAS TREE ,1.0,0.0,1,2.95,2.95,C_C,0.7,0.0,12.0,1.0488010254160813,13.048801025416081,12.0,,3.09396302497744,365.0,248.72556519115804,35.434875040932106,224.61538461538464,73.37404173139164,73.37404173139163,1223.4980834627831
WHITE CANDYSTUFT ARTIFICIAL FLOWER,2.0,0.0,2,2.9,1.45,C_C,0.7,0.0,24.0,2.0976020508321627,26.097602050832162,24.0,,3.041522973706636,730.0,501.72117548598095,35.73904263735755,449.2307692307693,72.74957044546724,72.74957044546723,1203.9991408909345
PINK CANDYSTUFT ARTIFICIAL FLOWER,2.0,0.0,2,2.9,1.45,C_C,0.7,0.0,24.0,2.0976020508321627,26.097602050832162,24.0,,3.041522973706636,730.0,501.72117548598095,35.73904263735755,449.2307692307693,72.74957044546724,72.74957044546723,1203.9991408909345
"GREETING CARD, OVERCROWDED POOL.",12.0,0.0,12,2.2800000000000002,0.19000000000000003,C_C,0.7,0.0,144.0,12.585612304992976,156.58561230499296,144.0,,2.391266337948666,4380.0,3395.042825867397,40.306444508014756,2695.3846153846157,64.50581369148057,64.50581369148055,961.2116273829613
GARAGE KEY FOB,3.0,0.0,3,1.9500000000000002,0.65,C_C,0.7,0.0,36.0,3.146403076248244,39.14640307624824,36.0,,2.045161999561359,1095.0,917.7732248805761,43.583751318529636,673.8461538461539,59.655259617237434,59.65525961723745,831.0605192344749
SWIRLY CIRCULAR RUBBERS IN BAG,4.0,0.0,4,1.68,0.42,C_C,0.7,0.0,48.0,4.195204101664325,52.195204101664324,48.0,,1.7619857226990165,1460.0,1318.368399991155,46.95558684900004,898.4615384615386,55.371472799628506,55.37147279962851,723.942945599257
LARGE HEART MEASURING SPOONS,1.0,0.0,1,1.65,1.65,C_C,0.7,0.0,12.0,1.0488010254160813,13.048801025416081,12.0,,1.730521691936534,365.0,332.5748947320898,47.38053294813334,224.61538461538464,54.874857630794814,54.874857630794814,711.9997152615896
TOAST ITS - I LOVE YOU ,1.0,0.0,1,1.25,1.25,C_C,0.7,0.0,12.0,1.0488010254160813,13.048801025416081,12.0,,1.3110012817701016,365.0,382.09946349085595,54.43608794938222,224.61538461538464,47.76243293635701,47.762432936356994,551.774865872714
MONEY BOX BISCUITS DESIGN,1.0,0.0,1,1.25,1.25,C_C,0.7,0.0,12.0,1.0488010254160813,13.048801025416081,12.0,,1.3110012817701016,365.0,382.09946349085595,54.43608794938222,224.61538461538464,47.76243293635701,47.762432936356994,551.774865872714
REX CASH+CARRY JUMBO SHOPPER,1.0,0.0,1,0.95,0.95,C_C,0.7,0.0,12.0,1.0488010254160813,13.048801025416081,12.0,,0.9963609741452772,365.0,438.2981441415133,62.44247532974984,224.61538461538464,41.63832369344376,41.638323693443766,430.02664738688753
SANDALWOOD FAN,1.0,0.0,1,0.85,0.85,C_C,0.7,0.0,12.0,1.0488010254160813,13.048801025416081,12.0,,0.8914808716036691,365.0,463.36366101901126,66.01345307668106,449.2307692307693,39.38591118661596,39.38591118661596,389.0218223732319
SMALL HEART MEASURING SPOONS,1.0,0.0,1,0.85,0.85,C_C,0.7,0.0,12.0,1.0488010254160813,13.048801025416081,12.0,,0.8914808716036691,365.0,463.36366101901126,66.01345307668106,449.2307692307693,39.38591118661596,39.38591118661596,389.0218223732319
TRAVEL CARD WALLET VINTAGE LEAF,1.0,0.0,1,0.42,0.42,C_C,0.7,0.0,12.0,1.0488010254160813,13.048801025416081,12.0,,0.44049643067475414,365.0,659.1841999955775,93.91117369800008,449.2307692307693,27.685736399814253,27.685736399814257,208.67147279962848
SWALLOW SQUARE TISSUE BOX,1.0,0.0,1,0.39,0.39,C_C,0.7,0.0,12.0,1.0488010254160813,13.048801025416081,12.0,,0.40903239991227175,365.0,684.0677729207231,97.45623066267835,449.2307692307693,26.678643143908197,26.678643143908204,195.7072862878164
