quantity,demand,sd,unitshort,shortagecost,cost,revenue,profit,soldatfullprice,sold_discount,Description
18.456024785644438,18.0,1.8,0.5130066460365738,1.0003629597713188,14.395699332802662,35.1,19.703937707426018,17.486993353963427,0.9690314316810102, 3 STRIPEY MICE FELTCRAFT
61.5200826188148,60.0,6.0,1.7100221534552444,2.1375276918190558,30.7600413094074,75.0,42.10243099877354,58.28997784654476,3.230104772270039, 50'S CHRISTMAS GIFT BAG LARGE
16.40535536501728,16.0,1.6,0.4560059075880653,1.6279410900893934,23.426847461244677,57.120000000000005,32.065211448665934,15.543994092411936,0.8613612726053432, CHERRY BLOSSOM  DECORATIVE FLASK
73.82409914257775,72.0,7.2,2.052026584146295,2.565033230182869,36.912049571288875,90.0,50.522917198528255,69.94797341585371,3.876125726724041, DOLLY GIRL BEAKER
4.10133884125432,4.0,0.4,0.11400147689701633,0.5643073106402309,8.120650905683554,19.8,11.115041783676215,3.885998523102984,0.2153403181513358, FLAMINGO LIGHTS
8.20267768250864,8.0,0.8,0.22800295379403265,0.9462122582452356,13.616444952964342,33.2,18.637342788790423,7.771997046205968,0.4306806363026716, I LOVE LONDON MINI BACKPACK
49.216066095051836,48.0,4.800000000000001,1.368017722764196,1.710022153455245,24.608033047525918,60.0,33.68194479901884,46.63198227723581,2.5840838178160297, RED SPOT GIFT BAG LARGE
19.433147636970332,18.0,5.656854249492381,1.6122243475832345,12.387257070597853,59.72454040428883,138.3,66.18820252511333,16.387775652416764,3.0453719845535687, RED/WHITE DOT MINI CASES
34.52402509409425,27.0,29.698484809834994,8.46417782481198,25.477175252684063,41.566926213289484,81.27000000000001,14.225898534026463,18.53582217518802,15.988202918906229, SET 2 TEA TOWELS I LOVE LONDON 
12.304016523762959,12.0,1.2000000000000002,0.342004430691049,5.660173327936861,81.4525893873108,198.60000000000002,111.48723728475237,11.657995569308952,0.6460209544540074, SPACEBOY BABY GIFT SET
225.497214554555,204.0,84.8528137423857,24.18336521374852,20.55586043168624,76.66905294854871,173.4,76.17508661976505,179.81663478625148,45.68057976830352,10 COLOUR SPACEBOY PEN
94.33147636970332,80.0,56.568542494923804,16.122243475832345,10.479458259291025,24.526183856122866,52.0,16.99435788458611,63.87775652416765,30.453719845535673,12 COLOURED PARTY BALLOONS
45.27802927644329,36.5,34.64823227814083,9.874874128947312,12.34359266118414,22.639014638221646,45.625,10.642392700594215,26.62512587105269,18.652903405390603,12 IVORY ROSE PEG PLACE SETTINGS
16.07486072772775,15.0,4.242640687119285,1.2091682606874259,1.9951276301342526,10.609408080300316,24.75,12.145464289565432,13.790831739312575,2.2840289884151748,12 MESSAGE CARDS WITH ENVELOPES
12.304016523762959,12.0,1.2000000000000002,0.342004430691049,0.4275055383638113,6.1520082618814795,15.0,8.42048619975471,11.657995569308952,0.6460209544540074,12 MINI TOADSTOOL PEGS
708.5769502298989,595.0,448.3056992722711,127.76877954597133,82.51733679010648,183.04904547605724,384.27083333333337,118.70445106716964,467.2312204540287,241.3457297758702,12 PENCIL SMALL TUBE WOODLAND
110.94115600166842,107.0,15.556349186104045,4.433616955853894,2.881851021305031,28.84470056043379,69.55,37.82344841826117,102.56638304414611,8.37477295752231,12 PENCILS SMALL TUBE RED RETROSPOT
123.0401652376296,120.0,12.0,3.420044306910489,2.223028799491818,31.990442961783696,78.0,43.786528238724486,116.57995569308952,6.460209544540078,12 PENCILS SMALL TUBE RED SPOTTY
111.27263237137174,93.0,72.12489168102785,20.555860431686245,13.36130928059606,28.930884416556655,60.45,18.157806302847288,72.44413956831376,38.82849280305798,12 PENCILS SMALL TUBE SKULL
32.1497214554555,30.0,8.48528137423857,2.4183365213748518,1.7170189301761447,9.130520893349361,21.299999999999997,10.45246017647449,27.58166347862515,4.5680579768303495,12 PENCILS TALL TUBE POSY
36.449164366366496,30.0,25.45584412271571,7.255009564124555,6.1667581295058715,12.392715884564609,25.5,6.940525985929519,22.744990435875444,13.704173930491052,12 PENCILS TALL TUBE RED RETROSPOT
49.216066095051836,48.0,4.800000000000001,1.368017722764196,1.1628150643495667,16.733462472317626,40.8,22.903722463332805,46.63198227723581,2.5840838178160297,12 PENCILS TALL TUBE RED SPOTTY
20.1497214554555,18.0,8.48528137423857,2.4183365213748518,2.055586043168624,6.85090529485487,15.299999999999999,6.3935086619765045,15.581663478625149,4.5680579768303495,12 PENCILS TALL TUBE SKULLS
144.898328732733,132.0,50.91168824543142,14.510019128249104,12.333516259011738,49.26543176912922,112.2,50.60105197185904,117.4899808717509,27.408347860982104,12 PENCILS TALL TUBE WOODLAND
6.1520082618814795,6.0,0.6000000000000001,0.1710022153455245,0.43605564913108746,6.275048427119109,15.299999999999999,8.588895923749803,5.828997784654476,0.3230104772270037,12 PINK HEN+CHICKS IN BASKET
62.54541732912838,61.0,6.1000000000000005,1.7385225226794987,2.1731531533493733,31.27270866456419,76.25,42.80413818208643,59.261477477320504,3.2839398518078724,12 PINK ROSE PEG PLACE SETTINGS
45.27802927644329,36.5,34.64823227814083,9.874874128947312,12.34359266118414,22.639014638221646,45.625,10.642392700594215,26.62512587105269,18.652903405390603,12 RED ROSE PEG PLACE SETTINGS
8.20267768250864,8.0,0.8,0.22800295379403265,3.63664711301482,52.33308361440511,127.59999999999998,71.63026927258005,7.771997046205968,0.4306806363026716,16 PIECE CUTLERY SET PANTRY DESIGN
12.304016523762959,12.0,1.2000000000000002,0.342004430691049,0.4275055383638113,6.1520082618814795,15.0,8.42048619975471,11.657995569308952,0.6460209544540074,2 PICTURE BOOK EGGS EASTER BUNNY
12.304016523762959,12.0,1.2000000000000002,0.342004430691049,0.4275055383638113,6.1520082618814795,15.0,8.42048619975471,11.657995569308952,0.6460209544540074,2 PICTURE BOOK EGGS EASTER CHICKS
102.25661564197559,89.0,52.32590180780452,14.913075215144916,18.902322835196184,51.844104130481625,112.8075,42.06107303432219,74.08692478485509,28.1696908571205,20 DOLLY PEGS RETROSPOT
24.608033047525918,24.0,2.4000000000000004,0.684008861382098,0.8550110767276226,12.304016523762959,30.0,16.84097239950942,23.315991138617903,1.2920419089080148,200 BENDY SKULL STRAWS
56.1497214554555,54.0,8.48528137423857,2.4183365213748518,3.0229206517185645,28.07486072772775,67.5,36.40221862055368,51.581663478625146,4.568057976830353,200 RED + WHITE BENDY STRAWS
12.304016523762959,12.0,1.2000000000000002,0.342004430691049,3.0609396546848884,44.048379155071395,107.39999999999999,60.29068119024371,11.657995569308952,0.6460209544540074,3 DRAWER ANTIQUE WHITE WOOD CABINET
246.09610037637702,216.0,118.79393923933998,33.856711299247905,65.59737814229281,190.7244777916922,418.5,162.17814406601497,182.1432887007521,63.95281167562493,3 HOOK HANGER MAGIC GARDEN
21.358286909242583,21.0,1.4142135623730951,0.40305608689580863,3.4259767386143736,72.6181754914248,178.5,102.45584776996083,20.59694391310419,0.7613429961383922,3 HOOK PHOTO SHELF ANTIQUE WHITE
115.12291091591625,99.0,63.63961030678928,18.137523910311387,38.08880021165391,96.70324516936967,207.9,73.10795461897644,80.86247608968861,34.26043482622764,3 PIECE SPACEBOY COOKIE CUTTER SET
30.7600413094074,30.0,3.0,0.8550110767276222,0.6754587506148216,9.72017305377274,23.700000000000003,13.304368195612442,29.14498892327238,1.6150523861350194,3 RAFFIA RIBBONS 50'S CHRISTMAS 
25.358286909242583,25.0,1.4142135623730951,0.40305608689580863,0.7859593694468268,19.779463789209217,48.75,28.184576841343958,24.59694391310419,0.7613429961383922,3 STRIPEY MICE FELTCRAFT
1.02533471031358,1.0,0.1,0.02850036922425408,0.4260805199025985,6.131501567675208,14.95,8.392417912422193,0.971499630775746,0.05383507953783395,3 TIER CAKE TIN GREEN AND CREAM
1.02533471031358,1.0,0.1,0.02850036922425408,0.4260805199025985,6.131501567675208,14.95,8.392417912422193,0.971499630775746,0.05383507953783395,3 TIER CAKE TIN RED AND CREAM
1.02533471031358,1.0,0.1,0.02850036922425408,1.0245882736119343,14.744313134309282,35.95,20.18109859207879,0.971499630775746,0.05383507953783395,3 TIER SWEETHEART GARDEN SHELF
24.608033047525918,24.0,2.4000000000000004,0.684008861382098,1.436418608902406,20.670747759921774,50.400000000000006,28.292833631175824,23.315991138617903,1.2920419089080148,3 TRADITIONAl BISCUIT CUTTERS  SET
32.1497214554555,30.0,8.48528137423857,2.4183365213748518,3.506587955993535,18.64683844416419,43.5,21.346573599842277,27.58166347862515,4.5680579768303495,36 DOILIES DOLLY GIRL
24.608033047525918,24.0,2.4000000000000004,0.684008861382098,0.9918128490040421,14.272659167565031,34.8,19.535527983430924,23.315991138617903,1.2920419089080148,36 DOILIES SPACEBOY DESIGN 
49.216066095051836,48.0,4.800000000000001,1.368017722764196,1.9836256980080842,28.545318335130062,69.6,39.07105596686185,46.63198227723581,2.5840838178160297,36 DOILIES VINTAGE CHRISTMAS
30.4491643663665,24.0,25.45584412271571,7.255009564124555,15.235520084661568,25.57729806774786,50.400000000000006,9.587181847590577,16.744990435875444,13.704173930491056,36 FOIL HEART CAKE CASES
12.304016523762959,12.0,1.2000000000000002,0.342004430691049,0.718209304451203,10.335373879960887,25.200000000000003,14.146416815587912,11.657995569308952,0.6460209544540074,36 FOIL STAR CAKE CASES 
192.598885821822,184.0,33.94112549695428,9.673346085499407,11.632198667813038,92.6400640802964,221.26000000000002,116.98773725189056,174.32665391450058,18.272231907321412,36 PENCILS TUBE RED RETROSPOT
282.9923800465481,276.0,27.6,7.866101905894118,9.832627382367647,141.49619002327404,345.0,193.6711825943583,268.13389809410586,14.858481952442219,36 PENCILS TUBE RED SPOTTY
134.93036219152532,112.0,90.50966799187809,25.795589561331752,31.019196447501436,64.90150421412369,134.68,38.75929933837488,86.20441043866825,48.72595175285707,36 PENCILS TUBE SKULLS
214.33147636970332,200.0,56.568542494923804,16.122243475832345,20.152804344790432,107.16573818485166,250.0,122.68145747035791,183.87775652416767,30.45371984553566,36 PENCILS TUBE WOODLAND
36.912049571288875,36.0,3.6,1.0260132920731475,1.2825166150914344,18.456024785644438,45.0,25.261458599264127,34.973986707926855,1.9380628633620205,3D CHRISTMAS STAMPS STICKERS 
12.304016523762959,12.0,1.2000000000000002,0.342004430691049,1.0089130705385947,14.518739498040294,35.400000000000006,19.87234743142112,11.657995569308952,0.6460209544540074,3D HEARTS  HONEYCOMB PAPER GARLAND
41.0133884125432,40.0,4.0,1.1400147689701619,1.4250184612127024,20.5066942062716,50.0,28.0682873325157,38.85998523102984,2.1534031815133616,3D STICKERS CHRISTMAS STAMPS
41.0133884125432,40.0,4.0,1.1400147689701619,1.4250184612127024,20.5066942062716,50.0,28.0682873325157,38.85998523102984,2.1534031815133616,3D STICKERS TRADITIONAL CHRISTMAS 
84.22458218318324,81.0,12.727922061357855,3.627504782062279,4.5343809775778485,42.11229109159162,101.25,54.60332793083053,77.37249521793773,6.852086965245519,3D TRADITIONAL CHRISTMAS STICKERS
36.912049571288875,36.0,3.6,1.0260132920731475,1.2825166150914344,18.456024785644438,45.0,25.261458599264127,34.973986707926855,1.9380628633620205,3D VINTAGE CHRISTMAS STICKERS 
12.304016523762959,12.0,1.2000000000000002,0.342004430691049,0.4275055383638113,6.1520082618814795,15.0,8.42048619975471,11.657995569308952,0.6460209544540074,4 GOLD FLOCK CHRISTMAS BALLS
20.1497214554555,18.0,8.48528137423857,2.4183365213748518,6.045841303437129,20.1497214554555,45.0,18.804437241107372,15.581663478625149,4.5680579768303495,4 LAVENDER BOTANICAL DINNER CANDLES
98.94115600166842,95.0,15.556349186104045,4.433616955853894,5.941046720844216,53.032459616894265,127.29999999999998,68.3264936622615,90.56638304414611,8.37477295752231,4 TRADITIONAL SPINNING TOPS
6.1520082618814795,6.0,0.6000000000000001,0.1710022153455245,0.6412583075457169,9.228012392822219,22.5,12.630729299632064,5.828997784654476,0.3230104772270037,4 VANILLA BOTANICAL CANDLES
6.1520082618814795,6.0,0.6000000000000001,0.1710022153455245,0.6412583075457169,9.228012392822219,22.5,12.630729299632064,5.828997784654476,0.3230104772270037,4 WILDFLOWER BOTANICAL CANDLES
136.36350982849567,112.0,96.16652224137046,27.407813908914985,45.22289294970972,89.99991648680712,184.79999999999995,49.577190563483114,84.59218609108501,51.771323737410654,5 HOOK HANGER MAGIC TOADSTOOL
302.37430363863876,297.0,21.213203435596427,6.045841303437123,9.935332541981671,198.76070892513187,488.06999999999994,279.3739585328864,290.9541586965629,11.420144942075865,5 HOOK HANGER RED MAGIC TOADSTOOL
41.0133884125432,40.0,4.0,1.1400147689701619,0.9348121105555327,13.45239139931417,32.8,18.412796490130294,38.85998523102984,2.1534031815133616,50'S CHRISTMAS PAPER GIFT BAG
6.1520082618814795,6.0,0.6000000000000001,0.1710022153455245,0.3591046522256015,5.1676869399804435,12.600000000000001,7.073208407793956,5.828997784654476,0.3230104772270037,6 CHOCOLATE LOVE HEART T-LIGHTS
59.35828690924259,59.0,1.4142135623730951,0.40305608689580724,0.4961620429687387,29.22802047411105,72.629,42.904817482920215,58.59694391310419,0.7613429961383957,6 CROCHET STRAWBERRIES
2.05066942062716,2.0,0.2,0.05700073844850816,0.4531558706656399,6.521128757594369,15.9,8.925715371739992,1.942999261551492,0.1076701590756679,6 EGG HOUSE PAINTED WOOD
110.73614871386664,108.0,10.8,3.078039876219438,2.5547730972621334,36.76440137300373,89.64,50.32082552973414,104.92196012378056,5.814188590086076,6 GIFT TAGS 50'S CHRISTMAS 
123.0401652376296,120.0,12.0,3.420044306910489,2.8386367747357055,40.84933485889303,99.6,55.91202836637126,116.57995569308952,6.460209544540078,6 GIFT TAGS VINTAGE CHRISTMAS 
28.299442910910997,24.0,16.97056274847714,4.8366730427497036,7.980510520537011,18.67763232120126,39.599999999999994,12.941857158261726,19.163326957250298,9.136115953660699,6 RIBBONS ELEGANT CHRISTMAS 
23.51048043665278,20.0,13.856406460551018,3.949127002470434,6.5160595540762145,15.516917088190834,32.99999999999999,10.967023357732945,16.050872997529567,7.459607439123214,6 RIBBONS EMPIRE  
550.47214956139,453.0,384.73757289872276,109.65162882056963,185.03712363471124,371.5687009539383,764.4375,207.8316754113505,343.3483711794304,207.1237783819596,6 RIBBONS RUSTIC CHARM
36.91204957128888,36.0,3.6,1.0260132920731446,1.0619237572957045,15.281588522513596,37.26,20.9164877201907,34.973986707926855,1.9380628633620276,6 RIBBONS SHIMMERING PINKS 
24.608033047525918,24.0,2.4000000000000004,0.684008861382098,0.44460575989836376,6.398088592356739,15.600000000000001,8.757305647744898,23.315991138617903,1.2920419089080148,6 ROCKET BALLOONS 
2.05066942062716,2.0,0.2,0.05700073844850816,0.4531558706656399,6.521128757594369,15.9,8.925715371739992,1.942999261551492,0.1076701590756679,6 SEGMENT COLOURED SNACK BOWL 
102.79143454621291,101.0,7.0710678118654755,2.015280434479045,1.1084042389634747,22.614115600166844,55.550000000000004,31.827480160869683,98.98471956552096,3.8067149806919502,60 CAKE CASES DOLLY GIRL DESIGN
147.6481982851555,144.0,14.4,4.10405316829259,2.257229242560925,32.48260362273422,79.2,44.46016713470486,139.89594683170742,7.752251453448082,60 CAKE CASES VINTAGE CHRISTMAS
223.18697783350092,187.0,142.8355697996826,40.70866477647666,22.389765627062165,49.101135123370206,102.85000000000001,31.359099249567638,146.29133522352333,76.89564260997759,60 TEATIME FAIRY CAKE CASES
24.608033047525918,24.0,2.4000000000000004,0.684008861382098,0.37620487376015393,5.413767270455702,13.200000000000001,7.410027855784145,23.315991138617903,1.2920419089080148,72 CAKE CASES DOLLY GIRL DESIGN
49.216066095051836,48.0,4.800000000000001,1.368017722764196,0.7524097475203079,10.827534540911405,26.400000000000002,14.82005571156829,46.63198227723581,2.5840838178160297,72 CAKE CASES VINTAGE CHRISTMAS
153.497214554555,132.0,84.8528137423857,24.18336521374852,13.300850867561687,33.76938720200211,72.60000000000001,25.529761930436216,107.81663478625148,45.68057976830352,72 SWEETHEART FAIRY CAKE CASES
24.608033047525918,24.0,2.4000000000000004,0.684008861382098,0.37620487376015393,5.413767270455702,13.200000000000001,7.410027855784145,23.315991138617903,1.2920419089080148,75 GREEN FAIRY CAKE CASES
16.40535536501728,16.0,1.6,0.4560059075880653,1.0260132920731468,14.76481982851555,36.0,20.209166879411306,15.543994092411936,0.8613612726053432,ABC TREASURE BOOK BOX 
159.95221480891848,156.0,15.600000000000001,4.446057598983631,10.337083917636944,148.75555977229422,362.70000000000005,203.6073563100689,151.55394240101637,8.398272407902112,ABSTRACT CIRCLE JOURNAL 
282.9923800465481,276.0,27.6,7.866101905894118,5.860245919891118,84.33172925387133,205.62,115.42802482623756,268.13389809410586,14.858481952442219,ABSTRACT CIRCLES POCKET BOOK
32.81071073003456,32.0,3.2,0.9120118151761306,2.6904348547695855,38.71663866144078,94.4,52.99292648378964,31.08798818482387,1.7227225452106865,ABSTRACT CIRCLES SKETCHBOOK 
1.02533471031358,1.0,0.1,0.02850036922425408,0.5400819967996149,7.772037104176936,18.95,10.63788089902345,0.971499630775746,0.05383507953783395,ACRYLIC GEOMETRIC LAMP
12.304016523762959,12.0,1.2000000000000002,0.342004430691049,0.12996168366259864,1.87021051161197,4.5600000000000005,2.559827804725432,11.657995569308952,0.6460209544540074,"ACRYLIC HANGING JEWEL,PINK"
12.304016523762959,12.0,1.2000000000000002,0.342004430691049,1.6929219319206927,24.361952717050663,59.400000000000006,33.34512535102865,11.657995569308952,0.6460209544540074,ADULT APRON APPLE DELIGHT
73.12291091591625,57.0,63.63961030678928,18.137523910311387,107.01139107083719,172.57006976156237,336.3,56.718539167600454,38.86247608968861,34.26043482622764,ADVENT CALENDAR GINGHAM SACK
10.2533471031358,10.0,1.0,0.28500369224254046,0.9832627382367647,14.149619002327405,34.5,19.36711825943583,9.71499630775746,0.5383507953783404,AFGHAN SLIPPER SOCK PAIR
14.470578000834207,12.5,7.7781745930520225,2.2168084779269472,11.41656366132378,29.80939068171847,64.375,23.149045656957753,10.283191522073054,4.187386478761153,AIRLINE BAG VINTAGE JET SET BROWN
18.866295273940665,16.0,11.313708498984761,3.224448695166469,15.033992041213661,35.18564068589934,74.6,24.380367272886996,12.775551304833531,6.090743969107134,AIRLINE BAG VINTAGE JET SET RED
6.716573818485166,6.0,2.8284271247461903,0.8061121737916173,3.8491856298549725,12.828655993306668,28.650000000000002,11.972158376838362,5.193887826208383,1.5226859922767835,AIRLINE BAG VINTAGE JET SET WHITE
12.791434546212916,11.0,7.0710678118654755,2.015280434479043,10.227548204981144,25.966612128812223,55.825,19.630839666206636,8.984719565520956,3.806714980691959,AIRLINE BAG VINTAGE TOKYO 78
3.0760041309407398,3.0,0.30000000000000004,0.08550110767276226,0.3633797076092396,5.229207022599258,12.75,7.157413269791502,2.914498892327238,0.16150523861350186,AIRLINE BAG VINTAGE WORLD CHAMPION 
37.508008364698085,35.0,9.899494936611665,2.821392608270659,10.580222281014972,56.26201254704713,131.25,64.4077651719379,32.178607391729344,5.329400972968742,ALARM CLOCK BAKELIKE CHOCOLATE
80.0694638226562,69.5,41.71930009000631,11.890154563426357,44.58807961284884,120.10419573398431,260.625,95.93272465316684,57.60984543657364,22.45961838608256,ALARM CLOCK BAKELIKE GREEN
57.43314763697033,56.0,5.656854249492381,1.6122243475832345,6.045841303437129,86.1497214554555,210.0,117.80443724110737,54.387775652416764,3.0453719845535687,ALARM CLOCK BAKELIKE IVORY
46.10689418652008,35.0,43.840620433565945,12.494738693770067,46.85527010163775,69.16034127978011,131.25,15.234388618582138,22.505261306229933,23.601632880290147,ALARM CLOCK BAKELIKE ORANGE
180.36350982849567,156.0,96.16652224137046,27.407813908914985,102.7793021584312,270.5452647427435,585.0,211.67543309882532,128.592186091085,51.771323737410654,ALARM CLOCK BAKELIKE PINK
107.76462400667366,92.0,62.22539674441618,17.734467823415578,66.50425433780842,161.64693601001048,345.0,116.8488096521811,74.26553217658443,33.49909183008923,ALARM CLOCK BAKELIKE RED 
20.1497214554555,18.0,8.48528137423857,2.4183365213748518,2.055586043168624,6.85090529485487,15.299999999999999,6.3935086619765045,15.581663478625149,4.5680579768303495,ALPHABET HEARTS STICKER SHEET
52.94115600166842,49.0,15.556349186104045,4.433616955853894,5.542021194817367,26.47057800083421,61.25,29.237400804348425,44.56638304414611,8.37477295752231,ALPHABET STENCIL CRAFT
24.608033047525918,24.0,2.4000000000000004,0.684008861382098,0.44460575989836376,6.398088592356739,15.600000000000001,8.757305647744898,23.315991138617903,1.2920419089080148,ANGEL DECORATION PAINTED ZINC 
98.43213219010367,96.0,9.600000000000001,2.736035445528392,0.5745674435609623,8.268299103968708,20.16,11.31713345247033,93.26396455447161,5.168167635632059,ANIMAL STICKERS
6.1520082618814795,6.0,0.6000000000000001,0.1710022153455245,0.8464609659603464,12.180976358525331,29.700000000000003,16.672562675514325,5.828997784654476,0.3230104772270037,ANT COPPER LIME BOUDICCA BRACELET
6.1520082618814795,6.0,0.6000000000000001,0.1710022153455245,0.8464609659603464,12.180976358525331,29.700000000000003,16.672562675514325,5.828997784654476,0.3230104772270037,ANT COPPER PINK BOUDICCA BRACELET
9.228012392822219,9.0,0.9,0.2565033230182869,1.26969144894052,18.271464537787995,44.550000000000004,25.00884401327149,8.743496676981714,0.4845157158405051,ANT COPPER TURQ BOUDICCA BRACELET
1.02533471031358,1.0,0.1,0.02850036922425408,0.36337970760923954,5.229207022599258,12.75,7.157413269791502,0.971499630775746,0.05383507953783395,ANTIQUE CREAM CUTLERY CUPBOARD
2.05066942062716,2.0,0.2,0.05700073844850816,0.4845062768123194,6.9722760301323445,17.0,9.543217693055336,1.942999261551492,0.1076701590756679,ANTIQUE CREAM CUTLERY SHELF 
13.433147636970332,12.0,5.656854249492381,1.6122243475832345,4.7560618253705425,15.851114211624994,35.400000000000006,14.792823963004468,10.387775652416765,3.045371984553567,ANTIQUE GLASS DRESSING TABLE POT
9.433147636970332,8.0,5.656854249492381,1.6122243475832345,6.045841303437129,14.149721455455499,30.0,9.804437241107372,6.3877756524167655,3.045371984553567,ANTIQUE GLASS PEDESTAL BOWL
73.82409914257775,72.0,7.2,2.052026584146295,2.565033230182869,36.912049571288875,90.0,50.522917198528255,69.94797341585371,3.876125726724041,ANTIQUE SILVER T-LIGHT GLASS
24.608033047525918,24.0,2.4000000000000004,0.684008861382098,0.8550110767276226,12.304016523762959,30.0,16.84097239950942,23.315991138617903,1.2920419089080148,ANTIQUE SILVER TEA GLASS ENGRAVED
48.449164366366496,42.0,25.45584412271571,7.255009564124555,9.068761955155693,24.224582183183248,52.5,19.20665586166106,34.744990435875444,13.704173930491052,ANTIQUE SILVER TEA GLASS ETCHED
1.02533471031358,1.0,0.1,0.02850036922425408,0.35625461530317604,5.126673551567899,12.5,7.017071833128925,0.971499630775746,0.05383507953783395,APOTHECARY MEASURING JAR
30.37430363863875,25.0,21.213203435596427,6.04584130343713,7.557301629296412,15.187151819319375,31.25,8.505546551384214,18.95415869656287,11.42014494207588,APPLE BATH SPONGE
52.82346800500526,41.0,46.66904755831214,13.30085086756168,65.17416925105223,103.53399728981032,200.9,32.191833459137456,27.699149132438322,25.12431887256694,APRON APPLE DELIGHT
3.0760041309407398,3.0,0.30000000000000004,0.08550110767276226,0.17955232611280075,2.5838434699902217,6.300000000000001,3.536604203896978,2.914498892327238,0.16150523861350186,AREA PATROLLED METAL SIGN
61.5200826188148,60.0,6.0,1.7100221534552444,0.7182093044512027,10.335373879960887,25.2,14.14641681558791,58.28997784654476,3.230104772270039,ASS FLORAL PRINT MULTI SCREWDRIVER
73.82409914257775,72.0,7.2,2.052026584146295,0.8618511653414439,12.402448655953062,30.24,16.97570017870549,69.94797341585371,3.876125726724041,ASSORTED BOTTLE TOP  MAGNETS 
24.608033047525918,24.0,2.4000000000000004,0.684008861382098,0.44460575989836376,6.398088592356739,15.600000000000001,8.757305647744898,23.315991138617903,1.2920419089080148,ASSORTED CAKES FRIDGE MAGNETS
12.304016523762959,12.0,1.2000000000000002,0.342004430691049,0.22230287994918188,3.1990442961783696,7.800000000000001,4.378652823872449,11.657995569308952,0.6460209544540074,ASSORTED CHEESE FRIDGE MAGNETS
177.197771643644,160.0,67.88225099390856,19.346692170998814,32.695909768987995,119.78569363110334,270.4,117.91839659990862,140.6533078290012,36.544463814642796,ASSORTED COLOUR BIRD ORNAMENT
40.299442910911,36.0,16.97056274847714,4.8366730427497036,2.0314026779548753,6.770306409033048,15.12,6.318290913012075,31.163326957250298,9.136115953660699,ASSORTED COLOUR LIZARD SUCTION HOOK
78.10689418652008,67.0,43.840620433565945,12.494738693770067,95.33485623346562,238.38224105725928,511.21,177.4929027092751,54.50526130622993,23.601632880290147,ASSORTED COLOUR MINI CASES
6.1520082618814795,6.0,0.6000000000000001,0.1710022153455245,0.7267594152184792,10.458414045198516,25.5,14.314826539583004,5.828997784654476,0.3230104772270037,ASSORTED COLOUR SET 6 TEASPOONS
12.304016523762959,12.0,1.2000000000000002,0.342004430691049,0.4275055383638113,6.1520082618814795,15.0,8.42048619975471,11.657995569308952,0.6460209544540074,ASSORTED COLOUR SILK COIN PURSE
12.304016523762959,12.0,1.2000000000000002,0.342004430691049,0.22230287994918188,3.1990442961783696,7.800000000000001,4.378652823872449,11.657995569308952,0.6460209544540074,ASSORTED COLOUR T-LIGHT HOLDER
1090.8447076536545,1050.0,161.22034611053283,45.94839390612218,33.8997039485168,321.9203937253451,774.6666666666665,418.84656899280463,1004.0516060938778,86.79310155977669,ASSORTED COLOURS SILK FAN
49.216066095051836,48.0,4.800000000000001,1.368017722764196,0.5745674435609623,8.268299103968708,20.16,11.31713345247033,46.63198227723581,2.5840838178160297,ASSORTED CREEPY CRAWLIES
18.456024785644438,18.0,1.8,0.5130066460365738,0.6412583075457172,9.228012392822219,22.5,12.630729299632064,17.486993353963427,0.9690314316810102,ASSORTED EASTER DECORATIONS  BELLS
48.449164366366496,42.0,25.45584412271571,7.255009564124555,6.1667581295058715,16.47271588456461,35.699999999999996,13.060525985929512,34.744990435875444,13.704173930491052,ASSORTED EASTER GIFT TAGS
40.299442910911,36.0,16.97056274847714,4.8366730427497036,3.1438374777873075,10.47785515683686,23.400000000000002,9.778307365375834,31.163326957250298,9.136115953660699,"ASSORTED FLOWER COLOUR ""LEIS"""
49.216066095051836,48.0,4.800000000000001,1.368017722764196,0.8892115197967275,12.796177184713478,31.200000000000003,17.514611295489797,46.63198227723581,2.5840838178160297,ASSORTED ICE CREAM FRIDGE MAGNETS
40.299442910911,36.0,16.97056274847714,4.8366730427497036,2.0314026779548753,6.770306409033048,15.12,6.318290913012075,31.163326957250298,9.136115953660699,ASSORTED MONKEY SUCTION CUP HOOK
332.2084461415999,324.0,32.4,9.234119628658322,10.665408171100362,153.48030211741917,374.22,210.0742897114805,314.76588037134167,17.442565770258227,ASSORTED SANSKRIT MINI NOTEBOOK
24.608033047525918,24.0,2.4000000000000004,0.684008861382098,0.5814075321747834,8.366731236158813,20.4,11.451861231666403,23.315991138617903,1.2920419089080148,ASSORTED TUTTI FRUTTI  FOB NOTEBOOK
24.608033047525918,24.0,2.4000000000000004,0.684008861382098,0.12996168366259864,1.87021051161197,4.5600000000000005,2.559827804725432,23.315991138617903,1.2920419089080148,ASSORTED TUTTI FRUTTI BRACELET
24.608033047525918,24.0,2.4000000000000004,0.684008861382098,0.1983625698008084,2.8545318335130063,6.959999999999999,3.907105596686185,23.315991138617903,1.2920419089080148,ASSORTED TUTTI FRUTTI PEN
12.304016523762959,12.0,1.2000000000000002,0.342004430691049,0.5643073106402309,8.120650905683553,19.799999999999997,11.115041783676213,11.657995569308952,0.6460209544540074,ASSORTED TUTTI FRUTTI ROUND BOX
73.82409914257775,72.0,7.2,2.052026584146295,2.565033230182869,36.912049571288875,90.0,50.522917198528255,69.94797341585371,3.876125726724041,ASSORTED TUTTI FRUTTI SMALL PURSE
61.5200826188148,60.0,6.0,1.7100221534552444,0.9063117413312796,13.042257515188739,31.8,17.85143074347998,58.28997784654476,3.230104772270039,ASSTD DESIGN 3D PAPER STICKERS
30.7600413094074,30.0,3.0,0.8550110767276222,0.17955232611280067,2.5838434699902217,6.3,3.5366042038969776,29.14498892327238,1.6150523861350194,ASSTD DESIGN BUBBLE GUM RING
246.0803304752592,240.0,24.0,6.840088613820978,5.814075321747831,83.66731236158813,204.0,114.51861231666403,233.15991138617903,12.920419089080156,ASSTD DESIGN POP ART SLIM PEN
26.866295273940665,24.0,11.313708498984761,3.224448695166469,5.449318294831333,18.16161560518389,40.56,16.94906609998478,20.77555130483353,6.090743969107134,ASSTD DESIGN RACING CAR PEN
40.299442910911,36.0,16.97056274847714,4.8366730427497036,1.7895690258173902,5.964317550814827,13.32,5.566113423367783,31.163326957250298,9.136115953660699,ASSTD FRUIT+FLOWERS FRIDGE MAGNETS
2.05066942062716,2.0,0.2,0.05700073844850816,2.5408079163422514,36.56343576978227,89.15,50.045756313875486,1.942999261551492,0.1076701590756679,Adjustment by john on 26/01/2010 16
1.02533471031358,1.0,0.1,0.02850036922425408,1.1710801714246004,16.852401298714003,41.09,23.0665185298614,0.971499630775746,0.05383507953783395,Adjustment by john on 26/01/2010 17
14.22458218318325,11.0,12.727922061357855,3.6275047820622777,24.485657278920375,38.40637189459478,74.25,11.357970826484848,7.372495217937722,6.852086965245528,BABUSHKA LIGHTS STRING OF 10
138.8913748451513,102.0,145.61593319413916,41.5010786096728,51.876348262091,69.44568742257565,127.5,6.177964315333355,60.4989213903272,78.39245345482409,BABY BOOM RIBBONS 
32.1497214554555,30.0,8.48528137423857,2.4183365213748518,1.0157013389774376,5.4011532045165245,12.6,6.183145456506038,27.58166347862515,4.5680579768303495,BAG 125g SWIRLY MARBLES
12.304016523762959,12.0,1.2000000000000002,0.342004430691049,0.2907037660873917,4.1833656180794065,10.2,5.725930615833201,11.657995569308952,0.6460209544540074,BAG 250g SWIRLY MARBLES
20.1497214554555,18.0,8.48528137423857,2.4183365213748518,3.9902552602685053,13.29881616060063,29.7,12.410928579130864,15.581663478625149,4.5680579768303495,BAG 500g SWIRLY MARBLES
32.37430363863875,27.0,21.213203435596427,6.04584130343713,15.41689532376468,33.02178971141153,68.85,20.411314964823788,20.95415869656287,11.42014494207588,BAKING MOULD CHOCOLATE CUPCAKES
36.449164366366496,30.0,25.45584412271571,7.255009564124555,19.951276301342528,40.09408080300315,82.5,22.45464289565432,22.744990435875444,13.704173930491052,BAKING MOULD EASTER EGG WHITE CHOC
12.304016523762959,12.0,1.2000000000000002,0.342004430691049,0.8721112982621749,12.550096854238218,30.599999999999998,17.177791847499606,11.657995569308952,0.6460209544540074,BAKING MOULD HEART MILK CHOCOLATE
7.17734297219506,7.0,0.7000000000000001,0.19950258456977843,0.5087315906529349,7.3208898316389615,17.849999999999998,10.020378577708101,6.800497415430222,0.3768455567648381,BAKING MOULD HEART WHITE CHOCOLATE
79.97610740445924,78.0,7.800000000000001,2.2230287994918156,6.6690863984754465,95.9713288853511,234.0,131.35958471617343,75.77697120050819,4.199136203951056,BAKING MOULD ROSE MILK CHOCOLATE
6.1520082618814795,6.0,0.6000000000000001,0.1710022153455245,0.5557571998729547,7.997610740445924,19.5,10.94663205968112,5.828997784654476,0.3230104772270037,BAKING MOULD ROSE WHITE CHOCOLATE
104.58414045198516,102.0,10.200000000000001,2.907037660873912,6.758862561531846,97.26325062034621,237.15,133.12788681812194,99.09296233912609,5.491178112859075,BAKING MOULD TOFFEE CUP CHOCOLATE
49.39985548871356,42.666666666666664,26.57693235370353,7.574523849285741,37.49389305396442,97.81171386765287,211.2,75.8943930783827,35.092142817380925,14.307712671332638,BAKING SET 9 PIECE RETROSPOT 
30.754004182349043,29.5,4.949747468305833,1.4106963041353295,6.982946705469882,60.89292828105111,146.025,78.14912501347901,28.089303695864672,2.664700486484371,BAKING SET SPACEBOY DESIGN
10.2533471031358,10.0,1.0,0.28500369224254046,0.5557571998729539,7.997610740445924,19.5,10.946632059681122,9.71499630775746,0.5383507953783404,BALLOON ART MAKE YOUR OWN FLOWERS
32.81071073003456,32.0,3.2,0.9120118151761306,1.7784230395934546,25.592354369426957,62.4,35.029222590979586,31.08798818482387,1.7227225452106865,BALLOON PUMP WITH 10 BALLOONS
33.58286909242583,30.0,14.142135623730951,4.030560868958086,1.6928355649623963,5.64192200752754,12.6,5.2652424275100635,25.969439131041913,7.613429961383918,BALLOON WATER BOMB PACK OF 35
32.1497214554555,30.0,8.48528137423857,2.4183365213748518,3.9902552602685053,21.218816160600632,49.5,24.290928579130863,27.58166347862515,4.5680579768303495,BALLOONS  WRITING SET 
12.304016523762959,12.0,1.2000000000000002,0.342004430691049,0.14364186089024059,2.067074775992177,5.04,2.8292833631175824,11.657995569308952,0.6460209544540074,BANQUET BIRTHDAY  CARD  
76.299442910911,72.0,16.97056274847714,4.8366730427497036,6.045841303437129,38.1497214554555,90.0,45.80443724110737,67.16332695725029,9.136115953660706,BASKET OF TOADSTOOLS
3.0760041309407398,3.0,0.30000000000000004,0.08550110767276226,0.5087315906529354,7.3208898316389615,17.85,10.020378577708104,2.914498892327238,0.16150523861350186,BATH BUILDING BLOCK WORD
6.1520082618814795,6.0,0.6000000000000001,0.1710022153455245,0.5044565352692973,7.259369749020147,17.700000000000003,9.93617371571056,5.828997784654476,0.3230104772270037,BATH DUCK WATERING CAN
44.1497214554555,42.0,8.48528137423857,2.4183365213748518,1.3300850867561687,9.712938720200212,23.1,12.05697619304362,39.581663478625146,4.568057976830353,BATHROOM METAL SIGN
6.1520082618814795,6.0,0.6000000000000001,0.1710022153455245,0.5044565352692973,7.259369749020147,17.700000000000003,9.93617371571056,5.828997784654476,0.3230104772270037,BATHROOM SET LOVE HEART DESIGN
12.304016523762959,12.0,1.2000000000000002,0.342004430691049,1.2825166150914338,18.456024785644438,45.0,25.261458599264127,11.657995569308952,0.6460209544540074,BEACH HUT KEY CABINET
12.304016523762959,12.0,1.2000000000000002,0.342004430691049,1.8639241472662171,26.822756021803254,65.4,36.71331983093053,11.657995569308952,0.6460209544540074,BEACH HUT SHELF W 3 DRAWERS
12.304016523762959,12.0,1.2000000000000002,0.342004430691049,1.6929219319206927,24.361952717050663,59.400000000000006,33.34512535102865,11.657995569308952,0.6460209544540074,BEADED CHANDELIER T-LIGHT HOLDER
24.608033047525918,24.0,2.4000000000000004,0.684008861382098,0.5403670004918575,7.7761384430181915,18.96,10.643494556489953,23.315991138617903,1.2920419089080148,BEADED CRYSTAL HEART GREEN LARGE
49.216066095051836,48.0,4.800000000000001,1.368017722764196,1.1628150643495667,16.733462472317626,40.8,22.903722463332805,46.63198227723581,2.5840838178160297,BEADED LOVE HEART JEWELLERY SET
53.31740493630616,52.0,5.2,1.4820191996612104,5.557571998729539,79.97610740445924,195.0,109.46632059681122,50.51798080033879,2.799424135967371,BELLE JARDINIERE CUSHION COVER
2.05066942062716,2.0,0.2,0.05700073844850816,0.3847549845274301,5.536807435693332,13.5,7.578437579779238,1.942999261551492,0.1076701590756679,BEWARE OF THE CAT DOORMAT
80.598885821822,72.0,33.94112549695428,9.673346085499407,16.11579457844201,53.711097511662174,119.952,50.12510790989582,62.326653914500596,18.272231907321398,BEWARE OF THE CAT METAL SIGN 
12.304016523762959,12.0,1.2000000000000002,0.342004430691049,0.711369215837382,10.236941747770782,24.96,14.011689036391838,11.657995569308952,0.6460209544540074,BICYCLE PUNCTURE REPAIR KIT 
415.88505840544906,332.0,331.107233385198,94.36678404299407,80.21176643654496,141.4009198578527,282.2,60.58731370560233,237.63321595700592,178.25184244844314,BIG DOUGHNUT FRIDGE MAGNETS
24.608033047525918,24.0,2.4000000000000004,0.684008861382098,0.684008861382098,9.843213219010368,24.0,13.472777919607534,23.315991138617903,1.2920419089080148,BILI NUT AND WOOD NECKLACE
86.12811566634072,84.0,8.4,2.3940310148373407,2.0349263626117398,29.283559326555846,71.39999999999999,40.081514310832404,81.60596898516266,4.522146681178057,BIRD DECORATION GREEN  SPOT
24.608033047525918,24.0,2.4000000000000004,0.684008861382098,0.5814075321747834,8.366731236158813,20.4,11.451861231666403,23.315991138617903,1.2920419089080148,BIRD DECORATION GREEN POLKADOT
36.912049571288875,36.0,3.6,1.0260132920731475,0.8721112982621754,12.550096854238218,30.599999999999998,17.177791847499606,34.973986707926855,1.9380628633620205,BIRD DECORATION RED RETROSPOT
32.1497214554555,30.0,8.48528137423857,2.4183365213748518,2.055586043168624,10.93090529485487,25.5,12.513508661976505,27.58166347862515,4.5680579768303495,BIRD DECORATION RED SPOT
11.433147636970332,10.0,5.656854249492381,1.6122243475832345,4.111172086337247,11.66181058970974,25.5,9.727017323953014,8.387775652416765,3.045371984553567,BIRD HOUSE HOT WATER BOTTLE
10.07486072772775,9.0,4.242640687119285,1.2091682606874259,1.5114603258592822,5.037430363863875,11.25,4.701109310276843,7.7908317393125746,2.2840289884151748,BIRDCAGE DECORATION TEALIGHT HOLDER
12.304016523762959,12.0,1.2000000000000002,0.342004430691049,0.4275055383638113,6.1520082618814795,15.0,8.42048619975471,11.657995569308952,0.6460209544540074,BIRDHOUSE DECORATION MAGIC GARDEN
61.5200826188148,60.0,6.0,1.7100221534552444,2.1375276918190558,30.7600413094074,75.0,42.10243099877354,58.28997784654476,3.230104772270039,BIRDHOUSE GARDEN MARKER 
31.07486072772775,30.0,4.242640687119285,1.2091682606874259,7.1945511510901845,73.95816853199206,178.5,97.34728031691776,28.790831739312573,2.2840289884151765,BIRDS MOBILE VINTAGE DESIGN
25.633367757839498,25.0,2.5,0.7125092306063521,0.29925387685466787,4.306405783317036,10.5,5.894340339828296,24.28749076939365,1.3458769884458484,BIRTHDAY BANQUET GIFT WRAP
56.598885821821995,48.0,33.94112549695428,9.673346085499407,4.062805355909751,9.508612818066096,20.16,6.5885818260241535,38.326653914500596,18.272231907321398,"BIRTHDAY CARD, RETRO SPOT"
12.304016523762959,12.0,1.2000000000000002,0.342004430691049,0.4275055383638113,6.1520082618814795,15.0,8.42048619975471,11.657995569308952,0.6460209544540074,BIRTHDAY PARTY CORDON BARRIER TAPE
104.58414045198516,102.0,10.200000000000001,2.907037660873912,8.401338839925605,120.89926636249487,294.78000000000003,165.47939479757954,99.09296233912609,5.491178112859075,BISCUIT TIN 50'S CHRISTMAS
55.36807435693332,54.0,5.4,1.539019938109719,4.293865627326116,61.79077098233759,150.66,84.57536339033629,52.46098006189028,2.907094295043038,BISCUIT TIN VINTAGE CHRISTMAS
4.10133884125432,4.0,0.4,0.11400147689701633,0.7695099690548602,11.073614871386663,27.0,15.156875159558476,3.885998523102984,0.2153403181513358,BISCUIT TIN VINTAGE GREEN
6.1520082618814795,6.0,0.6000000000000001,0.1710022153455245,1.1542649535822904,16.610422307079997,40.5,22.73531273933771,5.828997784654476,0.3230104772270037,BISCUIT TIN VINTAGE RED
6.1520082618814795,6.0,0.6000000000000001,0.1710022153455245,0.3591046522256015,5.1676869399804435,12.600000000000001,7.073208407793956,5.828997784654476,0.3230104772270037,BLACK AND WHITE CAT BOWL
6.1520082618814795,6.0,0.6000000000000001,0.1710022153455245,0.5044565352692973,7.259369749020147,17.700000000000003,9.93617371571056,5.828997784654476,0.3230104772270037,BLACK AND WHITE DOG BOWL
6.1520082618814795,6.0,0.6000000000000001,0.1710022153455245,2.1802782456554377,31.37524213559555,76.5,42.944479618749014,5.828997784654476,0.3230104772270037,BLACK BAROQUE CUCKOO CLOCK
21.657729820153584,17.0,18.384776310850235,5.239729129645511,34.29402715352987,56.69993666916209,111.265,20.27103617730804,11.76027087035449,9.897458949799095,BLACK CHRISTMAS TREE 120CM
14.149721455455499,12.0,8.48528137423857,2.4183365213748518,7.134092738055813,16.69667131743749,35.400000000000006,11.569235944506701,9.581663478625149,4.5680579768303495,BLACK CHRISTMAS TREE 60CM
12.304016523762959,12.0,1.2000000000000002,0.342004430691049,2.6163338947865253,37.65029056271466,91.80000000000001,51.533375542498824,11.657995569308952,0.6460209544540074,BLACK DINER WALL CLOCK
18.456024785644438,18.0,1.8,0.5130066460365738,1.5133696058078927,21.77810924706044,53.1,29.80852114713167,17.486993353963427,0.9690314316810102,BLACK ENAMEL FLOWER RING
31.754004182349043,30.5,4.949747468305833,1.4106963041353295,11.605496202056184,104.49335519148718,250.9169642857143,134.81811289217094,29.089303695864672,2.664700486484371,BLACK KITCHEN SCALES
36.912049571288875,36.0,3.6,1.0260132920731475,1.6929219319206932,24.361952717050656,59.39999999999999,33.34512535102864,34.973986707926855,1.9380628633620205,BLACK PIRATE TREASURE CHEST
29.433147636970332,28.0,5.656854249492381,1.6122243475832345,6.045841303437129,44.1497214554555,105.0,54.80443724110737,26.387775652416764,3.0453719845535687,BLACK RECORD COVER FRAME
374.2471692644567,365.0,36.5,10.40263476685272,20.285137795362804,291.91279202627624,711.75,399.55207017836096,354.5973652331473,19.64980403130943,BLACK RETRODISC LAMPSHADE
12.304016523762959,12.0,1.2000000000000002,0.342004430691049,0.22230287994918188,3.1990442961783696,7.800000000000001,4.378652823872449,11.657995569308952,0.6460209544540074,BLACK SQUARE TABLE CLOCK
20.5066942062716,20.0,2.0,0.5700073844850809,0.7125092306063512,10.2533471031358,25.0,14.03414366625785,19.42999261551492,1.0767015907566808,BLACK STITCHED WALL CLOCK
76.9001032735185,75.0,7.5,2.1375276918190558,12.480786689454598,179.60446342326213,437.9166666666667,245.83141655394996,72.86247230818094,4.037630965337556,BLACK/BLUE POLKADOT UMBRELLA
12.304016523762959,12.0,1.2000000000000002,0.342004430691049,0.4275055383638113,6.1520082618814795,15.0,8.42048619975471,11.657995569308952,0.6460209544540074,BLACKCHRISTMAS TREE 30CM
12.304016523762959,12.0,1.2000000000000002,0.342004430691049,0.4275055383638113,6.1520082618814795,15.0,8.42048619975471,11.657995569308952,0.6460209544540074,BLOND DOLL DOORSTOP
26.37430363863875,21.0,21.213203435596427,6.04584130343713,8.313031792226054,14.505867001251314,28.875,6.056101206522632,14.954158696562871,11.42014494207588,BLOSSOM IMAGES GIFT WRAP SET
3.0760041309407398,3.0,0.30000000000000004,0.08550110767276226,0.4232304829801732,6.090488179262666,14.850000000000001,8.336281337757162,2.914498892327238,0.16150523861350186,BLOSSOM IMAGES SCRAP BOOK SET
36.912049571288875,36.0,3.6,1.0260132920731475,2.1546279133536097,31.006121639882657,75.60000000000001,42.439250446763744,34.973986707926855,1.9380628633620205,BLUE  SPOTTY  COFFEE MUG
311.70175193532833,304.0,30.400000000000002,8.664112244173225,7.364495407547241,105.97859565801164,258.4,145.05690893444108,295.3358877558268,16.365864179501557,BLUE  SPOTTY CUP
24.608033047525918,24.0,2.4000000000000004,0.684008861382098,0.8550110767276226,12.304016523762959,30.0,16.84097239950942,23.315991138617903,1.2920419089080148,BLUE  SPOTTY EGG CUP 
180.45890901519007,176.0,17.6,5.016064983468715,8.47714982206213,121.9902224942685,297.44,166.97262768366937,170.9839350165313,9.474973998658783,BLUE  SPOTTY PLATE 
30.7600413094074,30.0,3.0,0.8550110767276222,1.7955232611280068,25.838434699902216,63.0,35.36604203896978,29.14498892327238,1.6150523861350194,BLUE  SPOTTY PUDDING BOWL
18.866295273940665,16.0,11.313708498984761,3.224448695166469,8.222344172674495,19.243621179419478,40.8,13.334034647906025,12.775551304833531,6.090743969107134,BLUE  TILE HOOK
6.1520082618814795,6.0,0.6000000000000001,0.1710022153455245,0.5044565352692973,7.259369749020147,17.700000000000003,9.93617371571056,5.828997784654476,0.3230104772270037,BLUE  VOILE LAMPSHADE
87.497214554555,66.0,84.8528137423857,24.18336521374852,90.68761955155695,131.2458218318325,247.5,25.56655861661055,41.816634786251484,45.68057976830352,BLUE 3 PIECE MINI DOTS CUTLERY SET
20.1497214554555,18.0,8.48528137423857,2.4183365213748518,9.068761955155693,30.224582183183248,67.5,28.206655861661062,15.581663478625149,4.5680579768303495,BLUE 3 PIECE POLKADOT CUTLERY SET
12.304016523762959,12.0,1.2000000000000002,0.342004430691049,0.2907037660873917,4.1833656180794065,10.2,5.725930615833201,11.657995569308952,0.6460209544540074,BLUE BIRDHOUSE DECORATION
24.608033047525918,24.0,2.4000000000000004,0.684008861382098,0.26676345593901823,3.8388531554140437,9.36,5.2543833886469375,23.315991138617903,1.2920419089080148,BLUE CHARLIE+LOLA PERSONAL DOORSIGN
6.1520082618814795,6.0,0.6000000000000001,0.1710022153455245,0.43605564913108746,6.275048427119109,15.299999999999999,8.588895923749803,5.828997784654476,0.3230104772270037,BLUE CIRCLES DESIGN MONKEY DOLL
13.187151819319375,10.5,10.606601717798213,3.022920651718565,14.963457226006897,26.110560602252367,51.975,10.900982171740738,7.4770793482814355,5.71007247103794,BLUE COAT RACK PARIS FASHION
20.68117372110383,18.0,10.583005244258363,3.016195569635805,25.210367969539266,69.1440574742238,150.45,56.095574556236926,14.983804430364195,5.697369290739633,BLUE DINER WALL CLOCK
20.1497214554555,18.0,8.48528137423857,2.4183365213748518,3.0229206517185645,10.07486072772775,22.5,9.402218620553686,15.581663478625149,4.5680579768303495,BLUE DRAWER KNOB ACRYLIC EDWARDIAN
6.1520082618814795,6.0,0.6000000000000001,0.1710022153455245,0.3334543199237728,4.798566444267554,11.7,6.567979235808672,5.828997784654476,0.3230104772270037,BLUE EASTER EGG HUNT START POST
73.82409914257775,72.0,7.2,2.052026584146295,0.24624319009755538,3.543556758843732,8.64,4.850200051058714,69.94797341585371,3.876125726724041,BLUE EGG  SPOON
10.07486072772775,9.0,4.242640687119285,1.2091682606874259,1.9951276301342526,6.649408080300315,14.85,6.205464289565432,7.7908317393125746,2.2840289884151748,BLUE FELT EASTER EGG BASKET
12.304016523762959,12.0,1.2000000000000002,0.342004430691049,0.28386367747357066,4.0849334858893025,9.959999999999999,5.591202836637126,11.657995569308952,0.6460209544540074,BLUE FLOWER DES PURSE
16.40535536501728,16.0,1.6,0.4560059075880653,1.7100221534552449,24.608033047525918,60.0,33.68194479901884,15.543994092411936,0.8613612726053432,BLUE FLYING SINGING CANARY
4.10133884125432,4.0,0.4,0.11400147689701633,0.6783087875372472,9.761186442185283,23.8,13.36050477027747,3.885998523102984,0.2153403181513358,BLUE GIANT GARDEN THERMOMETER
69.24843919392958,56.666666666666664,49.66219219218311,14.153908139630863,77.1387993609882,150.9615974427665,308.8333333333333,80.73293652957861,42.5127585270358,26.735680666893785,BLUE HAPPY BIRTHDAY BUNTING
288.4491643663665,282.0,25.45584412271571,7.2550095641245465,9.068761955155683,144.22458218318326,352.5,199.20665586166106,274.7449904358755,13.704173930491038,BLUE HARMONICA IN BOX 
14.149721455455499,12.0,8.48528137423857,2.4183365213748518,2.8294537300085763,6.622069641153173,14.04,4.58847662883825,9.581663478625149,4.5680579768303495,BLUE KNITTED EGG COSY
12.304016523762959,12.0,1.2000000000000002,0.342004430691049,1.0089130705385947,14.518739498040294,35.400000000000006,19.87234743142112,11.657995569308952,0.6460209544540074,BLUE NEW BAROQUE CANDLESTICK CANDLE
99.497214554555,78.0,84.8528137423857,24.18336521374852,71.0184825110415,116.87606136341728,229.06000000000003,41.165456125541255,53.816634786251484,45.68057976830352,BLUE OWL SOFT TOY
43.7486072772775,33.0,42.42640687119285,12.09168260687426,51.389651079215604,74.37263237137176,140.25,14.487716549412632,20.908317393125742,22.84028988415176,BLUE PADDED SOFT MOBILE
109.12291091591626,93.0,63.63961030678928,18.13752391031138,42.849900238110635,103.12115081554086,219.71249999999998,73.74144894634848,74.86247608968861,34.26043482622765,BLUE PAISLEY JOURNAL 
195.14415056456548,150.0,178.19090885900997,50.78506694887189,40.50109089172533,62.25098403009639,119.625,16.872925078178277,99.2149330511281,95.92921751343738,BLUE PAISLEY POCKET BOOK
24.299442910910997,20.0,16.97056274847714,4.8366730427497036,16.202854693211506,32.56125350062074,67.0,18.235891806167757,15.163326957250296,9.1361159536607,BLUE PAISLEY SKETCHBOOK
12.304016523762959,12.0,1.2000000000000002,0.342004430691049,1.0089130705385947,14.518739498040294,35.400000000000006,19.87234743142112,11.657995569308952,0.6460209544540074,BLUE PAPER PARASOL 
22.866295273940665,20.0,11.313708498984761,3.224448695166469,6.771342259849585,19.20768803011016,42.0,16.020969710040255,16.77555130483353,6.090743969107134,BLUE PARTY BAGS 
196.86426438020735,192.0,19.200000000000003,5.472070891056784,2.134107647512146,30.71082524331235,74.88,42.0350671091755,186.52792910894323,10.336335271264119,BLUE POLKADOT BEAKER 
103.08008364698082,78.0,98.99494936611666,28.21392608270661,35.26740760338326,51.54004182349041,97.5,10.692550573126326,49.78607391729339,53.29400972968743,BLUE POLKADOT BOWL
98.43213219010367,96.0,9.600000000000001,2.736035445528392,1.067053823756073,15.355412621656175,37.44,21.01753355458775,93.26396455447161,5.168167635632059,BLUE POLKADOT COFFEE MUG
171.90355165198608,135.0,145.6639969244288,41.51477695026829,35.287560407728044,58.44720756167526,114.74999999999999,21.015232030596678,93.4852230497317,78.41832860225438,BLUE POLKADOT CUP
49.216066095051836,48.0,4.800000000000001,1.368017722764196,0.5335269118780365,7.677706310828087,18.72,10.508766777293875,46.63198227723581,2.5840838178160297,BLUE POLKADOT EGG CUP 
2.05066942062716,2.0,0.2,0.05700073844850816,0.4531558706656399,6.521128757594369,15.9,8.925715371739992,1.942999261551492,0.1076701590756679,BLUE POLKADOT GARDEN PARASOL
32.1497214554555,30.0,8.48528137423857,2.4183365213748518,4.715756216680961,25.07678273525529,58.5,28.707461048063745,27.58166347862515,4.5680579768303495,BLUE POLKADOT KIDS BAG
24.608033047525918,24.0,2.4000000000000004,0.684008861382098,0.8550110767276226,12.304016523762959,30.0,16.84097239950942,23.315991138617903,1.2920419089080148,BLUE POLKADOT LUGGAGE TAG 
97.3474930990995,78.0,76.36753236814714,21.76502869237367,36.782898490111506,65.80690533499127,131.82000000000002,29.230196174897245,56.23497130762633,41.11252179147316,BLUE POLKADOT PLATE 
6.1520082618814795,6.0,0.6000000000000001,0.1710022153455245,0.3591046522256015,5.1676869399804435,12.600000000000001,7.073208407793956,5.828997784654476,0.3230104772270037,BLUE POLKADOT PUDDING BOWL
6.1520082618814795,6.0,0.6000000000000001,0.1710022153455245,0.3591046522256015,5.1676869399804435,12.600000000000001,7.073208407793956,5.828997784654476,0.3230104772270037,BLUE POLKADOT WASHING UP GLOVES
281.9670453362345,275.0,27.5,7.837601536669869,3.291792645401345,47.3704636164874,115.5,64.83774373811126,267.16239846333013,14.804646872904357,BLUE POLKADOT WRAP
20.1497214554555,18.0,8.48528137423857,2.4183365213748518,0.65295086077121,2.176169917189194,4.86,2.030879222039596,15.581663478625149,4.5680579768303495,BLUE PUDDING SPOON
24.608033047525918,24.0,2.4000000000000004,0.684008861382098,0.37620487376015393,5.413767270455702,13.200000000000001,7.410027855784145,23.315991138617903,1.2920419089080148,BLUE PULL BACK RACING CAR
6.1520082618814795,6.0,0.6000000000000001,0.1710022153455245,1.7014720426879688,24.48499288228829,59.699999999999996,33.51353507502374,5.828997784654476,0.3230104772270037,BLUE REFECTORY CLOCK 
2.05066942062716,2.0,0.2,0.05700073844850816,0.46455601835534155,6.685182311244541,16.3,9.150261670400116,1.942999261551492,0.1076701590756679,BLUE RETRO KITCHEN WALL CLOCK
24.608033047525918,24.0,2.4000000000000004,0.684008861382098,0.8550110767276226,12.304016523762959,30.0,16.84097239950942,23.315991138617903,1.2920419089080148,BLUE ROSE FABRIC MIRROR
10.2533471031358,10.0,1.0,0.28500369224254046,0.4702560922001917,6.767209088069628,16.5,9.262534819730181,9.71499630775746,0.5383507953783404,BLUE ROSE PATCH PURSE PINK BUTTERFL
12.304016523762959,12.0,1.2000000000000002,0.342004430691049,3.7449485160669864,53.89159237408176,131.39999999999998,73.76345910985123,11.657995569308952,0.6460209544540074,BLUE SAVANNAH PICNIC HAMPER FOR 2
2.05066942062716,2.0,0.2,0.05700073844850816,0.9661625167022133,13.903538671852145,33.9,19.03029881144564,1.942999261551492,0.1076701590756679,BLUE SAVANNAH PICNIC HAMPER FOR 4
51.266735515678995,50.0,5.0,1.4250184612127041,0.5985077537093357,8.612811566634072,21.0,11.788680679656592,48.5749815387873,2.6917539768916967,BLUE SCANDINAVIAN PAISLEY WRAP
6.1520082618814795,6.0,0.6000000000000001,0.1710022153455245,0.43605564913108746,6.275048427119109,15.299999999999999,8.588895923749803,5.828997784654476,0.3230104772270037,BLUE SCOTTIE DOG W FLOWER PATTERN
156.4491643663665,150.0,25.45584412271571,7.255009564124558,9.347800784545102,80.63149240420425,193.26923076923075,103.28993758048139,142.74499043587545,13.704173930491038,BLUE SPOT CERAMIC DRAWER KNOB
205.06694206271598,200.0,20.0,5.700073844850817,2.394031014837343,34.45124626653629,84.0,47.15472271862637,194.2999261551492,10.767015907566787,BLUE SPOTS  WRAP
18.456024785644438,18.0,1.8,0.5130066460365738,1.0003629597713188,14.395699332802662,35.1,19.703937707426018,17.486993353963427,0.9690314316810102,BLUE SPOTTY BEAKER 
229.67497511024192,224.0,22.400000000000002,6.38408270623291,7.980103382791137,114.83748755512096,280.0,157.1824090620879,217.6159172937671,12.05905781647482,BLUE SPOTTY BOWL
36.912049571288875,36.0,3.6,1.0260132920731475,1.2825166150914344,18.456024785644438,45.0,25.261458599264127,34.973986707926855,1.9380628633620205,BLUE SPOTTY LUGGAGE TAG 
12.304016523762959,12.0,1.2000000000000002,0.342004430691049,1.0089130705385947,14.518739498040294,35.400000000000006,19.87234743142112,11.657995569308952,0.6460209544540074,BLUE SPOTTY PURSE 
133.81374264648332,116.0,70.31358332498779,20.039630862425057,25.717526273445486,68.6910545585281,148.86666666666665,54.458085834693065,95.96036913757494,37.853373508908376,BLUE STRIPE CERAMIC DRAWER KNOB
12.304016523762959,12.0,1.2000000000000002,0.342004430691049,0.4275055383638113,6.1520082618814795,15.0,8.42048619975471,11.657995569308952,0.6460209544540074,BLUE TABLE RUN FLOWER
21.50800836469808,19.0,9.899494936611665,2.8213926082706604,3.5267407603383254,10.75400418234904,23.75,9.469255057312633,16.17860739172934,5.329400972968742,BLUE TEA TOWEL CLASSIC DESIGN
8.20267768250864,8.0,0.8,0.22800295379403265,0.2850036922425408,4.10133884125432,10.0,5.613657466503139,7.771997046205968,0.4306806363026716,BLUE TEATIME PRINT BOWL 
10.2533471031358,10.0,1.0,0.28500369224254046,0.4702560922001917,6.767209088069628,16.5,9.262534819730181,9.71499630775746,0.5383507953783404,BLUE TRAVEL FIRST AID KIT
24.608033047525918,24.0,2.4000000000000004,0.684008861382098,0.28728372178048117,4.134149551984354,10.08,5.658566726235165,23.315991138617903,1.2920419089080148,BLUE VICTORIAN FABRIC OVAL BOX
139.44552060264687,136.0,13.600000000000001,3.876050214498556,3.2946426823237727,47.411477004899936,115.6,64.89388031277629,132.12394978550145,7.321570817145414,BLUE VINTAGE SPOT BEAKER
2.05066942062716,2.0,0.2,0.05700073844850816,0.4531558706656399,6.521128757594369,15.9,8.925715371739992,1.942999261551492,0.1076701590756679,BLUE WHITE SPOTS GARDEN PARASOL
3.0760041309407398,3.0,0.30000000000000004,0.08550110767276226,0.5087315906529354,7.3208898316389615,17.85,10.020378577708104,2.914498892327238,0.16150523861350186,BLUE/BROWN DOTS RUFFLED UMBRELLA
12.304016523762959,12.0,1.2000000000000002,0.342004430691049,0.4275055383638113,6.1520082618814795,15.0,8.42048619975471,11.657995569308952,0.6460209544540074,BLUE/CREAM STRIPE CUSHION COVER 
30.7600413094074,30.0,3.0,0.8550110767276222,1.553270122721847,22.352296684836045,54.5,30.594433192442104,29.14498892327238,1.6150523861350194,BOHEMIAN COLLAGE STATIONERY SET
6.1520082618814795,6.0,0.6000000000000001,0.1710022153455245,1.0174631813058708,14.641779663277923,35.7,20.04075715541621,5.828997784654476,0.3230104772270037,BOOM BOX SPEAKER BOYS
1.02533471031358,1.0,0.1,0.02850036922425408,0.7125092306063521,10.253347103135798,25.0,14.03414366625785,0.971499630775746,0.05383507953783395,BOTANICAL GARDENS WALL CLOCK 
12.304016523762959,12.0,1.2000000000000002,0.342004430691049,0.14364186089024059,2.067074775992177,5.04,2.8292833631175824,11.657995569308952,0.6460209544540074,BOTANICAL LAVENDER BIRTHDAY CARD
51.266735515678995,50.0,5.0,1.4250184612127041,0.5985077537093357,8.612811566634072,21.0,11.788680679656592,48.5749815387873,2.6917539768916967,BOTANICAL LAVENDER GIFT WRAP 
40.299442910911,36.0,16.97056274847714,4.8366730427497036,2.0314026779548753,6.770306409033048,15.12,6.318290913012075,31.163326957250298,9.136115953660699,BOTANICAL LILY GREETING CARD
58.95717273106458,50.0,35.35533905932738,10.076402172395216,4.232088912405991,9.90480501881885,21.0,6.863106068775159,39.92359782760478,19.0335749034598,BOTANICAL ROSE GIFT WRAP
49.216066095051836,48.0,4.800000000000001,1.368017722764196,0.5745674435609623,8.268299103968708,20.16,11.31713345247033,46.63198227723581,2.5840838178160297,BOTANICAL ROSE GREETING CARD
62.35289000417104,52.5,38.890872965260115,11.084042389634739,21.19823107017644,47.69996085319085,100.40625,31.508058076632707,41.41595761036526,20.936932393805776,BOTTLE BAG RETROSPOT 
12.304016523762959,12.0,1.2000000000000002,0.342004430691049,0.4275055383638113,6.1520082618814795,15.0,8.42048619975471,11.657995569308952,0.6460209544540074,BOUDOIR SQUARE TISSUE BOX
238.52625665285103,200.0,152.0690632574555,43.34024450423929,18.2029026917805,40.072411117678975,84.0,25.724686190540524,156.65975549576072,81.86650115709031,BOX OF 24 COCKTAIL PARASOLS
12.304016523762959,12.0,1.2000000000000002,0.342004430691049,1.2825166150914338,18.456024785644438,45.0,25.261458599264127,11.657995569308952,0.6460209544540074,BOX OF 6 CHRISTMAS CAKE DECORATIONS
252.23233873714068,246.0,24.6,7.0110908291664975,16.934971211904895,243.70229964530284,594.2018181818182,333.5645473246105,238.9889091708335,13.243429566307185,BOX OF 6 MINI 50'S CRACKERS
55.36807435693332,54.0,5.4,1.539019938109719,3.8321596458932006,55.14660205950559,134.46,75.48123829460121,52.46098006189028,2.907094295043038,BOX OF 6 MINI VINTAGE CRACKERS
6.1520082618814795,6.0,0.6000000000000001,0.1710022153455245,0.3334543199237728,4.798566444267554,11.7,6.567979235808672,5.828997784654476,0.3230104772270037,BOX OF 9 PEBBLE CANDLES
35.95717273106458,27.0,35.35533905932738,10.076402172395216,106.68390800023434,152.2786265160585,285.86249999999995,26.89996548370712,16.923597827604784,19.033574903459797,BOX OF VINTAGE ALPHABET BLOCKS
6.1520082618814795,6.0,0.6000000000000001,0.1710022153455245,0.3334543199237728,4.798566444267554,11.7,6.567979235808672,5.828997784654476,0.3230104772270037,BOX/12 CHICK & EGG IN BASKET
5.1266735515679,5.0,0.5,0.14250184612127023,0.36337970760923904,5.229207022599258,12.75,7.157413269791503,4.85749815387873,0.2691753976891702,BOX/12 MOTHER & CHICK IN BASKET/BOW
483.59331493093197,432.0,203.64675298172568,58.04007651299644,12.188416067729252,40.62183845419829,90.72,37.90974547807246,373.95992348700355,109.63339144392842,BOYS ALPHABET IRON ON PATCHES
56.299442910911,52.0,16.97056274847714,4.8366730427497036,12.115865972088008,56.41204179673282,130.26,61.73209223117916,47.1633269572503,9.136115953660699,BOYS VINTAGE TIN SEASIDE BUCKET
25.18715181931938,22.5,10.606601717798213,3.022920651718563,48.07163579244829,160.2142733345087,357.80357142857144,149.51766230161445,19.477079348281436,5.710072471037943,BREAD BIN DINER STYLE IVORY
22.903725637804545,19.5,13.435028842544403,3.8290328255101804,59.95627232611357,143.45366824478245,305.3375,101.92755942910395,15.67096717448982,7.232758463314726,BREAD BIN DINER STYLE MINT
7.112291091591627,5.5,6.363961030678928,1.813752391031138,28.929350636946648,45.37641716435458,87.725,13.419232198698769,3.686247608968862,3.426043482622765,BREAD BIN DINER STYLE PINK
10.358286909242583,10.0,1.4142135623730951,0.40305608689580863,6.482485397574255,66.63831244946061,160.83333333333331,87.71253548629845,9.596943913104191,0.7613429961383922,BREAD BIN DINER STYLE RED 
135.08008364698082,110.0,98.99494936611666,28.21392608270661,35.26740760338326,67.54004182349041,137.5,34.692550573126326,81.7860739172934,53.29400972968743,BRIGHT BLUES RIBBONS 
73.82409914257775,72.0,7.2,2.052026584146295,0.5643073106402311,8.12065090568355,19.799999999999997,11.115041783676215,69.94797341585371,3.876125726724041,BROCADE RING PURSE 
13.828864910076792,11.5,9.192388155425117,2.6198645648227554,26.067652419986416,55.03888234210563,114.425,33.31846523790795,8.880135435177245,4.948729474899547,BROCANTE COAT RACK
4.10133884125432,4.0,0.4,0.11400147689701633,1.2255158766429255,17.635757017393573,43.0,24.1387271059635,3.885998523102984,0.2153403181513358,BROCANTE SHELF WITH HOOKS
24.608033047525918,24.0,2.4000000000000004,0.684008861382098,1.1286146212804617,16.241301811367105,39.599999999999994,22.230083567352427,23.315991138617903,1.2920419089080148,BROWN  PIRATE TREASURE CHEST 
2.05066942062716,2.0,0.2,0.05700073844850816,0.3391543937686236,4.880593221092641,11.9,6.680252385138735,1.942999261551492,0.1076701590756679,BROWN DOG CANNISTER W BONE
24.608033047525918,24.0,2.4000000000000004,0.684008861382098,0.684008861382098,9.843213219010368,24.0,13.472777919607534,23.315991138617903,1.2920419089080148,BROWN KUKUI COCONUT SEED NECKLACE
73.82409914257775,72.0,7.2,2.052026584146295,0.8618511653414439,12.402448655953062,30.24,16.97570017870549,69.94797341585371,3.876125726724041,BUBBLEGUM RING ASSORTED
16.40535536501728,16.0,1.6,0.4560059075880653,1.0260132920731468,14.76481982851555,36.0,20.209166879411306,15.543994092411936,0.8613612726053432,BUFFALO BILL TREASURE BOOK BOX
45.11472725379752,44.0,4.4,1.2540162458671789,5.872976084811288,84.51492238878069,206.06666666666666,115.67876819307469,42.74598375413282,2.3687434996646957,BULL DOG BOTTLE OPENER
110.73614871386664,108.0,10.8,3.078039876219438,5.078765795762072,73.08585815115198,178.2,100.03537605308594,104.92196012378056,5.814188590086076,BUNDLE OF 3 ALPHABET EXERCISE BOOKS
86.12811566634072,84.0,8.4,2.3940310148373407,3.950151174481612,56.84455633978488,138.6,77.8052924857335,81.60596898516266,4.522146681178057,BUNDLE OF 3 RETRO NOTE BOOKS
86.12811566634072,84.0,8.4,2.3940310148373407,3.950151174481612,56.84455633978488,138.6,77.8052924857335,81.60596898516266,4.522146681178057,BUNDLE OF 3 SCHOOL EXERCISE BOOKS  
16.40535536501728,16.0,1.6,0.4560059075880653,0.3876050214498555,5.577820824105875,13.6,7.634574154444268,15.543994092411936,0.8613612726053432,BUNNY DECORATION MAGIC GARDEN
12.304016523762959,12.0,1.2000000000000002,0.342004430691049,0.4275055383638113,6.1520082618814795,15.0,8.42048619975471,11.657995569308952,0.6460209544540074,BUNNY EGG BOX
12.304016523762959,12.0,1.2000000000000002,0.342004430691049,0.2907037660873917,4.1833656180794065,10.2,5.725930615833201,11.657995569308952,0.6460209544540074,BUNNY WOODEN PAINTED WITH BIRD 
12.304016523762959,12.0,1.2000000000000002,0.342004430691049,0.2907037660873917,4.1833656180794065,10.2,5.725930615833201,11.657995569308952,0.6460209544540074,BUNNY WOODEN PAINTED WITH FLOWER 
24.608033047525918,24.0,2.4000000000000004,0.684008861382098,1.1286146212804617,16.241301811367105,39.599999999999994,22.230083567352427,23.315991138617903,1.2920419089080148,BUTTERFLIES  HONEYCOMB GARLAND
17.75524021832639,16.0,6.928203230275509,1.9745635012352176,1.678378976049935,6.036781674230973,13.6,5.884839349719092,14.025436498764783,3.7298037195616054,BUTTERFLIES STICKERS
10.2533471031358,10.0,1.0,0.28500369224254046,0.5557571998729539,7.997610740445924,19.5,10.946632059681122,9.71499630775746,0.5383507953783404,BUTTON BOX 
18.299442910910997,14.0,16.97056274847714,4.8366730427497036,126.96266737217972,192.14415056456548,367.5,48.3931820632548,9.163326957250296,9.1361159536607,CABIN BAG VINTAGE PAISLEY
31.336873274774874,26.5,19.091883092036785,5.441257173093417,127.48865556557877,293.68917633119014,620.895,199.71716810323107,21.05874282690658,10.278130447868293,CABIN BAG VINTAGE RETROSPOT
49.216066095051836,48.0,4.800000000000001,1.368017722764196,0.5745674435609623,8.268299103968708,20.16,11.31713345247033,46.63198227723581,2.5840838178160297,CACTI T-LIGHT CANDLES
9.112291091591624,7.5,6.363961030678928,1.8137523910311388,8.978074335604138,18.042336361351417,37.125,10.104589303044445,5.686247608968861,3.426043482622763,CAKE PLATE LOVEBIRD PINK
15.22458218318325,12.0,12.727922061357855,3.6275047820622777,17.956148671208275,30.144672722702836,59.400000000000006,11.299178606088894,8.372495217937722,6.852086965245528,CAKE PLATE LOVEBIRD WHITE
12.304016523762959,12.0,1.2000000000000002,0.342004430691049,0.2907037660873917,4.1833656180794065,10.2,5.725930615833201,11.657995569308952,0.6460209544540074,CAKE SHOP  STICKER SHEET
39.47057800083421,37.5,7.7781745930520225,2.216808477926947,27.543845338242317,196.16877266414605,465.9375,242.22488199761165,35.283191522073054,4.187386478761155,CAKE STAND 3 TIER MAGIC GARDEN
18.456024785644438,18.0,1.8,0.5130066460365738,2.1802782456554386,31.37524213559555,76.5,42.944479618749014,17.486993353963427,0.9690314316810102,CAKE STAND LACE WHITE
6.716573818485166,6.0,2.8284271247461903,0.8061121737916173,8.020816129226592,26.731963797570963,59.699999999999996,24.94722007320244,5.193887826208383,1.5226859922767835,CAKE STAND LOVEBIRD 2 TIER PINK
19.48135949595802,19.0,1.9000000000000001,0.5415070152608266,5.230957767419585,75.2759730923818,183.54,103.0330691401986,18.458492984739173,1.0228665112188473,CAKE STAND LOVEBIRD 2 TIER WHITE
24.1497214554555,22.0,8.48528137423857,2.4183365213748518,20.55586043168624,82.10905294854871,187.0,84.33508661976505,19.58166347862515,4.5680579768303495,CAKE STAND WHITE TWO TIER LACE
88.299442910911,84.0,16.97056274847714,4.8366730427497036,2.2168084779269477,16.188231200333686,38.5,20.094960321739368,79.16332695725029,9.136115953660706,CAKES AND BOWS GIFT  TAPE
36.912049571288875,36.0,3.6,1.0260132920731475,0.8721112982621754,12.550096854238218,30.599999999999998,17.177791847499606,34.973986707926855,1.9380628633620205,CAKES AND RABBITS DESIGN FLANNEL 
6.1520082618814795,6.0,0.6000000000000001,0.1710022153455245,0.5044565352692973,7.259369749020147,17.700000000000003,9.93617371571056,5.828997784654476,0.3230104772270037,CALENDAR FAMILY FAVOURITES
28.299442910910997,24.0,16.97056274847714,4.8366730427497036,14.268185476111626,33.39334263487498,70.80000000000001,23.138471889013402,19.163326957250298,9.136115953660699,CALENDAR PAPER CUT DESIGN
12.304016523762959,12.0,1.2000000000000002,0.342004430691049,0.5779874878678728,8.31751517006376,20.28,11.384497342068368,11.657995569308952,0.6460209544540074,CAMOUFLAGE LED TORCH
12.304016523762959,12.0,1.2000000000000002,0.342004430691049,0.5643073106402309,8.120650905683553,19.799999999999997,11.115041783676213,11.657995569308952,0.6460209544540074,CANDLE HOLDER SILVER MADELINE
36.912049571288875,36.0,3.6,1.0260132920731475,0.8721112982621754,12.550096854238218,30.599999999999998,17.177791847499606,34.973986707926855,1.9380628633620205,CANDY SHOP  STICKER SHEET
3.0760041309407398,3.0,0.30000000000000004,0.08550110767276226,0.3975801506783445,5.721367683549777,13.950000000000001,7.8310521657718795,2.914498892327238,0.16150523861350186,CANDY SPOT APRON
12.304016523762959,12.0,1.2000000000000002,0.342004430691049,1.0089130705385947,14.518739498040294,35.400000000000006,19.87234743142112,11.657995569308952,0.6460209544540074,CANDY SPOT CUSHION COVER
52.299442910911,48.0,16.97056274847714,4.8366730427497036,5.005956599245944,21.651969365117157,49.68000000000001,23.022074035636905,43.1633269572503,9.136115953660699,CANDY SPOT EGG WARMER HARE
61.5200826188148,60.0,6.0,1.7100221534552444,1.231215950487776,17.71778379421866,43.199999999999996,24.251000255293558,58.28997784654476,3.230104772270039,CANDY SPOT EGG WARMER RABBIT
12.304016523762959,12.0,1.2000000000000002,0.342004430691049,0.718209304451203,10.335373879960887,25.200000000000003,14.146416815587912,11.657995569308952,0.6460209544540074,CANDY SPOT HAND BAG
11.358286909242583,11.0,1.4142135623730951,0.40305608689580863,0.3305059912545631,3.725518106231568,9.020000000000001,4.963975902513869,10.596943913104191,0.7613429961383922,CARAVAN SQUARE TISSUE BOX
12.304016523762959,12.0,1.2000000000000002,0.342004430691049,0.14364186089024059,2.067074775992177,5.04,2.8292833631175824,11.657995569308952,0.6460209544540074,CARD BILLBOARD FONT
28.299442910910997,24.0,16.97056274847714,4.8366730427497036,2.0314026779548753,4.754306409033048,10.08,3.2942909130120768,19.163326957250298,9.136115953660699,CARD BIRTHDAY COWBOY
24.608033047525918,24.0,2.4000000000000004,0.684008861382098,0.28728372178048117,4.134149551984354,10.08,5.658566726235165,23.315991138617903,1.2920419089080148,CARD CAT AND TREE 
56.1497214554555,54.0,8.48528137423857,2.4183365213748518,1.0157013389774376,9.433153204516524,22.68,12.231145456506038,51.581663478625146,4.568057976830353,CARD CHRISTMAS VILLAGE
180.4491643663665,174.0,25.45584412271571,7.255009564124558,3.0471040169323143,30.31545961354957,73.08,39.71743636951811,166.74499043587545,13.704173930491038,CARD CIRCUS PARADE
12.304016523762959,12.0,1.2000000000000002,0.342004430691049,0.14364186089024059,2.067074775992177,5.04,2.8292833631175824,11.657995569308952,0.6460209544540074,CARD DOG AND BALL 
36.449164366366496,30.0,25.45584412271571,7.255009564124555,3.047104016932313,6.123459613549572,12.6,3.429436369518115,22.744990435875444,13.704173930491052,CARD DOLLY GIRL 
73.82409914257775,72.0,7.2,2.052026584146295,0.861851165341444,12.402448655953066,30.240000000000002,16.97570017870549,69.94797341585371,3.876125726724041,CARD GINGHAM ROSE 
6.1520082618814795,6.0,0.6000000000000001,0.1710022153455245,0.4941964023485659,7.111721550734991,17.34,9.734082046916443,5.828997784654476,0.3230104772270037,CARD HOLDER GINGHAM HEART
40.299442910911,36.0,16.97056274847714,4.8366730427497036,2.0314026779548753,6.770306409033048,15.12,6.318290913012075,31.163326957250298,9.136115953660699,CARD MOTORBIKE SANTA
52.299442910911,48.0,16.97056274847714,4.8366730427497036,2.0314026779548757,8.786306409033049,20.160000000000004,9.342290913012079,43.1633269572503,9.136115953660699,CARD PARTY GAMES 
68.598885821822,60.0,33.94112549695428,9.673346085499407,4.062805355909751,11.524612818066096,25.2,9.612581826024153,50.326653914500596,18.272231907321398,CARD PSYCHEDELIC APPLES
61.5200826188148,60.0,6.0,1.7100221534552444,0.7182093044512027,10.335373879960889,25.200000000000003,14.146416815587912,58.28997784654476,3.230104772270039,CARD SUKI BIRTHDAY
24.608033047525918,24.0,2.4000000000000004,0.684008861382098,0.28728372178048117,4.134149551984354,10.08,5.658566726235165,23.315991138617903,1.2920419089080148,CARD WEDDING DAY
12.304016523762959,12.0,1.2000000000000002,0.342004430691049,0.14364186089024059,2.067074775992177,5.04,2.8292833631175824,11.657995569308952,0.6460209544540074,"CARD, GINGHAM ROSE "
34.52402509409425,27.0,29.698484809834994,8.46417782481198,24.54611569195474,40.047869109149325,78.3,13.706015198895933,18.53582217518802,15.988202918906229,CARDHOLDER GINGHAM CHRISTMAS TREE
98.43213219010367,96.0,9.600000000000001,2.736035445528392,5.745674435609624,82.6829910396871,201.60000000000002,113.1713345247033,93.26396455447161,5.168167635632059,CARDHOLDER GINGHAM HEART
104.58414045198516,102.0,10.200000000000001,2.907037660873912,6.758862561531846,97.26325062034621,237.15,133.12788681812194,99.09296233912609,5.491178112859075,CARDHOLDER GINGHAM STAR
16.40535536501728,16.0,1.6,0.4560059075880653,0.7524097475203078,10.827534540911405,26.4,14.820055711568287,15.543994092411936,0.8613612726053432,CAROUSEL DES CHILD'S APRON
30.7600413094074,30.0,3.0,0.8550110767276222,1.7955232611280068,25.838434699902216,63.0,35.36604203896978,29.14498892327238,1.6150523861350194,CAROUSEL DES CHILD'S OVERALL
30.7600413094074,30.0,3.0,0.8550110767276222,1.6672715996188634,23.99283222133777,58.5,32.839896179043365,29.14498892327238,1.6150523861350194,CAROUSEL DESIGN WASHBAG
12.304016523762959,12.0,1.2000000000000002,0.342004430691049,0.4275055383638113,6.1520082618814795,15.0,8.42048619975471,11.657995569308952,0.6460209544540074,CAROUSEL PONIES BABY BIB
82.0267768250864,80.0,8.0,2.2800295379403237,0.1368017722764194,1.9686426438020737,4.8,2.6945555839215065,77.71997046205968,4.306806363026723,CARTOON  PENCIL SHARPENERS
6.1520082618814795,6.0,0.6000000000000001,0.1710022153455245,0.43605564913108746,6.275048427119109,15.299999999999999,8.588895923749803,5.828997784654476,0.3230104772270037,CAT BOWL 
6.1520082618814795,6.0,0.6000000000000001,0.1710022153455245,0.5557571998729547,7.997610740445924,19.5,10.94663205968112,5.828997784654476,0.3230104772270037,CAT BOWL VINTAGE CREAM
40.52402509409424,33.0,29.698484809834994,8.464177824811983,15.99729608889465,30.636162971135253,62.370000000000005,15.736540939970102,24.535822175188017,15.988202918906225,CERAMIC BOWL WITH LOVE HEART DESIGN
16.716573818485166,16.0,2.8284271247461903,0.8061121737916173,2.3780309126852712,19.725557105812502,47.20000000000001,25.096411981502236,15.193887826208382,1.5226859922767844,CERAMIC BOWL WITH STRAWBERRY DESIGN
66.67374654954975,57.0,38.18376618407357,10.882514346186834,32.103417321251165,78.67502092846871,168.15,57.37156175028013,46.11748565381316,20.556260895736585,CERAMIC CAKE BOWL + HANGING CAKES
92.598885821822,84.0,33.94112549695428,9.673346085499407,14.413285667394117,55.18893594980591,125.16,55.55777838279997,74.3266539145006,18.272231907321398,CERAMIC CAKE DESIGN SPOTTED MUG
84.89832873273299,72.0,50.91168824543142,14.51001912824911,21.619928501091174,50.59940392470886,107.28,35.06066757419997,57.48998087175089,27.408347860982104,CERAMIC CAKE DESIGN SPOTTED PLATE
4.10133884125432,4.0,0.4,0.11400147689701633,1.1343146951253125,16.323328588192194,39.8,22.34235671668249,3.885998523102984,0.2153403181513358,CERAMIC CAKE STAND + HANGING CAKES
73.12291091591625,57.0,63.63961030678928,18.137523910311387,42.975855265265594,69.30427001252951,135.05833333333334,22.77820805553823,38.86247608968861,34.26043482622764,CERAMIC CHERRY CAKE MONEY BANK
12.304016523762959,12.0,1.2000000000000002,0.342004430691049,0.49590642450202105,7.136329583782516,17.4,9.767763991715462,11.657995569308952,0.6460209544540074,CERAMIC HEART FAIRY CAKE MONEY BANK
12.304016523762959,12.0,1.2000000000000002,0.342004430691049,0.49590642450202105,7.136329583782516,17.4,9.767763991715462,11.657995569308952,0.6460209544540074,CERAMIC LOVE HEART MONEY BANK
12.304016523762959,12.0,1.2000000000000002,0.342004430691049,0.5095866017296631,7.333193848162724,17.88,10.037219550107611,11.657995569308952,0.6460209544540074,CERAMIC LOVE HEARTS DESIGN MUG
22.866295273940665,20.0,11.313708498984761,3.224448695166469,4.67545060799138,13.262451258885585,29.0,11.062098133123035,16.77555130483353,6.090743969107134,CERAMIC PIRATE CHEST MONEY BANK
4.10133884125432,4.0,0.4,0.11400147689701633,0.16986220057655432,2.4443979493875743,5.96,3.3457398500358715,3.885998523102984,0.2153403181513358,CERAMIC PLATE STRAWBERRY DESIGN
130.33147636970332,116.0,56.568542494923804,16.122243475832345,23.3772530399569,75.59225629442793,168.2,69.23049066561516,99.87775652416765,30.453719845535673,CERAMIC STRAWBERRY CAKE MONEY BANK
34.41173400250263,28.5,23.33452377915607,6.650425433780841,9.909133896333453,20.509393465491563,42.464999999999996,12.046472638174981,21.84957456621916,12.562159436283466,CERAMIC STRAWBERRY DESIGN MUG
25.825457366661503,22.0,15.0996688705415,4.303461379744081,10.973826518347407,26.341966513994734,56.099999999999994,18.784206967657852,17.696538620255918,8.128918746405585,CERAMIC STRAWBERRY MONEY BOX
14.149721455455499,12.0,8.48528137423857,2.4183365213748518,6.1667581295058715,14.432715884564608,30.599999999999998,10.000525985929517,9.581663478625149,4.5680579768303495,CERAMIC STRAWBERRY TRINKET TRAY
24.608033047525918,24.0,2.4000000000000004,0.684008861382098,1.0191732034593262,14.666387696325447,35.76,20.074439100215223,23.315991138617903,1.2920419089080148,CERAMIC STRWBERRY DESIGN MUG
24.608033047525918,24.0,2.4000000000000004,0.684008861382098,0.8550110767276226,12.304016523762959,30.0,16.84097239950942,23.315991138617903,1.2920419089080148,CHARLIE & LOLA WASTEPAPER BIN BLUE
36.912049571288875,36.0,3.6,1.0260132920731475,1.2825166150914344,18.456024785644438,45.0,25.261458599264127,34.973986707926855,1.9380628633620205,CHARLIE & LOLA WASTEPAPER BIN FLORA
3.0760041309407398,3.0,0.30000000000000004,0.08550110767276226,0.8507360213439844,12.242496441144144,29.849999999999998,16.75676753751187,2.914498892327238,0.16150523861350186,CHARLIE + LOLA BISCUITS TINS
6.1520082618814795,6.0,0.6000000000000001,0.1710022153455245,0.5044565352692973,7.259369749020147,17.700000000000003,9.93617371571056,5.828997784654476,0.3230104772270037,CHARLIE + LOLA RED HOT WATER BOTTLE
30.7600413094074,30.0,3.0,0.8550110767276222,1.4107682766005767,20.301627264208886,49.5,27.787604459190536,29.14498892327238,1.6150523861350194,CHARLIE AND LOLA CHARLOTTE BAG
1.02533471031358,1.0,0.1,0.02850036922425408,0.2835786737813281,4.080832147048048,9.95,5.585589179170623,0.971499630775746,0.05383507953783395,CHARLIE AND LOLA FIGURES TINS
3.0760041309407398,3.0,0.30000000000000004,0.08550110767276226,0.8507360213439844,12.242496441144144,29.849999999999998,16.75676753751187,2.914498892327238,0.16150523861350186,CHARLIE AND LOLA TABLE TINS
3.0760041309407398,3.0,0.30000000000000004,0.08550110767276226,0.3975801506783445,5.721367683549777,13.950000000000001,7.8310521657718795,2.914498892327238,0.16150523861350186,CHARLIE LOLA BLUE HOT WATER BOTTLE 
18.456024785644438,18.0,1.8,0.5130066460365738,1.513369605807893,21.778109247060442,53.10000000000001,29.808521147131675,17.486993353963427,0.9690314316810102,CHARLIE+LOLA PINK HOT WATER BOTTLE
3.0760041309407398,3.0,0.30000000000000004,0.08550110767276226,0.3975801506783445,5.721367683549777,13.950000000000001,7.8310521657718795,2.914498892327238,0.16150523861350186,CHARLIE+LOLA RED HOT WATER BOTTLE 
123.0401652376296,120.0,12.0,3.420044306910489,2.9070376608739155,41.833656180794065,102.0,57.259306158332016,116.57995569308952,6.460209544540078,"CHARLOTTE BAG , PINK/WHITE SPOTS"
94.70578000834207,75.0,77.78174593052023,22.168084779269478,18.842872062379055,32.19996520283631,63.75,12.707162734784635,52.83191522073052,41.87386478761155,"CHARLOTTE BAG , SUKI DESIGN"
481.90731384738257,470.0,47.0,13.395173535399415,11.385897505089503,163.84848670811007,399.5,224.26561578680042,456.6048264646006,25.302487382781976,CHARLOTTE BAG APPLES DESIGN
133.22980510243633,106.0,107.48023074035522,30.632262604081454,25.78853607981107,44.865136868245436,89.23875,18.58507705194349,75.36773739591854,57.86206770651779,CHARLOTTE BAG DOLLY GIRL DESIGN
144.7057800083421,125.0,77.78174593052023,22.16808477926947,18.84287206237905,49.19996520283631,106.25,38.20716273478464,102.83191522073054,41.87386478761155,CHARLOTTE BAG PINK POLKADOT
102.53347103135799,100.0,10.0,2.8500369224254083,2.422531384061597,34.86138015066172,85.0,47.716088465276684,97.1499630775746,5.383507953783393,CHARLOTTE BAG PINK WITH WHITE SPOTS
331.33687327477486,326.5,19.091883092036785,5.441257173093421,4.607384511316854,112.22379897816624,276.463875,159.63269151051685,321.05874282690655,10.278130447868307,CHARLOTTE BAG SUKI DESIGN
153.800206547037,150.0,15.0,4.2750553836381116,3.633797076092394,52.292070225992575,127.49999999999999,71.57413269791502,145.72494461636188,8.075261930675111,CHARLOTTE BAG VINTAGE ALPHABET 
33.43314763697033,32.0,5.656854249492381,1.6122243475832345,5.736294228701149,47.58205571693618,113.85600000000001,60.53765005436268,30.387775652416764,3.0453719845535687,CHERRY BLOSSOM  DECORATIVE FLASK
30.866295273940665,28.0,11.313708498984761,3.224448695166469,11.317814920034307,43.3362785646127,98.28,43.625906515352995,24.77555130483353,6.090743969107134,CHERRY BLOSSOM DECORATIVE FLASK
12.304016523762959,12.0,1.2000000000000002,0.342004430691049,0.4275055383638113,6.1520082618814795,15.0,8.42048619975471,11.657995569308952,0.6460209544540074,CHERRY BLOSSOM LUGGAGE TAG
14.149721455455499,12.0,8.48528137423857,2.4183365213748518,9.068761955155693,21.224582183183248,45.0,14.706655861661059,9.581663478625149,4.5680579768303495,CHERRY CROCHET FOOD COVER
41.0133884125432,40.0,4.0,1.1400147689701619,2.2230287994918156,31.990442961783696,78.0,43.786528238724486,38.85998523102984,2.1534031815133616,CHERRY DESIGN PAPERLANTERNS
1.02533471031358,1.0,0.1,0.02850036922425408,0.023655306456130887,0.34041112382410854,0.83,0.4659335697197605,0.971499630775746,0.05383507953783395,CHERUB HEART DECORATION GOLD
1.02533471031358,1.0,0.1,0.02850036922425408,0.48308125835110666,6.951769335926072,16.95,9.51514940572282,0.971499630775746,0.05383507953783395,CHEST OF DRAWERS GINGHAM HEART 
96.4491643663665,90.0,25.45584412271571,7.255009564124552,26.197729611666425,139.3105884703897,324.9886363636364,159.48031828158025,82.74499043587545,13.704173930491052,CHICK GREY HOT WATER BOTTLE
61.5200826188148,60.0,6.0,1.7100221534552444,3.5910465222560135,51.67686939980443,126.0,70.73208407793956,58.28997784654476,3.230104772270039,CHILDREN'S APRON DOLLY GIRL 
101.19777164364399,84.0,67.88225099390856,19.346692170998814,31.922042082148042,66.79052928480503,138.6,39.88742863304692,64.65330782900119,36.544463814642796,CHILDREN'S CIRCUS PARADE MUG
89.19777164364399,72.0,67.88225099390856,19.346692170998814,31.922042082148042,58.87052928480504,118.8,28.007428633046917,52.653307829001186,36.5444638146428,CHILDREN'S SPACEBOY MUG
32.81071073003456,32.0,3.2,0.9120118151761306,1.7784230395934546,25.592354369426957,62.4,35.029222590979586,31.08798818482387,1.7227225452106865,CHILDRENS APRON APPLE DESIGN
101.42235382682722,81.0,80.61017305526642,22.9741969530611,44.79968405846915,79.10943598492524,157.95000000000002,34.04087995660563,58.025803046938904,43.396550779888315,CHILDRENS APRON APPLES DESIGN
88.59888582182201,80.0,33.94112549695428,9.673346085499402,18.86302486672383,69.10713094102115,155.99999999999997,68.02984419225498,70.3266539145006,18.272231907321412,CHILDRENS APRON SPACEBOY DESIGN
65.62142146006912,64.0,6.4,1.8240236303522612,7.569698065961885,108.93155962371473,265.6,149.0987423103234,62.17597636964774,3.445445090421373,CHILDRENS CUTLERY CIRCUS PARADE
98.43213219010367,96.0,9.600000000000001,2.736035445528392,11.35454709894283,163.39733943557212,398.40000000000003,223.6481134654851,93.26396455447161,5.168167635632059,CHILDRENS CUTLERY DOLLY GIRL 
41.0133884125432,40.0,4.0,1.1400147689701619,4.7310612912261725,68.08222476482172,166.0,93.18671394395211,38.85998523102984,2.1534031815133616,CHILDRENS CUTLERY POLKADOT BLUE
4.10133884125432,4.0,0.4,0.11400147689701633,0.4731061291226178,6.808222476482171,16.6,9.318671394395212,3.885998523102984,0.2153403181513358,CHILDRENS CUTLERY POLKADOT GREEN 
61.5200826188148,60.0,6.0,1.7100221534552444,7.096591936839265,102.12333714723258,249.00000000000003,139.78007091592818,58.28997784654476,3.230104772270039,CHILDRENS CUTLERY POLKADOT PINK
45.11472725379752,44.0,4.4,1.2540162458671789,5.204167420348793,74.89044724130389,182.60000000000002,102.50538533834734,42.74598375413282,2.3687434996646957,CHILDRENS CUTLERY RETROSPOT RED 
98.43213219010367,96.0,9.600000000000001,2.736035445528392,11.35454709894283,163.39733943557212,398.40000000000003,223.6481134654851,93.26396455447161,5.168167635632059,CHILDRENS CUTLERY SPACEBOY 
24.608033047525918,24.0,2.4000000000000004,0.684008861382098,1.1286146212804617,16.241301811367105,39.599999999999994,22.230083567352427,23.315991138617903,1.2920419089080148,CHILDRENS DOLLY GIRL MUG
42.598885821821995,34.0,33.94112549695428,9.673346085499407,12.091682606874258,21.299442910910997,42.5,9.108874482214745,24.326653914500593,18.2722319073214,CHILDRENS GARDEN GLOVES BLUE
48.03203345879233,38.0,39.59797974644666,11.285570433082642,14.106963041353302,24.016016729396163,47.5,9.377020229250535,26.71442956691736,21.317603891874967,CHILDRENS GARDEN GLOVES PINK
49.216066095051836,48.0,4.800000000000001,1.368017722764196,2.845476863349528,40.94776699108313,99.84,56.04675614556735,46.63198227723581,2.5840838178160297,CHILDRENS TOY COOKING UTENSIL SET
82.0267768250864,80.0,8.0,2.2800295379403237,4.446057598983631,63.98088592356739,156.0,87.57305647744897,77.71997046205968,4.306806363026723,CHILDS APRON SPACEBOY DESIGN
56.97858636553229,52.5,17.67766952966369,5.03820108619761,42.7316120386956,193.30604756967327,445.27989130434787,209.242231695979,47.46179891380239,9.516787451729897,CHILDS BREAKFAST SET CIRCUS PARADE
15.358286909242583,15.0,1.4142135623730951,0.40305608689580863,4.010408064613296,61.12598189878548,149.25,84.11361003660122,14.596943913104191,0.7613429961383922,CHILDS BREAKFAST SET DOLLY GIRL 
51.43314763697033,50.0,5.656854249492381,1.6122243475832345,15.543537378340465,198.34784258886862,482.0525568181818,268.1611768509727,48.387775652416764,3.0453719845535687,CHILDS BREAKFAST SET SPACEBOY 
18.456024785644438,18.0,1.8,0.5130066460365738,1.0773139566768049,15.503060819941329,37.800000000000004,21.219625223381872,17.486993353963427,0.9690314316810102,CHILDS GARDEN BRUSH BLUE
12.304016523762959,12.0,1.2000000000000002,0.342004430691049,0.718209304451203,10.335373879960887,25.200000000000003,14.146416815587912,11.657995569308952,0.6460209544540074,CHILDS GARDEN BRUSH PINK
24.608033047525918,24.0,2.4000000000000004,0.684008861382098,0.5814075321747834,8.366731236158813,20.4,11.451861231666403,23.315991138617903,1.2920419089080148,CHILDS GARDEN FORK BLUE 
12.304016523762959,12.0,1.2000000000000002,0.342004430691049,0.2907037660873917,4.1833656180794065,10.2,5.725930615833201,11.657995569308952,0.6460209544540074,CHILDS GARDEN FORK PINK
4.395717273106458,3.5,3.5355339059327378,1.0076402172395216,2.1160444562029954,3.692402509409425,7.3500000000000005,1.5415530343875803,2.492359782760478,1.9033574903459796,CHILDS GARDEN RAKE BLUE
6.1520082618814795,6.0,0.6000000000000001,0.1710022153455245,0.3591046522256015,5.1676869399804435,12.600000000000001,7.073208407793956,5.828997784654476,0.3230104772270037,CHILDS GARDEN RAKE PINK
6.1520082618814795,6.0,0.6000000000000001,0.1710022153455245,0.3591046522256015,5.1676869399804435,12.600000000000001,7.073208407793956,5.828997784654476,0.3230104772270037,CHILDS GARDEN SPADE BLUE
12.304016523762959,12.0,1.2000000000000002,0.342004430691049,0.718209304451203,10.335373879960887,25.200000000000003,14.146416815587912,11.657995569308952,0.6460209544540074,CHILDS GARDEN SPADE PINK
44.598885821821995,36.0,33.94112549695428,9.673346085499407,8.222344172674497,15.16362117941948,30.599999999999998,7.214034647906022,26.326653914500593,18.2722319073214,CHILDS GARDEN TROWEL BLUE 
52.7486072772775,42.0,42.42640687119285,12.09168260687426,10.27793021584312,17.934526474274353,35.699999999999996,7.487543309882522,29.908317393125742,22.84028988415176,CHILDS GARDEN TROWEL PINK
4.10133884125432,4.0,0.4,0.11400147689701633,0.5643073106402309,8.120650905683554,19.8,11.115041783676215,3.885998523102984,0.2153403181513358,CHILLI LIGHTS
49.216066095051836,48.0,4.800000000000001,1.368017722764196,0.5745674435609623,8.268299103968708,20.16,11.31713345247033,46.63198227723581,2.5840838178160297,CHINESE DRAGON PAPER LANTERNS
36.912049571288875,36.0,3.6,1.0260132920731475,1.6929219319206932,24.361952717050656,59.39999999999999,33.34512535102864,34.973986707926855,1.9380628633620205,CHOC TRUFFLE GOLD TRINKET POT 
182.03743036386388,181.5,2.1213203435596424,0.6045841303437122,0.7557301629296402,91.01871518193194,226.875,135.1005546551384,180.8954158696563,1.1420144942075865,CHOCOLATE BOX RIBBONS 
12.304016523762959,12.0,1.2000000000000002,0.342004430691049,0.5643073106402309,8.120650905683553,19.799999999999997,11.115041783676213,11.657995569308952,0.6460209544540074,CHOCOLATE CALCULATOR
5.1266735515679,5.0,0.5,0.14250184612127023,0.7053841383002877,10.150813632104443,24.75,13.89380222959527,4.85749815387873,0.2691753976891702,CHOCOLATE HOT WATER BOTTLE
15.3800206547037,15.0,1.5,0.4275055383638111,0.8977616305640034,12.919217349951108,31.5,17.68302101948489,14.57249446163619,0.8075261930675097,CHOCOLATE THIS WAY METAL SIGN
24.608033047525918,24.0,2.4000000000000004,0.684008861382098,0.28728372178048117,4.134149551984354,10.08,5.658566726235165,23.315991138617903,1.2920419089080148,CHRISTMAS CARD SCREEN PRINT 
69.55240218326391,52.0,69.2820323027551,19.74563501235217,7.990400301665178,11.258215500064319,21.042666666666666,1.7940508649371685,32.25436498764783,37.298037195616075,CHRISTMAS CARD SINGING ANGEL
35.02096087330556,28.0,27.712812921102035,7.898254004940868,3.0145002785524313,5.346533359991316,10.686666666666666,2.3256330281229185,20.101745995059133,14.919214878246429,CHRISTMAS CARD STACK OF PRESENTS
6.1520082618814795,6.0,0.6000000000000001,0.1710022153455245,0.3591046522256015,5.1676869399804435,12.600000000000001,7.073208407793956,5.828997784654476,0.3230104772270037,CHRISTMAS CRAFT HEART STOCKING 
60.898328732733,48.0,50.91168824543142,14.51001912824911,30.471040169323135,51.15459613549572,100.80000000000001,19.174363695181153,33.48998087175089,27.40834786098211,CHRISTMAS CRAFT LITTLE FRIENDS
26.1497214554555,24.0,8.48528137423857,2.4183365213748518,5.078506694887189,21.96576602258262,50.400000000000006,23.355727282530196,21.58166347862515,4.5680579768303495,CHRISTMAS CRAFT TREE TOP ANGEL
43.06405783317036,42.0,4.2,1.1970155074186704,1.735672485757072,24.977153543238806,60.9,34.18717397100412,40.80298449258133,2.2610733405890286,CHRISTMAS CRAFT WHITE FAIRY 
172.25623133268144,168.0,16.8,4.788062029674681,3.8623700372709098,55.58134397667854,135.51999999999998,76.07628598605054,163.21193797032532,9.044293362356115,CHRISTMAS GINGHAM HEART
126.096100376377,96.0,118.79393923933998,33.85671129924792,28.228033045747953,42.05304947552173,80.03999999999999,9.758917478730307,62.14328870075208,63.952811675624915,CHRISTMAS GINGHAM STAR
24.608033047525918,24.0,2.4000000000000004,0.684008861382098,0.5814075321747834,8.366731236158813,20.4,11.451861231666403,23.315991138617903,1.2920419089080148,CHRISTMAS GINGHAM TREE
1.02533471031358,1.0,0.1,0.02850036922425408,0.0356254615303176,0.51266735515679,1.25,0.7017071833128924,0.971499630775746,0.05383507953783395,CHRISTMAS HANGING TREE WITH BELL
8.112291091591624,6.5,6.363961030678928,1.8137523910311388,15.41689532376468,27.581789711411524,55.25,12.251314964823797,4.686247608968861,3.426043482622763,CHRISTMAS LIGHTS 10 REINDEER
7.074860727727749,6.0,4.242640687119285,1.2091682606874259,5.985382890402758,14.008224240900946,29.700000000000003,9.706392868696298,4.7908317393125746,2.2840289884151748,CHRISTMAS LIGHTS 10 VINTAGE BAUBLES
6.1520082618814795,6.0,0.6000000000000001,0.1710022153455245,0.21375276918190564,3.0760041309407398,7.5,4.210243099877355,5.828997784654476,0.3230104772270037,CHRISTMAS METAL POSTCARD WITH BELLS
140.598885821822,132.0,33.94112549695428,9.673346085499407,7.907960424895764,45.975835663735786,107.90999999999998,54.026203911368434,122.3266539145006,18.272231907321398,CHRISTMAS METAL TAGS ASSORTED 
69.0480501881885,54.0,59.39696961966999,16.92835564962396,14.389102302180365,23.47633706398409,45.9,8.034560633835543,37.07164435037604,31.976405837812457,CHRISTMAS RETROSPOT ANGEL WOOD
159.95221480891848,156.0,15.600000000000001,4.446057598983631,3.49015521520215,50.22499545000041,122.46,68.74484933479744,151.55394240101637,8.398272407902112,CHRISTMAS RETROSPOT HEART WOOD
166.8447076536545,126.0,161.22034611053283,45.94839390612218,38.629471162504146,56.10749168810039,105.93,11.193037149395472,80.05160609387782,86.79310155977667,CHRISTMAS RETROSPOT STAR WOOD
150.54526474274348,114.0,144.2497833620557,41.11172086337249,34.499585757846745,50.53302719864757,95.66499999999999,10.63238704350568,72.88827913662752,77.65698560611597,CHRISTMAS RETROSPOT TREE WOOD
159.95221480891848,156.0,15.600000000000001,4.446057598983631,3.49015521520215,50.22499545000041,122.46,68.74484933479744,151.55394240101637,8.398272407902112,CHRISTMAS STAR WISH LIST CHALKBOARD
16.40535536501728,16.0,1.6,0.4560059075880653,0.3784849032980942,5.446577981185737,13.28,7.454937115516168,15.543994092411936,0.8613612726053432,CHRISTMAS TABLE SILVER CANDLE SPIKE
12.304016523762959,12.0,1.2000000000000002,0.342004430691049,0.4275055383638113,6.1520082618814795,15.0,8.42048619975471,11.657995569308952,0.6460209544540074,CHRISTMAS TOILET ROLL
36.912049571288875,36.0,3.6,1.0260132920731475,0.43092558267072195,6.201224327976531,15.12,8.487850089352746,34.973986707926855,1.9380628633620205,CHRISTMAS TREE DECORATION WITH BELL
12.304016523762959,12.0,1.2000000000000002,0.342004430691049,0.28386367747357066,4.0849334858893025,9.959999999999999,5.591202836637126,11.657995569308952,0.6460209544540074,CHRISTMAS TREE HANGING GOLD
98.43213219010367,96.0,9.600000000000001,2.736035445528392,1.1491348871219247,16.536598207937416,40.32,22.63426690494066,93.26396455447161,5.168167635632059,CHRISTMAS TREE HEART DECORATION
98.43213219010367,96.0,9.600000000000001,2.736035445528392,0.5198467346503945,7.48084204644788,18.240000000000002,10.239311218901728,93.26396455447161,5.168167635632059,CHRISTMAS TREE PAINTED ZINC 
36.912049571288875,36.0,3.6,1.0260132920731475,0.43092558267072195,6.201224327976531,15.12,8.487850089352746,34.973986707926855,1.9380628633620205,CHRISTMAS TREE STAR DECORATION
43.06405783317036,42.0,4.2,1.1970155074186704,2.783061054748409,40.04957378484844,97.65,54.817365160403156,40.80298449258133,2.2610733405890286,CHRYSANTHEMUM  JOURNAL
282.9923800465481,276.0,27.6,7.866101905894118,5.860245919891118,84.33172925387133,205.62,115.42802482623756,268.13389809410586,14.858481952442219,CHRYSANTHEMUM POCKET BOOK 
12.304016523762959,12.0,1.2000000000000002,0.342004430691049,0.2907037660873917,4.1833656180794065,10.2,5.725930615833201,11.657995569308952,0.6460209544540074,CINAMMON SET OF 9 T-LIGHTS
13.329351234076539,13.0,1.3,0.3705047999153033,6.28005635856439,90.37300136703894,220.35,123.69694227439666,12.629495200084698,0.6998560339918409,CIRCUS PARADE BABY GIFT SET
44.598885821821995,36.0,33.94112549695428,9.673346085499407,12.091682606874258,22.299442910910997,45.0,10.608874482214745,26.326653914500593,18.2722319073214,CIRCUS PARADE CHILDRENS EGG CUP 
224.1497214554555,222.0,8.48528137423857,2.4183365213748487,4.715756216680955,174.8367827352553,432.9,253.34746104806376,219.58166347862516,4.568057976830346,CIRCUS PARADE LUNCH BOX 
12.304016523762959,12.0,1.2000000000000002,0.342004430691049,0.4275055383638113,6.1520082618814795,15.0,8.42048619975471,11.657995569308952,0.6460209544540074,CITRONELLA CANDLE GARDEN POT
1.02533471031358,1.0,0.1,0.02850036922425408,0.1068763845909528,1.5380020654703699,3.75,2.1051215499386773,0.971499630775746,0.05383507953783395,CLAM SHELL LARGE
4.395717273106458,3.5,3.5355339059327378,1.0076402172395216,2.1160444562029954,3.692402509409425,7.3500000000000005,1.5415530343875803,2.492359782760478,1.9033574903459796,CLAM SHELL SMALL 
24.608033047525918,24.0,2.4000000000000004,0.684008861382098,0.9918128490040421,14.272659167565031,34.8,19.535527983430924,23.315991138617903,1.2920419089080148,CLASSIC BICYCLE CLIPS 
36.912049571288875,36.0,3.6,1.0260132920731475,1.2825166150914344,18.456024785644438,45.0,25.261458599264127,34.973986707926855,1.9380628633620205,CLASSIC CAFE SUGAR DISPENSER
36.912049571288875,36.0,3.6,1.0260132920731475,1.4877192735060638,21.408988751347547,52.199999999999996,29.303291975146387,34.973986707926855,1.9380628633620205,CLASSIC CHROME BICYCLE BELL 
18.456024785644438,18.0,1.8,0.5130066460365738,2.1289775810517813,30.63700114416977,74.7,41.93402127477845,17.486993353963427,0.9690314316810102,CLASSIC GLASS COOKIE JAR
4.10133884125432,4.0,0.4,0.11400147689701633,1.4535188304369582,20.916828090397033,51.0,28.629653079166008,3.885998523102984,0.2153403181513358,CLASSIC METAL BIRDCAGE PLANT HOLDER
24.608033047525918,24.0,2.4000000000000004,0.684008861382098,0.8550110767276226,12.304016523762959,30.0,16.84097239950942,23.315991138617903,1.2920419089080148,CLEAR DRAWER KNOB ACRYLIC EDWARDIAN
6.1520082618814795,6.0,0.6000000000000001,0.1710022153455245,0.3591046522256015,5.1676869399804435,12.600000000000001,7.073208407793956,5.828997784654476,0.3230104772270037,CLEAR MILKSHAKE GLASS
24.608033047525918,24.0,2.4000000000000004,0.684008861382098,1.9767856093942635,28.446886202939965,69.36,38.93632818766577,23.315991138617903,1.2920419089080148,CLOCK MAGNET MUM'S KITCHEN
230.6147285653997,183.5,185.969083452062,53.00187542679883,76.65396233600781,133.41062047508373,265.38687500000003,55.32229218890849,130.49812457320115,100.11660399219855,CLOTHES PEGS RETROSPOT PACK 24 
185.21311694171663,151.0,135.04443713089407,38.488163199120464,97.52625639205702,187.7267235287828,382.62321428571425,97.37023436487443,112.51183680087954,72.7012801408371,COFFEE MUG APPLES DESIGN
10.07486072772775,9.0,4.242640687119285,1.2091682606874259,3.0833790647529358,10.276357942282305,22.95,9.590262992964758,7.7908317393125746,2.2840289884151748,COFFEE MUG BLUE PAISLEY DESIGN
52.52402509409425,45.0,29.698484809834994,8.46417782481198,21.583653453270546,53.574505595976134,114.74999999999999,39.59184095075331,36.53582217518802,15.988202918906232,COFFEE MUG CAT + BIRD DESIGN
36.912049571288875,36.0,3.6,1.0260132920731475,2.616333894786526,37.65029056271465,91.8,51.53337554249882,34.973986707926855,1.9380628633620205,COFFEE MUG DOG + BALL DESIGN
95.02472546989881,74.33333333333333,81.67210866221916,23.276852521966447,59.16200015999805,96.60847089439712,188.93055555555554,33.16008450116038,51.05648081136688,43.96824465853193,COFFEE MUG PEARS  DESIGN
26.866295273940665,24.0,11.313708498984761,3.224448695166469,2.095891651858205,6.9852367712245735,15.600000000000001,6.518871576917222,20.77555130483353,6.090743969107134,COLOUR GLASS T-LIGHT HOLDER HANGING
8.20267768250864,8.0,0.8,0.22800295379403265,0.7410095998306061,10.66348098726123,26.0,14.595509412908163,7.771997046205968,0.4306806363026716,COLOUR GLASS. STAR T-LIGHT HOLDER
39.98805370222962,39.0,3.9000000000000004,1.1115143997459078,6.243005878572849,89.8398273176759,219.05,122.96716680375128,37.88848560025409,2.099568101975528,COLOURFUL FISHING GNOME
55.36807435693332,54.0,5.4,1.539019938109719,4.796612140441958,69.02553269831023,168.3,94.47785516124782,52.46098006189028,2.907094295043038,COLOURFUL STANDING GNOME
148.6629527394067,120.0,113.13708498984761,32.24448695166467,37.24238242917269,68.6822841656059,138.6,32.675333405221394,87.75551304833533,60.907439691071374,COLOURING PENCILS BROWN TUBE
3.0760041309407398,3.0,0.30000000000000004,0.08550110767276226,0.4659810368165543,6.705689005450814,16.35,9.178329957732632,2.914498892327238,0.16150523861350186,CONGRATULATIONS BUNTING
12.304016523762959,12.0,1.2000000000000002,0.342004430691049,0.6669086398475456,9.597132888535109,23.4,13.135958471617345,11.657995569308952,0.6460209544540074,COOK WITH WINE METAL SIGN 
25.633367757839498,25.0,2.5,0.7125092306063521,6.959433909947544,100.14956782987892,244.1875,137.07849826017355,24.28749076939365,1.3458769884458484,COOKING SET RETROSPOT
22.299442910910997,18.0,16.97056274847714,4.8366730427497036,10.157013389774377,18.73153204516524,37.800000000000004,8.911454565060389,13.163326957250296,9.1361159536607,COSMETIC BAG VINTAGE ROSE PAISLEY
54.898328732733,42.0,50.91168824543142,14.51001912824911,42.07905547192242,63.68206132997029,121.80000000000001,16.0388831981073,27.489980871750888,27.40834786098211,COSY SLIPPER SHOES LARGE GREEN
12.304016523762959,12.0,1.2000000000000002,0.342004430691049,1.0089130705385947,14.518739498040294,35.400000000000006,19.87234743142112,11.657995569308952,0.6460209544540074,COSY SLIPPER SHOES SMALL GREEN
63.570752039441956,62.0,6.2,1.7670228919037527,8.499380110057052,122.31012692388634,298.22,167.41049296605664,60.23297710809625,3.337774931345706,COTTON APRON PANTRY DESIGN
6.1520082618814795,6.0,0.6000000000000001,0.1710022153455245,0.7267594152184792,10.458414045198516,25.5,14.314826539583004,5.828997784654476,0.3230104772270037,COUNTRY COTTAGE  DOORSTOP GREEN
100.7486072772775,90.0,42.42640687119285,12.09168260687426,5.078506694887189,16.92576602258262,37.8,15.795727282530187,77.90831739312574,22.84028988415176,COWBOYS AND INDIANS BIRTHDAY CARD 
12.304016523762959,12.0,1.2000000000000002,0.342004430691049,0.4275055383638113,6.1520082618814795,15.0,8.42048619975471,11.657995569308952,0.6460209544540074,CRAZY DAISY HEART DECORATION
46.03203345879233,36.0,39.59797974644666,11.285570433082642,39.31140367523787,64.13796661925065,125.4,21.95062970551149,24.71442956691736,21.317603891874967,CREAM CUPID HEARTS COAT HANGER
18.224582183183248,15.0,12.727922061357855,3.6275047820622777,5.985382890402758,12.028224240900943,24.75,6.736392868696298,11.372495217937722,6.852086965245526,CREAM FELT EASTER EGG BASKET
17.76261940591356,14.666666666666666,12.220201853215572,3.482802648115576,13.757070460056527,28.064938661343433,57.93333333333334,16.11132421193338,11.183864018551091,6.57875538736247,CREAM HEART CARD HOLDER
6.1520082618814795,6.0,0.6000000000000001,0.1710022153455245,0.5044565352692973,7.259369749020147,17.700000000000003,9.93617371571056,5.828997784654476,0.3230104772270037,CREAM SLICE FLANNEL CHOCOLATE SPOT 
10.2533471031358,10.0,1.0,0.28500369224254046,1.5532701227218455,22.352296684836045,54.5,30.594433192442107,9.71499630775746,0.5383507953783404,CREAM SWEETHEART LETTER RACK
2.05066942062716,2.0,0.2,0.05700073844850816,0.7267594152184791,10.458414045198516,25.5,14.314826539583004,1.942999261551492,0.1076701590756679,CREAM SWEETHEART MINI CHEST
8.20267768250864,8.0,0.8,0.22800295379403265,1.8126234826625596,26.084515030377474,63.6,35.70286148695997,7.771997046205968,0.4306806363026716,CREAM SWEETHEART SHELF + HOOKS
1.02533471031358,1.0,0.1,0.02850036922425408,0.5400819967996149,7.772037104176936,18.95,10.63788089902345,0.971499630775746,0.05383507953783395,CREAM SWEETHEART WALL CABINET
2.05066942062716,2.0,0.2,0.05700073844850816,0.3391543937686236,4.880593221092641,11.9,6.680252385138735,1.942999261551492,0.1076701590756679,CREAM WALL PLANTER HEART SHAPED
6.1520082618814795,6.0,0.6000000000000001,0.1710022153455245,0.28215365532011544,4.060325452841776,9.899999999999999,5.557520891838107,5.828997784654476,0.3230104772270037,CROCHET POODLE KEYRING
36.912049571288875,36.0,3.6,1.0260132920731475,3.0267392116157854,43.55621849412088,106.2,59.61704229426334,34.973986707926855,1.9380628633620205,CROCHET ROSE PURSE WITH SUEDE BACK
24.608033047525918,24.0,2.4000000000000004,0.684008861382098,4.069852725223483,58.56711865311169,142.8,80.16302862166484,23.315991138617903,1.2920419089080148,CROSS STITCH ALPHABET CUSHION COVER
12.304016523762959,12.0,1.2000000000000002,0.342004430691049,0.2907037660873917,4.1833656180794065,10.2,5.725930615833201,11.657995569308952,0.6460209544540074,CRYSTAL SEA HORSE PHONE CHARM
12.304016523762959,12.0,1.2000000000000002,0.342004430691049,0.8721112982621749,12.550096854238218,30.599999999999998,17.177791847499606,11.657995569308952,0.6460209544540074,CUBIC MUG PINK POLKA DOT
12.304016523762959,12.0,1.2000000000000002,0.342004430691049,0.6669086398475456,9.597132888535109,23.4,13.135958471617345,11.657995569308952,0.6460209544540074,CUPCAKE LACE PAPER SET 6
12.304016523762959,12.0,1.2000000000000002,0.342004430691049,0.8721112982621749,12.550096854238218,30.599999999999998,17.177791847499606,11.657995569308952,0.6460209544540074,CUPID DESIGN SCENTED CANDLES
2.05066942062716,2.0,0.2,0.05700073844850816,0.46455601835534155,6.685182311244541,16.3,9.150261670400116,1.942999261551492,0.1076701590756679,CURIO CABINET LINEN AND LACE 
24.608033047525918,24.0,2.4000000000000004,0.684008861382098,0.44460575989836376,6.398088592356739,15.600000000000001,8.757305647744898,23.315991138617903,1.2920419089080148,CURIOUS IMAGES GIFT WRAP SET
2.05066942062716,2.0,0.2,0.05700073844850816,0.3391543937686236,4.880593221092641,11.9,6.680252385138735,1.942999261551492,0.1076701590756679,CUSHION COVER PINK UNION JACK
92.598885821822,84.0,33.94112549695428,9.673346085499407,5.6519979270989396,21.641682457785826,49.08,21.786319615115232,74.3266539145006,18.272231907321398,CUTE CATS TAPE
5.037430363863875,4.5,2.1213203435596424,0.6045841303437129,2.992691445201379,9.974112120450473,22.275000000000002,9.308196434348151,3.8954158696562873,1.1420144942075874,DAIRY MAID LARGE MILK JUG
12.304016523762959,12.0,1.2000000000000002,0.342004430691049,1.0089130705385947,14.518739498040294,35.400000000000006,19.87234743142112,11.657995569308952,0.6460209544540074,DAIRY MAID STRIPE MUG
4.10133884125432,4.0,0.4,0.11400147689701633,0.7923102644342634,11.401721978687009,27.8,15.605967756878727,3.885998523102984,0.2153403181513358,DAIRY MAID TRADITIONAL TEAPOT 
20.1497214554555,18.0,8.48528137423857,2.4183365213748518,3.9902552602685053,13.29881616060063,29.7,12.410928579130864,15.581663478625149,4.5680579768303495,DAISIES  HONEYCOMB GARLAND 
1.02533471031358,1.0,0.1,0.02850036922425408,0.0356254615303176,0.51266735515679,1.25,0.7017071833128924,0.971499630775746,0.05383507953783395,DAISY GARDEN MARKER
12.304016523762959,12.0,1.2000000000000002,0.342004430691049,0.5643073106402309,8.120650905683553,19.799999999999997,11.115041783676213,11.657995569308952,0.6460209544540074,DAISY HAIR BAND
73.82409914257775,72.0,7.2,2.052026584146295,4.309255826707219,62.012243279765315,151.20000000000002,84.87850089352749,69.94797341585371,3.876125726724041,DAISY JOURNAL 
18.224582183183244,15.0,12.727922061357855,3.627504782062279,6.057932986044006,12.174020898366408,25.049999999999997,6.818046115589584,11.372495217937722,6.8520869652455225,DANISH ROSE PHOTO FRAME
11.149721455455499,9.0,8.48528137423857,2.4183365213748518,10.27793021584312,18.95452647427435,38.25,9.01754330988253,6.581663478625148,4.56805797683035,DANISH ROSE ROUND SEWING BOX
2.05066942062716,2.0,0.2,0.05700073844850816,0.3391543937686236,4.880593221092641,11.9,6.680252385138735,1.942999261551492,0.1076701590756679,DANISH ROSE TRINKET TRAYS
24.608033047525918,24.0,2.4000000000000004,0.684008861382098,0.1983625698008084,2.8545318335130063,6.959999999999999,3.907105596686185,23.315991138617903,1.2920419089080148,DARK BIRD HOUSE TREE DECORATION
24.608033047525918,24.0,2.4000000000000004,0.684008861382098,0.8550110767276226,12.304016523762959,30.0,16.84097239950942,23.315991138617903,1.2920419089080148,DECORATIVE CATS BATHROOM BOTTLE
12.304016523762959,12.0,1.2000000000000002,0.342004430691049,0.4275055383638113,6.1520082618814795,15.0,8.42048619975471,11.657995569308952,0.6460209544540074,DECORATIVE FLORE BATHROOM BOTTLE
12.304016523762959,12.0,1.2000000000000002,0.342004430691049,0.4275055383638113,6.1520082618814795,15.0,8.42048619975471,11.657995569308952,0.6460209544540074,DECORATIVE ROSE BATHROOM BOTTLE
12.304016523762959,12.0,1.2000000000000002,0.342004430691049,0.14364186089024059,2.067074775992177,5.04,2.8292833631175824,11.657995569308952,0.6460209544540074,"DECOUPAGE,GREETING CARD,"
35.657729820153584,31.0,18.384776310850235,5.239729129645511,31.17638832139079,84.86539697196554,184.45000000000002,68.40821470664369,25.76027087035449,9.897458949799095,DELUXE SEWING KIT 
6.1520082618814795,6.0,0.6000000000000001,0.1710022153455245,0.3591046522256015,5.1676869399804435,12.600000000000001,7.073208407793956,5.828997784654476,0.3230104772270037,DENIM PATCH PENCIL CASE BUTTERFLY
24.608033047525918,24.0,2.4000000000000004,0.684008861382098,0.28728372178048117,4.134149551984354,10.08,5.658566726235165,23.315991138617903,1.2920419089080148,DINOSAUR BIRTHDAY CARD
27.39571727310646,26.5,3.5355339059327378,1.007640217239521,2.972538640856587,32.326946382265625,78.17500000000001,42.8755149768778,25.49235978276048,1.9033574903459787,DINOSAUR HEIGHT CHART STICKER SET
168.4491643663665,162.0,25.45584412271571,7.255009564124558,1.5235520084661571,14.149729806774786,34.019999999999996,18.34671818475905,154.74499043587545,13.704173930491038,DINOSAUR KEYRINGS ASSORTED
101.42235382682725,81.0,80.61017305526642,22.97419695306109,57.72266984456599,101.92946559596139,203.51250000000002,43.860364559472636,58.02580304693891,43.39655077988834,DINOSAUR LUNCH BOX WITH CUTLERY
30.7600413094074,30.0,3.0,0.8550110767276222,2.1802782456554364,31.375242135595546,76.5,42.94447961874902,29.14498892327238,1.6150523861350194,DINOSAUR LUNCHBOX WITH CUTLERY
66.33687327477487,61.5,19.091883092036785,5.441257173093417,8.978074335604138,43.78233636135142,101.475,48.714589303044434,56.05874282690658,10.278130447868293,DINOSAUR PARTY BAG + STICKER SET
36.449164366366496,30.0,25.45584412271571,7.255009564124555,11.970765780805516,24.056448481801887,49.5,13.472785737392597,22.744990435875444,13.704173930491052,DINOSAURS  WRITING SET 
147.6481982851555,144.0,14.4,4.10405316829259,3.4884451930487015,50.20038741695287,122.39999999999999,68.71116738999842,139.89594683170742,7.752251453448082,DINOSAURS WATER TRANSFER TATTOOS 
24.608033047525918,24.0,2.4000000000000004,0.684008861382098,0.08208106336585176,1.1811855862812441,2.88,1.616733350352904,23.315991138617903,1.2920419089080148,DISCO BALL CHRISTMAS DECORATION
2.05066942062716,2.0,0.2,0.05700073844850816,0.2422531384061597,3.4861380150661723,8.5,4.771608846527668,1.942999261551492,0.1076701590756679,DISCO BALL ROTATOR BATTERY OPERATED
12.304016523762959,12.0,1.2000000000000002,0.342004430691049,0.49590642450202105,7.136329583782516,17.4,9.767763991715462,11.657995569308952,0.6460209544540074,DO NOT TOUCH MY STUFF DOOR HANGER 
4.6791434546212916,4.5,0.7071067811865476,0.20152804344790431,1.8036759888587435,16.751333567544226,40.275,21.71999044359703,4.2984719565520955,0.3806714980691961,DOCTOR'S BAG SOFT TOY
14.149721455455499,12.0,8.48528137423857,2.4183365213748518,9.068761955155693,21.224582183183248,45.0,14.706655861661059,9.581663478625149,4.5680579768303495,"DOG BOWL , CHASING BALL DESIGN"
18.456024785644438,18.0,1.8,0.5130066460365738,1.9237749226371517,27.684037178466657,67.5,37.892187898896196,17.486993353963427,0.9690314316810102,DOG BOWL CHASING BALL DESIGN
4.10133884125432,4.0,0.4,0.11400147689701633,0.4845062768123194,6.9722760301323445,17.0,9.543217693055336,3.885998523102984,0.2153403181513358,DOG BOWL VINTAGE CREAM
8.20267768250864,8.0,0.8,0.22800295379403265,0.8550110767276224,12.304016523762959,30.0,16.84097239950942,7.771997046205968,0.4306806363026716,DOG TOY WITH PINK CROCHET SKIRT
49.216066095051836,48.0,4.800000000000001,1.368017722764196,3.953571218788527,56.89377240587993,138.72,77.87265637533154,46.63198227723581,2.5840838178160297,DOILEY STORAGE TIN
12.304016523762959,12.0,1.2000000000000002,0.342004430691049,0.14364186089024059,2.067074775992177,5.04,2.8292833631175824,11.657995569308952,0.6460209544540074,DOILY THANK YOU CARD
2.05066942062716,2.0,0.2,0.05700073844850816,0.7125092306063521,10.253347103135798,25.0,14.03414366625785,1.942999261551492,0.1076701590756679,DOLLY CABINET 2 DRAWERS 
6.1520082618814795,6.0,0.6000000000000001,0.1710022153455245,2.5564831194155913,36.78900940605125,89.69999999999999,50.35450747453315,5.828997784654476,0.3230104772270037,DOLLY GIRL BABY GIFT SET
114.83748755512096,112.0,11.200000000000001,3.192041353116455,3.9900516913955686,57.41874377756048,140.0,78.59120453104396,108.80795864688355,6.02952890823741,DOLLY GIRL CHILDRENS BOWL
98.43213219010367,96.0,9.600000000000001,2.736035445528392,3.42004430691049,49.216066095051836,120.0,67.36388959803767,93.26396455447161,5.168167635632059,DOLLY GIRL CHILDRENS CUP
12.304016523762959,12.0,1.2000000000000002,0.342004430691049,0.4275055383638113,6.1520082618814795,15.0,8.42048619975471,11.657995569308952,0.6460209544540074,DOLLY GIRL CHILDRENS EGG CUP
163.46518109576266,152.0,45.254833995939045,12.897794780665876,24.974820802562103,126.61121299417253,294.3272727272727,142.74123893053806,139.1022052193341,24.36297587642855,DOLLY GIRL LUNCH BOX
8.20267768250864,8.0,0.8,0.22800295379403265,0.9462122582452356,13.616444952964342,33.2,18.637342788790423,7.771997046205968,0.4306806363026716,DOLLY GIRL MINI BACKPACK
24.608033047525918,24.0,2.4000000000000004,0.684008861382098,1.1286146212804617,16.241301811367105,39.599999999999994,22.230083567352427,23.315991138617903,1.2920419089080148,DOLLY HONEYCOMB GARLAND
24.608033047525918,24.0,2.4000000000000004,0.684008861382098,0.9918128490040421,14.272659167565031,34.8,19.535527983430924,23.315991138617903,1.2920419089080148,DOOR HANGER  MUM + DADS ROOM
6.1520082618814795,6.0,0.6000000000000001,0.1710022153455245,1.2808065929379784,18.431416752596913,44.94,25.227776654465107,5.828997784654476,0.3230104772270037,DOOR MAT AIRMAIL 
4.10133884125432,4.0,0.4,0.11400147689701633,0.8538710619586524,12.287611168397943,29.96,16.818517769643403,3.885998523102984,0.2153403181513358,DOOR MAT BIRD ON THE WIRE
4.10133884125432,4.0,0.4,0.11400147689701633,0.8538710619586524,12.287611168397943,29.96,16.818517769643403,3.885998523102984,0.2153403181513358,DOOR MAT BLACK FLOCK 
2.05066942062716,2.0,0.2,0.05700073844850816,0.4269355309793262,6.143805584198971,14.98,8.409258884821702,1.942999261551492,0.1076701590756679,DOOR MAT ENGLISH ROSE 
18.456024785644438,18.0,1.8,0.5130066460365738,3.747513549297171,53.92850442365305,131.49,73.81398202704979,17.486993353963427,0.9690314316810102,DOOR MAT FAIRY CAKE
6.1520082618814795,6.0,0.6000000000000001,0.1710022153455245,1.2808065929379786,18.431416752596917,44.94,25.227776654465103,5.828997784654476,0.3230104772270037,DOOR MAT FANCY FONT HOME SWEET HOME
8.20267768250864,8.0,0.8,0.22800295379403265,1.7077421239173047,24.575222336795886,59.92,33.637035539286806,7.771997046205968,0.4306806363026716,DOOR MAT FRIENDSHIP 
2.05066942062716,2.0,0.2,0.05700073844850816,0.4269355309793262,6.143805584198971,14.98,8.409258884821702,1.942999261551492,0.1076701590756679,DOOR MAT GREEN PAISLEY 
8.20267768250864,8.0,0.8,0.22800295379403265,1.7077421239173047,24.575222336795886,59.92,33.637035539286806,7.771997046205968,0.4306806363026716,DOOR MAT HEARTS
8.20267768250864,8.0,0.8,0.22800295379403265,1.7077421239173047,24.575222336795886,59.92,33.637035539286806,7.771997046205968,0.4306806363026716,DOOR MAT MULTICOLOUR STRIPE
2.05066942062716,2.0,0.2,0.05700073844850816,0.4269355309793262,6.143805584198971,14.98,8.409258884821702,1.942999261551492,0.1076701590756679,DOOR MAT NEIGHBOURHOOD WITCH 
22.55736362689876,22.0,2.2,0.6270081229335894,4.517593525736512,65.01032197272222,158.51,88.98208450154125,21.37299187706641,1.1843717498323478,DOOR MAT NEW ENGLAND
71.77342972195059,70.0,7.0,1.9950258456977867,13.931930489122877,200.48711368998198,488.8333333333333,274.41428915422847,68.00497415430222,3.768455567648374,DOOR MAT RED SPOT
2.05066942062716,2.0,0.2,0.05700073844850816,0.4269355309793262,6.143805584198971,14.98,8.409258884821702,1.942999261551492,0.1076701590756679,DOOR MAT RESPECTABLE HOUSE
36.912049571288875,36.0,3.6,1.0260132920731475,6.983046465849842,100.48936375287686,245.016,137.54358978127328,34.973986707926855,1.9380628633620205,DOOR MAT SPOTTY HOME SWEET HOME
8.20267768250864,8.0,0.8,0.22800295379403265,1.7077421239173047,24.575222336795886,59.92,33.637035539286806,7.771997046205968,0.4306806363026716,DOOR MAT TOPIARY
14.35468594439012,14.0,1.4000000000000001,0.39900516913955686,2.7611157704457336,39.73377069407186,96.88,54.385113535482404,13.600994830860444,0.7536911135296762,DOOR MAT UNION FLAG
8.20267768250864,8.0,0.8,0.22800295379403265,1.7077421239173047,24.575222336795886,59.92,33.637035539286806,7.771997046205968,0.4306806363026716,DOOR MAT WELCOME PUPPIES
30.470578000834205,28.5,7.7781745930520225,2.216808477926948,16.243664122009715,89.30926412044506,208.83375,103.28082175754523,26.283191522073054,4.187386478761152,DOORMAT AIRMAIL 
10.07486072772775,9.0,4.242640687119285,1.2091682606874259,9.250137194258809,30.82907382684692,68.85000000000001,28.770788978894277,7.7908317393125746,2.2840289884151748,DOORMAT BLACK FLOCK 
2.05066942062716,2.0,0.2,0.05700073844850816,0.4531558706656399,6.521128757594369,15.9,8.925715371739992,1.942999261551492,0.1076701590756679,DOORMAT CHRISTMAS VILLAGE
14.224582183183246,11.0,12.727922061357855,3.627504782062279,29.11072587604979,45.66090880801823,88.275,13.503365315931987,7.372495217937721,6.852086965245525,DOORMAT ENGLISH ROSE 
36.866295273940665,34.0,11.313708498984761,3.224448695166469,24.913702843203723,113.93897217364103,262.70099999999996,123.8483249831552,30.77555130483353,6.090743969107134,DOORMAT FAIRY CAKE
27.09087745712391,21.0,24.041630560342615,6.851953477228749,51.6722941601513,81.71963184941427,158.36625,24.974323990434435,14.148046522771251,12.942830934352658,DOORMAT FANCY FONT HOME SWEET HOME
15.433147636970334,14.0,5.656854249492381,1.6122243475832339,10.854300420104122,41.561466586361114,94.255,41.83923299353476,12.387775652416765,3.0453719845535687,DOORMAT HEARTS
8.716573818485166,8.0,2.8284271247461903,0.8061121737916173,5.985382890402758,25.888224240900946,59.4,27.526392868696295,7.193887826208383,1.5226859922767835,DOORMAT HOME SWEET HOME BLUE 
5.1266735515679,5.0,0.5,0.14250184612127023,1.1542649535822889,16.610422307079997,40.5,22.735312739337715,4.85749815387873,0.2691753976891702,DOORMAT I LOVE LONDON
25.633367757839498,25.0,2.5,0.7125092306063521,5.668010929473532,81.56537620544529,198.87500000000003,111.64161286508121,24.28749076939365,1.3458769884458484,DOORMAT KEEP CALM AND COME IN
10.2533471031358,10.0,1.0,0.28500369224254046,2.0178261410771867,29.03747899608059,70.8,39.744694862842216,9.71499630775746,0.5383507953783404,DOORMAT MERRY CHRISTMAS RED 
12.304016523762959,12.0,1.2000000000000002,0.342004430691049,2.5701632966432335,36.98587367043146,90.18,50.62396303292532,11.657995569308952,0.6460209544540074,DOORMAT MULTICOLOUR STRIPE
16.40535536501728,16.0,1.6,0.4560059075880653,3.4930052521245805,50.266008838412944,122.56,68.80098590946248,15.543994092411936,0.8613612726053432,DOORMAT NEIGHBOURHOOD WITCH 
19.50800836469808,17.0,9.899494936611665,2.8213926082706604,19.442921811745187,53.77382505729026,117.15124999999999,43.93450313096454,14.17860739172934,5.329400972968742,DOORMAT NEW ENGLAND
1.02533471031358,1.0,0.1,0.02850036922425408,0.23512804610009616,3.383604544034814,8.25,4.631267409865091,0.971499630775746,0.05383507953783395,DOORMAT PEACE ON EARTH BLUE
77.35828690924258,77.0,1.4142135623730951,0.4030560868958101,2.9780806620514166,228.63241696026645,568.93375,337.32325237768214,76.59694391310418,0.7613429961383957,DOORMAT RED RETROSPOT
45.11472725379752,44.0,4.4,1.2540162458671789,8.590011284190174,123.61435267540521,301.4,169.1956360404046,42.74598375413282,2.3687434996646957,DOORMAT RED SPOT
41.0133884125432,40.0,4.0,1.1400147689701619,8.392788729158331,120.77622619725723,294.48,165.31098507358445,38.85998523102984,2.1534031815133616,DOORMAT RESPECTABLE HOUSE
31.50800836469808,29.0,9.899494936611665,2.8213926082706604,20.988339612925444,93.75522968999562,215.731,100.98743069707893,26.17860739172934,5.329400972968742,DOORMAT SPOTTY HOME SWEET HOME
8.20267768250864,8.0,0.8,0.22800295379403265,1.8468239257316643,26.576675691327992,64.8,36.37650038294034,7.771997046205968,0.4306806363026716,DOORMAT TOPIARY
12.304016523762959,12.0,1.2000000000000002,0.342004430691049,2.5701632966432335,36.98587367043146,90.18,50.62396303292532,11.657995569308952,0.6460209544540074,DOORMAT UNION FLAG
1.02533471031358,1.0,0.1,0.02850036922425408,0.22657793533281995,3.2605643787971843,7.95,4.462857685869996,0.971499630775746,0.05383507953783395,DOORMAT UNION JACK GUNS AND ROSES
14.35468594439012,14.0,1.4000000000000001,0.39900516913955686,3.0583746214547034,44.01146710550011,107.31,60.24015827304519,13.600994830860444,0.7536911135296762,DOORMAT VINTAGE LEAF
15.3800206547037,15.0,1.5,0.4275055383638111,3.424319362294127,49.277586177670656,120.14999999999999,67.44809446003521,14.57249446163619,0.8075261930675097,DOORMAT WELCOME PUPPIES
6.074860727727749,5.0,4.242640687119285,1.2091682606874259,9.794262911568149,19.68254875783791,40.5,11.02318833059394,3.790831739312574,2.284028988415175,DOORMAT WELCOME SUNRISE
33.50800836469808,31.0,9.899494936611665,2.8213926082706613,20.8171751280237,98.89330202034562,228.72833333333335,109.01785618496402,28.17860739172934,5.329400972968738,DOORMAT WELCOME TO OUR HOME
8.20267768250864,8.0,0.8,0.22800295379403265,0.8550110767276224,12.304016523762959,30.0,16.84097239950942,7.771997046205968,0.4306806363026716,DOORSTOP FOOTBALL DESIGN
4.10133884125432,4.0,0.4,0.11400147689701633,0.4275055383638112,6.1520082618814795,15.0,8.42048619975471,3.885998523102984,0.2153403181513358,DOORSTOP RACING CAR DESIGN
9.433147636970332,8.0,5.656854249492381,1.6122243475832345,6.045841303437129,14.149721455455499,30.0,9.804437241107372,6.3877756524167655,3.045371984553567,DOORSTOP RETROSPOT HEART
8.20267768250864,8.0,0.8,0.22800295379403265,0.8550110767276224,12.304016523762959,30.0,16.84097239950942,7.771997046205968,0.4306806363026716,DOORSTOP RUSSIAN DOLL RETROSPOT
143.54685944390118,140.0,14.0,3.9900516913955735,4.987564614244467,71.77342972195059,175.0,98.23900566380495,136.00994830860444,7.536911135296748,DOUGHNUT LIP GLOSS 
80.598885821822,72.0,33.94112549695428,9.673346085499407,4.0628053559097514,13.540612818066098,30.240000000000002,12.636581826024152,62.326653914500596,18.272231907321398,DOVE DECORATION PAINTED ZINC 
36.912049571288875,36.0,3.6,1.0260132920731475,1.4877192735060638,21.408988751347547,52.199999999999996,29.303291975146387,34.973986707926855,1.9380628633620205,DRAWER KNOB CERAMIC BLACK
55.36807435693332,54.0,5.4,1.539019938109719,2.2315789102590924,32.113483127021325,78.3,43.954937962719576,52.46098006189028,2.907094295043038,DRAWER KNOB CERAMIC IVORY
30.7600413094074,30.0,3.0,0.8550110767276222,1.2397660612550523,17.84082395945629,43.5,24.419409979288655,29.14498892327238,1.6150523861350194,DRAWER KNOB CERAMIC RED
24.608033047525918,24.0,2.4000000000000004,0.684008861382098,1.1286146212804615,16.241301811367105,39.599999999999994,22.230083567352427,23.315991138617903,1.2920419089080148,DRAWER KNOB CRACKLE GLAZE BLUE
24.608033047525918,24.0,2.4000000000000004,0.684008861382098,1.1286146212804615,16.241301811367105,39.599999999999994,22.230083567352427,23.315991138617903,1.2920419089080148,DRAWER KNOB CRACKLE GLAZE GREEN
30.7600413094074,30.0,3.0,0.8550110767276222,1.4107682766005765,20.301627264208882,49.49999999999999,27.787604459190533,29.14498892327238,1.6150523861350194,DRAWER KNOB CRACKLE GLAZE IVORY
36.912049571288875,36.0,3.6,1.0260132920731475,1.6929219319206934,24.36195271705066,59.4,33.34512535102864,34.973986707926855,1.9380628633620205,DRAWER KNOB CRACKLE GLAZE PINK
6.1520082618814795,6.0,0.6000000000000001,0.1710022153455245,0.355684607918691,5.118470873885391,12.48,7.005844518195919,5.828997784654476,0.3230104772270037,DRAWER KNOB VINTAGE GLASS BALL
6.1520082618814795,6.0,0.6000000000000001,0.1710022153455245,0.355684607918691,5.118470873885391,12.48,7.005844518195919,5.828997784654476,0.3230104772270037,DRAWER KNOB VINTAGE GLASS HEXAGON
6.1520082618814795,6.0,0.6000000000000001,0.1710022153455245,0.355684607918691,5.118470873885391,12.48,7.005844518195919,5.828997784654476,0.3230104772270037,DRAWER KNOB VINTAGE GLASS STAR
5.1266735515679,5.0,0.5,0.14250184612127023,0.7053841383002877,10.150813632104443,24.75,13.89380222959527,4.85749815387873,0.2691753976891702,EASTER BUNNY WREATH
53.31740493630616,52.0,5.2,1.4820191996612104,2.6676345593901787,38.388531554140435,93.6,52.54383388646938,50.51798080033879,2.799424135967371,EASTER CRAFT 4 CHICKS 
75.76462400667366,60.0,62.22539674441618,17.734467823415578,44.724111042176155,76.42756446673204,151.31249999999997,30.16082449109178,42.26553217658442,33.499091830089235,EASTER TIN BUCKET
38.1497214554555,36.0,8.48528137423857,2.4183365213748518,3.9902552602685053,25.17881616060063,59.4,30.230928579130868,33.581663478625146,4.568057976830353,EASTER TIN BUNNY BOUQUET
61.5200826188148,60.0,6.0,1.7100221534552444,2.8215365532011534,40.60325452841777,99.0,55.57520891838107,58.28997784654476,3.230104772270039,EASTER TIN CHICKS IN GARDEN
18.456024785644438,18.0,1.8,0.5130066460365738,0.8464609659603467,12.18097635852533,29.7,16.67256267551432,17.486993353963427,0.9690314316810102,EASTER TIN CHICKS PINK DAISY
86.12811566634072,84.0,8.4,2.3940310148373407,3.950151174481612,56.84455633978488,138.6,77.8052924857335,81.60596898516266,4.522146681178057,EASTER TIN KEEPSAKE
4.10133884125432,4.0,0.4,0.11400147689701633,0.6783087875372472,9.761186442185283,23.8,13.36050477027747,3.885998523102984,0.2153403181513358,EASTER TREE YELLOW BIRDS
12.304016523762959,12.0,1.2000000000000002,0.342004430691049,0.4275055383638113,6.1520082618814795,15.0,8.42048619975471,11.657995569308952,0.6460209544540074,EAU DE NIL LOVE BIRD CANDLE
106.81896634717273,82.0,97.9642792042079,27.920181281078396,165.54340817906066,253.33898185337804,486.1916666666667,67.30927663422801,54.0798187189216,52.73914762825113,EDWARDIAN PARASOL BLACK
67.93932926760208,51.333333333333336,65.54642120919596,18.68097205790562,110.52908467594159,160.78974593332492,303.72222222222223,32.403391612955716,32.652361275427715,35.28696799217436,EDWARDIAN PARASOL NATURAL
74.19777164364399,57.0,67.88225099390856,19.346692170998814,114.0380021857208,174.94185714201396,335.98333333333335,47.00347400559859,37.653307829001186,36.5444638146428,EDWARDIAN PARASOL PINK
113.91149764001435,93.0,82.54089895318563,23.52446096267636,139.4104365145273,270.02449297713883,551.1357142857144,141.70078479404822,69.47553903732364,44.435958602690704,EDWARDIAN PARASOL RED
12.304016523762959,12.0,1.2000000000000002,0.342004430691049,0.4275055383638113,6.1520082618814795,15.0,8.42048619975471,11.657995569308952,0.6460209544540074,EGG CUP HENRIETTA HEN CREAM 
24.608033047525918,24.0,2.4000000000000004,0.684008861382098,0.8550110767276226,12.304016523762959,30.0,16.84097239950942,23.315991138617903,1.2920419089080148,EGG CUP MILKMAID HEIDI
12.304016523762959,12.0,1.2000000000000002,0.342004430691049,0.4275055383638113,6.1520082618814795,15.0,8.42048619975471,11.657995569308952,0.6460209544540074,EGG CUP MILKMAID HELGA 
24.608033047525918,24.0,2.4000000000000004,0.684008861382098,0.8550110767276226,12.304016523762959,30.0,16.84097239950942,23.315991138617903,1.2920419089080148,EGG CUP MILKMAID INGRID
12.304016523762959,12.0,1.2000000000000002,0.342004430691049,0.4275055383638113,6.1520082618814795,15.0,8.42048619975471,11.657995569308952,0.6460209544540074,EIGHT PIECE CREEPY CRAWLIE SET
10.2533471031358,10.0,1.0,0.28500369224254046,0.3562546153031756,5.1266735515679,12.5,7.017071833128925,9.71499630775746,0.5383507953783404,EIGHT PIECE DINOSAUR SET
2.05066942062716,2.0,0.2,0.05700073844850816,0.0712509230606352,1.02533471031358,2.5,1.4034143666257848,1.942999261551492,0.1076701590756679,EIGHT PIECE SNAKE  SET
80.1497214554555,78.0,8.48528137423857,2.4183365213748487,1.0157013389774365,13.465153204516527,32.760000000000005,18.279145456506043,75.58166347862515,4.56805797683036,"ELEPHANT, BIRTHDAY CARD, "
51.266735515678995,50.0,5.0,1.4250184612127041,1.7812730765158802,25.633367757839498,62.5,35.085359165644626,48.5749815387873,2.6917539768916967,ELVIS WALLHANGING / CURTAIN
24.608033047525918,24.0,2.4000000000000004,0.684008861382098,0.8550110767276226,12.304016523762959,30.0,16.84097239950942,23.315991138617903,1.2920419089080148,EMBOSSED GLASS TEALIGHT HOLDER
18.456024785644438,18.0,1.8,0.5130066460365738,1.0670538237560734,15.355412621656173,37.44,21.017533554587754,17.486993353963427,0.9690314316810102,EMBROIDERED RIBBON REEL DAISY 
12.304016523762959,12.0,1.2000000000000002,0.342004430691049,0.711369215837382,10.236941747770782,24.96,14.011689036391838,11.657995569308952,0.6460209544540074,EMBROIDERED RIBBON REEL EMILY 
6.1520082618814795,6.0,0.6000000000000001,0.1710022153455245,0.4941964023485659,7.111721550734991,17.34,9.734082046916443,5.828997784654476,0.3230104772270037,EMBROIDERED RIBBON REEL RACHEL 
12.304016523762959,12.0,1.2000000000000002,0.342004430691049,0.9883928046971318,14.223443101469982,34.68,19.468164093832886,11.657995569308952,0.6460209544540074,EMBROIDERED RIBBON REEL REBECCA 
6.1520082618814795,6.0,0.6000000000000001,0.1710022153455245,0.355684607918691,5.118470873885391,12.48,7.005844518195919,5.828997784654476,0.3230104772270037,EMBROIDERED RIBBON REEL ROSIE
6.1520082618814795,6.0,0.6000000000000001,0.1710022153455245,0.6412583075457169,9.228012392822219,22.5,12.630729299632064,5.828997784654476,0.3230104772270037,EMBROIDERED RIBBON REEL RUBY 
12.304016523762959,12.0,1.2000000000000002,0.342004430691049,0.711369215837382,10.236941747770782,24.96,14.011689036391838,11.657995569308952,0.6460209544540074,EMBROIDERED RIBBON REEL SALLY 
6.1520082618814795,6.0,0.6000000000000001,0.1710022153455245,0.6412583075457169,9.228012392822219,22.5,12.630729299632064,5.828997784654476,0.3230104772270037,EMBROIDERED RIBBON REEL SOPHIE  
18.456024785644438,18.0,1.8,0.5130066460365738,1.0670538237560734,15.355412621656173,37.44,21.017533554587754,17.486993353963427,0.9690314316810102,EMBROIDERED RIBBON REEL SUSIE 
45.11229109159162,43.5,6.363961030678928,1.8137523910311395,2.2671904887889243,22.55614554579581,54.375,29.551663965415266,41.68624760896886,3.4260434826227595,EMERGENCY FIRST AID TIN 
73.82409914257775,72.0,7.2,2.052026584146295,0.7387295702926662,10.630670276531195,25.919999999999998,14.550600153176138,69.94797341585371,3.876125726724041,EMPIRE BIRTHDAY CARD
51.266735515678995,50.0,5.0,1.4250184612127041,0.5985077537093357,8.612811566634072,21.0,11.788680679656592,48.5749815387873,2.6917539768916967,EMPIRE GIFT WRAP
12.304016523762959,12.0,1.2000000000000002,0.342004430691049,0.4275055383638113,6.1520082618814795,15.0,8.42048619975471,11.657995569308952,0.6460209544540074,EMPIRE TISSUE BOX
7.074860727727749,6.0,4.242640687119285,1.2091682606874259,5.985382890402758,14.008224240900946,29.700000000000003,9.706392868696298,4.7908317393125746,2.2840289884151748,EMPIRE UNION JACK TV DINNER TRAY
30.112291091591626,28.5,6.363961030678928,1.813752391031138,8.184557664528011,54.35268542032289,128.60625000000002,66.0690069151491,26.686247608968863,3.426043482622763,ENAMEL BLUE RIM BISCUIT BIN
44.1497214554555,42.0,8.48528137423857,2.4183365213748518,3.7524521689999784,27.40226045001938,65.17,34.01528738098064,39.581663478625146,4.568057976830353,ENAMEL BLUE RIM COFFEE CONTAINER
10.2533471031358,10.0,1.0,0.28500369224254046,3.462794860746867,49.831266921239994,121.5,68.20593821801313,9.71499630775746,0.5383507953783404,ENAMEL BREAD BIN CREAM
7.074860727727749,6.0,4.242640687119285,1.2091682606874259,5.985382890402758,14.008224240900946,29.700000000000003,9.706392868696298,4.7908317393125746,2.2840289884151748,ENAMEL COLANDER CREAM
3.0760041309407398,3.0,0.30000000000000004,0.08550110767276226,0.4232304829801732,6.090488179262666,14.850000000000001,8.336281337757162,2.914498892327238,0.16150523861350186,ENAMEL COLLANDER CREAM
24.112291091591626,22.5,6.363961030678928,1.813752391031138,10.791826726635271,57.387252797988076,133.875,65.69592047537665,20.686247608968863,3.426043482622763,ENAMEL FLOWER JUG CREAM
12.149721455455499,10.0,8.48528137423857,2.4183365213748518,10.27793021584312,20.65452647427435,42.5,11.56754330988253,7.581663478625148,4.56805797683035,ENAMEL MEASURING JUG CREAM
64.299442910911,60.0,16.97056274847714,4.8366730427497036,6.481141877284602,34.46450140024829,80.39999999999999,39.454356722467104,55.1633269572503,9.136115953660699,ENAMEL PINK COFFEE CONTAINER
36.912049571288875,36.0,3.6,1.0260132920731475,1.7271223749897984,24.854113378001177,60.6,34.018764247009024,34.973986707926855,1.9380628633620205,ENAMEL PINK SUGAR CONTAINER
46.07486072772775,45.0,4.242640687119285,1.2091682606874243,1.6202854693211488,24.696125350062076,60.300000000000004,33.98358918061678,43.79083173931257,2.28402898841518,ENAMEL PINK TEA CONTAINER
9.433147636970332,8.0,5.656854249492381,1.6122243475832345,6.045841303437129,14.149721455455499,30.0,9.804437241107372,6.3877756524167655,3.045371984553567,ENAMEL WASH BOWL CREAM
10.716573818485166,10.0,2.8284271247461903,0.8061121737916173,3.9902552602685057,21.218816160600632,49.5,24.290928579130863,9.193887826208382,1.5226859922767844,ENAMEL WATERING CAN CREAM
21.58286909242583,18.0,14.142135623730951,4.030560868958086,18.742108040655104,40.14413651191205,83.7,24.813755447432847,13.969439131041913,7.613429961383918,ENCHANTED BIRD COATHANGER 5 HOOK
18.456024785644438,18.0,1.8,0.5130066460365738,1.0773139566768049,15.503060819941329,37.800000000000004,21.219625223381872,17.486993353963427,0.9690314316810102,ENGLISH ROSE DESIGN PEG BAG
6.1520082618814795,6.0,0.6000000000000001,0.1710022153455245,2.1802782456554377,31.37524213559555,76.5,42.944479618749014,5.828997784654476,0.3230104772270037,ENGLISH ROSE DESIGN QUILTED THROW
12.304016523762959,12.0,1.2000000000000002,0.342004430691049,0.6669086398475456,9.597132888535109,23.4,13.135958471617345,11.657995569308952,0.6460209544540074,ENGLISH ROSE GARDEN SECATEURS
32.1497214554555,30.0,8.48528137423857,2.4183365213748518,10.27793021584312,54.654526474274356,127.5,62.56754330988253,27.58166347862515,4.5680579768303495,ENGLISH ROSE HOT WATER BOTTLE
32.81071073003456,32.0,3.2,0.9120118151761306,0.38304496237397484,5.512199402645806,13.44,7.544755634980218,31.08798818482387,1.7227225452106865,ENGLISH ROSE NOTEBOOK A7 SIZE
10.2533471031358,10.0,1.0,0.28500369224254046,0.2422531384061594,3.4861380150661723,8.5,4.771608846527668,9.71499630775746,0.5383507953783404,ENGLISH ROSE SMALL SCENTED FLOWER
24.608033047525918,24.0,2.4000000000000004,0.684008861382098,0.9370921400934744,13.485202110044204,32.88,18.45770574986232,23.315991138617903,1.2920419089080148,ENGLISH ROSE SPIRIT LEVEL 
2.05066942062716,2.0,0.2,0.05700073844850816,0.6070578644766119,8.735851731871703,21.3,11.957090403651685,1.942999261551492,0.1076701590756679,ENGLISH ROSE TABLE CLOTH
32.1497214554555,30.0,8.48528137423857,2.4183365213748518,1.535643691073031,8.166029249685696,19.05,9.348327059241274,27.58166347862515,4.5680579768303495,ENVELOPE 50 BLOSSOM IMAGES
24.608033047525918,24.0,2.4000000000000004,0.684008861382098,0.5814075321747834,8.366731236158813,20.4,11.451861231666403,23.315991138617903,1.2920419089080148,ENVELOPE 50 CURIOUS IMAGES
12.304016523762959,12.0,1.2000000000000002,0.342004430691049,0.2907037660873917,4.1833656180794065,10.2,5.725930615833201,11.657995569308952,0.6460209544540074,ENVELOPE 50 ROMANTIC IMAGES
22.76222717609491,18.666666666666668,16.165807537309522,4.607314836215506,17.277430635808148,34.143340764142366,70.0,18.579228600049486,14.059351830451162,8.702875345643749,FAIRY CAKE BIRTHDAY CANDLE SET
21.433147636970332,20.0,5.656854249492381,1.6122243475832345,6.045841303437129,32.1497214554555,75.0,36.80443724110737,18.387775652416764,3.0453719845535687,FAIRY CAKE DESIGN UMBRELLA
33.4491643663665,27.0,25.45584412271571,7.255009564124552,16.904172284410205,31.174621189453582,62.910000000000004,14.831206526136217,19.744990435875447,13.704173930491056,FAIRY CAKE FLANNEL ASSORTED COLOUR
24.608033047525918,24.0,2.4000000000000004,0.684008861382098,0.5814075321747834,8.366731236158813,20.4,11.451861231666403,23.315991138617903,1.2920419089080148,FAIRY CAKE NOTEBOOK A5 SIZE
16.40535536501728,16.0,1.6,0.4560059075880653,0.29640383993224245,4.2653923949044925,10.4,5.838203765163265,15.543994092411936,0.8613612726053432,FAIRY CAKES NOTEBOOK A6 SIZE
16.40535536501728,16.0,1.6,0.4560059075880653,0.19152248118698742,2.756099701322903,6.72,3.772377817490109,15.543994092411936,0.8613612726053432,FAIRY CAKES NOTEBOOK A7 SIZE
6.1520082618814795,6.0,0.6000000000000001,0.1710022153455245,1.0174631813058708,14.641779663277923,35.7,20.04075715541621,5.828997784654476,0.3230104772270037,FAIRY CAKES ROUND NESTING BOXES
25.09087745712391,19.0,24.041630560342615,6.851953477228749,11.579801376516585,16.961433161015762,32.11,3.5687654624676526,12.148046522771251,12.942830934352658,FAIRY SOAP SOAP HOLDER
24.608033047525918,24.0,2.4000000000000004,0.684008861382098,1.3338172796950911,19.194265777070218,46.8,26.27191694323469,23.315991138617903,1.2920419089080148,FAIRY TALE COTTAGE NIGHT LIGHT
52.7486072772775,42.0,42.42640687119285,12.09168260687426,23.578781083404806,41.143913676276455,81.89999999999999,17.17730524031873,29.908317393125742,22.84028988415176,FAIRY TALE COTTAGE NIGHTLIGHT
14.07486072772775,13.0,4.242640687119285,1.2091682606874259,10.27793021584312,47.85452647427435,110.5,52.36754330988253,11.790831739312575,2.2840289884151748,FAMILY ALBUM WHITE PICTURE FRAME
44.598885821821995,36.0,33.94112549695428,9.673346085499407,4.062805355909751,7.492612818066095,15.12,3.5645818260241535,26.326653914500593,18.2722319073214,"FANCY FONT BIRTHDAY CARD, "
141.9785863655323,137.5,17.67766952966369,5.038201086197606,2.116044456202995,23.85240250940943,57.75000000000001,31.78155303438758,132.4617989138024,9.516787451729897,FANCY FONTS BIRTHDAY WRAP
119.24865578320046,92.0,107.55463727799001,30.653468742034352,12.874456871654427,20.03377417157768,38.64,5.731768956767894,61.34653125796565,57.90212452523481,FAWN AND MUSHROOM GREETING CARD
164.64428113911157,148.66666666666666,63.06610288683877,17.974072178096993,55.036261684266755,201.6550429263828,455.214460547504,198.52315593685447,130.69259448856965,33.951686650541916,FAWN BLUE HOT WATER BOTTLE
24.608033047525918,24.0,2.4000000000000004,0.684008861382098,0.26676345593901823,3.8388531554140437,9.36,5.2543833886469375,23.315991138617903,1.2920419089080148,"FEATHER PEN,COAL BLACK"
61.5200826188148,60.0,6.0,1.7100221534552444,1.2568662827896047,18.08690428993155,44.1,24.756229427278846,58.28997784654476,3.230104772270039,"FEATHER PEN,HOT PINK"
52.7486072772775,42.0,42.42640687119285,12.09168260687426,8.88738671605258,15.508090539519584,30.87,6.474522744427837,29.908317393125742,22.84028988415176,"FEATHER PEN,LIGHT PINK"
12.304016523762959,12.0,1.2000000000000002,0.342004430691049,0.2907037660873917,4.1833656180794065,10.2,5.725930615833201,11.657995569308952,0.6460209544540074,FELT EGG COSY BLUE RABBIT 
36.449164366366496,30.0,25.45584412271571,7.255009564124555,6.1667581295058715,12.392715884564609,25.5,6.940525985929519,22.744990435875444,13.704173930491052,FELT EGG COSY CHICKEN
49.216066095051836,48.0,4.800000000000001,1.368017722764196,0.2599233673251973,3.74042102322394,9.120000000000001,5.119655609450864,46.63198227723581,2.5840838178160297,FELT EGG COSY LADYBIRD 
12.304016523762959,12.0,1.2000000000000002,0.342004430691049,0.4275055383638113,6.1520082618814795,15.0,8.42048619975471,11.657995569308952,0.6460209544540074,FELT FARM ANIMAL CHICKEN
12.304016523762959,12.0,1.2000000000000002,0.342004430691049,0.4275055383638113,6.1520082618814795,15.0,8.42048619975471,11.657995569308952,0.6460209544540074,FELT FARM ANIMAL RABBIT
52.7486072772775,42.0,42.42640687119285,12.09168260687426,8.947845129086952,15.613587754074139,31.08,6.518567116838907,29.908317393125742,22.84028988415176,FELT FARM ANIMAL WHITE BUNNY 
54.080330475259196,48.0,24.0,6.840088613820974,5.814075321747828,18.387312361588126,40.8,16.598612316664042,41.159911386179026,12.92041908908017,FELT TOADSTOOL  SMALL
53.28785821774069,44.0,36.66060555964672,10.448407944346727,13.060509930433408,26.643929108870346,55.0,15.295560960696246,33.55159205565327,19.736266162087418,FELT TOADSTOOL LARGE
58.52402509409425,51.0,29.698484809834994,8.46417782481198,17.77477343210516,49.16018107903918,107.10000000000001,40.16504548885567,42.53582217518802,15.988202918906232,FELTCRAFT 6 FLOWER FRIENDS
14.35468594439012,14.0,1.4000000000000001,0.39900516913955686,0.5785574952523574,8.325717847746269,20.3,11.395724657001374,13.600994830860444,0.7536911135296762,FELTCRAFT BUTTERFLY HEARTS
17.433147636970332,16.0,5.656854249492381,1.6122243475832345,6.851953477228747,29.636350982849567,68.0,31.51169553992169,14.387775652416765,3.045371984553567,FELTCRAFT CHRISTMAS FAIRY
6.716573818485166,6.0,2.8284271247461903,0.8061121737916173,3.0229206517185645,10.07486072772775,22.5,9.402218620553686,5.193887826208383,1.5226859922767835,FELTCRAFT CUSHION BUTTERFLY
64.7486072772775,54.0,42.42640687119285,12.09168260687426,44.8601424715035,96.08693319947982,200.34,59.39292432901669,41.90831739312574,22.84028988415176,FELTCRAFT CUSHION OWL
13.433147636970332,12.0,5.656854249492381,1.6122243475832345,6.045841303437129,20.1497214554555,45.0,18.804437241107372,10.387775652416765,3.045371984553567,FELTCRAFT CUSHION RABBIT
18.456024785644438,18.0,1.8,0.5130066460365738,1.513369605807893,21.778109247060442,53.10000000000001,29.808521147131675,17.486993353963427,0.9690314316810102,FELTCRAFT DOLL EMILY
36.912049571288875,36.0,3.6,1.0260132920731475,3.026739211615786,43.556218494120884,106.20000000000002,59.61704229426335,34.973986707926855,1.9380628633620205,FELTCRAFT DOLL MARIA
36.22458218318325,33.0,12.727922061357855,3.627504782062276,10.701139107083714,42.74500697615624,97.35000000000001,43.903853916760056,29.372495217937725,6.852086965245526,FELTCRAFT DOLL MOLLY
40.07486072772775,39.0,4.242640687119285,1.2091682606874243,3.567046369027902,47.28833565871876,115.05000000000001,64.19461797225335,37.79083173931257,2.28402898841518,FELTCRAFT DOLL ROSIE
24.608033047525918,24.0,2.4000000000000004,0.684008861382098,3.3858438638413855,48.723905434101326,118.80000000000001,66.6902507020573,23.315991138617903,1.2920419089080148,FELTCRAFT GIRL AMELIE KIT
8.20267768250864,8.0,0.8,0.22800295379403265,1.1286146212804617,16.24130181136711,39.6,22.23008356735243,7.771997046205968,0.4306806363026716,FELTCRAFT GIRL NICOLE KIT
12.304016523762959,12.0,1.2000000000000002,0.342004430691049,0.2907037660873917,4.1833656180794065,10.2,5.725930615833201,11.657995569308952,0.6460209544540074,FELTCRAFT HAIRBAND PINK AND BLUE
12.304016523762959,12.0,1.2000000000000002,0.342004430691049,0.2907037660873917,4.1833656180794065,10.2,5.725930615833201,11.657995569308952,0.6460209544540074,FELTCRAFT HAIRBAND PINK AND PURPLE
10.716573818485166,10.0,2.8284271247461903,0.8061121737916173,3.0229206517185645,16.07486072772775,37.5,18.402218620553686,9.193887826208382,1.5226859922767844,FELTCRAFT PRINCESS CHARLOTTE DOLL
14.716573818485166,14.0,2.8284271247461903,0.8061121737916173,3.0229206517185645,22.07486072772775,52.5,27.402218620553686,13.193887826208382,1.5226859922767844,FELTCRAFT PRINCESS LOLA DOLL
10.716573818485166,10.0,2.8284271247461903,0.8061121737916173,3.0229206517185645,16.07486072772775,37.5,18.402218620553686,9.193887826208382,1.5226859922767844,FELTCRAFT PRINCESS OLIVIA DOLL
24.608033047525918,24.0,2.4000000000000004,0.684008861382098,0.8550110767276226,12.304016523762959,30.0,16.84097239950942,23.315991138617903,1.2920419089080148,FILIGREE HEART BIRD WHITE 
24.608033047525918,24.0,2.4000000000000004,0.684008861382098,0.8550110767276226,12.304016523762959,30.0,16.84097239950942,23.315991138617903,1.2920419089080148,FILIGREE HEART DAISY WHITE
12.304016523762959,12.0,1.2000000000000002,0.342004430691049,1.1115143997459094,15.995221480891848,39.0,21.89326411936224,11.657995569308952,0.6460209544540074,FIRST AID TIN
12.304016523762959,12.0,1.2000000000000002,0.342004430691049,0.4275055383638113,6.1520082618814795,15.0,8.42048619975471,11.657995569308952,0.6460209544540074,FIRST CLASS LUGGAGE TAG 
205.06694206271598,200.0,20.0,5.700073844850817,9.63312479779788,138.625252834396,338.0,189.74162236780612,194.2999261551492,10.767015907566787,FIRST CLASS PASSPORT COVER 
16.07486072772775,15.0,4.242640687119285,1.2091682606874259,3.5670463690279064,18.968335658718747,44.25,21.714617972253347,13.790831739312575,2.2840289884151748,FIVE CATS HANGING DECORATION
25.443190983950917,23.0,9.643650760992955,2.748476073580578,8.108004417062707,30.02296536106209,67.85000000000001,29.719030221875208,20.251523926419424,5.191667057531493,FIVE HEART HANGING DECORATION
2.05066942062716,2.0,0.2,0.05700073844850816,0.3391543937686236,4.880593221092641,11.9,6.680252385138735,1.942999261551492,0.1076701590756679,FLAG OF ST GEORGE CHAIR
38.96271899191604,38.0,3.8000000000000003,1.0830140305216531,5.108216177293797,73.50966316474826,179.23333333333335,100.61545399129129,36.91698596947835,2.0457330224376946,FLAMINGO LIGHTS
6.1520082618814795,6.0,0.6000000000000001,0.1710022153455245,0.6412583075457169,9.228012392822219,22.5,12.630729299632064,5.828997784654476,0.3230104772270037,FLORAL BATHROOM SET
7.074860727727749,6.0,4.242640687119285,1.2091682606874259,5.13896510792156,12.027263237137175,25.5,8.333771654941264,4.7908317393125746,2.2840289884151748,FLORAL ELEPHANT SOFT TOY
62.67670943170825,52.0,42.14261501141095,12.010800879008036,27.02430197776808,56.409038488537426,117.0,33.56665953369449,39.98919912099196,22.687510310716284,FLORAL FOLK STATIONERY SET
5.9184134061087965,5.333333333333333,2.309401076758503,0.6581878337450723,2.468204376544021,8.877620109163194,20.0,8.654175514292785,4.675145499588261,1.2432679065205354,FLORAL SOFT CAR TOY
10.2533471031358,10.0,1.0,0.28500369224254046,0.2422531384061594,3.4861380150661723,8.5,4.771608846527668,9.71499630775746,0.5383507953783404,FLOWER BLUE CLOCK W/SUCKER
6.1520082618814795,6.0,0.6000000000000001,0.1710022153455245,0.2889937439339364,4.15875758503188,10.14,5.692248671034184,5.828997784654476,0.3230104772270037,FLOWER FAIRY INCENSE BOUQUET
2.05066942062716,2.0,0.2,0.05700073844850816,0.3391543937686236,4.880593221092641,11.9,6.680252385138735,1.942999261551492,0.1076701590756679,FLOWER FAIRY SET 3 CANDLES LAVENDER
49.216066095051836,48.0,4.800000000000001,1.368017722764196,0.5745674435609623,8.268299103968708,20.16,11.31713345247033,46.63198227723581,2.5840838178160297,FLOWER PENCIL/RUBBER+5 MINI PENCILS
6.1520082618814795,6.0,0.6000000000000001,0.1710022153455245,1.068763845909528,15.3800206547037,37.5,21.05121549938677,5.828997784654476,0.3230104772270037,FLOWERS CHANDELIER T-LIGHT HOLDER
18.224582183183248,15.0,12.727922061357855,3.6275047820622777,7.617760042330784,15.30864903387393,31.5,8.573590923795287,11.372495217937722,6.852086965245526,FLYING PIG WATERING CAN
24.608033047525918,24.0,2.4000000000000004,0.684008861382098,0.5677273549471413,8.169866971778605,19.919999999999998,11.182405673274252,23.315991138617903,1.2920419089080148,FOLDING BUTTERFLY MIRROR HOT PINK 
4.10133884125432,4.0,0.4,0.11400147689701633,0.5643073106402309,8.120650905683554,19.8,11.115041783676215,3.885998523102984,0.2153403181513358,FOLDING UMBRELLA  CHOC/WHITE  SPOT
8.20267768250864,8.0,0.8,0.22800295379403265,1.1286146212804617,16.24130181136711,39.6,22.23008356735243,7.771997046205968,0.4306806363026716,FOLDING UMBRELLA  CREAM/MULTI  SPOT
4.10133884125432,4.0,0.4,0.11400147689701633,0.5643073106402309,8.120650905683554,19.8,11.115041783676215,3.885998523102984,0.2153403181513358,"FOLDING UMBRELLA , BLACK/BLUE  SPOT"
16.40535536501728,16.0,1.6,0.4560059075880653,2.2572292425609235,32.48260362273422,79.2,44.46016713470486,15.543994092411936,0.8613612726053432,"FOLDING UMBRELLA , RED/WHITE SPOT"
4.10133884125432,4.0,0.4,0.11400147689701633,0.5643073106402309,8.120650905683554,19.8,11.115041783676215,3.885998523102984,0.2153403181513358,FOLDING UMBRELLA BLACKBLUE POLKADOT
4.10133884125432,4.0,0.4,0.11400147689701633,0.5643073106402309,8.120650905683554,19.8,11.115041783676215,3.885998523102984,0.2153403181513358,FOLDING UMBRELLA CREAM POLKADOT
12.304016523762959,12.0,1.2000000000000002,0.342004430691049,1.6929219319206927,24.361952717050663,59.400000000000006,33.34512535102865,11.657995569308952,0.6460209544540074,FOLDING UMBRELLA PINKWHITE POLKADOT
14.866295273940667,12.0,11.313708498984761,3.224448695166469,15.961021041074023,29.435264642402522,59.400000000000006,14.00371431652346,8.775551304833531,6.090743969107136,FOLDING UMBRELLA RED/WHITE POLKADOT
6.1520082618814795,6.0,0.6000000000000001,0.1710022153455245,0.5044565352692973,7.259369749020147,17.700000000000003,9.93617371571056,5.828997784654476,0.3230104772270037,"FOLK ART GREETING CARD,pack/12"
24.608033047525918,24.0,2.4000000000000004,0.684008861382098,0.8550110767276226,12.304016523762959,30.0,16.84097239950942,23.315991138617903,1.2920419089080148,FOLKART BAUBLE CHRISTMAS DECORATION
52.748607277277515,42.0,42.42640687119285,12.091682606874253,15.054144845558445,26.268806424084204,52.290000000000006,10.967048730357357,29.90831739312575,22.840289884151765,FOLKART CLIP ON STARS
102.53347103135799,100.0,10.0,2.8500369224254083,1.9285249841745264,27.752392825820902,67.66666666666667,37.985748856671236,97.1499630775746,5.383507953783393,FOLKART STAR CHRISTMAS DECORATIONS
1.02533471031358,1.0,0.1,0.02850036922425408,0.024225313840615968,0.3486138015066172,0.85,0.47716088465276674,0.971499630775746,0.05383507953783395,FOLKART ZINC HEART CHRISTMAS DEC
42.37196226082591,34.0,33.04542328371661,9.418067647576855,18.365231912774867,33.05013056344421,66.3,14.884637523780917,24.581932352423145,17.790029908402765,FOOD CONTAINER SET 3 LOVE HEART 
57.41874377756048,56.0,5.6000000000000005,1.5960206765582274,5.697793815312872,81.99396611435637,199.92000000000002,112.22824007033077,54.403979323441774,3.014764454118705,FOOD COVER WITH BEADS SET 2 
24.608033047525918,24.0,2.4000000000000004,0.684008861382098,0.14364186089024059,2.067074775992177,5.04,2.8292833631175824,23.315991138617903,1.2920419089080148,FOOD/DRINK SPONGE STICKERS
75.50987982705773,64.0,45.43126676640219,12.948078771680452,27.19096542052895,63.4282990547285,134.4,43.78073552474255,51.05192122831955,24.45795859873818,FOUR HOOK  WHITE LOVEBIRDS
12.304016523762959,12.0,1.2000000000000002,0.342004430691049,0.5643073106402309,8.120650905683553,19.799999999999997,11.115041783676213,11.657995569308952,0.6460209544540074,FRENCH BATHROOM SIGN BLUE METAL
6.1520082618814795,6.0,0.6000000000000001,0.1710022153455245,0.3334543199237728,4.798566444267554,11.7,6.567979235808672,5.828997784654476,0.3230104772270037,FRENCH CHATEAU LARGE PLATTER 
49.216066095051836,48.0,4.800000000000001,1.368017722764196,2.872837217804812,41.34149551984355,100.80000000000001,56.58566726235165,46.63198227723581,2.5840838178160297,FRENCH ENAMEL CANDLEHOLDER
32.1497214554555,30.0,8.48528137423857,2.4183365213748518,7.134092738055813,37.936671317437494,88.5,43.429235944506694,27.58166347862515,4.5680579768303495,FRENCH ENAMEL POT W LID
49.216066095051836,48.0,4.800000000000001,1.368017722764196,5.130066460365735,73.82409914257775,180.0,101.04583439705651,46.63198227723581,2.5840838178160297,FRENCH ENAMEL UTENSIL HOLDER
6.716573818485166,6.0,2.8284271247461903,0.8061121737916173,3.0229206517185645,10.07486072772775,22.5,9.402218620553686,5.193887826208383,1.5226859922767835,FRENCH ENAMEL WATER BASIN
6.1520082618814795,6.0,0.6000000000000001,0.1710022153455245,0.21375276918190564,3.0760041309407398,7.5,4.210243099877355,5.828997784654476,0.3230104772270037,FRENCH GARDEN SIGN BLUE METAL
12.304016523762959,12.0,1.2000000000000002,0.342004430691049,0.4275055383638113,6.1520082618814795,15.0,8.42048619975471,11.657995569308952,0.6460209544540074,FRENCH KITCHEN SIGN BLUE METAL
12.304016523762959,12.0,1.2000000000000002,0.342004430691049,0.5643073106402309,8.120650905683553,19.799999999999997,11.115041783676213,11.657995569308952,0.6460209544540074,FRENCH LAUNDRY SIGN BLUE METAL
4.10133884125432,4.0,0.4,0.11400147689701633,2.5023324178895083,36.00975502621292,87.8,49.28791255589757,3.885998523102984,0.2153403181513358,FRENCH STYLE EMBOSSED HEART CABINET
49.216066095051836,48.0,4.800000000000001,1.368017722764196,0.3967251396016168,5.709063667026013,13.919999999999998,7.81421119337237,46.63198227723581,2.5840838178160297,FRENCH STYLE STORAGE JAR CAFE 
1.02533471031358,1.0,0.1,0.02850036922425408,0.0356254615303176,0.51266735515679,1.25,0.7017071833128924,0.971499630775746,0.05383507953783395,FRENCH TOILET SIGN BLUE METAL
12.304016523762959,12.0,1.2000000000000002,0.342004430691049,0.4275055383638113,6.1520082618814795,15.0,8.42048619975471,11.657995569308952,0.6460209544540074,FRENCH WC SIGN BLUE METAL
12.304016523762959,12.0,1.2000000000000002,0.342004430691049,0.2907037660873917,4.1833656180794065,10.2,5.725930615833201,11.657995569308952,0.6460209544540074,FRIDGE MAGNETS LA VIE EN ROSE
61.5200826188148,60.0,6.0,1.7100221534552444,1.4535188304369577,20.916828090397033,51.0,28.629653079166008,58.28997784654476,3.230104772270039,FRIDGE MAGNETS LES ENFANTS ASSORTED
44.598885821821995,36.0,33.94112549695428,9.673346085499407,8.222344172674497,15.16362117941948,30.599999999999998,7.214034647906022,26.326653914500593,18.2722319073214,FRIDGE MAGNETS US DINER ASSORTED
12.304016523762959,12.0,1.2000000000000002,0.342004430691049,1.0089130705385947,14.518739498040294,35.400000000000006,19.87234743142112,11.657995569308952,0.6460209544540074,FROG KING WATERING CAN
6.074860727727749,5.0,4.242640687119285,1.2091682606874259,5.13896510792156,10.327263237137174,21.25,5.783771654941265,3.790831739312574,2.284028988415175,FRYING PAN BLUE POLKADOT
8.20267768250864,8.0,0.8,0.22800295379403265,0.9690125536246388,13.944552060264689,34.0,19.086435386110672,7.771997046205968,0.4306806363026716,FRYING PAN BLUE POLKADOT 
52.22458218318325,49.0,12.727922061357855,3.627504782062276,15.287341581548164,88.03572425165179,206.5,103.17693416680005,45.372495217937725,6.852086965245526,FRYING PAN PINK POLKADOT
62.03203345879233,52.0,39.59797974644666,11.285570433082642,47.96367434060123,105.45445687994696,221.0,67.58186877945181,40.71442956691736,21.317603891874967,FRYING PAN PINK POLKADOT 
4.10133884125432,4.0,0.4,0.11400147689701633,0.4845062768123194,6.9722760301323445,17.0,9.543217693055336,3.885998523102984,0.2153403181513358,FRYING PAN PINK RETROSPOT
31.165738184851666,24.0,28.284271247461902,8.061121737916173,33.92388731373057,52.462325944500314,101.00000000000001,14.613786741769133,15.938878262083827,15.226859922767838,FRYING PAN RED POLKADOT 
66.79143454621291,65.0,7.0710678118654755,2.015280434479045,8.307433791019173,110.13165429619995,267.9444444444444,149.50535635722528,62.984719565520955,3.8067149806919574,FRYING PAN RED RETROSPOT
4.10133884125432,4.0,0.4,0.11400147689701633,0.4845062768123194,6.9722760301323445,17.0,9.543217693055336,3.885998523102984,0.2153403181513358,FRYING PAN UNION FLAG
548.791086574576,480.0,271.5290039756342,77.38676868399526,65.77875338139597,186.58896943535584,408.0,155.6322771832482,402.61323131600477,146.17785525857119,FUNKY DIVA PEN
12.304016523762959,12.0,1.2000000000000002,0.342004430691049,0.2907037660873917,4.1833656180794065,10.2,5.725930615833201,11.657995569308952,0.6460209544540074,FUNKY MONKEY CUSHION COVER
113.19777164364399,96.0,67.88225099390856,19.346692170998814,7.158276103269561,16.75327020325931,35.519999999999996,11.608453693471127,76.65330782900119,36.544463814642796,FUNKY MONKEY GIFT BAG MEDIUM
36.449164366366496,30.0,25.45584412271571,7.255009564124555,15.235520084661568,30.61729806774786,63.0,17.147181847590574,22.744990435875444,13.704173930491052,FUNKY WASHING UP GLOVES ASSORTED
12.304016523762959,12.0,1.2000000000000002,0.342004430691049,0.4275055383638113,6.1520082618814795,15.0,8.42048619975471,11.657995569308952,0.6460209544540074,FUSCHIA TABLE RUN FLOWER 
3.0760041309407398,3.0,0.30000000000000004,0.08550110767276226,0.05557571998729547,0.7997610740445924,1.9500000000000002,1.0946632059681123,2.914498892327238,0.16150523861350186,GARAGE KEY FOB
105.72179673773825,81.0,97.58073580374356,27.810869995810798,66.7460879899459,101.49292486822871,194.4,26.160987141825387,53.1891300041892,52.53266673354904,GARDEN PATH JOURNAL
492.1606609505184,480.0,48.0,13.680177227641956,8.755313425690852,125.99312920333271,307.2,172.45155737097642,466.31982277235807,25.84083817816031,GARDEN PATH POCKET BOOK
23.016016729396163,18.0,19.79898987322333,5.642785216541321,18.903330475413426,30.84146241739086,60.300000000000004,10.555207107195717,12.35721478345868,10.658801945937483,GARDEN PATH SKETCHBOOK
24.608033047525918,24.0,2.4000000000000004,0.684008861382098,0.5814075321747834,8.366731236158813,20.4,11.451861231666403,23.315991138617903,1.2920419089080148,GENTLEMAN SHIRT REPAIR KIT 
2.05066942062716,2.0,0.2,0.05700073844850816,0.7125092306063521,10.253347103135798,25.0,14.03414366625785,1.942999261551492,0.1076701590756679,GEORGIAN TRINKET BOX
49.216066095051836,48.0,4.800000000000001,1.368017722764196,3.953571218788527,56.89377240587993,138.72,77.87265637533154,46.63198227723581,2.5840838178160297,GIANT 50'S CHRISTMAS CRACKER
64.7486072772775,54.0,42.42640687119285,12.09168260687426,7.859593694468269,16.83463789209215,35.1,10.405768413439581,41.90831739312574,22.84028988415176,GIFT BAG BIRTHDAY
84.89832873273299,72.0,50.91168824543142,14.51001912824911,9.431512433361922,22.07356547051058,46.800000000000004,15.294922096127502,57.48998087175089,27.408347860982104,GIFT BAG PSYCHEDELIC APPLES
12.304016523762959,12.0,1.2000000000000002,0.342004430691049,0.14364186089024059,2.067074775992177,5.04,2.8292833631175824,11.657995569308952,0.6460209544540074,GIN & TONIC DIET GREETING CARD 
8.791434546212916,7.0,7.0710678118654755,2.015280434479043,4.685527010163776,8.176034127978014,16.275000000000002,3.4134388618582125,4.984719565520956,3.806714980691959,GIN + TONIC DIET METAL SIGN
24.608033047525918,24.0,2.4000000000000004,0.684008861382098,0.9918128490040421,14.272659167565031,34.8,19.535527983430924,23.315991138617903,1.2920419089080148,GIN AND TONIC MUG
124.9677925553892,101.5,92.63098833543772,26.40017369167547,33.000217114594335,62.4838962776946,126.875,31.390886607711067,75.09982630832454,49.86796624706466,GINGERBREAD MAN COOKIE CUTTER
12.304016523762959,12.0,1.2000000000000002,0.342004430691049,0.8550110767276226,12.304016523762959,30.0,16.84097239950942,11.657995569308952,0.6460209544540074,GINGHAM BABUSHKA DOORSTOP
26.866295273940665,24.0,11.313708498984761,3.224448695166469,12.897794780665876,42.986072438305065,96.0,40.11613278102906,20.77555130483353,6.090743969107134,GINGHAM HEART  DOORSTOP RED
36.912049571288875,36.0,3.6,1.0260132920731475,0.8721112982621754,12.550096854238218,30.599999999999998,17.177791847499606,34.973986707926855,1.9380628633620205,GINGHAM HEART DECORATION
4.10133884125432,4.0,0.4,0.11400147689701633,0.4275055383638112,6.1520082618814795,15.0,8.42048619975471,3.885998523102984,0.2153403181513358,GINGHAM OVEN GLOVE RED HEART 
8.20267768250864,8.0,0.8,0.22800295379403265,1.1286146212804617,16.24130181136711,39.6,22.23008356735243,7.771997046205968,0.4306806363026716,GINGHAM RECIPE BOOK BOX
102.53347103135799,100.0,10.0,2.8500369224254083,1.1970155074186715,17.225623133268144,42.0,23.577361359313183,97.1499630775746,5.383507953783393,GINGHAM ROSE WRAP
209.16828090397033,204.0,20.400000000000002,5.814075321747824,11.046743111320867,158.96789348701748,387.6,217.58536340166168,198.18592467825218,10.98235622571815,GIRAFFE WOODEN RULER
702.3772957195001,576.0,498.8306325798367,142.16857208893563,29.855400138676483,58.999692840438016,120.96,32.10490702088549,433.83142791106434,268.5458678084358,GIRLS ALPHABET IRON ON PATCHES 
35.80745127560908,29.0,26.870057685088806,7.6580656510203635,19.528067410101926,36.52360030112126,73.94999999999999,17.8983322887768,21.341934348979635,14.465516926629448,GIRLS VINTAGE TIN SEASIDE BUCKET
12.304016523762959,12.0,1.2000000000000002,0.342004430691049,1.6929219319206927,24.361952717050663,59.400000000000006,33.34512535102865,11.657995569308952,0.6460209544540074,GIRLY PINK TOOL SET
12.304016523762959,12.0,1.2000000000000002,0.342004430691049,0.4275055383638113,6.1520082618814795,15.0,8.42048619975471,11.657995569308952,0.6460209544540074,GLAMOROUS  MUG
81.28164825974152,71.0,40.58324777540605,11.566375459184595,42.808440727270984,120.33296460142178,262.7788888888889,99.63748356019613,59.4336245408154,21.848023718926115,GLASS  BEURRE DISH
3.0760041309407398,3.0,0.30000000000000004,0.08550110767276226,1.068763845909528,15.3800206547037,37.5,21.05121549938677,2.914498892327238,0.16150523861350186,GLASS  SONGBIRD STORAGE JAR
4.10133884125432,4.0,0.4,0.11400147689701633,0.45030583374321453,6.480115369181825,15.8,8.869578797074961,3.885998523102984,0.2153403181513358,GLASS APOTHECARY BOTTLE ELIXIR
4.10133884125432,4.0,0.4,0.11400147689701633,0.45030583374321453,6.480115369181825,15.8,8.869578797074961,3.885998523102984,0.2153403181513358,GLASS APOTHECARY BOTTLE PERFUME
8.20267768250864,8.0,0.8,0.22800295379403265,0.9006116674864291,12.96023073836365,31.6,17.739157594149923,7.771997046205968,0.4306806363026716,GLASS APOTHECARY BOTTLE TONIC
12.304016523762959,12.0,1.2000000000000002,0.342004430691049,0.5643073106402309,8.120650905683553,19.799999999999997,11.115041783676213,11.657995569308952,0.6460209544540074,GLASS BON BON JAR
4.10133884125432,4.0,0.4,0.11400147689701633,0.4731061291226178,6.808222476482171,16.6,9.318671394395212,3.885998523102984,0.2153403181513358,GLASS BONNE JAM JAR
2.05066942062716,2.0,0.2,0.05700073844850816,0.9661625167022133,13.903538671852145,33.9,19.03029881144564,1.942999261551492,0.1076701590756679,GLASS CAKE COVER AND PLATE
1.02533471031358,1.0,0.1,0.02850036922425408,0.4260805199025985,6.131501567675208,14.95,8.392417912422193,0.971499630775746,0.05383507953783395,GLASS CAKE STAND MIRRORED BASE
6.1520082618814795,6.0,0.6000000000000001,0.1710022153455245,0.28215365532011544,4.060325452841776,9.899999999999999,5.557520891838107,5.828997784654476,0.3230104772270037,GLASS CHALICE BLUE SMALL 
6.1520082618814795,6.0,0.6000000000000001,0.1710022153455245,0.43605564913108746,6.275048427119109,15.299999999999999,8.588895923749803,5.828997784654476,0.3230104772270037,GLASS CHALICE GREEN  LARGE 
6.1520082618814795,6.0,0.6000000000000001,0.1710022153455245,0.28215365532011544,4.060325452841776,9.899999999999999,5.557520891838107,5.828997784654476,0.3230104772270037,GLASS CHALICE GREEN  SMALL 
12.304016523762959,12.0,1.2000000000000002,0.342004430691049,2.6163338947865253,37.65029056271466,91.80000000000001,51.533375542498824,11.657995569308952,0.6460209544540074,GLASS CLOCHE LARGE
8.20267768250864,8.0,0.8,0.22800295379403265,0.9006116674864291,12.96023073836365,31.6,17.739157594149923,7.771997046205968,0.4306806363026716,GLASS CLOCHE SMALL
24.608033047525918,24.0,2.4000000000000004,0.684008861382098,1.436418608902406,20.670747759921774,50.400000000000006,28.292833631175824,23.315991138617903,1.2920419089080148,GLASS ETCHED T-LIGHT HOLDER LARGE
12.304016523762959,12.0,1.2000000000000002,0.342004430691049,0.6669086398475456,9.597132888535109,23.4,13.135958471617345,11.657995569308952,0.6460209544540074,GLASS ETCHED T-LIGHT HOLDER MEDIUM
6.1520082618814795,6.0,0.6000000000000001,0.1710022153455245,0.3334543199237728,4.798566444267554,11.7,6.567979235808672,5.828997784654476,0.3230104772270037,GLASS HONEYPOT WASP CATCHER
6.1520082618814795,6.0,0.6000000000000001,0.1710022153455245,0.5044565352692973,7.259369749020147,17.700000000000003,9.93617371571056,5.828997784654476,0.3230104772270037,GLASS JAR DIGESTIVE BISCUITS
18.224582183183248,15.0,12.727922061357855,3.6275047820622777,9.975638150671264,20.047040401501576,41.25,11.22732144782716,11.372495217937722,6.852086965245526,GLASS JAR ENGLISH CONFECTIONERY
24.608033047525918,24.0,2.4000000000000004,0.684008861382098,1.7442225965243499,25.100193708476436,61.199999999999996,34.35558369499921,23.315991138617903,1.2920419089080148,GLASS JAR KINGS CHOICE
6.1520082618814795,6.0,0.6000000000000001,0.1710022153455245,0.5044565352692973,7.259369749020147,17.700000000000003,9.93617371571056,5.828997784654476,0.3230104772270037,GLASS JAR MARMALADE 
6.1520082618814795,6.0,0.6000000000000001,0.1710022153455245,0.5044565352692973,7.259369749020147,17.700000000000003,9.93617371571056,5.828997784654476,0.3230104772270037,GLASS JAR PEACOCK BATH SALTS
6.1520082618814795,6.0,0.6000000000000001,0.1710022153455245,0.8464609659603464,12.180976358525331,29.700000000000003,16.672562675514325,5.828997784654476,0.3230104772270037,GLASS STAR FROSTED T-LIGHT HOLDER
30.7600413094074,30.0,3.0,0.8550110767276222,2.1802782456554364,31.375242135595546,76.5,42.94447961874902,29.14498892327238,1.6150523861350194,GLITTER BUTTERFLY CLIPS
28.299442910910997,24.0,16.97056274847714,4.8366730427497036,2.998737286504816,7.018261841905927,14.879999999999999,4.863000871589255,19.163326957250298,9.136115953660699,GLITTER CHRISTMAS TREE
8.20267768250864,8.0,0.8,0.22800295379403265,0.4788062029674686,6.890249253307258,16.8,9.430944543725275,7.771997046205968,0.4306806363026716,GLITTER HANGING BUTTERFLY STRING
110.73614871386664,108.0,10.8,3.078039876219438,1.1696551529633865,16.83189460450773,41.04,23.03845024252888,104.92196012378056,5.814188590086076,GLITTER SNOW PEAR TREE DECORATION
49.216066095051836,48.0,4.800000000000001,1.368017722764196,0.28728372178048117,4.134149551984354,10.08,5.658566726235165,46.63198227723581,2.5840838178160297,GLOW IN DARK DOLPHINS
10.2533471031358,10.0,1.0,0.28500369224254046,1.838273814964386,26.453635526090366,64.5,36.208090658945245,9.71499630775746,0.5383507953783404,GOLD FISHING GNOME
6.1520082618814795,6.0,0.6000000000000001,0.1710022153455245,1.1542649535822904,16.610422307079997,40.5,22.73531273933771,5.828997784654476,0.3230104772270037,GOLD FLOWER CUSHION COVER 
10.07486072772775,9.0,4.242640687119285,1.2091682606874259,1.8197982323345758,6.065066158092105,13.544999999999998,5.6601356095733175,7.7908317393125746,2.2840289884151748,GOLD MUG BONE CHINA TREE OF LIFE
27.68403717846666,27.0,2.7,0.7695099690548595,1.1157894551295462,16.056741563510663,39.15,21.977468981359788,26.23049003094514,1.453547147521519,GRAND CHOCOLATECANDLE
13.32935123407654,13.0,1.3,0.3705047999153026,1.2486011757145699,17.967965463535176,43.81,24.593433360750257,12.629495200084698,0.6998560339918427,GRASS HOPPER WOODEN WALL CLOCK 
62.33147636970332,48.0,56.568542494923804,16.122243475832352,27.246591474156673,42.136078025919446,81.12,11.737330499923885,31.877756524167648,30.45371984553567,GREEN  SPOTTY PLATE 
70.7486072772775,60.0,42.42640687119285,12.09168260687426,45.343809775778475,106.12291091591625,225.0,73.53327930830528,47.90831739312574,22.84028988415176,GREEN 3 PIECE MINI DOTS CUTLERY SET
14.149721455455499,12.0,8.48528137423857,2.4183365213748518,9.068761955155693,21.224582183183248,45.0,14.706655861661059,9.581663478625149,4.5680579768303495,GREEN 3 PIECE POLKADOT CUTLERY SET
2.05066942062716,2.0,0.2,0.05700073844850816,0.2422531384061597,3.4861380150661723,8.5,4.771608846527668,1.942999261551492,0.1076701590756679,GREEN CHRISTMAS TREE CARD HOLDER
12.304016523762959,12.0,1.2000000000000002,0.342004430691049,0.4275055383638113,6.1520082618814795,15.0,8.42048619975471,11.657995569308952,0.6460209544540074,GREEN DRAWER KNOB ACRYLIC EDWARDIAN
18.456024785644438,18.0,1.8,0.5130066460365738,1.5133696058078927,21.77810924706044,53.1,29.80852114713167,17.486993353963427,0.9690314316810102,GREEN ENAMEL FLOWER RING
116.88815697574812,114.0,11.4,3.2490420915649634,7.3103447060211675,105.1993412781733,256.5,143.99031401580552,110.75095790843504,6.137199067313077,GREEN FERN JOURNAL 
5.1266735515679,5.0,0.5,0.14250184612127023,0.23512804610009586,3.383604544034814,8.25,4.631267409865091,4.85749815387873,0.2691753976891702,GREEN FERN NOTEBOOK
246.0803304752592,240.0,24.0,6.840088613820978,4.377656712845426,62.99656460166636,153.6,86.22577868548821,233.15991138617903,12.920419089080156,GREEN FERN POCKET BOOK
32.81071073003456,32.0,3.2,0.9120118151761306,2.6904348547695855,38.71663866144078,94.4,52.99292648378964,31.08798818482387,1.7227225452106865,GREEN FERN SKETCHBOOK 
118.93882639637528,116.0,11.600000000000001,3.3060428300134723,5.372319598771893,77.31023715764393,188.5,105.81744324358418,112.69395716998653,6.244869226388744,GREEN GINGHAM FLOWER JEWELLERY BOX
12.304016523762959,12.0,1.2000000000000002,0.342004430691049,0.6669086398475456,9.597132888535109,23.4,13.135958471617345,11.657995569308952,0.6460209544540074,GREEN GOOSE FEATHER TREE 60CM
41.0133884125432,40.0,4.0,1.1400147689701619,0.9690125536246376,13.944552060264689,34.0,19.086435386110672,38.85998523102984,2.1534031815133616,GREEN MINI TAPE MEASURE 
90.22945450759504,88.0,8.8,2.5080324917343577,3.1350406146679473,45.11472725379752,110.0,61.750232131534524,85.49196750826565,4.737486999329391,GREEN POLKADOT BOWL
51.46518109576265,40.0,45.254833995939045,12.897794780665881,21.797273179325337,34.79046242073556,67.6,11.012264399939099,27.102205219334117,24.362975876428536,GREEN POLKADOT PLATE 
18.90372563780454,15.5,13.435028842544403,3.8290328255101818,11.295646835255036,22.30639625260936,45.725,12.122956912135605,11.670967174489817,7.232758463314724,GREEN REGENCY TEACUP AND SAUCER
12.304016523762959,12.0,1.2000000000000002,0.342004430691049,0.5643073106402309,8.120650905683553,19.799999999999997,11.115041783676213,11.657995569308952,0.6460209544540074,GREEN ROSE CUSHION COVER
8.20267768250864,8.0,0.8,0.22800295379403265,0.8550110767276224,12.304016523762959,30.0,16.84097239950942,7.771997046205968,0.4306806363026716,GREEN ROSE WASHBAG
67.76462400667366,52.0,62.22539674441618,17.734467823415578,22.16808477926947,33.88231200333683,65.0,8.949603217393701,34.26553217658442,33.499091830089235,GREEN SPOTTY BOWL
89.497214554555,68.0,84.8528137423857,24.18336521374852,20.55586043168624,30.4290529485487,57.8,6.815086619765054,43.816634786251484,45.68057976830352,GREEN SPOTTY CUP
3.0760041309407398,3.0,0.30000000000000004,0.08550110767276226,0.3633797076092396,5.229207022599258,12.75,7.157413269791502,2.914498892327238,0.16150523861350186,GREEN SWEETHEART BRACELET
114.83748755512096,112.0,11.200000000000001,3.192041353116455,2.7132351501489866,39.04474576874113,95.2,53.44201908110988,108.80795864688355,6.02952890823741,GREEN VINTAGE SPOT BEAKER
12.304016523762959,12.0,1.2000000000000002,0.342004430691049,0.06498084183129932,0.935105255805985,2.2800000000000002,1.279913902362716,11.657995569308952,0.6460209544540074,"GREETING CARD, OVERCROWDED POOL."
4.10133884125432,4.0,0.4,0.11400147689701633,0.4275055383638112,6.1520082618814795,15.0,8.42048619975471,3.885998523102984,0.2153403181513358,GREY FLORAL FELTCRAFT SHOULDER BAG
32.149721455455506,30.0,8.48528137423857,2.4183365213748487,9.371054020327538,49.83206825595604,116.25,57.04687772371642,27.581663478625153,4.568057976830353,GREY HEART HOT WATER BOTTLE
24.608033047525918,24.0,2.4000000000000004,0.684008861382098,0.8550110767276226,12.304016523762959,30.0,16.84097239950942,23.315991138617903,1.2920419089080148,GROW A FLYTRAP OR SUNFLOWER IN TIN
8.20267768250864,8.0,0.8,0.22800295379403265,0.4788062029674686,6.890249253307258,16.8,9.430944543725275,7.771997046205968,0.4306806363026716,GROW YOUR OWN BASIL IN ENAMEL MUG
4.10133884125432,4.0,0.4,0.11400147689701633,0.9063117413312798,13.042257515188737,31.8,17.851430743479984,3.885998523102984,0.2153403181513358,GROW YOUR OWN FLOWERS SET OF 3
4.10133884125432,4.0,0.4,0.11400147689701633,0.9063117413312798,13.042257515188737,31.8,17.851430743479984,3.885998523102984,0.2153403181513358,GROW YOUR OWN HERBS SET OF 3
49.216066095051836,48.0,4.800000000000001,1.368017722764196,1.710022153455245,24.608033047525918,60.0,33.68194479901884,46.63198227723581,2.5840838178160297,GROW YOUR OWN PLANT IN A CAN 
541.9571727310646,533.0,35.35533905932738,10.076402172395213,24.674589819652777,530.8470506900778,1305.18375,749.6621094902694,522.9235978276048,19.033574903459794,GUMBALL COAT RACK
12.07486072772775,11.0,4.242640687119285,1.2091682606874259,9.250137194258809,36.94907382684692,84.15,37.95078897889428,9.790831739312575,2.2840289884151748,GUMBALL MAGAZINE RACK
36.912049571288875,36.0,3.6,1.0260132920731475,1.2825166150914344,18.456024785644438,45.0,25.261458599264127,34.973986707926855,1.9380628633620205,GUMBALL MONOCHROME COAT RACK
16.40535536501728,16.0,1.6,0.4560059075880653,1.0260132920731468,14.76481982851555,36.0,20.209166879411306,15.543994092411936,0.8613612726053432,GYMKHANA TREASURE BOOK BOX
64.7486072772775,54.0,42.42640687119285,12.09168260687426,7.859593694468269,16.83463789209215,35.1,10.405768413439581,41.90831739312574,22.84028988415176,HAIRCLIPS FORTIES FABRIC ASSORTED
12.304016523762959,12.0,1.2000000000000002,0.342004430691049,0.718209304451203,10.335373879960887,25.200000000000003,14.146416815587912,11.657995569308952,0.6460209544540074,HAND OVER THE CHOCOLATE   SIGN 
113.64693601001046,90.0,93.33809511662427,26.601701735123378,50.32155244894172,85.99284824757459,170.25,33.93559930348369,63.39829826487662,50.24863774513384,HAND WARMER BABUSHKA DESIGN
56.79143454621292,55.0,7.0710678118654755,2.015280434479042,4.232088912405988,47.70480501881886,115.5,63.563106068775156,52.98471956552096,3.8067149806919574,HAND WARMER BIRD DESIGN
303.1441505645655,258.0,178.19090885900997,50.78506694887187,105.67200468976802,252.30920839296917,536.8384615384616,178.85724845572446,207.21493305112813,95.92921751343738,HAND WARMER OWL DESIGN
36.912049571288875,36.0,3.6,1.0260132920731475,2.1546279133536097,31.006121639882657,75.60000000000001,42.439250446763744,34.973986707926855,1.9380628633620205,HAND WARMER RED LOVE HEART
12.304016523762959,12.0,1.2000000000000002,0.342004430691049,0.718209304451203,10.335373879960887,25.200000000000003,14.146416815587912,11.657995569308952,0.6460209544540074,HAND WARMER RED POLKA DOT
84.898328732733,72.0,50.91168824543142,14.510019128249104,29.56416397380755,69.1921379171774,146.70000000000002,47.94369810901506,57.489980871750895,27.40834786098211,HAND WARMER RED RETROSPOT
2.05066942062716,2.0,0.2,0.05700073844850816,0.11970155074186715,1.7225623133268144,4.2,2.3577361359313187,1.942999261551492,0.1076701590756679,HAND WARMER SCOTTY DOG DESIGN
12.304016523762959,12.0,1.2000000000000002,0.342004430691049,0.718209304451203,10.335373879960887,25.200000000000003,14.146416815587912,11.657995569308952,0.6460209544540074,HAND WARMER UNION JACK
12.304016523762959,12.0,1.2000000000000002,0.342004430691049,0.4275055383638113,6.1520082618814795,15.0,8.42048619975471,11.657995569308952,0.6460209544540074,HANGING  BUTTERFLY T-LIGHT HOLDER
36.912049571288875,36.0,3.6,1.0260132920731475,1.6929219319206934,24.36195271705066,59.4,33.34512535102864,34.973986707926855,1.9380628633620205,HANGING GLASS ETCHED TEALIGHT
20.1497214554555,18.0,8.48528137423857,2.4183365213748518,3.0229206517185645,10.07486072772775,22.5,9.402218620553686,15.581663478625149,4.5680579768303495,HANGING HEART JAR T-LIGHT HOLDER
49.216066095051836,48.0,4.800000000000001,1.368017722764196,0.5335269118780365,7.677706310828087,18.72,10.508766777293875,46.63198227723581,2.5840838178160297,HANGING HEART WITH BELL
59.99460309492846,50.5,37.476659402887016,10.680986302738928,9.078838357328088,20.398165052275676,42.925,13.447996590396233,39.81901369726107,20.175589397667387,HANGING HEART ZINC T-LIGHT HOLDER
69.0480501881885,54.0,59.39696961966999,16.92835564962396,13.288759184954808,21.681087759091188,42.38999999999999,7.420153055953998,37.07164435037604,31.976405837812457,HANGING JAM JAR T-LIGHT HOLDER
6.1520082618814795,6.0,0.6000000000000001,0.1710022153455245,0.5044565352692973,7.259369749020147,17.700000000000003,9.93617371571056,5.828997784654476,0.3230104772270037,HANGING MEDINA LANTERN SMALL
12.304016523762959,12.0,1.2000000000000002,0.342004430691049,0.5643073106402309,8.120650905683553,19.799999999999997,11.115041783676213,11.657995569308952,0.6460209544540074,HANGING METAL HEART LANTERN
24.608033047525918,24.0,2.4000000000000004,0.684008861382098,1.1286146212804617,16.241301811367105,39.599999999999994,22.230083567352427,23.315991138617903,1.2920419089080148,HANGING METAL STAR LANTERN
49.216066095051836,48.0,4.800000000000001,1.368017722764196,0.8618511653414436,12.402448655953062,30.240000000000002,16.975700178705495,46.63198227723581,2.5840838178160297,HANGING MINI COLOURED BOTTLES
12.304016523762959,12.0,1.2000000000000002,0.342004430691049,0.5643073106402309,8.120650905683553,19.799999999999997,11.115041783676213,11.657995569308952,0.6460209544540074,HANGING PHOTO CLIP ROPE LADDER
147.6481982851555,144.0,14.4,4.10405316829259,3.4063641296828497,49.019201830671626,119.52,67.0944340396455,139.89594683170742,7.752251453448082,HANGING QUILTED PATCHWORK APPLES
24.608033047525918,24.0,2.4000000000000004,0.684008861382098,1.1559749757357456,16.63503034012752,40.56,22.768994684136736,23.315991138617903,1.2920419089080148,HANGING RIDGE GLASS T-LIGHT HOLDER
24.608033047525918,24.0,2.4000000000000004,0.684008861382098,0.28728372178048117,4.134149551984354,10.08,5.658566726235165,23.315991138617903,1.2920419089080148,HANGING WOOD AND FELT BUTTERFLY 
12.304016523762959,12.0,1.2000000000000002,0.342004430691049,0.14364186089024059,2.067074775992177,5.04,2.8292833631175824,11.657995569308952,0.6460209544540074,HAPPY ANNIVERSARY CANDLE LETTERS
111.27263237137174,93.0,72.12489168102785,20.555860431686245,25.30426419140577,54.79064417966345,114.483,34.38809162893078,72.44413956831376,38.82849280305798,HAPPY STENCIL CRAFT
10.07486072772775,9.0,4.242640687119285,1.2091682606874259,2.0253568366514383,6.750156687577593,15.075000000000001,6.299486475770971,7.7908317393125746,2.2840289884151748,HAWAIIAN GRASS SKIRT 
12.304016523762959,12.0,1.2000000000000002,0.342004430691049,0.4275055383638113,6.1520082618814795,15.0,8.42048619975471,11.657995569308952,0.6460209544540074,HEADS AND TAILS SPORTING FUN
12.304016523762959,12.0,1.2000000000000002,0.342004430691049,0.4275055383638113,6.1520082618814795,15.0,8.42048619975471,11.657995569308952,0.6460209544540074,HEART CALCULATOR
49.216066095051836,48.0,4.800000000000001,1.368017722764196,1.710022153455245,24.608033047525918,60.0,33.68194479901884,46.63198227723581,2.5840838178160297,HEART FILIGREE DOVE  SMALL
24.608033047525918,24.0,2.4000000000000004,0.684008861382098,1.1286146212804617,16.241301811367105,39.599999999999994,22.230083567352427,23.315991138617903,1.2920419089080148,HEART FILIGREE DOVE LARGE
12.304016523762959,12.0,1.2000000000000002,0.342004430691049,0.5643073106402309,8.120650905683553,19.799999999999997,11.115041783676213,11.657995569308952,0.6460209544540074,HEART IVORY TRELLIS LARGE
12.304016523762959,12.0,1.2000000000000002,0.342004430691049,0.5643073106402309,8.120650905683553,19.799999999999997,11.115041783676213,11.657995569308952,0.6460209544540074,HEART OF WICKER SMALL
24.608033047525918,24.0,2.4000000000000004,0.684008861382098,0.5403670004918575,7.7761384430181915,18.96,10.643494556489953,23.315991138617903,1.2920419089080148,HEART STRING MEMO HOLDER HANGING
49.216066095051836,48.0,4.800000000000001,1.368017722764196,2.2572292425609235,32.48260362273421,79.19999999999999,44.460167134704854,46.63198227723581,2.5840838178160297,HEART T-LIGHT HOLDER WILLIE WINKIE
20.1497214554555,18.0,8.48528137423857,2.4183365213748518,2.055586043168624,6.85090529485487,15.299999999999999,6.3935086619765045,15.581663478625149,4.5680579768303495,HEART WOODEN CHRISTMAS DECORATION
455.2486113792295,444.0,44.400000000000006,12.654163935568812,15.22717726913447,219.12633161053583,534.28,299.9264911203297,431.3458360644312,23.902775314798305,HEART WREATH DECORATION WITH BELL
36.912049571288875,36.0,3.6,1.0260132920731475,0.43092558267072195,6.201224327976531,15.12,8.487850089352746,34.973986707926855,1.9380628633620205,HEN HOUSE W CHICK STANDING
12.304016523762959,12.0,1.2000000000000002,0.342004430691049,0.5643073106402309,8.120650905683553,19.799999999999997,11.115041783676213,11.657995569308952,0.6460209544540074,HI TEC ALPINE HAND WARMER
9.433147636970332,8.0,5.656854249492381,1.6122243475832345,6.045841303437129,14.149721455455499,30.0,9.804437241107372,6.3877756524167655,3.045371984553567,HOLIDAY FUN LUDO
13.187151819319375,10.5,10.606601717798213,3.022920651718565,18.439815975483246,32.17665043913927,64.05,13.433533585377479,7.4770793482814355,5.71007247103794,HOME BUILDING BLOCK WORD
8.20267768250864,8.0,0.8,0.22800295379403265,0.8550110767276224,12.304016523762959,30.0,16.84097239950942,7.771997046205968,0.4306806363026716,HOME SWEET HOME 3 PEG HANGER 
6.1520082618814795,6.0,0.6000000000000001,0.1710022153455245,0.8464609659603464,12.180976358525331,29.700000000000003,16.672562675514325,5.828997784654476,0.3230104772270037,HOME SWEET HOME BLACKBOARD
12.304016523762959,12.0,1.2000000000000002,0.342004430691049,0.711369215837382,10.236941747770782,24.96,14.011689036391838,11.657995569308952,0.6460209544540074,HOME SWEET HOME BOTTLE 
4.10133884125432,4.0,0.4,0.11400147689701633,0.4275055383638112,6.1520082618814795,15.0,8.42048619975471,3.885998523102984,0.2153403181513358,HOME SWEET HOME CUSHION COVER 
8.20267768250864,8.0,0.8,0.22800295379403265,1.4250184612127041,20.506694206271597,50.0,28.0682873325157,7.771997046205968,0.4306806363026716,HOME SWEET HOME KEY HOLDER
77.30182946664601,62.0,60.398675482166,17.213845518976324,50.32180840047412,90.39160592299807,181.24666666666667,40.533252343194484,44.78615448102367,32.51567498562234,HOME SWEET HOME METAL SIGN 
32.1497214554555,30.0,8.48528137423857,2.4183365213748518,3.0229206517185645,16.07486072772775,37.5,18.402218620553686,27.58166347862515,4.5680579768303495,HOME SWEET HOME MUG
61.5200826188148,60.0,6.0,1.7100221534552444,2.4795321225101046,35.68164791891258,87.0,48.83881995857731,58.28997784654476,3.230104772270039,HOMEMADE JAM SCENTED CANDLES
144.985206386737,108.0,145.98630072715727,41.606634724069714,35.36563951545926,49.29497017149058,91.8,7.139390313050157,66.39336527593028,78.59184111080671,"HOOK, 1 HANGER ,MAGIC GARDEN"
158.2458218318325,126.0,127.27922061357856,36.275047820622774,70.7363432502144,123.43174102882935,245.7,51.531915720956235,89.72495217937723,68.52086965245527,"HOOK, 3 HANGER ,MAGIC GARDEN"
365.8391367627645,282.0,330.92597359530424,94.31512433361922,155.29473058380404,240.94922455754488,464.3275862068965,68.08363106554759,187.68487566638078,178.15426109638372,"HOOK, 5 HANGER , MAGIC TOADSTOOL"
292.491643663665,228.0,254.55844122715712,72.55009564124555,119.70765780805513,193.04448481801887,376.19999999999993,63.44785737392593,155.44990435875445,137.04173930491055,"HOOK, 5 HANGER ,MAGIC TOADSTOOL RED"
14.716573818485166,14.0,2.8284271247461903,0.8061121737916173,1.3623295737078331,9.948403901295974,23.66,12.349266524996192,13.193887826208382,1.5226859922767844,HOT BATHS SOAP HOLDER
6.1520082618814795,6.0,0.6000000000000001,0.1710022153455245,0.6412583075457169,9.228012392822219,22.5,12.630729299632064,5.828997784654476,0.3230104772270037,HOT STUFF HOT WATER BOTTLE
143.5468594439012,140.0,14.0,3.990051691395562,18.287736918896325,263.16924231381887,641.6666666666666,360.20968743395144,136.00994830860444,7.536911135296776,HOT WATER BOTTLE BABUSHKA 
4.10133884125432,4.0,0.4,0.11400147689701633,0.5472070891056785,7.8745705752082955,19.200000000000003,10.77822233568603,3.885998523102984,0.2153403181513358,HOT WATER BOTTLE I AM SO POORLY
28.70937188878024,28.0,2.8000000000000003,0.7980103382791137,3.950151174481613,56.84455633978488,138.6,77.8052924857335,27.201989661720887,1.5073822270593524,HOT WATER BOTTLE KEEP CALM
4.10133884125432,4.0,0.4,0.11400147689701633,0.5643073106402309,8.120650905683554,19.8,11.115041783676215,3.885998523102984,0.2153403181513358,HOT WATER BOTTLE SEX BOMB
20.608485788887165,19.333333333333332,5.033222956847166,1.4344871265813604,5.8096728626545096,33.38574697799721,78.3,39.10458015934828,17.898846206751973,2.7096395821351926,HOT WATER BOTTLE TEA AND SYMPATHY
1.02533471031358,1.0,0.1,0.02850036922425408,0.08550110767276224,1.2304016523762962,3.0,1.6840972399509415,0.971499630775746,0.05383507953783395,High Resolution Image
12.304016523762959,12.0,1.2000000000000002,0.342004430691049,0.4275055383638113,6.1520082618814795,15.0,8.42048619975471,11.657995569308952,0.6460209544540074,I CAN ONLY PLEASE ONE PERSON MUG
36.912049571288875,36.0,3.6,1.0260132920731475,1.2825166150914344,18.456024785644438,45.0,25.261458599264127,34.973986707926855,1.9380628633620205,I LOVE LONDON BEAKER
24.608033047525918,24.0,2.4000000000000004,0.684008861382098,1.436418608902406,20.670747759921774,50.400000000000006,28.292833631175824,23.315991138617903,1.2920419089080148,I'M ON HOLIDAY METAL SIGN
164.0535536501728,160.0,16.0,4.560059075880647,3.784849032980937,54.465779811857374,132.79999999999998,74.54937115516167,155.43994092411936,8.613612726053447,ICE CREAM BUBBLES
10.2533471031358,10.0,1.0,0.28500369224254046,1.1257645843580348,16.200288422954564,39.5,22.1739469926874,9.71499630775746,0.5383507953783404,ICE CREAM DESIGN GARDEN PARASOL
98.43213219010367,96.0,9.600000000000001,2.736035445528392,3.42004430691049,49.216066095051836,120.0,67.36388959803767,93.26396455447161,5.168167635632059,ICE CREAM PEN LIP GLOSS 
73.82409914257775,72.0,7.2,2.052026584146295,2.565033230182869,36.912049571288875,90.0,50.522917198528255,69.94797341585371,3.876125726724041,ICE CREAM SUNDAE LIP GLOSS
40.299442910911,36.0,16.97056274847714,4.8366730427497036,1.30590172154242,4.352339834378388,9.72,4.061758444079192,31.163326957250298,9.136115953660699,ICON PLACEMAT POP ART ELVIS
12.304016523762959,12.0,1.2000000000000002,0.342004430691049,0.4275055383638113,6.1520082618814795,15.0,8.42048619975471,11.657995569308952,0.6460209544540074,IF YOU CAN'T STAND THE HEAT MUG
18.456024785644438,18.0,1.8,0.5130066460365738,1.308166947393263,18.825145281357326,45.9,25.76668777124941,17.486993353963427,0.9690314316810102,ILLUSTRATED CAT BOWL 
147.0158427435777,108.5,152.02795795510772,43.32852934129943,36.82924994010451,49.98538653281643,92.225,5.410363527079056,65.17147065870057,81.84437208487714,INFLATABLE POLITICAL GLOBE 
2.05066942062716,2.0,0.2,0.05700073844850816,0.7125092306063521,10.253347103135798,25.0,14.03414366625785,1.942999261551492,0.1076701590756679,IVORY CAFE HANGING LAMP 
6.1520082618814795,6.0,0.6000000000000001,0.1710022153455245,1.068763845909528,15.3800206547037,37.5,21.05121549938677,5.828997784654476,0.3230104772270037,IVORY CHANDELIER T-LIGHT HOLDER
17.58286909242583,14.0,14.142135623730951,4.030560868958086,33.917169712282295,59.18393736510534,117.80999999999999,24.70889292261235,9.969439131041913,7.613429961383918,IVORY DINER WALL CLOCK
1.02533471031358,1.0,0.1,0.02850036922425408,1.1385897505089506,16.38484867081101,39.95,22.426561578680044,0.971499630775746,0.05383507953783395,IVORY EMBROIDERED QUILT 
4.10133884125432,4.0,0.4,0.11400147689701633,0.6783087875372472,9.761186442185283,23.8,13.36050477027747,3.885998523102984,0.2153403181513358,IVORY GIANT GARDEN THERMOMETER
45.58286909242583,42.0,14.142135623730951,4.030560868958086,34.259767386143736,154.98175491424783,357.0,167.75847769960842,37.969439131041916,7.613429961383915,IVORY KITCHEN SCALES
12.304016523762959,12.0,1.2000000000000002,0.342004430691049,0.4275055383638113,6.1520082618814795,15.0,8.42048619975471,11.657995569308952,0.6460209544540074,IVORY LOVE BIRD CANDLE
40.299442910911,36.0,16.97056274847714,4.8366730427497036,2.6601701735123373,8.865877440400421,19.8,8.273952386087242,31.163326957250298,9.136115953660699,IVORY PAPER CUP CAKE CASES 
2.05066942062716,2.0,0.2,0.05700073844850816,0.46455601835534155,6.685182311244541,16.3,9.150261670400116,1.942999261551492,0.1076701590756679,IVORY RETRO KITCHEN WALL CLOCK
4.10133884125432,4.0,0.4,0.11400147689701633,0.6783087875372472,9.761186442185283,23.8,13.36050477027747,3.885998523102984,0.2153403181513358,IVORY STRING CURTAIN WITH POLE 
73.82409914257775,72.0,7.2,2.052026584146295,0.12312159504877769,1.771778379421866,4.32,2.425100025529357,69.94797341585371,3.876125726724041,JACOBS LADDER SMALL
173.197771643644,156.0,67.88225099390856,19.346692170998814,16.078859984297377,57.577237395134304,129.6501818181818,55.99408443875012,136.6533078290012,36.544463814642796,JAM JAR WITH GREEN LID
278.694986198199,240.0,152.73506473629428,43.53005738474734,36.877529049643556,94.44124880125057,203.32173913043476,72.00296127954064,196.46994261525265,82.22504358294634,JAM JAR WITH PINK LID
485.8391367627645,402.0,330.92597359530424,94.31512433361922,136.75693028374786,281.78669932240336,582.9,164.35637039384875,307.6848756663808,178.15426109638372,JAM MAKING SET PRINTED
138.096100376377,108.0,118.79393923933998,33.85671129924792,137.89556372922848,224.98156352984748,439.87499999999994,76.99787274092398,74.14328870075208,63.952811675624915,JAM MAKING SET WITH JARS
49.216066095051836,48.0,4.800000000000001,1.368017722764196,0.5745674435609623,8.268299103968708,20.16,11.31713345247033,46.63198227723581,2.5840838178160297,JAPANESE CROCHETED ANIMAL
49.216066095051836,48.0,4.800000000000001,1.368017722764196,0.5335269118780365,7.677706310828087,18.72,10.508766777293875,46.63198227723581,2.5840838178160297,JAZZ HEARTS PURSE NOTEBOOK
21.75524021832639,20.0,6.928203230275509,1.9745635012352176,2.9091902251532207,12.821088235333686,29.46666666666667,13.736388206179761,18.025436498764783,3.7298037195616054,JIGSAW RABBIT AND BIRDHOUSE
50.53144130995834,40.0,41.569219381653056,11.847381007411306,15.362104039609992,26.208974226098395,51.86666666666667,10.29558840095828,28.152618992588692,22.378822317369647,JIGSAW TOADSTOOLS 3 PIECE
24.608033047525918,24.0,2.4000000000000004,0.684008861382098,0.844750943806891,12.156368325477803,29.639999999999997,16.638880730715304,23.315991138617903,1.2920419089080148,JIGSAW TREE WITH BIRDHOUSE
12.304016523762959,12.0,1.2000000000000002,0.342004430691049,0.2907037660873917,4.1833656180794065,10.2,5.725930615833201,11.657995569308952,0.6460209544540074,JIGSAW TREE WITH WATERING CAN
24.608033047525918,24.0,2.4000000000000004,0.684008861382098,1.422738431674764,20.473883495541564,49.92,28.023378072783675,23.315991138617903,1.2920419089080148,JINGLE BELL HEART ANTIQUE SILVER
5.1266735515679,5.0,0.5,0.14250184612127023,0.990387830542828,14.25215247335876,34.75,19.507459696098408,4.85749815387873,0.2691753976891702,JOY LARGE WOOD LETTERS
33.58286909242583,30.0,14.142135623730951,4.030560868958086,8.121580150950544,27.067792488495222,60.45,25.26062736055424,25.969439131041913,7.613429961383918,JUMBO  BAG BAROQUE BLACK WHITE
148.6735329954691,145.0,14.5,4.132553537516841,8.59571135803503,123.69637945223029,301.6,169.3079091897347,140.86744646248314,7.806086532985944,JUMBO BAG 50'S CHRISTMAS 
64.59608674975554,63.0,6.300000000000001,1.795523261128004,3.7346883831462487,53.743944175796614,131.04,73.56136744105713,61.204476738871996,3.3916100108835465,JUMBO BAG ALPHABET
361.94315274069373,353.0,35.300000000000004,10.060630336161685,20.87767102722738,300.43962737868253,732.5403703703704,411.2230719644605,342.9393696638383,19.003783076855427,JUMBO BAG APPLES
10.2533471031358,10.0,1.0,0.28500369224254046,0.8407608921154944,12.098949581700246,29.5,16.56028952618426,9.71499630775746,0.5383507953783404,JUMBO BAG CHARLIE AND LOLA TOYS
164.0535536501728,160.0,16.0,4.560059075880647,9.43103127057134,135.71703074696114,330.90909090909093,185.76102889155845,155.43994092411936,8.613612726053447,JUMBO BAG DOILEY PATTERNS
10.2533471031358,10.0,1.0,0.28500369224254046,0.5557571998729539,7.997610740445924,19.5,10.946632059681122,9.71499630775746,0.5383507953783404,JUMBO BAG DOLLY GIRL DESIGN
100.78399655995024,84.33333333333333,64.93329911018948,18.50622999589328,36.670375134286715,79.88200648551694,167.10777777777778,50.55539615797413,65.82710333744005,34.95689322251019,JUMBO BAG OWLS
33.83604544034814,33.0,3.3000000000000003,0.9405121844003849,1.9562653435528006,28.151589806369653,68.64,38.53214485007754,32.05948781559962,1.77655762474852,JUMBO BAG PAISLEY PARK
184.5602478564444,180.0,18.0,5.130066460365733,10.670538237560725,153.55412621656174,374.40000000000003,210.17533554587757,174.86993353963427,9.690314316810117,JUMBO BAG PEARS
177.49181764948344,146.5,122.32947314527271,34.864351516487446,69.79843173600787,142.13544757370636,293.293,81.35912069028578,111.63564848351255,65.85616916597088,JUMBO BAG PINK POLKADOT
83.40586860551916,70.0,52.91502622129181,15.080977848179021,29.770967381775623,65.85974513591366,138.1851851851852,42.554472667495915,54.91902215182098,28.486846453698178,JUMBO BAG PINK VINTAGE PAISLEY
205.06694206271598,200.0,20.0,5.700073844850817,11.115143997459093,159.95221480891848,390.0,218.93264119362243,194.2999261551492,10.767015907566787,JUMBO BAG PINK WITH WHITE SPOTS
413.60410874107504,381.0,128.69343417595164,36.6781039075186,73.47291087292474,331.4096922221668,763.2122727272726,358.3296696321811,344.3218960924814,69.28221264859366,JUMBO BAG RED RETROSPOT
128.66295273940665,100.0,113.13708498984761,32.24448695166469,62.876749555746144,100.3571031367372,195.0,31.76614730751666,67.7555130483353,60.907439691071346,JUMBO BAG RED WHITE SPOTTY 
63.570752039441956,62.0,6.2,1.7670228919037527,3.6754076151598056,52.89086569681571,128.96,72.39372668802449,60.23297710809625,3.337774931345706,JUMBO BAG SCANDINAVIAN BLUE PAISLEY
96.32860327489585,70.0,103.92304845413264,29.618452518528258,57.42688849425757,74.70818342875256,135.72222222222223,3.587150299212098,40.38154748147174,55.94705579342411,JUMBO BAG SCANDINAVIAN PAISLEY
148.8288649100768,146.5,9.192388155425117,2.6198645648227568,5.242536127393538,119.12687572730862,293.1569642857143,168.78755243101213,143.88013543517724,4.948729474899551,JUMBO BAG SPACEBOY DESIGN
54.09626263534078,44.666666666666664,37.22006627255429,10.60785631319003,21.05305882957781,42.94521969744254,88.64844444444444,24.650165917424086,34.05881035347663,20.037452281864148,JUMBO BAG STRAWBERRY
42.53363876985881,37.333333333333336,20.526405757787536,5.8501014294379905,11.661202182679729,33.91348797916743,74.41777777777779,28.843087615930628,31.483231903895344,11.050406865963467,JUMBO BAG TOYS 
71.77342972195059,70.0,7.0,1.9950258456977867,4.149653759051397,59.7154935286629,145.6,81.73485271228569,68.00497415430222,3.768455567648374,JUMBO BAG VINTAGE CHRISTMAS 
92.2801239282222,90.0,9.0,2.5650332301828667,5.335269118780363,76.77706310828087,187.20000000000002,105.08766777293879,87.43496676981714,4.845157158405058,JUMBO BAG VINTAGE DOILY 
143.5468594439012,140.0,14.0,3.990051691395562,8.247436846114628,118.68454338821753,289.38,162.44801976566782,136.00994830860444,7.536911135296776,JUMBO BAG VINTAGE LEAF
613.5292480133473,582.0,124.45079348883236,35.46893564683115,70.74376538059504,489.4803679226487,1160.8149695121951,600.5908362089514,546.5310643531689,66.99818366017848,JUMBO BAG WOODLAND ANIMALS
128.44916436636652,122.0,25.45584412271571,7.2550095641245465,14.514049689118051,102.7878757518413,244.0677777777778,126.76585233681845,114.74499043587545,13.704173930491066,JUMBO SHOPPER VINTAGE RED PAISLEY
77.16573818485166,70.0,28.284271247461902,8.061121737916173,16.24316030190109,62.195584976990446,141.05,62.61125472110848,61.938878262083826,15.226859922767837,JUMBO STORAGE BAG SKULLS
147.75400418234904,146.5,4.949747468305833,1.4106963041353324,2.8119879662430955,117.80919266805964,292.0233333333333,171.40215269903058,145.08930369586466,2.664700486484378,JUMBO STORAGE BAG SUKI
101.64693601001049,78.0,93.33809511662427,26.60170173512337,32.936231960799624,50.340645058957705,96.57375000000002,13.29687298024269,51.39829826487663,50.24863774513386,JUNGLE POPSICLES ICE LOLLY HOLDERS
172.25623133268144,168.0,16.8,4.788062029674681,5.871361063888578,84.49168146868026,206.01000000000002,115.64695746743118,163.21193797032532,9.044293362356115,JUNGLE POPSICLES ICE LOLLY MOULDS
6.1520082618814795,6.0,0.6000000000000001,0.1710022153455245,0.3591046522256015,5.1676869399804435,12.600000000000001,7.073208407793956,5.828997784654476,0.3230104772270037,KASHMIR FOLKART TUMBLERS
2.05066942062716,2.0,0.2,0.05700073844850816,0.5671573475626562,8.161664294096097,19.9,11.171178358341246,1.942999261551492,0.1076701590756679,KEY CABINET MA CAMPAGNE
20.5066942062716,20.0,2.0,0.5700073844850809,0.7125092306063512,10.2533471031358,25.0,14.03414366625785,19.42999261551492,1.0767015907566808,KEY RING BASEBALL BOOT ASSORTED 
88.08704232662299,72.0,63.49803146555018,18.097173417814826,15.3825974051426,29.949594391051818,61.199999999999996,15.867808203805577,53.90282658218517,34.18421574443782,KIDS RAIN MAC BLUE
99.54552787160733,80.0,77.14920608794364,21.987808588644626,18.689637300347933,33.8454794763465,68.0,15.46488322330557,58.012191411355374,41.53333646025196,KIDS RAIN MAC PINK
16.40535536501728,16.0,1.6,0.4560059075880653,1.8240236303522612,26.248568584027648,64.0,35.92740778562009,15.543994092411936,0.8613612726053432,KINGS CHOICE BISCUIT TIN
147.6481982851555,144.0,14.4,4.10405316829259,4.350296358390145,62.60283607290594,152.64000000000001,85.68686756870393,139.89594683170742,7.752251453448082,KINGS CHOICE CIGAR BOX MATCHES 
49.216066095051836,48.0,4.800000000000001,1.368017722764196,2.872837217804812,41.34149551984355,100.80000000000001,56.58566726235165,46.63198227723581,2.5840838178160297,KINGS CHOICE GIANT TUBE MATCHES
86.12811566634072,84.0,8.4,2.3940310148373407,2.7651058221371287,39.79118943784941,97.02,54.463704740013455,81.60596898516266,4.522146681178057,KINGS CHOICE MUG
36.912049571288875,36.0,3.6,1.0260132920731475,2.889937439339365,41.5875758503188,101.39999999999999,56.92248671034183,34.973986707926855,1.9380628633620205,KINGS CHOICE TEA CADDY 
36.912049571288875,36.0,3.6,1.0260132920731475,0.5643073106402312,8.120650905683554,19.8,11.115041783676215,34.973986707926855,1.9380628633620205,KITCHEN METAL SIGN
32.643929108870346,28.0,18.33030277982336,5.224203972173363,4.440573376347358,11.098935897015918,23.8,8.260490726636725,22.775796027826637,9.868133081043709,KITTENS DESIGN FLANNEL
47.01601672939616,42.0,19.79898987322333,5.642785216541321,1.1849848954736772,3.949345405269278,8.82,3.685669699257045,36.35721478345868,10.658801945937483,KITTY PENCIL ERASERS
172.25623133268144,168.0,16.8,4.788062029674681,3.9740914846299855,57.18906880245024,139.44,78.27683971291978,163.21193797032532,9.044293362356115,KNICKERBOCKERGLORY MAGNET ASSORTED 
6.716573818485166,6.0,2.8284271247461903,0.8061121737916173,3.224448695166469,10.746518109576266,24.0,10.029033195257265,5.193887826208383,1.5226859922767835,KNITTED UNION FLAG HOT WATER BOTTLE
4.10133884125432,4.0,0.4,0.11400147689701633,0.4275055383638112,6.1520082618814795,15.0,8.42048619975471,3.885998523102984,0.2153403181513358,LA JARDIN BOTANIQUE CUSHION COVER
24.608033047525918,24.0,2.4000000000000004,0.684008861382098,0.1983625698008084,2.8545318335130063,6.959999999999999,3.907105596686185,23.315991138617903,1.2920419089080148,LA PALMIERA TILE COASTER
44.1497214554555,42.0,8.48528137423857,2.4183365213748518,1.0157013389774376,7.4171532045165245,17.64,9.207145456506039,39.581663478625146,4.568057976830353,LADLE LOVE HEART PINK
36.912049571288875,36.0,3.6,1.0260132920731475,0.43092558267072195,6.201224327976531,15.12,8.487850089352746,34.973986707926855,1.9380628633620205,LADLE LOVE HEART RED 
6.1520082618814795,6.0,0.6000000000000001,0.1710022153455245,0.6412583075457169,9.228012392822219,22.5,12.630729299632064,5.828997784654476,0.3230104772270037,LADYBIRD + BEE RAFFIA FOOD COVER
3.0760041309407398,3.0,0.30000000000000004,0.08550110767276226,1.068763845909528,15.3800206547037,37.5,21.05121549938677,2.914498892327238,0.16150523861350186,LANDMARK FRAME LONDON BRIDGE 
4.10133884125432,4.0,0.4,0.11400147689701633,0.9006116674864291,12.96023073836365,31.6,17.739157594149923,3.885998523102984,0.2153403181513358,LARGE ANTIQUE WHITE PHOTO FRAME
4.10133884125432,4.0,0.4,0.11400147689701633,1.4250184612127041,20.506694206271597,50.0,28.0682873325157,3.885998523102984,0.2153403181513358,LARGE APOTHECARY MEASURING JAR 
1.02533471031358,1.0,0.1,0.02850036922425408,0.2835786737813281,4.080832147048048,9.95,5.585589179170623,0.971499630775746,0.05383507953783395,LARGE CAKE STAND  HANGING STRAWBERY
16.40535536501728,16.0,1.6,0.4560059075880653,1.8012233349728581,25.9204614767273,63.2,35.478315188299845,15.543994092411936,0.8613612726053432,LARGE CAKE STAND HANGING HEARTS
2.05066942062716,2.0,0.2,0.05700073844850816,0.3847549845274301,5.536807435693332,13.5,7.578437579779238,1.942999261551492,0.1076701590756679,LARGE CAKE TOWEL PINK SPOTS
24.608033047525918,24.0,2.4000000000000004,0.684008861382098,1.1286146212804617,16.241301811367105,39.599999999999994,22.230083567352427,23.315991138617903,1.2920419089080148,LARGE CERAMIC TOP STORAGE JAR
43.95717273106458,35.0,35.35533905932738,10.076402172395216,8.564941846535934,14.945438728561959,29.75,6.2396194249021075,24.923597827604784,19.033574903459797,LARGE CHINESE STYLE SCISSOR
2.05066942062716,2.0,0.2,0.05700073844850816,0.7125092306063521,10.253347103135798,25.0,14.03414366625785,1.942999261551492,0.1076701590756679,LARGE DECO JEWELLERY STAND
36.643929108870346,32.0,18.33030277982336,5.224203972173363,3.3957325819126862,9.52742156830629,20.8,7.876845849781025,26.775796027826637,9.868133081043709,LARGE HANGING IVORY & RED WOOD BIRD
50.241400805365416,49.0,4.9,1.3965180919884503,2.304254851780943,33.15932453154117,80.85,45.38642061667788,47.60348190801155,2.637918897353863,LARGE HEART MEASURING SPOONS
4.10133884125432,4.0,0.4,0.11400147689701633,0.5643073106402309,8.120650905683554,19.8,11.115041783676215,3.885998523102984,0.2153403181513358,LARGE MEDINA STAMPED METAL BOWL 
110.73614871386664,108.0,10.8,3.078039876219438,5.078765795762071,73.08585815115197,178.19999999999996,100.03537605308593,104.92196012378056,5.814188590086076,LARGE POPCORN HOLDER 
12.304016523762959,12.0,1.2000000000000002,0.342004430691049,0.4275055383638113,6.1520082618814795,15.0,8.42048619975471,11.657995569308952,0.6460209544540074,LARGE PURPLE BABUSHKA NOTEBOOK  
24.608033047525918,24.0,2.4000000000000004,0.684008861382098,0.8550110767276226,12.304016523762959,30.0,16.84097239950942,23.315991138617903,1.2920419089080148,LARGE RED BABUSHKA NOTEBOOK 
6.1520082618814795,6.0,0.6000000000000001,0.1710022153455245,0.3591046522256015,5.1676869399804435,12.600000000000001,7.073208407793956,5.828997784654476,0.3230104772270037,LARGE RED RETROSPOT WINDMILL
6.1520082618814795,6.0,0.6000000000000001,0.1710022153455245,0.3591046522256015,5.1676869399804435,12.600000000000001,7.073208407793956,5.828997784654476,0.3230104772270037,LARGE RED SPOT WINDMILL
2.05066942062716,2.0,0.2,0.05700073844850816,0.3391543937686236,4.880593221092641,11.9,6.680252385138735,1.942999261551492,0.1076701590756679,LARGE ROUND WICKER PLATTER 
16.40535536501728,16.0,1.6,0.4560059075880653,0.5700073844850816,8.20267768250864,20.0,11.227314933006278,15.543994092411936,0.8613612726053432,LARGE STRIPES CHOCOLATE GIFT BAG
6.1520082618814795,6.0,0.6000000000000001,0.1710022153455245,0.5044565352692973,7.259369749020147,17.700000000000003,9.93617371571056,5.828997784654476,0.3230104772270037,LARGE WHITE HEART OF WICKER
12.304016523762959,12.0,1.2000000000000002,0.342004430691049,0.718209304451203,10.335373879960887,25.200000000000003,14.146416815587912,11.657995569308952,0.6460209544540074,LARGE WHITE HONEYCOMB PAPER BELL  
24.608033047525918,24.0,2.4000000000000004,0.684008861382098,1.1559749757357456,16.63503034012752,40.56,22.768994684136736,23.315991138617903,1.2920419089080148,LARGE WHITE/PINK ROSE ART FLOWER
24.608033047525918,24.0,2.4000000000000004,0.684008861382098,0.8550110767276226,12.304016523762959,30.0,16.84097239950942,23.315991138617903,1.2920419089080148,LARGE YELLOW BABUSHKA NOTEBOOK 
6.1520082618814795,6.0,0.6000000000000001,0.1710022153455245,0.3591046522256015,5.1676869399804435,12.600000000000001,7.073208407793956,5.828997784654476,0.3230104772270037,LARGE ZINC GLASS CANDLEHOLDER
2.05066942062716,2.0,0.2,0.05700073844850816,0.4702560922001923,6.767209088069628,16.5,9.262534819730181,1.942999261551492,0.1076701590756679,LARGE ZINC HEART WALL ORGANISER
12.304016523762959,12.0,1.2000000000000002,0.342004430691049,0.49590642450202105,7.136329583782516,17.4,9.767763991715462,11.657995569308952,0.6460209544540074,LAUNDRY 15C METAL SIGN
1.02533471031358,1.0,0.1,0.02850036922425408,0.0356254615303176,0.51266735515679,1.25,0.7017071833128924,0.971499630775746,0.05383507953783395,LAUREL STAR ANTIQUE SILVER 
2.05066942062716,2.0,0.2,0.05700073844850816,0.0712509230606352,1.02533471031358,2.5,1.4034143666257848,1.942999261551492,0.1076701590756679,LAVENDER INCENSE IN TIN
94.70578000834207,75.0,77.78174593052023,22.168084779269478,27.710105974086847,47.35289000417104,93.75,18.687004021742116,52.83191522073052,41.87386478761155,LAVENDER SCENTED FABRIC HEART
12.304016523762959,12.0,1.2000000000000002,0.342004430691049,0.2907037660873917,4.1833656180794065,10.2,5.725930615833201,11.657995569308952,0.6460209544540074,LAVENDER SCENTED SET/9 T-LIGHTS
3.0760041309407398,3.0,0.30000000000000004,0.08550110767276226,1.068763845909528,15.3800206547037,37.5,21.05121549938677,2.914498892327238,0.16150523861350186,LE GRAND TRAY CHIC SET
51.266735515678995,50.0,5.0,1.4250184612127041,5.34381922954764,76.9001032735185,187.5,105.25607749693387,48.5749815387873,2.6917539768916967,LE JARDIN BOTANIQUE CUSHION COVER
27.0401652376296,24.0,12.0,3.4200443069104853,7.6950996905485916,24.336148713866642,54.0,21.968751595584767,20.579955693089516,6.460209544540085,LETS GO SHOPPING COTTON TOTE BAG
4.10133884125432,4.0,0.4,0.11400147689701633,0.4275055383638112,6.1520082618814795,15.0,8.42048619975471,3.885998523102984,0.2153403181513358,LETTER HOLDER HOME SWEET HOME
53.31740493630616,52.0,5.2,1.4820191996612104,5.928076798644842,85.30784789808986,208.0,116.7640753032653,50.51798080033879,2.799424135967371,LIGHT GARLAND BUTTERFILES PINK
28.299442910910997,24.0,16.97056274847714,4.8366730427497036,2.0314026779548753,4.754306409033048,10.08,3.2942909130120768,19.163326957250298,9.136115953660699,LIPSTICK PEN BABY PINK
464.1281338351693,424.0,158.39191898578665,45.14228173233057,18.11334054509764,74.49256548054467,170.13,77.52409397435768,378.85771826766944,85.27041556749987,LIPSTICK PEN RED
24.608033047525918,24.0,2.4000000000000004,0.684008861382098,0.5814075321747834,8.366731236158813,20.4,11.451861231666403,23.315991138617903,1.2920419089080148,LOCAL CAFE MUG
24.22458218318325,21.0,12.727922061357855,3.627504782062276,8.161885759640121,21.802123964864926,47.25,17.285990275494953,17.372495217937725,6.852086965245526,LOLITA  DESIGN  COTTON TOTE BAG
12.304016523762959,12.0,1.2000000000000002,0.342004430691049,0.8721112982621749,12.550096854238218,30.599999999999998,17.177791847499606,11.657995569308952,0.6460209544540074,LONDON BUS COFFEE MUG
3.0760041309407398,3.0,0.30000000000000004,0.08550110767276226,0.5215567568038497,7.505450079495405,18.299999999999997,10.272993163700743,2.914498892327238,0.16150523861350186,LOVE BUILDING BLOCK WORD
30.7600413094074,30.0,3.0,0.8550110767276222,0.35910465222560134,5.1676869399804435,12.6,7.073208407793955,29.14498892327238,1.6150523861350194,LOVE HEART POCKET WARMER
61.5200826188148,60.0,6.0,1.7100221534552444,2.8215365532011534,40.60325452841777,99.0,55.57520891838107,58.28997784654476,3.230104772270039,LOVE HEART SOCK HANGER
98.43213219010367,96.0,9.600000000000001,2.736035445528392,1.067053823756073,15.355412621656175,37.44,21.01753355458775,93.26396455447161,5.168167635632059,LOVE HEART TRINKET POT
12.304016523762959,12.0,1.2000000000000002,0.342004430691049,2.0349263626117415,29.283559326555846,71.4,40.08151431083242,11.657995569308952,0.6460209544540074,LOVE HOT WATER BOTTLE
2.05066942062716,2.0,0.2,0.05700073844850816,0.7267594152184791,10.458414045198516,25.5,14.314826539583004,1.942999261551492,0.1076701590756679,LOVE LARGE WOOD LETTERS 
20.1497214554555,18.0,8.48528137423857,2.4183365213748518,2.055586043168624,6.85090529485487,15.299999999999999,6.3935086619765045,15.581663478625149,4.5680579768303495,LOVEBIRD HANGING DECORATION WHITE 
20.1497214554555,18.0,8.48528137423857,2.4183365213748518,2.055586043168624,6.85090529485487,15.299999999999999,6.3935086619765045,15.581663478625149,4.5680579768303495,LOVELY BONBON STICKER SHEET
95.31545964030717,86.0,36.76955262170047,10.479458259291022,17.291106127830187,62.908203362602734,141.9,61.70069050956708,75.52054174070898,19.79491789959819,LUNCH BAG  BLACK SKULL.
73.82409914257775,72.0,7.2,2.052026584146295,3.385843863841387,48.72390543410132,118.8,66.69025070205728,69.94797341585371,3.876125726724041,LUNCH BAG ALPHABET DESIGN
371.17116513351596,362.0,36.2,10.317133659179968,17.023270537646944,244.97296898812056,597.3,335.30376047423243,351.68286634082006,19.4882987926959,LUNCH BAG APPLE DESIGN
148.4491643663665,142.0,25.45584412271571,7.255009564124558,11.97076578080552,97.97644848180188,234.29999999999998,124.35278573739257,134.74499043587545,13.704173930491038,LUNCH BAG CARS BLUE
266.5870246815308,260.0,26.0,7.410095998306052,12.091929379053967,174.00862156485377,424.27272727272725,238.17217632881952,252.58990400169395,13.997120679836854,LUNCH BAG DOILEY PATTERN 
125.09083465825675,122.0,12.200000000000001,3.4770450453589974,5.563272072574395,80.05813418128433,195.2,109.57859374614127,118.52295495464101,6.567879703615745,LUNCH BAG DOLLY GIRL DESIGN
32.81071073003456,32.0,3.2,0.9120118151761306,1.5048194950406155,21.65506908182281,52.8,29.640111423136574,31.08798818482387,1.7227225452106865,LUNCH BAG PAISLEY PARK  
115.86282226543453,113.0,11.3,3.220541722340711,5.313893841862172,76.46946269518678,186.44999999999996,104.66664346295101,109.77945827765929,6.083363987775243,LUNCH BAG PINK POLKADOT
143.54685944390118,140.0,14.0,3.9900516913955735,6.583585290802696,94.74092723297478,231.0,129.67548747622251,136.00994830860444,7.536911135296748,LUNCH BAG PINK RETROSPOT
320.92976432815055,313.0,31.3,8.920615567191511,14.629809530194077,210.52992539926677,513.3199999999999,288.16026507053914,304.07938443280847,16.850379895342087,LUNCH BAG RED RETROSPOT
205.06694206271598,200.0,20.0,5.700073844850817,9.405121844003848,135.34418176139255,330.0,185.2506963946036,194.2999261551492,10.767015907566787,LUNCH BAG RED SPOTTY
10.2533471031358,10.0,1.0,0.28500369224254046,0.4702560922001917,6.767209088069628,16.5,9.262534819730181,9.71499630775746,0.5383507953783404,LUNCH BAG RED VINTAGE DOILY
223.9571727310646,215.0,35.35533905932738,10.076402172395213,16.6260635844521,147.81173400250265,354.75,190.31220241304524,204.9235978276048,19.033574903459794,LUNCH BAG SPACEBOY DESIGN 
145.4543872856196,115.0,120.20815280171308,34.25976738614373,56.528616187137146,95.99989560850894,189.75,37.22148820435392,80.74023261385628,64.71415467176331,LUNCH BAG SUKI  DESIGN 
73.82409914257775,72.0,7.2,2.052026584146295,3.385843863841387,48.72390543410132,118.8,66.69025070205728,69.94797341585371,3.876125726724041,LUNCH BAG SUKI DESIGN 
41.0133884125432,40.0,4.0,1.1400147689701619,1.8810243688007668,27.068836352278513,66.0,37.050139278920724,38.85998523102984,2.1534031815133616,LUNCH BAG VINTAGE DOILY 
112.7868181344938,110.0,11.0,3.135040614667946,5.172817014202111,74.43929996876591,181.5,101.88788301703198,106.86495938533206,5.921858749161743,LUNCH BAG VINTAGE LEAF DESIGN
496.74321037220597,476.5,79.90306627407988,22.772668909613184,37.51164628722394,327.29858194524235,784.9013888888888,420.0911606564226,453.7273310903868,43.01587928181914,LUNCH BAG WOODLAND
80.1497214554555,78.0,8.48528137423857,2.4183365213748487,4.715756216680955,62.5167827352553,152.1,84.86746104806373,75.58166347862515,4.56805797683036,LUNCH BOX I LOVE LONDON
178.40823959456293,174.0,17.400000000000002,4.959064245020202,12.459648915613256,179.30028079253572,437.17499999999995,245.41507029185098,169.04093575497978,9.367303839583144,LUNCH BOX WITH CUTLERY FAIRY CAKES 
472.7486072772775,462.0,42.42640687119285,12.091682606874269,29.99309951597225,469.0561763850341,1145.978804347826,646.9295284468196,449.90831739312574,22.84028988415173,LUNCH BOX WITH CUTLERY RETROSPOT 
10.2533471031358,10.0,1.0,0.28500369224254046,0.4702560922001917,6.767209088069628,16.5,9.262534819730181,9.71499630775746,0.5383507953783404,LUNCHBAG SPACEBOY DESIGN 
150.096100376377,120.0,118.79393923933998,33.85671129924792,85.0649871393604,150.8465808782589,301.5,65.58843198238071,86.14328870075208,63.952811675624915,LUNCHBOX WITH CUTLERY FAIRY CAKES 
75.0480501881885,60.0,59.39696961966999,16.92835564962396,42.69119690389542,75.70472062733513,151.31249999999997,32.91658246876942,43.07164435037604,31.976405837812457,LUNCHBOX WITH CUTLERY RETROSPOT 
223.89275784184298,168.0,220.61731573020282,62.876749555746144,78.09816267736636,111.23738518775566,208.67000000000002,19.334452134877992,105.12325044425386,118.76950739758912,LUSH GREENS RIBBONS
6.1520082618814795,6.0,0.6000000000000001,0.1710022153455245,0.4702560922001924,6.767209088069628,16.5,9.262534819730181,5.828997784654476,0.3230104772270037,MAGAZINE RACK GEBRA ASSORTED 
78.33147636970332,64.0,56.568542494923804,16.122243475832345,6.771342259849585,13.159688030110159,26.88,6.948969710040255,47.87775652416765,30.453719845535673,MAGIC DRAWING SLATE BAKE A CAKE 
80.598885821822,72.0,33.94112549695428,9.673346085499407,4.062805355909751,13.540612818066096,30.24,12.63658182602415,62.326653914500596,18.272231907321398,MAGIC DRAWING SLATE BUNNIES 
255.82869092425832,220.0,141.4213562373095,40.305608689580865,16.928355649623963,42.97922007527541,92.4,32.49242427510063,179.69439131041912,76.1342996138392,MAGIC DRAWING SLATE CIRCUS PARADE  
80.598885821822,72.0,33.94112549695428,9.673346085499407,4.062805355909751,13.540612818066096,30.24,12.63658182602415,62.326653914500596,18.272231907321398,MAGIC DRAWING SLATE DINOSAUR
169.79665746546598,144.0,101.82337649086284,29.02003825649822,12.188416067729253,28.525838454198293,60.480000000000004,19.765745478072457,114.97996174350178,54.81669572196421,MAGIC DRAWING SLATE DOLLY GIRL 
40.299442910911,36.0,16.97056274847714,4.8366730427497036,2.0314026779548753,6.770306409033048,15.12,6.318290913012075,31.163326957250298,9.136115953660699,MAGIC DRAWING SLATE GO TO THE FAIR 
24.679143454621293,24.5,0.7071067811865476,0.20152804344790362,0.08464177824811951,4.146096100376377,10.29,6.059262121375502,24.298471956552095,0.38067149806919787,MAGIC DRAWING SLATE LEAP FROG 
148.6735329954691,145.0,14.5,4.132553537516841,1.7356724857570733,24.97715354323881,60.9,34.18717397100412,140.86744646248314,7.806086532985944,MAGIC DRAWING SLATE PURDEY
411.63614219986744,369.0,168.2914139223983,47.96367434060121,20.144743223052508,69.15487188957773,154.98,65.68038488736974,321.0363256593988,90.59981654046862,MAGIC DRAWING SLATE SPACEBOY 
12.304016523762959,12.0,1.2000000000000002,0.342004430691049,0.6669086398475456,9.597132888535109,23.4,13.135958471617345,11.657995569308952,0.6460209544540074,MAGIC GARDEN FELT GARLAND 
140.598885821822,132.0,33.94112549695428,9.673346085499407,17.10570032785812,99.4502785713021,233.42000000000002,116.86402110083979,122.3266539145006,18.272231907321398,MAGIC SHEEP WOOL GROWING FROM PAPER
49.216066095051836,48.0,4.800000000000001,1.368017722764196,0.5745674435609623,8.268299103968708,20.16,11.31713345247033,46.63198227723581,2.5840838178160297,MAGIC SLATE BUNNIES AT HOME 
49.216066095051836,48.0,4.800000000000001,1.368017722764196,0.5745674435609623,8.268299103968708,20.16,11.31713345247033,46.63198227723581,2.5840838178160297,MAGIC SLATE CIRCUS PARADE  
49.216066095051836,48.0,4.800000000000001,1.368017722764196,0.5745674435609623,8.268299103968708,20.16,11.31713345247033,46.63198227723581,2.5840838178160297,MAGIC SLATE DINOSAUR
49.216066095051836,48.0,4.800000000000001,1.368017722764196,0.5745674435609623,8.268299103968708,20.16,11.31713345247033,46.63198227723581,2.5840838178160297,MAGIC SLATE GO TO THE FAIR 
49.216066095051836,48.0,4.800000000000001,1.368017722764196,0.5745674435609623,8.268299103968708,20.16,11.31713345247033,46.63198227723581,2.5840838178160297,MAGIC SLATE SPACEBOY 
52.7486072772775,42.0,42.42640687119285,12.09168260687426,10.27793021584312,17.934526474274353,35.699999999999996,7.487543309882522,29.908317393125742,22.84028988415176,MAGIC TREE -PAPER FLOWERS
77.71117691341362,67.5,40.30508652763321,11.487098476530544,14.358873095663181,38.85558845670681,84.375,31.160538447630007,56.01290152346945,21.698275389944172,MAGNETS PACK OF 4 CHILDHOOD MEMORY
72.89832873273298,60.0,50.91168824543142,14.510019128249116,15.017869797737838,30.179908095351458,62.10000000000001,16.902222106910713,45.48998087175089,27.40834786098209,MAGNETS PACK OF 4 HOME SWEET HOME
52.299442910911,48.0,16.97056274847714,4.8366730427497036,4.020484466785692,17.389564767877907,39.900000000000006,18.489950765336406,43.1633269572503,9.136115953660699,MAGNETS PACK OF 4 RETRO PHOTO
134.3582869092426,134.0,1.4142135623730951,0.4030560868958044,0.40928513551146684,54.57389326459054,136.07090909090908,81.08773069080708,133.59694391310418,0.7613429961384099,MAGNETS PACK OF 4 SWALLOWS
69.2780292764433,60.5,34.64823227814083,9.874874128947305,9.512795410885904,26.695133947856156,58.281666666666666,22.073737307924606,50.625125871052695,18.65290340539061,MAGNETS PACK OF 4 VINTAGE COLLAGE
57.3689067335672,42.5,58.68986283848344,16.72682760617606,14.956571684522427,20.51894564170587,38.00208333333333,2.5265660071050355,25.77317239382394,31.59573433974326,MAGNETS PACK OF 4 VINTAGE LABELS 
22.07486072772775,21.0,4.242640687119285,1.2091682606874259,3.5670463690279064,26.04833565871875,61.95,32.33461797225335,19.790831739312573,2.2840289884151765,MAKE YOUR OWN FLOWERPOWER CARD KIT
32.1497214554555,30.0,8.48528137423857,2.4183365213748518,7.134092738055813,37.936671317437494,88.5,43.429235944506694,27.58166347862515,4.5680579768303495,MAKE YOUR OWN MONSOON CARD KIT
22.07486072772775,21.0,4.242640687119285,1.2091682606874259,3.5670463690279064,26.04833565871875,61.95,32.33461797225335,19.790831739312573,2.2840289884151765,MAKE YOUR OWN PLAYTIME CARD KIT
12.304016523762959,12.0,1.2000000000000002,0.342004430691049,0.718209304451203,10.335373879960887,25.200000000000003,14.146416815587912,11.657995569308952,0.6460209544540074,MAN FLU METAL SIGN
18.456024785644438,18.0,1.8,0.5130066460365738,1.513369605807893,21.778109247060442,53.10000000000001,29.808521147131675,17.486993353963427,0.9690314316810102,MEASURING TAPE BABUSHKA BLUE
30.4491643663665,24.0,25.45584412271571,7.255009564124555,21.40227821416744,35.93001395231247,70.80000000000001,13.467707833520102,16.744990435875444,13.704173930491056,MEASURING TAPE BABUSHKA PINK
12.304016523762959,12.0,1.2000000000000002,0.342004430691049,1.0089130705385947,14.518739498040294,35.400000000000006,19.87234743142112,11.657995569308952,0.6460209544540074,MEASURING TAPE BABUSHKA RED
12.304016523762959,12.0,1.2000000000000002,0.342004430691049,1.0089130705385947,14.518739498040294,35.400000000000006,19.87234743142112,11.657995569308952,0.6460209544540074,MEASURING TAPE RUSSIAN DOLL BLUE
7.17734297219506,7.0,0.7000000000000001,0.19950258456977843,0.5885326244808464,8.469264707190172,20.650000000000002,11.592202668328984,6.800497415430222,0.3768455567648381,MEASURING TAPE RUSSIAN DOLL PINK
36.912049571288875,36.0,3.6,1.0260132920731475,3.0267392116157854,43.55621849412088,106.2,59.61704229426334,34.973986707926855,1.9380628633620205,MEASURING TAPE RUSSIAN DOLL RED
24.608033047525918,24.0,2.4000000000000004,0.684008861382098,0.8550110767276226,12.304016523762959,30.0,16.84097239950942,23.315991138617903,1.2920419089080148,MEDIUM CERAMIC TOP STORAGE JAR
6.1520082618814795,6.0,0.6000000000000001,0.1710022153455245,0.5044565352692973,7.259369749020147,17.700000000000003,9.93617371571056,5.828997784654476,0.3230104772270037,MEDIUM MEDINA STAMPED METAL BOWL 
6.1520082618814795,6.0,0.6000000000000001,0.1710022153455245,0.5044565352692973,7.259369749020147,17.700000000000003,9.93617371571056,5.828997784654476,0.3230104772270037,MEDIUM PINK BUDDHA HEAD 
152.7486072772775,142.0,42.42640687119285,12.09168260687426,59.661461226190944,301.47020581724496,700.6409090909091,339.50924204747315,129.90831739312574,22.84028988415176,MEMO BOARD COTTAGE DESIGN
59.037430363863876,58.5,2.1213203435596424,0.6045841303437122,2.9734546774177115,116.1427266430922,287.71363636363634,168.59745504312642,57.89541586965629,1.1420144942075865,MEMO BOARD RETROSPOT  DESIGN
102.33147636970332,88.0,56.568542494923804,16.122243475832345,47.84275751453249,121.46746245083786,261.14000000000004,91.82978003462972,71.87775652416765,30.453719845535673,METAL 4 HOOK HANGER FRENCH CHATEAU
17.58286909242583,14.0,14.142135623730951,4.030560868958086,3.425976738614373,5.978175491424783,11.9,2.4958477699608443,9.969439131041913,7.613429961383918,METAL DECORATION NAUGHTY CHILDREN 
36.912049571288875,36.0,3.6,1.0260132920731475,0.9986529376178636,14.371091299755134,35.04,19.670255762627,34.973986707926855,1.9380628633620205,METAL SIGN CUPCAKE SINGLE HOOK
18.456024785644438,18.0,1.8,0.5130066460365738,0.9747126274694902,14.026578837089774,34.2,19.19870853544074,17.486993353963427,0.9690314316810102,METAL SIGN HER DINNER IS SERVED 
6.1520082618814795,6.0,0.6000000000000001,0.1710022153455245,0.5044565352692973,7.259369749020147,17.700000000000003,9.93617371571056,5.828997784654476,0.3230104772270037,METAL SIGN HIS DINNER IS SERVED
16.07486072772775,15.0,4.242640687119285,1.2091682606874259,3.5670463690279064,18.968335658718747,44.25,21.714617972253347,13.790831739312575,2.2840289884151748,METAL SIGN TAKE IT OR LEAVE IT 
36.912049571288875,36.0,3.6,1.0260132920731475,0.9986529376178636,14.371091299755134,35.04,19.670255762627,34.973986707926855,1.9380628633620205,"METAL SIGN,CUPCAKE SINGLE HOOK"
6.1520082618814795,6.0,0.6000000000000001,0.1710022153455245,0.5044565352692973,7.259369749020147,17.700000000000003,9.93617371571056,5.828997784654476,0.3230104772270037,MIDNIGHT GLAMOUR SCARF KNITTING KIT
4.10133884125432,4.0,0.4,0.11400147689701633,0.4275055383638112,6.1520082618814795,15.0,8.42048619975471,3.885998523102984,0.2153403181513358,MILK PAN BLUE POLKADOT
4.10133884125432,4.0,0.4,0.11400147689701633,0.4275055383638112,6.1520082618814795,15.0,8.42048619975471,3.885998523102984,0.2153403181513358,MILK PAN BLUE RETROSPOT
6.716573818485166,6.0,2.8284271247461903,0.8061121737916173,3.0229206517185645,10.07486072772775,22.5,9.402218620553686,5.193887826208383,1.5226859922767835,MILK PAN PINK POLKADOT
55.31545964030717,46.0,36.76955262170047,10.479458259291022,39.29796847234133,82.97318946046076,172.5,50.22884206719791,35.52054174070898,19.79491789959819,MILK PAN PINK RETROSPOT
37.78447295447216,30.666666666666668,28.095076674273972,8.00720058600536,30.027002197520105,56.67670943170823,115.0,28.296288370771663,22.659466080661307,15.12500687381085,MILK PAN RED RETROSPOT
9.228012392822219,9.0,0.9,0.2565033230182869,1.26969144894052,18.271464537787995,44.550000000000004,25.00884401327149,8.743496676981714,0.4845157158405051,MINATURE COLOURED GARDENING SET
49.12830782098779,42.5,26.16295090390226,7.456537607572458,12.303287052494555,32.424683161851945,70.125,25.3970297856535,35.04346239242754,14.08484542856025,MINI CAKE STAND  HANGING STRAWBERY
369.1204957128888,360.0,36.0,10.260132920731467,4.1040531682925865,59.05927931406221,144.0,80.83666751764521,349.73986707926855,19.380628633620233,MINI CAKE STAND T-LIGHT HOLDER
26.65870246815308,26.0,2.6,0.7410095998306052,1.0744639197543775,15.462047431528786,37.699999999999996,21.16348864871683,25.258990400169395,1.3997120679836854,MINI CAKE STAND WITH HANGING CAKES
80.7486072772775,70.0,42.42640687119285,12.09168260687426,9.238045511651935,24.676774383936007,53.480000000000004,19.565180104412065,57.90831739312574,22.84028988415176,MINI FUNKY DESIGN TAPES
123.0401652376296,120.0,12.0,3.420044306910489,0.4104053168292586,5.905927931406221,14.399999999999999,8.083666751764518,116.57995569308952,6.460209544540078,MINI HIGHLIGHTER PENS
24.608033047525918,24.0,2.4000000000000004,0.684008861382098,0.28728372178048117,4.134149551984354,10.08,5.658566726235165,23.315991138617903,1.2920419089080148,MINI JIGSAW BAKE A CAKE 
49.216066095051836,48.0,4.800000000000001,1.368017722764196,0.5745674435609623,8.268299103968708,20.16,11.31713345247033,46.63198227723581,2.5840838178160297,MINI JIGSAW BUNNIES
49.216066095051836,48.0,4.800000000000001,1.368017722764196,0.5745674435609623,8.268299103968708,20.16,11.31713345247033,46.63198227723581,2.5840838178160297,MINI JIGSAW BUNNIES AT HOME
295.296396570311,288.0,28.8,8.20810633658518,3.4474046613657756,49.60979462381225,120.96,67.90280071482196,279.79189366341484,15.504502906896164,MINI JIGSAW CIRCUS PARADE 
98.43213219010367,96.0,9.600000000000001,2.736035445528392,1.1491348871219247,16.536598207937416,40.32,22.63426690494066,93.26396455447161,5.168167635632059,MINI JIGSAW DINOSAUR 
56.598885821821995,48.0,33.94112549695428,9.673346085499407,4.062805355909751,9.508612818066096,20.16,6.5885818260241535,38.326653914500596,18.272231907321398,MINI JIGSAW DOLLY GIRL
49.216066095051836,48.0,4.800000000000001,1.368017722764196,0.5745674435609623,8.268299103968708,20.16,11.31713345247033,46.63198227723581,2.5840838178160297,MINI JIGSAW FIDO
24.608033047525918,24.0,2.4000000000000004,0.684008861382098,0.28728372178048117,4.134149551984354,10.08,5.658566726235165,23.315991138617903,1.2920419089080148,MINI JIGSAW GO TO THE FAIR
24.608033047525918,24.0,2.4000000000000004,0.684008861382098,0.28728372178048117,4.134149551984354,10.08,5.658566726235165,23.315991138617903,1.2920419089080148,MINI JIGSAW LEAP FROG
40.299442910911,36.0,16.97056274847714,4.8366730427497036,2.0314026779548753,6.770306409033048,15.12,6.318290913012075,31.163326957250298,9.136115953660699,MINI JIGSAW PURDEY
227.29387202002098,180.0,186.67619023324855,53.20340347024674,22.34542945750363,38.18537049936353,75.6,15.069200043132835,126.79659652975326,100.49727549026773,MINI JIGSAW SPACEBOY
36.912049571288875,36.0,3.6,1.0260132920731475,0.43092558267072195,6.201224327976531,15.12,8.487850089352746,34.973986707926855,1.9380628633620205,MINI LADLE LOVE HEART PINK
49.216066095051836,48.0,4.800000000000001,1.368017722764196,0.5745674435609623,8.268299103968708,20.16,11.31713345247033,46.63198227723581,2.5840838178160297,MINI LADLE LOVE HEART RED 
83.05211153539997,81.0,8.1,2.3085299071645804,8.656987151867176,124.57816730309996,303.75,170.51484554503284,78.69147009283542,4.360641442564557,MINI LIGHTS WOODLAND MUSHROOMS
492.4491643663665,486.0,25.45584412271571,7.2550095641245465,4.715756216680957,128.03678273525531,315.9000000000001,183.14746104806383,478.7449904358755,13.704173930491038,MINI PAINT SET VINTAGE 
20.5066942062716,20.0,2.0,0.5700073844850809,0.23940310148373398,3.445124626653629,8.4,4.715472271862638,19.42999261551492,1.0767015907566808,MINI PLAYING CARDS BUFFALO BILL 
20.5066942062716,20.0,2.0,0.5700073844850809,0.23940310148373398,3.445124626653629,8.4,4.715472271862638,19.42999261551492,1.0767015907566808,MINI PLAYING CARDS DOLLY GIRL 
61.5200826188148,60.0,6.0,1.7100221534552444,0.7182093044512027,10.335373879960887,25.2,14.14641681558791,58.28997784654476,3.230104772270039,MINI PLAYING CARDS GYMKHANA
93.30545863853578,91.0,9.1,2.593533599407117,1.0892841117509893,15.675317051274016,38.220000000000006,21.455398836975004,88.40646640059288,4.898992237942906,MINI PLAYING CARDS SPACEBOY 
20.1497214554555,18.0,8.48528137423857,2.4183365213748518,4.086988721123499,13.621211703887917,30.419999999999998,12.711799574988579,15.581663478625149,4.5680579768303495,MINI WOODEN HAPPY BIRTHDAY GARLAND
36.912049571288875,36.0,3.6,1.0260132920731475,0.8515910324207124,12.254800457667907,29.88,16.773608509911377,34.973986707926855,1.9380628633620205,MINIATURE ANTIQUE ROSE HOOK IVORY
4.10133884125432,4.0,0.4,0.11400147689701633,0.9690125536246388,13.944552060264689,34.0,19.086435386110672,3.885998523102984,0.2153403181513358,MINT DINER WALL CLOCK
4.10133884125432,4.0,0.4,0.11400147689701633,0.5301068675711259,7.628490244733036,18.6,10.441402887695839,3.885998523102984,0.2153403181513358,MINT GREEN ROSE TOWEL
80.14972145545549,78.0,8.48528137423857,2.4183365213748544,20.20102712661549,267.805027629794,651.5553571428571,363.54930238644766,75.58166347862515,4.568057976830346,MINT KITCHEN SCALES
6.1520082618814795,6.0,0.6000000000000001,0.1710022153455245,0.3591046522256015,5.1676869399804435,12.600000000000001,7.073208407793956,5.828997784654476,0.3230104772270037,MIRRORED DOVE WALL DECORATION
12.304016523762959,12.0,1.2000000000000002,0.342004430691049,0.25650332301828677,3.691204957128888,9.0,5.052291719852825,11.657995569308952,0.6460209544540074,MIRRORED WALL ART POPPIES
9.433147636970332,8.0,5.656854249492381,1.6122243475832345,4.030560868958086,9.433147636970332,20.0,6.536291494071581,6.3877756524167655,3.045371984553567,MIRRORED WALL ART SKULLS
14.037430363863875,13.5,2.1213203435596424,0.6045841303437129,2.992691445201379,27.794112120450475,66.825,36.038196434348144,12.895415869656286,1.1420144942075883,MOBILE VINTAGE HEARTS 
24.608033047525918,24.0,2.4000000000000004,0.684008861382098,0.42408549405690077,6.102792195786428,14.879999999999999,8.353122310156671,23.315991138617903,1.2920419089080148,MOCK LOBSTER FRIDGE MAGNET
68.37430363863875,63.0,21.213203435596427,6.04584130343713,12.514891498114858,56.61392341279288,130.41,61.28118508909227,56.95415869656287,11.42014494207588,MODERN FLORAL STATIONERY SET
62.80205437053753,46.5,64.34671708797582,18.339051953759295,22.34307829699674,30.60553449657529,56.652499999999996,3.7038872064279644,28.160948046240705,34.64110632429683,MONEY BOX BISCUITS DESIGN
60.49474790850122,59.0,5.9,1.6815217842309897,2.1019022302887373,30.24737395425061,73.75,41.40072381546066,57.31847821576901,3.1762696927322054,MONEY BOX HOUSEKEEPING DESIGN
49.216066095051836,48.0,4.800000000000001,1.368017722764196,1.4500987861300478,20.86761202430198,50.88,28.562289189567974,46.63198227723581,2.5840838178160297,MONEY BOX KINGS CHOICE DESIGN
110.73614871386664,108.0,10.8,3.078039876219438,3.4576647942865018,49.75744282209742,121.32,68.10489238361608,104.92196012378056,5.814188590086076,MONEY BOX POCKET MONEY DESIGN
103.12291091591625,87.0,63.63961030678928,18.137523910311387,22.24113869501934,50.581787804256926,106.68375,33.86082350072374,68.86247608968861,34.26043482622764,MONSTERS STENCIL CRAFT
12.304016523762959,12.0,1.2000000000000002,0.342004430691049,0.49590642450202105,7.136329583782516,17.4,9.767763991715462,11.657995569308952,0.6460209544540074,MOODY BOY  DOOR HANGER 
12.304016523762959,12.0,1.2000000000000002,0.342004430691049,0.49590642450202105,7.136329583782516,17.4,9.767763991715462,11.657995569308952,0.6460209544540074,MOODY GIRL DOOR HANGER 
6.1520082618814795,6.0,0.6000000000000001,0.1710022153455245,0.3591046522256015,5.1676869399804435,12.600000000000001,7.073208407793956,5.828997784654476,0.3230104772270037,MORE BUTTER METAL SIGN 
52.299442910911,48.0,16.97056274847714,4.8366730427497036,4.111172086337248,17.78181058970974,40.8,18.90701732395301,43.1633269572503,9.136115953660699,MOROCCAN TEA GLASS
10.2533471031358,10.0,1.0,0.28500369224254046,1.0687638459095268,15.3800206547037,37.5,21.051215499386775,9.71499630775746,0.5383507953783404,MOTHER'S KITCHEN SPOON REST 
45.11472725379752,44.0,4.4,1.2540162458671789,0.48906633588819975,7.037897451592414,17.16,9.633036212519386,42.74598375413282,2.3687434996646957,MOTORING TISSUE BOX
8.20267768250864,8.0,0.8,0.22800295379403265,0.8550110767276224,12.304016523762959,30.0,16.84097239950942,7.771997046205968,0.4306806363026716,MOUSE TOY WITH PINK T-SHIRT
18.456024785644438,18.0,1.8,0.5130066460365738,1.8553740364989417,26.69971585656562,65.1,36.54491010693543,17.486993353963427,0.9690314316810102,MR ROBOT SOFT TOY
8.20267768250864,8.0,0.8,0.22800295379403265,0.44460575989836365,6.398088592356739,15.6,8.757305647744897,7.771997046205968,0.4306806363026716,MRS ROBOT SOFT TOY
193.3474930990995,174.0,76.36753236814714,21.76502869237367,18.146592672266546,64.48138894854968,145.0725,62.44451837918376,152.23497130762632,41.11252179147317,MULTI COLOUR SILVER T-LIGHT HOLDER
32.1497214554555,30.0,8.48528137423857,2.4183365213748518,3.9902552602685053,21.218816160600632,49.5,24.290928579130863,27.58166347862515,4.5680579768303495,MULTICOLOUR  CONFETTI IN TUBE
10.07486072772775,9.0,4.242640687119285,1.2091682606874259,3.0833790647529358,10.276357942282305,22.95,9.590262992964758,7.7908317393125746,2.2840289884151748,MULTICOLOUR 3D BALLS GARLAND
6.1520082618814795,6.0,0.6000000000000001,0.1710022153455245,0.3334543199237728,4.798566444267554,11.7,6.567979235808672,5.828997784654476,0.3230104772270037,MULTICOLOUR EASTER RABBIT 
49.216066095051836,48.0,4.800000000000001,1.368017722764196,0.5335269118780365,7.6777063108280865,18.72,10.508766777293877,46.63198227723581,2.5840838178160297,MULTICOLOUR HONEYCOMB FAN
136.7486072772775,126.0,42.42640687119285,12.09168260687426,6.862029879401143,31.041933851941995,71.505,33.60103626865686,113.90831739312574,22.84028988415176,MULTICOLOUR SPRING FLOWER MUG
16.40535536501728,16.0,1.6,0.4560059075880653,2.2572292425609235,32.48260362273422,79.2,44.46016713470486,15.543994092411936,0.8613612726053432,MUM'S KITCHEN CLOCK
36.22458218318325,33.0,12.727922061357855,3.627504782062276,10.701139107083714,42.74500697615624,97.35000000000001,43.903853916760056,29.372495217937725,6.852086965245526,MUSHROOM BLUE HOT WATER BOTTLE
3.0760041309407398,3.0,0.30000000000000004,0.08550110767276226,0.3633797076092396,5.229207022599258,12.75,7.157413269791502,2.914498892327238,0.16150523861350186,NATURAL BARK CANDLE LARGE
24.608033047525918,24.0,2.4000000000000004,0.684008861382098,0.5677273549471413,8.169866971778605,19.919999999999998,11.182405673274252,23.315991138617903,1.2920419089080148,NATURAL HANGING QUILTED HEARTS 
6.1520082618814795,6.0,0.6000000000000001,0.1710022153455245,0.8464609659603464,12.180976358525331,29.700000000000003,16.672562675514325,5.828997784654476,0.3230104772270037,NATURAL SLATE CHALKBOARD LARGE 
50.823468005005246,39.0,46.66904755831214,13.300850867561685,39.23751005930697,59.9716922459062,115.05000000000001,15.840797694786843,25.699149132438315,25.12431887256693,NATURAL SLATE HEART CHALKBOARD 
12.304016523762959,12.0,1.2000000000000002,0.342004430691049,0.5643073106402309,8.120650905683553,19.799999999999997,11.115041783676213,11.657995569308952,0.6460209544540074,NATURAL SLATE RECTANGLE CHALKBOARD
6.1520082618814795,6.0,0.6000000000000001,0.1710022153455245,0.43605564913108746,6.275048427119109,15.299999999999999,8.588895923749803,5.828997784654476,0.3230104772270037,NECKLACE+BRACELET PINK BUTTERFLY
2.05066942062716,2.0,0.2,0.05700073844850816,0.4531558706656399,6.521128757594369,15.9,8.925715371739992,1.942999261551492,0.1076701590756679,NEW BAROQUE JEWELLERY BOX 
16.791434546212916,15.0,7.0710678118654755,2.015280434479043,2.519100543098804,8.395717273106458,18.75,7.835182183794738,12.984719565520956,3.806714980691959,NINJA RABBIT PINK
12.304016523762959,12.0,1.2000000000000002,0.342004430691049,0.4275055383638113,6.1520082618814795,15.0,8.42048619975471,11.657995569308952,0.6460209544540074,NO JUNK MAIL METAL SIGN
61.5200826188148,60.0,6.0,1.7100221534552444,3.377293753074108,48.60086526886369,118.5,66.5218409780622,58.28997784654476,3.230104772270039,NO SINGING METAL SIGN
2.05066942062716,2.0,0.2,0.05700073844850816,0.5671573475626562,8.161664294096097,19.9,11.171178358341246,1.942999261551492,0.1076701590756679,NOVELTY BISCUITS CAKE STAND 3 TIER
2.05066942062716,2.0,0.2,0.05700073844850816,0.5101566091141481,7.341396525845233,17.9,10.048446865040617,1.942999261551492,0.1076701590756679,NURSE'S BAG SOFT TOY
1.02533471031358,1.0,0.1,0.02850036922425408,0.19237749226371506,2.768403717846666,6.75,3.789218789889619,0.971499630775746,0.05383507953783395,"NURSERY A,B,C PAINTED LETTERS"
12.304016523762959,12.0,1.2000000000000002,0.342004430691049,1.0089130705385947,14.518739498040294,35.400000000000006,19.87234743142112,11.657995569308952,0.6460209544540074,OFFICE MUG WARMER BLACK+SILVER 
43.35828690924259,43.0,1.4142135623730951,0.40305608689580724,1.9375481891491304,83.37179168548646,206.70714285714286,121.39780298250727,42.59694391310419,0.7613429961383957,OFFICE MUG WARMER CHOC+BLUE
32.81071073003456,32.0,3.2,0.9120118151761306,4.514458485121847,64.96520724546843,158.4,88.92033426940972,31.08798818482387,1.7227225452106865,OFFICE MUG WARMER PINK
6.1520082618814795,6.0,0.6000000000000001,0.1710022153455245,0.5044565352692973,7.259369749020147,17.700000000000003,9.93617371571056,5.828997784654476,0.3230104772270037,OFFICE MUG WARMER POLKADOT
3.0760041309407398,3.0,0.30000000000000004,0.08550110767276226,0.4232304829801732,6.090488179262666,14.850000000000001,8.336281337757162,2.914498892327238,0.16150523861350186,OPEN CLOSED METAL SIGN
24.608033047525918,24.0,2.4000000000000004,0.684008861382098,0.8550110767276226,12.304016523762959,30.0,16.84097239950942,23.315991138617903,1.2920419089080148,OPULENT VELVET SET/3 CANDLES
8.716573818485166,8.0,2.8284271247461903,0.8061121737916173,6.851953477228747,29.636350982849567,68.0,31.51169553992169,7.193887826208383,1.5226859922767835,ORGANISER WOOD ANTIQUE WHITE 
65.62142146006912,64.0,6.4,1.8240236303522612,2.6448342640107785,38.06042444684008,92.8,52.09474128914914,62.17597636964774,3.445445090421373,OVEN MITT APPLE DESIGN
133.9571727310646,125.0,35.35533905932738,10.076402172395213,14.610783149973056,77.69516018401745,181.24999999999997,88.94405666600946,114.9235978276048,19.033574903459794,OVEN MITT APPLES DESIGN
13.399216109884375,10.666666666666666,10.785793124908958,3.073990864363264,15.216254778598156,26.530447897571065,52.8,11.053297323830776,7.592675802303402,5.806540307580972,OVERNIGHT BAG VINTAGE ROSE PAISLEY
18.224582183183248,15.0,12.727922061357855,3.6275047820622777,17.956148671208275,36.084672722702834,74.25,20.20917860608889,11.372495217937722,6.852086965245526,OWL DOORSTOP
49.216066095051836,48.0,4.800000000000001,1.368017722764196,1.1628150643495667,16.733462472317626,40.8,22.903722463332805,46.63198227723581,2.5840838178160297,PACK 20 DOLLY PEGS
49.216066095051836,48.0,4.800000000000001,1.368017722764196,1.1628150643495667,16.733462472317626,40.8,22.903722463332805,46.63198227723581,2.5840838178160297,PACK 20 ENGLISH ROSE PAPER NAPKINS
352.7486072772775,342.0,42.42640687119285,12.091682606874269,23.328310515119572,272.2211395016933,659.8157142857143,364.2662642689014,329.90831739312574,22.84028988415173,PACK 3 BOXES BIRD PANNETONE 
208.299442910911,204.0,16.97056274847714,4.836673042749697,9.224226445815493,158.9027178777521,389.0571428571428,220.9301985335752,199.1633269572503,9.13611595366072,PACK 3 BOXES CHRISTMAS PANNETONE
28.299442910910997,24.0,16.97056274847714,4.8366730427497036,6.045841303437129,14.149721455455499,30.0,9.804437241107372,19.163326957250298,9.136115953660699,PACK 3 FIRE ENGINE/CAR PATCHES
12.304016523762959,12.0,1.2000000000000002,0.342004430691049,0.4275055383638113,6.1520082618814795,15.0,8.42048619975471,11.657995569308952,0.6460209544540074,PACK 3 IRON ON DOG PATCHES
33.83604544034814,33.0,3.3000000000000003,0.9405121844003849,1.1756402305004812,16.91802272017407,41.25,23.15633704932545,32.05948781559962,1.77655762474852,PACK 4 FLOWER/BUTTERFLY PATCHES
12.304016523762959,12.0,1.2000000000000002,0.342004430691049,0.4275055383638113,6.1520082618814795,15.0,8.42048619975471,11.657995569308952,0.6460209544540074,PACK 6 HEART/ICE-CREAM PATCHES
172.25623133268144,168.0,16.8,4.788062029674681,1.8673441915731255,26.871972087898303,65.52,36.78068372052857,163.21193797032532,9.044293362356115,PACK OF 12 50'S CHRISTMAS TISSUES
40.299442910911,36.0,16.97056274847714,4.8366730427497036,1.402635182397414,4.674735377665676,10.44,4.36262943993691,31.163326957250298,9.136115953660699,PACK OF 12 BLUE PAISLEY TISSUES 
160.299442910911,156.0,16.97056274847714,4.836673042749697,1.4993686432524058,19.877130920952965,48.35999999999999,26.98350043579462,151.1633269572503,9.13611595366072,PACK OF 12 CIRCUS PARADE TISSUES 
61.5200826188148,60.0,6.0,1.7100221534552444,1.4535188304369577,20.916828090397033,51.0,28.629653079166008,58.28997784654476,3.230104772270039,PACK OF 12 COLOURED PENCILS
24.608033047525918,24.0,2.4000000000000004,0.684008861382098,0.26676345593901823,3.8388531554140437,9.36,5.2543833886469375,23.315991138617903,1.2920419089080148,PACK OF 12 DOLLY GIRL TISSUES
24.608033047525918,24.0,2.4000000000000004,0.684008861382098,0.1983625698008084,2.8545318335130063,6.959999999999999,3.907105596686185,23.315991138617903,1.2920419089080148,PACK OF 12 HEARTS DESIGN TISSUES 
104.598885821822,96.0,33.94112549695428,9.673346085499407,2.9261871908635704,12.65646518444046,29.04,13.457347624695968,86.3266539145006,18.272231907321398,PACK OF 12 LONDON TISSUES 
49.216066095051836,48.0,4.800000000000001,1.368017722764196,0.5335269118780365,7.677706310828087,18.72,10.508766777293875,46.63198227723581,2.5840838178160297,PACK OF 12 PAISLEY PARK TISSUES 
129.497214554555,108.0,84.8528137423857,24.18336521374852,7.617760042330782,16.316649033873926,34.019999999999996,10.085590923795287,83.81663478625148,45.68057976830352,PACK OF 12 PINK PAISLEY TISSUES 
246.0803304752592,240.0,24.0,6.840088613820978,2.2572292425609226,32.48260362273421,79.19999999999999,44.460167134704854,233.15991138617903,12.920419089080156,PACK OF 12 PINK POLKADOT TISSUES
147.6481982851555,144.0,14.4,4.10405316829259,1.190175418804851,17.127191001078035,41.76,23.44263358011711,139.89594683170742,7.752251453448082,PACK OF 12 PINK SPOT TISSUES 
467.55262790299247,456.0,45.6,12.996168366259853,4.613639770022248,66.39247316222493,161.88,90.87388706775282,443.00383163374016,24.548796269252307,PACK OF 12 RED APPLE TISSUES
319.90442961783697,312.0,31.200000000000003,8.892115197967263,2.740388229191729,39.435491505616994,96.15272727272726,53.97684753791854,303.10788480203274,16.796544815804225,PACK OF 12 RED RETROSPOT TISSUES 
243.593314930932,192.0,203.64675298172568,58.04007651299644,16.831622188768968,28.25682453198811,55.67999999999999,10.591553279242916,133.95992348700355,109.63339144392845,PACK OF 12 RED SPOTTY TISSUES 
153.497214554555,132.0,84.8528137423857,24.18336521374852,7.185914234942418,18.24424035848425,39.222857142857144,13.792702549430475,107.81663478625148,45.68057976830352,PACK OF 12 SKULL TISSUES
233.197771643644,216.0,67.88225099390856,19.346692170998814,5.852374381727141,28.21693036888092,65.34,31.270695249391938,196.6533078290012,36.544463814642796,PACK OF 12 SPACEBOY TISSUES
12.304016523762959,12.0,1.2000000000000002,0.342004430691049,0.22230287994918188,3.1990442961783696,7.800000000000001,4.378652823872449,11.657995569308952,0.6460209544540074,PACK OF 12 STICKY BUNNIES
64.299442910911,60.0,16.97056274847714,4.8366730427497036,1.402635182397414,7.4587353776656755,17.4,8.538629439936908,55.1633269572503,9.136115953660699,PACK OF 12 SUKI TISSUES 
335.67896946880285,302.0,132.93607486307093,37.887272168205996,15.912654310646518,56.394066870758884,126.83999999999999,54.53327881859458,264.112727831794,71.56624163700883,PACK OF 12 TRADITIONAL CRAYONS
123.0401652376296,120.0,12.0,3.420044306910489,1.3338172796950907,19.19426577707022,46.800000000000004,26.271916943234693,116.57995569308952,6.460209544540078,PACK OF 12 VINTAGE CHRISTMAS TISSUE
73.82409914257775,72.0,7.2,2.052026584146295,0.800290367817055,11.516559466242128,28.08,15.763150165940814,69.94797341585371,3.876125726724041,PACK OF 12 VINTAGE DOILY TISSUES
732.1922007527539,672.0,237.58787847867995,67.71342259849587,20.1301894331275,87.06792323883425,199.7755656108597,92.57745293889795,604.2865774015041,127.9056233512498,PACK OF 12 WOODLAND TISSUES 
287.293872020021,240.0,186.67619023324855,53.20340347024673,45.22289294970971,97.67991648680713,203.99999999999997,61.09719056348313,186.7965965297533,100.49727549026773,PACK OF 20 NAPKINS PANTRY DESIGN
276.4383705562234,251.0,100.40916292848975,28.616982169602423,24.32443484416206,93.98904598911597,213.35,95.03651916672197,222.3830178303976,54.0553527258258,PACK OF 20 NAPKINS RED APPLES
76.7486072772775,66.0,42.42640687119285,12.09168260687426,10.27793021584312,26.094526474274353,56.1,19.727543309882527,53.90831739312574,22.84028988415176,PACK OF 20 SKULL PAPER NAPKINS
129.497214554555,108.0,84.8528137423857,24.18336521374852,20.55586043168624,44.0290529485487,91.8,27.215086619765053,83.81663478625148,45.68057976830352,PACK OF 20 SPACEBOY NAPKINS
707.9352371391415,594.0,449.7199128346442,128.17183563286713,157.1707134448033,347.2422338167489,728.3925,223.9795527384478,465.8281643671329,242.10707277200856,PACK OF 6 BIRDY GIFT TAGS
24.608033047525918,24.0,2.4000000000000004,0.684008861382098,0.28728372178048117,4.134149551984354,10.08,5.658566726235165,23.315991138617903,1.2920419089080148,PACK OF 6 COCKTAIL PARASOL STRAWS
22.754004182349043,21.5,4.949747468305833,1.4106963041353295,3.59727557554509,23.209084265996022,54.824999999999996,28.018640158458883,20.089303695864672,2.664700486484371,PACK OF 6 HANDBAG GIFT BOXES
12.304016523762959,12.0,1.2000000000000002,0.342004430691049,0.21204274702845038,3.051396097893214,7.4399999999999995,4.1765611550783355,11.657995569308952,0.6460209544540074,PACK OF 6 LARGE FRUIT STRAWS 
6.1520082618814795,6.0,0.6000000000000001,0.1710022153455245,0.43605564913108746,6.275048427119109,15.299999999999999,8.588895923749803,5.828997784654476,0.3230104772270037,PACK OF 6 PANETTONE GIFT BOXES
153.14954746963704,117.5,140.71424945612296,40.10408064613296,101.6208757801119,155.22800561386782,297.73660714285717,40.88772574887744,77.39591935386704,75.75362811577,PACK OF 6 PANNETONE GIFT BOXES
139.67896946880282,106.0,132.93607486307093,37.88727216820602,29.74150865204172,43.85919641320409,83.21,9.609294934754185,68.11272783179399,71.56624163700883,PACK OF 6 SANDCASTLE FLAGS ASSORTED
84.4491643663665,78.0,25.45584412271571,7.255009564124552,4.715756216680959,21.956782735255292,50.7,24.027461048063753,70.74499043587545,13.704173930491052,PACK OF 6 SKULL PAPER CUPS
84.4491643663665,78.0,25.45584412271571,7.255009564124552,6.166758129505869,28.712715884564613,66.3,31.420525985929512,70.74499043587545,13.704173930491052,PACK OF 6 SKULL PAPER PLATES
24.608033047525918,24.0,2.4000000000000004,0.684008861382098,0.28728372178048117,4.134149551984354,10.08,5.658566726235165,23.315991138617903,1.2920419089080148,PACK OF 6 SMALL FRUIT STRAWS
117.91349168606169,115.0,11.5,3.2775424607892196,8.35773327501251,120.27176151978293,293.25,164.62050520520455,111.72245753921078,6.19103414685091,PACK OF 6 SWEETIE GIFT BOXES
200.47040401501573,165.0,140.0071426749364,39.902552602685056,21.946403931476784,44.10348888330347,90.75000000000001,24.70010718521976,125.09744739731494,75.3729566177008,PACK OF 60 DINOSAUR CAKE CASES
506.31047960208866,412.0,372.25797506567943,106.09489736045026,58.35219354824765,111.38830551245952,226.60000000000002,56.85950093929285,305.90510263954974,200.40537696253892,PACK OF 60 MUSHROOM CAKE CASES
259.8288649100768,257.5,9.192388155425117,2.6198645648227568,1.4409255106525163,57.1623502802169,141.625,83.02172420913058,254.88013543517724,4.948729474899551,PACK OF 60 PINK PAISLEY CAKE CASES
327.1441505645655,282.0,178.19090885900997,50.78506694887187,27.93178682187953,71.97171312420443,155.10000000000002,55.19650005391607,231.21493305112813,95.92921751343738,PACK OF 60 SPACEBOY CAKE CASES
594.480501881885,444.0,593.9696961966999,169.28355649623967,92.72652741181956,130.2527278950861,243.2048275862069,20.225572279301232,274.71644350376033,319.7640583781246,PACK OF 72 RETRO SPOT CAKE CASES
738.5128833123142,645.0,369.10973977937783,105.19763867980608,57.858701273893345,162.47283432870915,354.75000000000006,134.41846439739754,539.8023613201939,198.71052199212033,PACK OF 72 RETROSPOT CAKE CASES
198.11229109159163,196.5,6.363961030678928,1.8137523910311366,0.9975638150671252,43.584704040150164,108.075,63.49273214478272,194.68624760896887,3.4260434826227595,PACK OF 72 SKULL CAKE CASES
6.1520082618814795,6.0,0.6000000000000001,0.1710022153455245,0.5044565352692973,7.259369749020147,17.700000000000003,9.93617371571056,5.828997784654476,0.3230104772270037,PACK/12 BLUE FOLKART CARDS
4.395717273106458,3.5,3.5355339059327378,1.0076402172395216,2.972538640856589,5.186946382265621,10.325000000000001,2.1655149768777915,2.492359782760478,1.9033574903459796,PACK/12 BLUE REINDEER CARD
6.1520082618814795,6.0,0.6000000000000001,0.1710022153455245,0.5044565352692973,7.259369749020147,17.700000000000003,9.93617371571056,5.828997784654476,0.3230104772270037,PACK/12 XMAS FUN CARD
12.304016523762959,12.0,1.2000000000000002,0.342004430691049,0.5643073106402309,8.120650905683553,19.799999999999997,11.115041783676213,11.657995569308952,0.6460209544540074,PAINT YOUR OWN CANVAS SET
53.73259054788133,48.0,22.627416997969522,6.448897390332938,10.898636589662665,36.32323121036778,81.12,33.89813219996956,41.55110260966706,12.181487938214268,PAINTED METAL PEARS ASSORTED
4.10133884125432,4.0,0.4,0.11400147689701633,0.4275055383638112,6.1520082618814795,15.0,8.42048619975471,3.885998523102984,0.2153403181513358,PAIR BUTTERFLY HAIR CLIPS
4.10133884125432,4.0,0.4,0.11400147689701633,0.3819049476050047,5.495794047280789,13.4,7.5223010051142065,3.885998523102984,0.2153403181513358,PAIR OF ENAMEL BUTTERFLY HAIRCLIP
29.433147636970332,28.0,5.656854249492381,1.6122243475832345,5.185988318059405,37.8706499595685,90.06666666666666,47.01002838903875,26.387775652416764,3.0453719845535687,PAIR PADDED HANGERS PINK CHECK
24.608033047525918,24.0,2.4000000000000004,0.684008861382098,0.5814075321747834,8.366731236158813,20.4,11.451861231666403,23.315991138617903,1.2920419089080148,PANDA AND BUNNIES STICKER SHEET
12.304016523762959,12.0,1.2000000000000002,0.342004430691049,1.2825166150914338,18.456024785644438,45.0,25.261458599264127,11.657995569308952,0.6460209544540074,PANTRY 3 HOOK ROLLING PIN HANGER
27.68403717846666,27.0,2.7,0.7695099690548595,3.8090743468215544,54.81439361336399,133.65,75.02653203981446,26.23049003094514,1.453547147521519,PANTRY CHOPPING BOARD
12.304016523762959,12.0,1.2000000000000002,0.342004430691049,0.711369215837382,10.236941747770782,24.96,14.011689036391838,11.657995569308952,0.6460209544540074,PANTRY HOOK BALLOON WHISK 
12.304016523762959,12.0,1.2000000000000002,0.342004430691049,0.711369215837382,10.236941747770782,24.96,14.011689036391838,11.657995569308952,0.6460209544540074,PANTRY HOOK SPATULA
295.296396570311,288.0,28.8,8.20810633658518,11.815353068716036,170.0285567620633,414.56842105263155,232.72451122185223,279.79189366341484,15.504502906896164,PANTRY MAGNETIC  SHOPPING LIST
36.912049571288875,36.0,3.6,1.0260132920731475,1.2825166150914344,18.456024785644438,45.0,25.261458599264127,34.973986707926855,1.9380628633620205,PANTRY PASTRY BRUSH
18.456024785644438,18.0,1.8,0.5130066460365738,1.9237749226371517,27.684037178466657,67.5,37.892187898896196,17.486993353963427,0.9690314316810102,PANTRY ROLLING PIN
135.34418176139255,132.0,13.200000000000001,3.7620487376015395,6.20738041704254,89.32715996251909,217.79999999999998,122.26545962043835,128.23795126239847,7.10623049899408,PANTRY SCRUBBING BRUSH
172.25623133268144,168.0,16.8,4.788062029674681,6.942689943028287,99.90861417295523,243.59999999999997,136.74869588401646,163.21193797032532,9.044293362356115,PANTRY WASHING UP BRUSH
43.06405783317036,42.0,4.2,1.1970155074186704,3.531195746885078,50.81558824314104,123.90000000000002,69.5532160099739,40.80298449258133,2.2610733405890286,PAPER BUNTING COLOURED LACE
153.26183856122867,116.0,147.07821048680188,41.91783303716409,123.25839000213726,180.26511487915946,341.09523809523813,37.571733213941414,74.08216696283591,79.17967159839276,PAPER BUNTING RETRO SPOTS
68.48119782515883,52.0,65.05382386916237,18.540579997207196,54.694710991761234,80.80781343368743,153.4,17.897475574551343,33.459420002792804,35.021777822366026,PAPER BUNTING RETROSPOT
6.1520082618814795,6.0,0.6000000000000001,0.1710022153455245,0.5044565352692973,7.259369749020147,17.700000000000003,9.93617371571056,5.828997784654476,0.3230104772270037,PAPER BUNTING VINTAGE PAISLEY
6.1520082618814795,6.0,0.6000000000000001,0.1710022153455245,0.5044565352692973,7.259369749020147,17.700000000000003,9.93617371571056,5.828997784654476,0.3230104772270037,PAPER BUNTING VINTAGE PARTY
30.7600413094074,30.0,3.0,0.8550110767276222,2.5222826763464856,36.29684874510073,88.5,49.68086857855278,29.14498892327238,1.6150523861350194,PAPER BUNTING WHITE LACE
20.1497214554555,18.0,8.48528137423857,2.4183365213748518,7.134092738055813,23.77667131743749,53.1,22.1892359445067,15.581663478625149,4.5680579768303495,PAPER CHAIN KIT 50'S CHRISTMAS 
82.0267768250864,80.0,8.0,2.2800295379403237,5.814075321747825,83.66731236158813,204.0,114.51861231666405,77.71997046205968,4.306806363026723,PAPER CHAIN KIT EMPIRE
61.5200826188148,60.0,6.0,1.7100221534552444,5.044565352692971,72.59369749020146,177.0,99.36173715710557,58.28997784654476,3.230104772270039,PAPER CHAIN KIT RETRO SPOT
18.456024785644438,18.0,1.8,0.5130066460365738,1.513369605807893,21.778109247060442,53.10000000000001,29.808521147131675,17.486993353963427,0.9690314316810102,PAPER CHAIN KIT RETROSPOT
6.1520082618814795,6.0,0.6000000000000001,0.1710022153455245,0.5044565352692973,7.259369749020147,17.700000000000003,9.93617371571056,5.828997784654476,0.3230104772270037,PAPER CHAIN KIT SKULLS 
24.608033047525918,24.0,2.4000000000000004,0.684008861382098,2.01782614107719,29.037478996080594,70.80000000000001,39.74469486284223,23.315991138617903,1.2920419089080148,PAPER CHAIN KIT VINTAGE CHRISTMAS
3.0760041309407398,3.0,0.30000000000000004,0.08550110767276226,0.49163136911838295,7.074809501163703,17.25,9.683559129717914,2.914498892327238,0.16150523861350186,PAPER LANTERN 9 POINT SNOW STAR 
40.299442910911,36.0,16.97056274847714,4.8366730427497036,0.6771342259849585,2.256768803011016,5.040000000000001,2.1060969710040265,31.163326957250298,9.136115953660699,PAPER POCKET TRAVELING FAN 
14.149721455455499,12.0,8.48528137423857,2.4183365213748518,6.1667581295058715,14.432715884564608,30.599999999999998,10.000525985929517,9.581663478625149,4.5680579768303495,PAPERWEIGHT CHILDHOOD MEMORIES
6.1520082618814795,6.0,0.6000000000000001,0.1710022153455245,0.43605564913108746,6.275048427119109,15.299999999999999,8.588895923749803,5.828997784654476,0.3230104772270037,PAPERWEIGHT HOME SWEET HOME
14.149721455455499,12.0,8.48528137423857,2.4183365213748518,6.1667581295058715,14.432715884564608,30.599999999999998,10.000525985929517,9.581663478625149,4.5680579768303495,PAPERWEIGHT SAVE THE PLANET
12.304016523762959,12.0,1.2000000000000002,0.342004430691049,0.8721112982621749,12.550096854238218,30.599999999999998,17.177791847499606,11.657995569308952,0.6460209544540074,PAPERWEIGHT VINTAGE COLLAGE
12.304016523762959,12.0,1.2000000000000002,0.342004430691049,2.5650332301828676,36.912049571288875,90.0,50.522917198528255,11.657995569308952,0.6460209544540074,PARISIENNE CURIO CABINET
21.53202891658518,21.0,2.1,0.5985077537093352,4.488808152820014,64.59608674975554,157.5,88.41510509742444,20.401492246290665,1.1305366702945143,PARISIENNE JEWELLERY DRAWER 
26.65870246815308,26.0,2.6,0.7410095998306052,4.142243663053083,59.608858718790295,145.34,81.58889761815664,25.258990400169395,1.3997120679836854,PARISIENNE KEY CABINET 
3.0760041309407398,3.0,0.30000000000000004,0.08550110767276226,1.068763845909528,15.3800206547037,37.5,21.05121549938677,2.914498892327238,0.16150523861350186,PARISIENNE SEWING BOX
4.10133884125432,4.0,0.4,0.11400147689701633,0.4731061291226178,6.808222476482171,16.6,9.318671394395212,3.885998523102984,0.2153403181513358,PARLOUR CERAMIC WALL HOOK
43.508008364698085,41.0,9.899494936611665,2.821392608270659,13.458042741451045,83.01327995984396,195.57000000000002,99.09867729870501,38.178607391729344,5.329400972968742,PARTY BUNTING
12.304016523762959,12.0,1.2000000000000002,0.342004430691049,0.28386367747357066,4.0849334858893025,9.959999999999999,5.591202836637126,11.657995569308952,0.6460209544540074,PARTY CHARMS 50 PIECES
247.89275784184298,192.0,220.61731573020282,62.876749555746144,52.93436353224378,83.47788620324062,161.64,25.227750264515592,129.12325044425387,118.76950739758911,PARTY CONE CHRISTMAS DECORATION 
48.67374654954975,39.0,38.18376618407357,10.882514346186834,13.603142932733544,24.336873274774874,48.75,10.809983792491582,28.117485653813166,20.55626089573658,PARTY CONES CANDY ASSORTED
12.304016523762959,12.0,1.2000000000000002,0.342004430691049,0.2907037660873917,4.1833656180794065,10.2,5.725930615833201,11.657995569308952,0.6460209544540074,PARTY CONES CANDY DECORATION
28.299442910910997,24.0,16.97056274847714,4.8366730427497036,4.111172086337248,9.62181058970974,20.4,6.66701732395301,19.163326957250298,9.136115953660699,PARTY CONES CANDY TREE DECORATION
24.608033047525918,24.0,2.4000000000000004,0.684008861382098,0.8550110767276226,12.304016523762959,30.0,16.84097239950942,23.315991138617903,1.2920419089080148,PARTY CONES CARNIVAL ASSORTED
12.037430363863875,11.5,2.1213203435596424,0.6045841303437129,0.7557301629296411,6.018715181931937,14.375,7.600554655138421,10.895415869656286,1.1420144942075883,PARTY FOOD SHOPPER BAG
12.304016523762959,12.0,1.2000000000000002,0.342004430691049,0.2907037660873917,4.1833656180794065,10.2,5.725930615833201,11.657995569308952,0.6460209544540074,PARTY INVITES DINOSAURS
12.304016523762959,12.0,1.2000000000000002,0.342004430691049,0.2907037660873917,4.1833656180794065,10.2,5.725930615833201,11.657995569308952,0.6460209544540074,PARTY INVITES FOOTBALL
36.912049571288875,36.0,3.6,1.0260132920731475,0.8721112982621754,12.550096854238218,30.599999999999998,17.177791847499606,34.973986707926855,1.9380628633620205,PARTY INVITES SPACEMAN
47.31545964030717,38.0,36.76955262170047,10.479458259291022,8.907539520397368,16.087256277704437,32.3,7.305204201898192,27.52054174070898,19.79491789959819,PARTY INVITES WOODLAND
36.912049571288875,36.0,3.6,1.0260132920731475,0.5437870447987682,7.825354509113242,19.080000000000002,10.710858446087991,34.973986707926855,1.9380628633620205,PARTY PIZZA DISH BLUE POLKADOT
49.216066095051836,48.0,4.800000000000001,1.368017722764196,1.1628150643495667,16.733462472317626,40.8,22.903722463332805,46.63198227723581,2.5840838178160297,PARTY PIZZA DISH BLUE RETROSPOT
36.912049571288875,36.0,3.6,1.0260132920731475,0.5437870447987682,7.825354509113242,19.080000000000002,10.710858446087991,34.973986707926855,1.9380628633620205,PARTY PIZZA DISH GREEN POLKADOT
12.304016523762959,12.0,1.2000000000000002,0.342004430691049,0.2907037660873917,4.1833656180794065,10.2,5.725930615833201,11.657995569308952,0.6460209544540074,PARTY PIZZA DISH GREEN RETROSPOT
32.1497214554555,30.0,8.48528137423857,2.4183365213748518,1.6686521997486476,8.873323121705717,20.7,10.158024678545635,27.58166347862515,4.5680579768303495,PARTY PIZZA DISH PINK POLKADOT
49.216066095051836,48.0,4.800000000000001,1.368017722764196,1.1628150643495667,16.733462472317626,40.8,22.903722463332805,46.63198227723581,2.5840838178160297,PARTY PIZZA DISH PINK RETROSPOT
12.304016523762959,12.0,1.2000000000000002,0.342004430691049,0.2907037660873917,4.1833656180794065,10.2,5.725930615833201,11.657995569308952,0.6460209544540074,PARTY PIZZA DISH PINK WHITE SPOT 
121.3474930990995,102.0,76.36753236814714,21.76502869237367,16.17867132799776,36.08065461479892,75.82,23.560674057203318,80.23497130762632,41.11252179147317,PARTY PIZZA DISH RED RETROSPOT
24.608033047525918,24.0,2.4000000000000004,0.684008861382098,0.5814075321747834,8.366731236158813,20.4,11.451861231666403,23.315991138617903,1.2920419089080148,PARTY PIZZA DISH RED WHITE SPOT 
12.304016523762959,12.0,1.2000000000000002,0.342004430691049,0.2907037660873917,4.1833656180794065,10.2,5.725930615833201,11.657995569308952,0.6460209544540074,PARTY TIME DESIGN FLANNEL
66.99460309492845,57.5,37.476659402887016,10.680986302738928,2.243007123575175,5.62754665997399,12.075,4.204446216450835,46.81901369726107,20.17558939766738,PARTY TIME PENCIL ERASERS
24.608033047525918,24.0,2.4000000000000004,0.684008861382098,0.26676345593901823,3.8388531554140437,9.36,5.2543833886469375,23.315991138617903,1.2920419089080148,PASTEL COLOUR HONEYCOMB FAN
3.0760041309407398,3.0,0.30000000000000004,0.08550110767276226,0.5942326983256977,8.551291484015257,20.85,11.704475817659047,2.914498892327238,0.16150523861350186,PEACE WOODEN BLOCK LETTERS
12.304016523762959,12.0,1.2000000000000002,0.342004430691049,0.5643073106402309,8.120650905683553,19.799999999999997,11.115041783676213,11.657995569308952,0.6460209544540074,PEARL CRYSTAL PUMPKIN T-LIGHT HLDR
42.449164366366496,36.0,25.45584412271571,7.255009564124555,18.500274388517614,43.298147653693825,91.8,30.00157795778856,28.744990435875444,13.704173930491052,PEG BAG APPLES DESIGN
18.456024785644438,18.0,1.8,0.5130066460365738,1.5133696058078927,21.77810924706044,53.1,29.80852114713167,17.486993353963427,0.9690314316810102,PENCIL CASE GINGHAM FOREST
145.57207528228275,123.0,89.09545442950498,25.392533474435936,74.62583448875895,171.1280618318391,361.48333333333335,115.7294370127353,97.60746652556406,47.96460875671869,PENCIL CASE LIFE IS BEAUTIFUL
50.32860860793241,44.0,24.979991993593593,7.119389950363278,2.9901437791525765,8.455206246132645,18.48,7.034649974714778,36.88061004963672,13.447998558295687,PENNY FARTHING BIRTHDAY CARD
73.82409914257775,72.0,7.2,2.052026584146295,0.3898850509877961,5.61063153483591,13.68,7.6794834141762935,69.94797341585371,3.876125726724041,PENS ASSORTED FUNKY JEWELED 
110.73614871386664,108.0,10.8,3.078039876219438,0.5848275764816933,8.415947302253866,20.52,11.51922512126444,104.92196012378056,5.814188590086076,PENS ASSORTED FUNNY FACE
60.449164366366496,54.0,25.45584412271571,7.255009564124555,3.808880021165392,12.694324516936966,28.35,11.846795461897644,46.744990435875444,13.704173930491052,PENS ASSORTED SPACEBALL
9.358286909242583,9.0,1.4142135623730951,0.40305608689580863,2.720628586546708,25.267374654954978,60.75,32.76199675849831,8.596943913104191,0.7613429961383922,PHARMACIE FIRST AID TIN
24.608033047525918,24.0,2.4000000000000004,0.684008861382098,1.1286146212804617,16.241301811367105,39.599999999999994,22.230083567352427,23.315991138617903,1.2920419089080148,PHOTO CUBE
8.20267768250864,8.0,0.8,0.22800295379403265,0.6726087136923964,9.679159665360196,23.6,13.24823162094741,7.771997046205968,0.4306806363026716,PHOTO FRAME CORNICE
2.05066942062716,2.0,0.2,0.05700073844850816,0.5671573475626562,8.161664294096097,19.9,11.171178358341246,1.942999261551492,0.1076701590756679,PICNIC BASKET WICKER LARGE
6.716573818485166,6.0,2.8284271247461903,0.8061121737916173,4.111172086337247,13.701810589709739,30.599999999999998,12.787017323953009,5.193887826208383,1.5226859922767835,PICNIC BASKET WICKER SMALL
63.390320368034914,53.0,41.012193308819754,11.688626519978449,57.517783000393955,124.77328059108207,260.8041666666667,78.51310307519063,41.31137348002155,22.078946888013363,PICNIC BOXES SET OF 3 RETROSPOT 
165.9463789209215,138.0,110.30865786510141,31.438374777873072,45.585643427915954,96.24889977413446,200.1,58.26545679794958,106.56162522212693,59.384753698794555,PICTURE DOMINOES
8.20267768250864,8.0,0.8,0.22800295379403265,1.5390199381097205,22.147229742773327,54.0,30.313750319116952,7.771997046205968,0.4306806363026716,PICTURE FRAME WOOD TRIPLE PORTRAIT
110.73614871386664,108.0,10.8,3.078039876219438,0.44631578205181843,6.422696625404265,15.659999999999998,8.790987592543914,104.92196012378056,5.814188590086076,PIECE OF CAMO STATIONERY SET
60.67374654954975,51.0,38.18376618407357,10.882514346186834,13.603142932733544,30.336873274774874,63.75,19.809983792491582,40.11748565381316,20.556260895736585,PIG KEYRING WITH LIGHT & SOUND 
47.657729820153584,43.0,18.384776310850235,5.239729129645511,13.361309280596052,48.61088441655666,109.64999999999999,47.67780630284728,37.76027087035449,9.897458949799095,PIGGY BANK RETROSPOT 
18.456024785644438,18.0,1.8,0.5130066460365738,1.718572264222522,24.731073212763548,60.300000000000004,33.850354523013934,17.486993353963427,0.9690314316810102,PIN CUSHION BABUSHKA BLUE
24.608033047525918,24.0,2.4000000000000004,0.684008861382098,2.2914296856300287,32.974764283684735,80.4,45.13380603068524,23.315991138617903,1.2920419089080148,PIN CUSHION BABUSHKA PINK
10.07486072772775,9.0,4.242640687119285,1.2091682606874259,4.050713673302877,13.500313375155185,30.150000000000002,12.598972951541942,7.7908317393125746,2.2840289884151748,PIN CUSHION BABUSHKA RED
13.32935123407654,13.0,1.3,0.3705047999153026,1.2411910797162637,17.861330653662566,43.550000000000004,24.447478266621175,12.629495200084698,0.6998560339918427,PIN CUSHION RUSSIAN DOLL BLUE
12.304016523762959,12.0,1.2000000000000002,0.342004430691049,1.1457148428150143,16.487382141842367,40.2,22.56690301534262,11.657995569308952,0.6460209544540074,PIN CUSHION RUSSIAN DOLL PINK
24.608033047525918,24.0,2.4000000000000004,0.684008861382098,2.2914296856300287,32.974764283684735,80.4,45.13380603068524,23.315991138617903,1.2920419089080148,PIN CUSHION RUSSIAN DOLL RED
36.912049571288875,36.0,3.6,1.0260132920731475,2.0007259195426377,28.791398665605325,70.2,39.407875414852036,34.973986707926855,1.9380628633620205,PING MICROWAVE APRON
4.10133884125432,4.0,0.4,0.11400147689701633,0.4275055383638112,6.1520082618814795,15.0,8.42048619975471,3.885998523102984,0.2153403181513358,PING! MICROWAVE PLATE
70.299442910911,66.0,16.97056274847714,4.8366730427497036,14.26818547611163,82.953342634875,194.70000000000005,97.47847188901342,61.1633269572503,9.136115953660699,PINK  HEART SHAPE LOVE BUCKET 
24.608033047525918,24.0,2.4000000000000004,0.684008861382098,0.44460575989836376,6.398088592356739,15.600000000000001,8.757305647744898,23.315991138617903,1.2920419089080148,PINK  HONEYCOMB PAPER FAN
130.096100376377,100.0,118.79393923933998,33.85671129924792,28.77820460436073,44.23267412796818,85.0,11.989121267671088,66.14328870075208,63.952811675624915,PINK  POLKADOT CUP
100.36350982849564,76.0,96.16652224137046,27.407813908914996,46.31920550606634,67.84573264406305,128.44,14.27506184987061,48.592186091085004,51.77132373741063,PINK  POLKADOT PLATE 
328.1071073003456,320.0,32.0,9.120118151761295,7.7521004289971,111.5564164821175,271.99999999999994,152.69148308888535,310.8798818482387,17.227225452106893,PINK  SPOTTY CUP
229.67497511024192,224.0,22.400000000000002,6.38408270623291,10.789099773533618,155.26028317452358,378.56000000000006,212.51061705194286,217.6159172937671,12.05905781647482,PINK  SPOTTY PLATE 
79.3474930990995,60.0,76.36753236814714,21.76502869237367,81.61885759640126,119.02123964864924,225.0,24.359902754949502,38.23497130762633,41.11252179147316,PINK 3 PIECE MINI DOTS CUTLERY SET
12.304016523762959,12.0,1.2000000000000002,0.342004430691049,1.2825166150914338,18.456024785644438,45.0,25.261458599264127,11.657995569308952,0.6460209544540074,PINK 3 PIECE POLKADOT CUTLERY SET
56.37430363863875,51.0,21.213203435596427,6.04584130343713,15.819951410660492,59.00510447510857,133.45000000000002,58.624944114230956,44.95415869656287,11.42014494207588,PINK AND WHITE CHRISTMAS TREE 120CM
12.304016523762959,12.0,1.2000000000000002,0.342004430691049,1.0089130705385947,14.518739498040294,35.400000000000006,19.87234743142112,11.657995569308952,0.6460209544540074,PINK AND WHITE CHRISTMAS TREE 180CM
28.39571727310646,27.5,3.5355339059327378,1.007640217239521,2.972538640856587,33.506946382265625,81.125,44.64551497687779,26.49235978276048,1.9033574903459787,PINK BABY BUNTING
88.299442910911,84.0,16.97056274847714,4.8366730427497036,6.045841303437129,44.1497214554555,105.0,54.80443724110737,79.16332695725029,9.136115953660706,PINK BLUE FELT CRAFT TRINKET BOX
9.228012392822219,9.0,0.9,0.2565033230182869,1.7826980949770939,25.65387445204577,62.550000000000004,35.11342745297714,8.743496676981714,0.4845157158405051,PINK BOUDICCA LARGE BRACELET
49.216066095051836,48.0,4.800000000000001,1.368017722764196,1.710022153455245,24.608033047525918,60.0,33.68194479901884,46.63198227723581,2.5840838178160297,PINK BUTTERFLY CUSHION COVER 
2.05066942062716,2.0,0.2,0.05700073844850816,0.08265107075033683,1.1893882639637525,2.9,1.6279606652859107,1.942999261551492,0.1076701590756679,PINK CANDYSTUFT ARTIFICIAL FLOWER
52.7486072772775,42.0,42.42640687119285,12.09168260687426,15.114603258592824,26.37430363863875,52.5,11.011093102768426,29.908317393125742,22.84028988415176,PINK CREAM FELT CRAFT TRINKET BOX 
12.304016523762959,12.0,1.2000000000000002,0.342004430691049,0.6669086398475456,9.597132888535109,23.4,13.135958471617345,11.657995569308952,0.6460209544540074,PINK DISCO HANDBAG
74.01422495856407,64.66666666666667,36.89625093872456,10.515567747443805,17.350686783282274,48.84938847265228,106.69999999999999,40.49992474406544,54.15109891922287,19.863126039341203,PINK DOUGHNUT TRINKET POT 
12.304016523762959,12.0,1.2000000000000002,0.342004430691049,0.4275055383638113,6.1520082618814795,15.0,8.42048619975471,11.657995569308952,0.6460209544540074,PINK DRAWER KNOB ACRYLIC EDWARDIAN
6.1520082618814795,6.0,0.6000000000000001,0.1710022153455245,0.5044565352692973,7.259369749020147,17.700000000000003,9.93617371571056,5.828997784654476,0.3230104772270037,PINK ENAMEL FLOWER HAIR TIE
8.20267768250864,8.0,0.8,0.22800295379403265,0.44460575989836365,6.398088592356739,15.6,8.757305647744897,7.771997046205968,0.4306806363026716,PINK FAIRY CAKE CHILD'S APRON
16.40535536501728,16.0,1.6,0.4560059075880653,0.8892115197967273,12.796177184713478,31.2,17.514611295489793,15.543994092411936,0.8613612726053432,PINK FAIRY CAKE CHILDRENS APRON
10.2533471031358,10.0,1.0,0.28500369224254046,0.2422531384061594,3.4861380150661723,8.5,4.771608846527668,9.71499630775746,0.5383507953783404,PINK FAIRY CAKE COASTER
32.299442910911,28.0,16.97056274847714,4.8366730427497036,13.361309280596057,35.690884416556656,77.35000000000001,28.297806302847295,23.163326957250298,9.136115953660699,PINK FAIRY CAKE CUSHION COVER
32.81071073003456,32.0,3.2,0.9120118151761306,0.9302520514796533,13.386769977854101,32.64,18.322977970666248,31.08798818482387,1.7227225452106865,PINK FEATHERS CURTAIN
6.1520082618814795,6.0,0.6000000000000001,0.1710022153455245,0.28215365532011544,4.060325452841776,9.899999999999999,5.557520891838107,5.828997784654476,0.3230104772270037,PINK FELT EASTER EGG BASKET
18.456024785644438,18.0,1.8,0.5130066460365738,1.308166947393263,18.825145281357326,45.9,25.76668777124941,17.486993353963427,0.9690314316810102,PINK FELT EASTER RABBIT GARLAND
4.10133884125432,4.0,0.4,0.11400147689701633,0.4275055383638112,6.1520082618814795,15.0,8.42048619975471,3.885998523102984,0.2153403181513358,PINK FLOWER FABRIC PONY
6.1520082618814795,6.0,0.6000000000000001,0.1710022153455245,0.3334543199237728,4.798566444267554,11.7,6.567979235808672,5.828997784654476,0.3230104772270037,PINK FLOWERS RABBIT EASTER
12.304016523762959,12.0,1.2000000000000002,0.342004430691049,1.0089130705385947,14.518739498040294,35.400000000000006,19.87234743142112,11.657995569308952,0.6460209544540074,PINK GLASS CANDLEHOLDER
90.09087745712391,84.0,24.041630560342615,6.851953477228749,37.34314645089668,196.39811285653013,457.8,224.0587406925732,77.14804652277125,12.942830934352656,PINK HAPPY BIRTHDAY BUNTING
2.05066942062716,2.0,0.2,0.05700073844850816,0.9661625167022133,13.903538671852145,33.9,19.03029881144564,1.942999261551492,0.1076701590756679,PINK HAWAIIAN PICNIC HAMPER FOR 4
6.1520082618814795,6.0,0.6000000000000001,0.1710022153455245,0.43605564913108746,6.275048427119109,15.299999999999999,8.588895923749803,5.828997784654476,0.3230104772270037,PINK HEART CANDY BUTTON CALCULATOR
8.20267768250864,8.0,0.8,0.22800295379403265,0.8550110767276224,12.304016523762959,30.0,16.84097239950942,7.771997046205968,0.4306806363026716,PINK HEART DOTS HOT WATER BOTTLE
26.1497214554555,24.0,8.48528137423857,2.4183365213748518,3.9902552602685053,17.25881616060063,39.599999999999994,18.35092857913086,21.58166347862515,4.5680579768303495,PINK HEART SHAPE EGG FRYING PAN
12.304016523762959,12.0,1.2000000000000002,0.342004430691049,0.5643073106402309,8.120650905683553,19.799999999999997,11.115041783676213,11.657995569308952,0.6460209544540074,PINK HEARTS PAPER GARLAND
12.304016523762959,12.0,1.2000000000000002,0.342004430691049,1.0089130705385947,14.518739498040294,35.400000000000006,19.87234743142112,11.657995569308952,0.6460209544540074,PINK HORSE SOCK PUPPET
12.304016523762959,12.0,1.2000000000000002,0.342004430691049,0.13338172796950912,1.9194265777070219,4.68,2.6271916943234688,11.657995569308952,0.6460209544540074,PINK KNITTED EGG COSY
12.304016523762959,12.0,1.2000000000000002,0.342004430691049,0.4275055383638113,6.1520082618814795,15.0,8.42048619975471,11.657995569308952,0.6460209544540074,PINK LOVE BIRD CANDLE
12.304016523762959,12.0,1.2000000000000002,0.342004430691049,0.2907037660873917,4.1833656180794065,10.2,5.725930615833201,11.657995569308952,0.6460209544540074,PINK LOVE HEART SHAPE CUP
6.1520082618814795,6.0,0.6000000000000001,0.1710022153455245,0.3591046522256015,5.1676869399804435,12.600000000000001,7.073208407793956,5.828997784654476,0.3230104772270037,PINK MILKSHAKE GLASS
6.1520082618814795,6.0,0.6000000000000001,0.1710022153455245,1.0174631813058708,14.641779663277923,35.7,20.04075715541621,5.828997784654476,0.3230104772270037,PINK OVAL JEWELLED MIRROR
64.97318946046074,51.0,55.154328932550705,15.719187388936536,46.37160279736278,76.66836356334369,150.45000000000002,27.410033639293545,35.28081261106347,29.692376849397277,PINK OWL SOFT TOY
50.21595491975458,38.0,48.218253804964775,13.742380367902895,58.4051165635873,85.36712336358279,161.5,17.72776007282991,24.257619632097104,25.958335287657476,PINK PADDED MOBILE
4.10133884125432,4.0,0.4,0.11400147689701633,1.4535188304369582,20.916828090397033,51.0,28.629653079166008,3.885998523102984,0.2153403181513358,PINK PAISLEY QUILT 
25.633367757839498,25.0,2.5,0.7125092306063521,0.29925387685466787,4.306405783317036,10.5,5.894340339828296,24.28749076939365,1.3458769884458484,PINK PAISLEY ROSE GIFT WRAP
22.299442910910997,18.0,16.97056274847714,4.8366730427497036,14.268185476111626,26.31334263487498,53.1,12.518471889013394,13.163326957250296,9.1361159536607,PINK PAPER PARASOL 
85.3474930990995,66.0,76.36753236814714,21.76502869237367,44.814194077597385,70.29219531641836,135.894,20.787610605984263,44.23497130762633,41.11252179147316,PINK PARTY BAGS
12.304016523762959,12.0,1.2000000000000002,0.342004430691049,0.6669086398475456,9.597132888535109,23.4,13.135958471617345,11.657995569308952,0.6460209544540074,PINK PARTY SUNGLASSES
73.19777164364399,56.0,67.88225099390856,19.346692170998814,24.183365213748516,36.598885821821995,70.0,9.21774896442949,36.653307829001186,36.5444638146428,PINK POLKADOT BOWL
12.304016523762959,12.0,1.2000000000000002,0.342004430691049,1.1115143997459094,15.995221480891848,39.0,21.89326411936224,11.657995569308952,0.6460209544540074,PINK POLKADOT CHILDRENS UMBRELLA
2.05066942062716,2.0,0.2,0.05700073844850816,0.4531558706656399,6.521128757594369,15.9,8.925715371739992,1.942999261551492,0.1076701590756679,PINK POLKADOT GARDEN PARASOL
12.304016523762959,12.0,1.2000000000000002,0.342004430691049,0.6669086398475456,9.597132888535109,23.4,13.135958471617345,11.657995569308952,0.6460209544540074,PINK POLKADOT KIDS BAG
256.333677578395,250.0,25.0,7.125092306063513,2.9925387685466753,43.06405783317036,105.0,58.94340339828297,242.87490769393648,13.458769884458519,PINK POLKADOT WRAP 
49.216066095051836,48.0,4.800000000000001,1.368017722764196,0.5198467346503945,7.48084204644788,18.240000000000002,10.239311218901728,46.63198227723581,2.5840838178160297,PINK POODLE HANGING DECORATION 
14.828864910076792,12.5,9.192388155425117,2.6198645648227554,7.728600466227129,17.498060593890617,36.875,11.648338939882255,9.880135435177245,4.948729474899547,PINK REGENCY TEACUP AND SAUCER
12.304016523762959,12.0,1.2000000000000002,0.342004430691049,0.4275055383638113,6.1520082618814795,15.0,8.42048619975471,11.657995569308952,0.6460209544540074,PINK ROSE FABRIC MIRROR
4.10133884125432,4.0,0.4,0.11400147689701633,0.4275055383638112,6.1520082618814795,15.0,8.42048619975471,3.885998523102984,0.2153403181513358,PINK ROSE WASHBAG
12.304016523762959,12.0,1.2000000000000002,0.342004430691049,0.8721112982621749,12.550096854238218,30.599999999999998,17.177791847499606,11.657995569308952,0.6460209544540074,PINK SCOTTIE DOG W FLOWER PATTERN
143.85010455872603,112.5,123.74368670764582,35.26740760338326,14.81231119342097,24.166817565865976,47.25,8.270871240713054,77.23259239661674,66.61751216210929,PINK SPOTS  WRAP 
6.1520082618814795,6.0,0.6000000000000001,0.1710022153455245,0.5044565352692973,7.259369749020147,17.700000000000003,9.93617371571056,5.828997784654476,0.3230104772270037,PINK SPOTS CHOCOLATE NESTING BOXES 
188.6615866976987,184.0,18.400000000000002,5.24406793726275,6.5550849215784375,94.33079334884935,230.0,129.11412172957222,178.75593206273726,9.90565463496145,PINK SPOTTY BOWL
56.823468005005246,45.0,46.66904755831214,13.300850867561685,43.227765319575475,73.87050840650683,146.25,29.151726273917696,31.699149132438315,25.12431887256693,PINK SPOTTY CHILDS UMBRELLA
12.304016523762959,12.0,1.2000000000000002,0.342004430691049,0.22230287994918188,3.1990442961783696,7.800000000000001,4.378652823872449,11.657995569308952,0.6460209544540074,PINK SQUARE TABLE CLOCK
20.5066942062716,20.0,2.0,0.5700073844850809,0.7125092306063512,10.2533471031358,25.0,14.03414366625785,19.42999261551492,1.0767015907566808,PINK STITCHED WALL CLOCK
24.608033047525918,24.0,2.4000000000000004,0.684008861382098,0.8550110767276226,12.304016523762959,30.0,16.84097239950942,23.315991138617903,1.2920419089080148,PINK TEATIME PRINT BOWL
27.90372563780454,24.5,13.435028842544403,3.8290328255101818,8.806775498673419,25.671427586780183,56.35000000000001,21.871796914546408,20.670967174489817,7.232758463314724,PINK VINTAGE PAISLEY PICNIC BAG
106.63480987261232,104.0,10.4,2.964038399322421,2.519432639424058,36.255835356688195,88.39999999999999,49.624732003887736,101.03596160067758,5.598848271934742,PINK VINTAGE SPOT BEAKER
10.07486072772775,9.0,4.242640687119285,1.2091682606874259,3.5670463690279064,11.888335658718745,26.55,11.09461797225335,7.7908317393125746,2.2840289884151748,PINK/PURPLE RETRO RADIO
12.304016523762959,12.0,1.2000000000000002,0.342004430691049,1.0089130705385947,14.518739498040294,35.400000000000006,19.87234743142112,11.657995569308952,0.6460209544540074,"PINK/WHITE ""KEEP CLEAN"" BULLET BIN"
97.3474930990995,78.0,76.36753236814714,21.76502869237367,15.235520084661568,27.257298067747854,54.599999999999994,12.107181847590573,56.23497130762633,41.11252179147316,PINK/WHITE CHRISTMAS TREE 60CM
4.10133884125432,4.0,0.4,0.11400147689701633,0.4275055383638112,6.1520082618814795,15.0,8.42048619975471,3.885998523102984,0.2153403181513358,PIZZA PLATE IN BOX
24.608033047525918,24.0,2.4000000000000004,0.684008861382098,0.28728372178048117,4.134149551984354,10.08,5.658566726235165,23.315991138617903,1.2920419089080148,PLACE SETTING WHITE HEART
644.8234680050052,633.0,46.66904755831214,13.300850867561692,21.94640393147679,425.58348888330346,1044.45,596.9201071852198,619.6991491324383,25.12431887256696,PLASTERS IN TIN CIRCUS PARADE 
12.304016523762959,12.0,1.2000000000000002,0.342004430691049,0.5643073106402309,8.120650905683553,19.799999999999997,11.115041783676213,11.657995569308952,0.6460209544540074,PLASTERS IN TIN MR STRONG 
98.48659473023038,91.5,27.577164466275352,7.8595936944682645,12.968329595872635,65.00115252195205,150.975,73.00551788217531,83.64040630553174,14.846188424698639,PLASTERS IN TIN SKULLS
553.3366992889564,515.0,151.32085117392117,43.127001297851514,71.159552141455,365.20222153071126,849.75,413.38822632783376,471.8729987021485,81.46370058680793,PLASTERS IN TIN SPACEBOY
406.0325452841777,396.0,39.6,11.28614621280461,18.622141251127605,267.98147988755727,653.4,366.7963788613151,384.7138537871954,21.318691496982296,PLASTERS IN TIN STRONGMAN
141.56145545795812,133.5,31.81980515339464,9.068761955155695,14.963457226006897,93.43056060225236,220.27499999999998,111.88098217174073,124.4312380448443,17.13021741311381,PLASTERS IN TIN VINTAGE PAISLEY 
723.1657381848516,716.0,28.284271247461902,8.06112173791618,13.300850867561696,477.2893872020021,1181.3999999999999,690.809761930436,707.9388782620838,15.226859922767858,PLASTERS IN TIN WOODLAND ANIMALS
16.40535536501728,16.0,1.6,0.4560059075880653,0.5700073844850816,8.20267768250864,20.0,11.227314933006278,15.543994092411936,0.8613612726053432,PLAYING CARDS I LOVE LONDON 
24.608033047525918,24.0,2.4000000000000004,0.684008861382098,0.8550110767276226,12.304016523762959,30.0,16.84097239950942,23.315991138617903,1.2920419089080148,PLAYING CARDS KEEP CALM & CARRY ON
12.304016523762959,12.0,1.2000000000000002,0.342004430691049,0.4275055383638113,6.1520082618814795,15.0,8.42048619975471,11.657995569308952,0.6460209544540074,PLAYING CARDS VINTAGE DOILY 
34.52402509409425,27.0,29.698484809834994,8.46417782481198,14.177497856560066,23.131096813043147,45.225,7.916405330396788,18.53582217518802,15.988202918906229,POCKET BAG BLUE PAISLEY RED SPOT
36.912049571288875,36.0,3.6,1.0260132920731475,1.2825166150914344,18.456024785644438,45.0,25.261458599264127,34.973986707926855,1.9380628633620205,POCKET BAG PINK PAISELY BROWN SPOT
21.97858636553229,17.5,17.67766952966369,5.038201086197608,6.297751357747011,10.989293182766145,21.875,4.587955459486844,12.461798913802392,9.516787451729899,POCKET MIRROR WOODLAND
5.1266735515679,5.0,0.5,0.14250184612127023,1.8168985380461955,26.146035112996294,63.75,35.78706634895751,4.85749815387873,0.2691753976891702,POLKADOT CUTLERY 24 PCS IN TRAY
274.395543287288,240.0,135.7645019878171,38.69338434199763,32.889376690697986,93.29448471767792,204.0,77.8161385916241,201.30661565800239,73.08892762928559,POLKADOT PEN
56.598885821821995,48.0,33.94112549695428,9.673346085499407,4.062805355909751,9.508612818066096,20.16,6.5885818260241535,38.326653914500596,18.272231907321398,POLKADOT RAIN HAT 
22.37430363863875,17.0,21.213203435596427,6.04584130343713,8.766469889983838,12.977096110410475,24.65,2.906433999605685,10.954158696562871,11.42014494207588,POLYESTER FILLER PAD 40x40cm
24.608033047525918,24.0,2.4000000000000004,0.684008861382098,1.060213735142252,15.256980489466072,37.2,20.882805775391677,23.315991138617903,1.2920419089080148,POLYESTER FILLER PAD 45x45cm
5.037430363863875,4.5,2.1213203435596424,0.6045841303437129,1.5416895323764679,5.138178971141152,11.475,4.795131496482379,3.8954158696562873,1.1420144942075874,POLYESTER FILLER PAD 60x40cm
57.68976327894591,43.0,57.982756057296896,16.525299562728158,106.58818217959661,148.83958925968045,277.35,21.922228560722957,26.474700437271842,31.21506284167407,POMPOM CURTAIN
36.912049571288875,36.0,3.6,1.0260132920731475,0.12312159504877769,1.771778379421866,4.32,2.425100025529357,34.973986707926855,1.9380628633620205,POPART RECT PENCIL SHARPENER ASST
575.4004182349041,450.0,494.9747468305833,141.06963041353305,11.285570433082643,18.412813383516934,36.0,6.301616183400423,308.93036958646695,266.47004864843717,POPART WOODEN PENCILS ASST
36.912049571288875,36.0,3.6,1.0260132920731475,0.8721112982621754,12.550096854238218,30.599999999999998,17.177791847499606,34.973986707926855,1.9380628633620205,POPCORN HOLDER
48.449164366366496,42.0,25.45584412271571,7.255009564124555,11.970765780805516,31.97644848180189,69.3,25.352785737392594,34.744990435875444,13.704173930491052,"POPCORN HOLDER , LARGE"
24.608033047525918,24.0,2.4000000000000004,0.684008861382098,0.5814075321747834,8.366731236158813,20.4,11.451861231666403,23.315991138617903,1.2920419089080148,"POPCORN HOLDER , SMALL "
3.0760041309407398,3.0,0.30000000000000004,0.08550110767276226,0.4232304829801732,6.090488179262666,14.850000000000001,8.336281337757162,2.914498892327238,0.16150523861350186,POPPY FIELDS CHOPPING BOARD
66.67374654954975,57.0,38.18376618407357,10.882514346186834,22.58121726833768,55.3392096361263,118.275,40.354573095536026,46.11748565381316,20.556260895736585,POPPY'S PLAYHOUSE BATHROOM
90.44916436636649,84.0,25.45584412271571,7.255009564124558,15.122160560222126,75.41199079045806,175.0875,84.55334864931982,76.74499043587544,13.704173930491052,POPPY'S PLAYHOUSE BEDROOM 
88.52402509409424,81.0,29.698484809834994,8.464177824811983,17.642520653592477,73.80690592220108,168.834375,77.38494842420644,72.53582217518802,15.988202918906225,POPPY'S PLAYHOUSE KITCHEN
74.37430363863875,69.0,21.213203435596427,6.04584130343713,12.545120704632046,61.730672020070166,143.175,68.89920727529781,62.95415869656287,11.42014494207588,POPPY'S PLAYHOUSE LIVINGROOM 
8.20267768250864,8.0,0.8,0.22800295379403265,0.3306042830013473,4.75755305585501,11.6,6.511842661143643,7.771997046205968,0.4306806363026716,PORCELAIN HANGING BELL SMALL
20.1497214554555,18.0,8.48528137423857,2.4183365213748518,3.0229206517185645,10.07486072772775,22.5,9.402218620553686,15.581663478625149,4.5680579768303495,POTTING SHED SEED ENVELOPES
58.748607277277515,48.0,42.42640687119285,12.091682606874253,24.63680331150629,47.88011493098118,97.80000000000001,25.28308175751254,35.90831739312575,22.840289884151765,POTTING SHED TWINE
36.912049571288875,36.0,3.6,1.0260132920731475,0.8515910324207124,12.254800457667907,29.88,16.773608509911377,34.973986707926855,1.9380628633620205,PRETTY HANGING QUILTED HEARTS
9.228012392822219,9.0,0.9,0.2565033230182869,1.7826980949770939,25.65387445204577,62.550000000000004,35.11342745297714,8.743496676981714,0.4845157158405051,PURPLE BOUDICCA LARGE BRACELET
24.608033047525918,24.0,2.4000000000000004,0.684008861382098,0.8550110767276226,12.304016523762959,30.0,16.84097239950942,23.315991138617903,1.2920419089080148,PURPLE DRAWERKNOB ACRYLIC EDWARDIAN
18.456024785644438,18.0,1.8,0.5130066460365738,1.5133696058078927,21.77810924706044,53.1,29.80852114713167,17.486993353963427,0.9690314316810102,PURPLE ENAMEL FLOWER RING
12.304016523762959,12.0,1.2000000000000002,0.342004430691049,0.2907037660873917,4.1833656180794065,10.2,5.725930615833201,11.657995569308952,0.6460209544540074,PURPLE FRANGIPANI HAIRCLIP
12.304016523762959,12.0,1.2000000000000002,0.342004430691049,0.8721112982621749,12.550096854238218,30.599999999999998,17.177791847499606,11.657995569308952,0.6460209544540074,QUEENS GUARD COFFEE MUG
28.021760581655755,24.0,15.874507866387544,4.524293354453703,10.179660047520832,25.21958452349018,54.0,18.60075542898899,19.475706645546296,8.546053936109459,RABBIT  DESIGN  COTTON TOTE BAG
430.6405783317036,420.0,42.0,11.97015507418671,23.410203280802296,336.88397242062985,821.4,461.1058242985678,408.0298449258133,22.6107334058903,RABBIT NIGHT LIGHT
49.216066095051836,48.0,4.800000000000001,1.368017722764196,0.5745674435609623,8.268299103968708,20.16,11.31713345247033,46.63198227723581,2.5840838178160297,RAIN HAT WITH RED SPOTS
24.608033047525918,24.0,2.4000000000000004,0.684008861382098,0.5814075321747834,8.366731236158813,20.4,11.451861231666403,23.315991138617903,1.2920419089080148,RAIN PONCHO 
241.79665746546598,216.0,101.82337649086284,29.02003825649822,24.667032518023486,82.21086353825844,183.6,76.72210394371807,186.97996174350178,54.81669572196421,RAIN PONCHO RETROSPOT
147.6481982851555,144.0,14.4,4.10405316829259,3.4884451930487015,50.20038741695287,122.39999999999999,68.71116738999842,139.89594683170742,7.752251453448082,RAIN PONCHO WITH RED SPOTS
24.608033047525918,24.0,2.4000000000000004,0.684008861382098,0.44460575989836376,6.398088592356739,15.600000000000001,8.757305647744898,23.315991138617903,1.2920419089080148,RAINBOW PEGS PHOTO CLIP STRING
35.51048043665278,32.0,13.856406460551018,3.9491270024704352,1.6586333410375826,5.965760713357667,13.44,5.81560594560475,28.050872997529567,7.459607439123211,RAINY LADIES BIRTHDAY CARD
34.07486072772775,33.0,4.242640687119285,1.2091682606874243,3.567046369027902,40.20833565871875,97.35000000000001,53.57461797225336,31.790831739312576,2.2840289884151765,RECIPE BOX BLUE SKETCHBOOK DESIGN
113.42235382682725,93.0,80.61017305526642,22.97419695306109,66.62517116387717,131.56993043911962,269.70000000000005,71.50489839700326,70.0258030469389,43.396550779888344,RECIPE BOX PANTRY YELLOW DESIGN
24.608033047525918,24.0,2.4000000000000004,0.684008861382098,2.0178261410771894,29.037478996080587,70.80000000000001,39.74469486284224,23.315991138617903,1.2920419089080148,RECIPE BOX RETRO SPOT DESIGN
32.37430363863875,27.0,21.213203435596427,6.04584130343713,17.835231845139536,38.20167829359373,79.65,23.61308986126674,20.95415869656287,11.42014494207588,RECIPE BOX RETROSPOT 
6.1520082618814795,6.0,0.6000000000000001,0.1710022153455245,0.43605564913108746,6.275048427119109,15.299999999999999,8.588895923749803,5.828997784654476,0.3230104772270037,"RECORD FRAME 7"" SINGLE SIZE "
12.304016523762959,12.0,1.2000000000000002,0.342004430691049,0.27018350024592874,3.8880692215090957,9.48,5.321747278244977,11.657995569308952,0.6460209544540074,RECTANGULAR SHAPED MIRROR
24.608033047525918,24.0,2.4000000000000004,0.684008861382098,5.6430731064023085,81.20650905683554,198.0,111.15041783676214,23.315991138617903,1.2920419089080148,RECYCLED ACAPULCO MAT BLUE
54.342739646619734,53.0,5.300000000000001,1.5105195688854673,12.461786443305106,179.33104083384512,437.25,245.45717272284978,51.48948043111453,2.8532592155052043,RECYCLED ACAPULCO MAT GREEN
34.86138015066172,34.0,3.4000000000000004,0.969012553624639,7.994353567403272,115.04255449718367,280.5,157.46309193541305,33.03098744637536,1.8303927042863535,RECYCLED ACAPULCO MAT LAVENDER
38.962718991916034,38.0,3.8000000000000003,1.0830140305216562,8.934865751803663,128.57697267332293,313.5,175.9881615748734,36.91698596947835,2.0457330224376875,RECYCLED ACAPULCO MAT PINK
24.608033047525918,24.0,2.4000000000000004,0.684008861382098,5.6430731064023085,81.20650905683554,198.0,111.15041783676214,23.315991138617903,1.2920419089080148,RECYCLED ACAPULCO MAT RED
54.342739646619734,53.0,5.300000000000001,1.5105195688854673,12.461786443305106,179.33104083384512,437.25,245.45717272284978,51.48948043111453,2.8532592155052043,RECYCLED ACAPULCO MAT TURQUOISE
161.87151819319374,135.0,106.06601717798213,30.229206517185652,6.348133368608987,13.597207528228274,28.349999999999998,8.404659103162736,104.77079348281436,57.10072471037938,RECYCLED PENCIL WITH RABBIT ERASER
50.187151819319375,47.5,10.606601717798213,3.022920651718565,6.348133368608987,42.15720752822828,99.75,51.24465910316274,44.477079348281436,5.71007247103794,RECYCLING BAG RETROSPOT 
49.216066095051836,48.0,4.800000000000001,1.368017722764196,0.16416212673170352,2.3623711725624883,5.76,3.233466700705808,46.63198227723581,2.5840838178160297,RED  EGG  SPOON
277.796657465466,252.0,101.82337649086284,29.020038256498207,36.27504782062276,138.898328732733,315.0,139.82662344664425,222.9799617435018,54.81669572196421,RED  HARMONICA IN BOX 
30.7600413094074,30.0,3.0,0.8550110767276222,1.7955232611280068,25.838434699902216,63.0,35.36604203896978,29.14498892327238,1.6150523861350194,RED  SPOTTY COFFEE  MUG
83.42235382682725,63.0,80.61017305526642,22.97419695306109,86.15323857397908,125.13353074024087,236.25,24.963230685780047,40.02580304693891,43.39655077988834,RED 3 PIECE MINI DOTS CUTLERY SET
34.07486072772775,33.0,4.242640687119285,1.2091682606874243,4.534380977577841,51.11229109159163,123.75,68.10332793083053,31.790831739312576,2.2840289884151765,RED 3 PIECE RETROSPOT CUTLERY SET
86.12811566634072,84.0,8.4,2.3940310148373407,1.5561201596442715,22.39331007324859,54.6,30.650569767107136,81.60596898516266,4.522146681178057,RED AND WHITE SPOT TAPE
18.456024785644438,18.0,1.8,0.5130066460365738,2.53938289788104,36.54292907557599,89.10000000000001,50.01768802654298,17.486993353963427,0.9690314316810102,RED APPLES CHOPPING BOARD   
23.39571727310646,22.5,3.5355339059327378,1.007640217239521,2.972538640856587,27.606946382265626,66.375,35.79551497687779,21.49235978276048,1.9033574903459787,RED BABY BUNTING 
9.228012392822219,9.0,0.9,0.2565033230182869,1.7826980949770939,25.65387445204577,62.550000000000004,35.11342745297714,8.743496676981714,0.4845157158405051,RED BOUDICCA LARGE BRACELET
14.037430363863875,13.5,2.1213203435596424,0.6045841303437129,2.992691445201379,27.794112120450475,66.825,36.038196434348144,12.895415869656286,1.1420144942075883,RED COAT RACK PARIS FASHION
32.1497214554555,30.0,8.48528137423857,2.4183365213748518,3.0229206517185645,16.07486072772775,37.5,18.402218620553686,27.58166347862515,4.5680579768303495,RED DAISY PAPER LAMPSHADE
18.299442910910997,14.0,16.97056274847714,4.8366730427497036,39.74133016792673,60.14416903386082,115.03333333333333,15.147834131545778,9.163326957250296,9.1361159536607,RED DINER WALL CLOCK
12.304016523762959,12.0,1.2000000000000002,0.342004430691049,0.4275055383638113,6.1520082618814795,15.0,8.42048619975471,11.657995569308952,0.6460209544540074,RED DRAWER KNOB ACRYLIC EDWARDIAN
12.304016523762959,12.0,1.2000000000000002,0.342004430691049,1.0089130705385947,14.518739498040294,35.400000000000006,19.87234743142112,11.657995569308952,0.6460209544540074,RED ENAMEL FLOWER RING
148.2167323446113,120.66666666666667,108.7443485121564,30.992540836474213,53.57505670282002,102.48556104601852,208.58965848965846,52.52904074081992,89.67412583019245,58.54260651441885,RED GINGHAM ROSE JEWELLERY BOX
20.1497214554555,18.0,8.48528137423857,2.4183365213748518,7.134092738055813,23.77667131743749,53.1,22.1892359445067,15.581663478625149,4.5680579768303495,RED GINGHAM TEDDY BEAR 
6.1520082618814795,6.0,0.6000000000000001,0.1710022153455245,0.5044565352692973,7.259369749020147,17.700000000000003,9.93617371571056,5.828997784654476,0.3230104772270037,RED HANGING HEART T-LIGHT HOLDER
62.1497214554555,60.0,8.48528137423857,2.4183365213748518,7.134092738055813,73.33667131743749,177.0,96.5292359445067,57.581663478625146,4.568057976830353,RED HEART SHAPE LOVE BUCKET 
147.88231200333684,140.0,31.11269837220809,8.867233911707787,73.90593153355337,493.0231968511247,1166.861111111111,599.931982726433,131.13276608829221,16.74954591504462,RED KITCHEN SCALES
24.608033047525918,24.0,2.4000000000000004,0.684008861382098,0.684008861382098,9.843213219010368,24.0,13.472777919607534,23.315991138617903,1.2920419089080148,RED KUKUI COCONUT SEED NECKLACE
12.304016523762959,12.0,1.2000000000000002,0.342004430691049,0.2907037660873917,4.1833656180794065,10.2,5.725930615833201,11.657995569308952,0.6460209544540074,RED LOVE HEART SHAPE CUP
53.43314763697033,52.0,5.656854249492381,1.6122243475832345,2.015280434479043,26.716573818485166,65.0,36.26814574703579,50.387775652416764,3.0453719845535687,RED METAL BEACH SPADE 
8.20267768250864,8.0,0.8,0.22800295379403265,1.8810243688007693,27.068836352278513,66.0,37.050139278920724,7.771997046205968,0.4306806363026716,RED METAL BOX TOP SECRET
16.07486072772775,15.0,4.242640687119285,1.2091682606874259,3.5670463690279064,18.968335658718747,44.25,21.714617972253347,13.790831739312575,2.2840289884151748,RED PAPER PARASOL
24.608033047525918,24.0,2.4000000000000004,0.684008861382098,0.8550110767276226,12.304016523762959,30.0,16.84097239950942,23.315991138617903,1.2920419089080148,RED POLKA DOT TISSUE BOX
132.32068255956025,99.0,131.52186130069785,37.4842160813102,43.85653281513293,61.92607943787419,115.83,10.047387746992875,61.5157839186898,70.80489864087045,RED POLKADOT BEAKER 
34.524025094094256,27.0,29.698484809834994,8.464177824811976,10.53790139189091,17.19296449685894,33.615,5.88413411125015,18.535822175188024,15.988202918906232,RED POLKADOT COFFEE  MUG
12.304016523762959,12.0,1.2000000000000002,0.342004430691049,0.718209304451203,10.335373879960887,25.200000000000003,14.146416815587912,11.657995569308952,0.6460209544540074,RED POLKADOT PUDDING BOWL
10.2533471031358,10.0,1.0,0.28500369224254046,2.8357867378132773,40.808321470480486,99.5,55.855891791706235,9.71499630775746,0.5383507953783404,RED REFECTORY CLOCK 
2.05066942062716,2.0,0.2,0.05700073844850816,0.46455601835534155,6.685182311244541,16.3,9.150261670400116,1.942999261551492,0.1076701590756679,RED RETRO KITCHEN WALL CLOCK
13.187151819319375,10.5,10.606601717798213,3.022920651718565,17.986377877725463,31.38542132998012,62.475,13.10320079229442,7.4770793482814355,5.71007247103794,RED RETROSPOT APRON 
6.1520082618814795,6.0,0.6000000000000001,0.1710022153455245,0.8464609659603464,12.180976358525331,29.700000000000003,16.672562675514325,5.828997784654476,0.3230104772270037,RED RETROSPOT BIG BOWL
145.497214554555,124.0,84.8528137423857,24.18336521374852,30.22920651718565,72.7486072772775,155.0,52.022186205536855,99.81663478625148,45.68057976830352,RED RETROSPOT BOWL
50.598885821821995,42.0,33.94112549695428,9.673346085499407,47.45985423198147,99.30031342532567,206.0625,59.302332342692864,32.326653914500596,18.272231907321398,RED RETROSPOT BUTTER DISH
51.978586365532294,47.5,17.67766952966369,5.038201086197606,54.97452492901003,226.8665377215617,518.2980769230769,236.45701427250515,42.4617989138024,9.516787451729897,RED RETROSPOT CAKE STAND
392.0316854871554,315.0,304.05591591021545,86.65705868259886,73.46426854178252,132.93929638209264,267.04396551724136,60.64040059336621,228.34294131740114,163.68874416975427,RED RETROSPOT CHARLOTTE BAG
112.63091928061434,94.0,73.53910524340094,20.958916518582043,68.11647868539164,146.42019506479863,305.5,90.96332624980973,73.04108348141796,39.58983579919638,RED RETROSPOT CHILDRENS UMBRELLA
290.5344709326004,235.0,219.20310216782974,62.473693468850335,53.10263944852279,98.78172011708415,199.75,47.865640434393065,172.52630653114966,118.00816440145076,RED RETROSPOT CUP
41.0133884125432,40.0,4.0,1.1400147689701619,2.2230287994918156,31.990442961783696,78.0,43.786528238724486,38.85998523102984,2.1534031815133616,RED RETROSPOT JUMBO BAG 
61.5200826188148,60.0,6.0,1.7100221534552444,2.1375276918190558,30.7600413094074,75.0,42.10243099877354,58.28997784654476,3.230104772270039,RED RETROSPOT LUGGAGE TAG
72.10689418652008,61.0,43.840620433565945,12.494738693770067,97.71348426627962,225.56104751827726,477.0425925925926,153.76806080803573,48.50526130622993,23.601632880290147,RED RETROSPOT MINI CASES
32.37430363863875,27.0,21.213203435596427,6.04584130343713,17.835231845139536,38.20167829359373,79.65,23.61308986126674,20.95415869656287,11.42014494207588,RED RETROSPOT MUG
199.0372563780454,165.0,134.35028842544403,38.29032825510182,47.862910318877276,99.5186281890227,206.25,58.86846149210002,126.70967174489817,72.32758463314724,RED RETROSPOT OVEN GLOVE 
14.149721455455499,12.0,8.48528137423857,2.4183365213748518,7.134092738055813,16.69667131743749,35.400000000000006,11.569235944506701,9.581663478625149,4.5680579768303495,RED RETROSPOT OVEN GLOVE DOUBLE
88.7486072772775,78.0,42.42640687119285,12.09168260687426,27.72450083433312,81.39515124573165,178.84285714285713,69.72320506279235,65.90831739312574,22.84028988415176,RED RETROSPOT PEG BAG
110.93575909659687,97.5,53.033008588991066,15.114603258592826,44.355547255024334,130.22151413954373,286.125,111.54793860543194,82.38539674140718,28.55036235518969,RED RETROSPOT PICNIC BAG
207.8286909242583,172.0,141.4213562373095,40.30560868958088,68.11647868539168,140.4921950647986,290.68,82.07132624980972,131.69439131041912,76.13429961383918,RED RETROSPOT PLATE 
31.016016729396163,26.0,19.79898987322333,5.642785216541321,23.981837170300615,52.72722843997348,110.5,33.790934389725905,20.35721478345868,10.658801945937483,RED RETROSPOT PUDDING BOWL
38.598885821821995,30.0,33.94112549695428,9.673346085499407,28.53637095222325,45.54668526974996,88.5,14.416943778026791,20.326653914500593,18.2722319073214,RED RETROSPOT PURSE 
41.919742367200705,33.5,33.23401871576773,9.471818042051504,93.81405233468284,166.07839748750968,331.8022727272727,71.90982290508016,24.028181957948497,17.891560409252207,RED RETROSPOT ROUND CAKE TINS
256.20299456289706,215.0,162.63455967290594,46.351449993017994,56.83846555393832,125.66756883310102,263.64375,81.13771561296066,168.64855000698202,87.55444455591504,RED RETROSPOT SHOPPER BAG
86.12811566634072,84.0,8.4,2.3940310148373407,6.104779087835218,87.85067797966754,214.2,120.24454293249724,81.60596898516266,4.522146681178057,RED RETROSPOT SHOPPING BAG
30.7600413094074,30.0,3.0,0.8550110767276222,2.1802782456554364,31.375242135595546,76.5,42.94447961874902,29.14498892327238,1.6150523861350194,RED RETROSPOT SMALL MILK JUG
17.433147636970332,16.0,5.656854249492381,1.6122243475832345,6.045841303437129,26.1497214554555,60.0,27.804437241107372,14.387775652416765,3.045371984553567,RED RETROSPOT STORAGE JAR
64.29944291091101,60.0,16.97056274847714,4.836673042749697,11.979834542760655,63.70467306398508,148.61249999999998,72.92799239325426,55.163326957250305,9.136115953660706,RED RETROSPOT SUGAR JAM BOWL
174.096100376377,144.0,118.79393923933998,33.85671129924792,15.146847745544488,31.154911676877372,64.42285714285715,18.12109772043529,110.14328870075208,63.952811675624915,RED RETROSPOT TAPE
14.866295273940667,12.0,11.313708498984761,3.224448695166469,12.091682606874258,22.299442910911,45.0,10.608874482214741,8.775551304833531,6.090743969107136,RED RETROSPOT TEA CUP AND SAUCER 
101.64693601001049,78.0,93.33809511662427,26.60170173512337,21.813395422801165,33.34019501128345,63.96000000000001,8.806409565915395,51.39829826487663,50.24863774513386,RED RETROSPOT TISSUE BOX
41.0133884125432,40.0,4.0,1.1400147689701619,9.063117413312787,130.42257515188737,318.0,178.51430743479983,38.85998523102984,2.1534031815133616,RED RETROSPOT TRADITIONAL TEAPOT 
144.83408782932986,118.5,103.94469683442249,29.62462238684194,174.1504587455065,340.56701223868134,696.6107142857143,181.8932433015264,88.87537761315807,55.958710216171795,RED RETROSPOT UMBRELLA
245.72162275191977,187.5,229.80970388562795,65.49661412056892,27.50857793063895,41.28123262232253,78.75000000000001,9.960189447038537,122.00338587943108,123.71823687248869,RED RETROSPOT WRAP 
393.72852876041475,384.0,38.400000000000006,10.944141782113547,12.531042340520012,180.32766617226997,439.68,246.82129148721003,373.05585821788645,20.672670542528294,RED ROCKING HORSE HAND PAINTED
2.05066942062716,2.0,0.2,0.05700073844850816,0.4531558706656399,6.521128757594369,15.9,8.925715371739992,1.942999261551492,0.1076701590756679,RED SHARK HELICOPTER
171.0215796928163,144.0,106.65833300778706,30.39801871565376,38.721285744939905,87.13956679586353,183.42857142857142,57.56771888776798,113.60198128434624,57.41959840847005,RED SPOT CERAMIC DRAWER KNOB
52.187151819319375,49.5,10.606601717798213,3.022920651718565,14.7518527803866,101.86932035131144,241.56000000000003,124.93882686830199,46.477079348281436,5.71007247103794,RED SPOT HEART HOT WATER BOTTLE
41.0133884125432,40.0,4.0,1.1400147689701619,0.9348121105555327,13.45239139931417,32.8,18.412796490130294,38.85998523102984,2.1534031815133616,RED SPOT PAPER GIFT BAG
219.7858636553229,175.0,176.7766952966369,50.38201086197608,21.16044456202995,36.924025094094254,73.5,15.415530343875794,124.61798913802392,95.167874517299,RED SPOTS  WRAP 
18.456024785644438,18.0,1.8,0.5130066460365738,3.052389543917614,43.92533898983377,107.10000000000001,60.12227146624863,17.486993353963427,0.9690314316810102,RED SPOTTY APRON 
18.456024785644438,18.0,1.8,0.5130066460365738,1.0003629597713188,14.395699332802662,35.1,19.703937707426018,17.486993353963427,0.9690314316810102,RED SPOTTY BEAKER 
20.5066942062716,20.0,2.0,0.5700073844850809,2.8215365532011507,40.60325452841777,99.0,55.57520891838108,19.42999261551492,1.0767015907566808,RED SPOTTY BIG BOWL
160.07486072772775,159.0,4.242640687119285,1.2091682606874243,4.450890788149423,235.6911758905401,585.2714285714285,345.129361892739,157.79083173931258,2.284028988415173,RED SPOTTY BISCUIT TIN
200.1281338351693,160.0,158.39191898578665,45.14228173233057,56.427852165413206,100.06406691758465,200.0,43.50808091700214,114.85771826766944,85.27041556749987,RED SPOTTY BOWL
10.2533471031358,10.0,1.0,0.28500369224254046,0.3562546153031756,5.1266735515679,12.5,7.017071833128925,9.71499630775746,0.5383507953783404,RED SPOTTY CANDY BAG
440.8939254348394,430.0,43.0,12.255158766429247,10.41688495146486,149.9039346478454,365.5,205.17918040068975,417.74484123357075,23.149084201268636,RED SPOTTY CHARLOTTE BAG
114.83748755512096,112.0,11.200000000000001,3.192041353116455,6.224480638577087,89.57324029299436,218.4,122.60227906842854,108.80795864688355,6.02952890823741,RED SPOTTY CHILDS APRON
129.9463789209215,102.0,110.30865786510141,31.438374777873072,102.17471802808748,168.93029259719793,331.5,60.394989374714584,70.56162522212693,59.384753698794555,RED SPOTTY CHILDS UMBRELLA
50.241400805365416,49.0,4.9,1.3965180919884503,9.147193502524349,131.6324701100574,320.95,180.17033638741825,47.60348190801155,2.637918897353863,RED SPOTTY COIR DOORMAT
351.95682475942766,276.0,299.8132752230961,85.44789042191142,72.6307068586247,119.66532041820541,234.6,42.30397272316988,190.55210957808856,161.4047151813391,RED SPOTTY CUP
12.304016523762959,12.0,1.2000000000000002,0.342004430691049,0.4275055383638113,6.1520082618814795,15.0,8.42048619975471,11.657995569308952,0.6460209544540074,RED SPOTTY EGG CUP 
193.7882602492666,189.0,18.900000000000002,5.38656978338402,6.733212229230024,96.8941301246333,236.25,132.62265764613667,183.61343021661597,10.174830032650647,RED SPOTTY LUGGAGE TAG
92.85550146379758,71.0,86.2670273047588,24.586421300644325,30.733026625805408,46.42775073189879,88.75,11.589222642295802,46.413578699355675,46.441922764441905,RED SPOTTY OVEN GLOVE 
6.1520082618814795,6.0,0.6000000000000001,0.1710022153455245,0.5044565352692973,7.259369749020147,17.700000000000003,9.93617371571056,5.828997784654476,0.3230104772270037,RED SPOTTY OVEN GLOVE DOUBLE
43.06405783317036,42.0,4.2,1.1970155074186704,2.513732565579208,36.173808579863106,88.2,49.512458854557686,40.80298449258133,2.2610733405890286,RED SPOTTY PEG BAG
225.02646256790226,172.0,209.30360723121808,59.6523008605797,100.81238845437969,152.11788869590194,290.68,37.74972284971838,112.3476991394203,112.67876342848196,RED SPOTTY PLATE 
30.7600413094074,30.0,3.0,0.8550110767276222,1.7955232611280068,25.838434699902216,63.0,35.36604203896978,29.14498892327238,1.6150523861350194,RED SPOTTY PUDDING BOWL
99.497214554555,78.0,84.8528137423857,24.18336521374852,71.34092738055814,117.40671317437491,230.10000000000002,41.352359445066966,53.816634786251484,45.68057976830352,RED SPOTTY PURSE 
38.56145545795813,30.5,31.81980515339464,9.06876195515569,89.78074335604131,152.7033636135142,301.94999999999993,59.46589303044442,21.43123804484431,17.130217413113822,RED SPOTTY ROUND CAKE TINS
126.13353074024087,95.5,120.91525958289962,34.46129542959164,43.07661928698955,63.066765370120436,119.375,13.231615342890017,61.03870457040836,65.09482616983252,RED SPOTTY SHOPPER BAG
26.37430363863875,21.0,21.213203435596427,6.04584130343713,15.41689532376468,26.901789711411524,53.55,11.231314964823794,14.954158696562871,11.42014494207588,RED SPOTTY SHOPPING BAG
8.20267768250864,8.0,0.8,0.22800295379403265,2.4282314579064477,34.94340692748681,85.2,47.82836161460674,7.771997046205968,0.4306806363026716,RED SPOTTY TABLECLOTH 
73.82409914257775,72.0,7.2,2.052026584146295,4.309255826707219,62.012243279765315,151.20000000000002,84.87850089352749,69.94797341585371,3.876125726724041,RED SPOTTY WASHBAG
12.304016523762959,12.0,1.2000000000000002,0.342004430691049,0.6669086398475456,9.597132888535109,23.4,13.135958471617345,11.657995569308952,0.6460209544540074,RED STAR CARD HOLDER
204.7905933186125,172.0,129.4295174989075,36.887890372359166,46.97058040747066,104.30667553027996,219.01333333333332,67.7360773955827,135.11210962764085,69.67848369097166,RED STRIPE CERAMIC DRAWER KNOB
21.50800836469808,19.0,9.899494936611665,2.8213926082706604,3.5267407603383254,10.75400418234904,23.75,9.469255057312633,16.17860739172934,5.329400972968742,RED TEA TOWEL CLASSIC DESIGN
706.4192723444205,578.6666666666666,504.2591926116304,143.7157317415571,237.13095737356917,466.23671974731747,954.7999999999997,251.4323228791131,434.95093492510955,271.46833741931096,RED TOADSTOOL LED NIGHT LIGHT
139.44552060264687,136.0,13.600000000000001,3.876050214498556,3.2946426823237727,47.411477004899936,115.6,64.89388031277629,132.12394978550145,7.321570817145414,RED VINTAGE SPOT BEAKER
1.02533471031358,1.0,0.1,0.02850036922425408,0.11257645843580363,1.6200288422954563,3.95,2.2173946992687403,0.971499630775746,0.05383507953783395,RED WHITE SCARF  HOT WATER BOTTLE
44.716573818485166,44.0,2.8284271247461903,0.8061121737916173,2.9826150430289835,66.18052925135804,162.79999999999998,93.63685570561296,43.19388782620838,1.5226859922767844,RED WOOLLY HOTTIE WHITE HEART.
12.304016523762959,12.0,1.2000000000000002,0.342004430691049,0.4275055383638113,6.1520082618814795,15.0,8.42048619975471,11.657995569308952,0.6460209544540074,RED/CREAM STRIPE CUSHION COVER 
2.05066942062716,2.0,0.2,0.05700073844850816,0.4531558706656399,6.521128757594369,15.9,8.925715371739992,1.942999261551492,0.1076701590756679,RED/CREAM STRIPE FRINGE HAMMOCK
114.83748755512096,112.0,11.200000000000001,3.192041353116455,24.525517729778095,352.9338784194051,860.5333333333333,483.0739371841501,108.80795864688355,6.02952890823741,RED/WHITE DOT MINI CASES
44.598885821821995,36.0,33.94112549695428,9.673346085499407,57.556409208721476,106.14534825593636,214.20000000000002,50.498242535342186,26.326653914500593,18.2722319073214,RED/WHITE DOTS RUFFLED UMBRELLA
87.15345037665429,85.0,8.5,2.4225313840615974,7.008037218178193,100.84899257869998,245.89285714285714,138.03582734597896,82.5774686159384,4.575981760715891,RED/WHITE SPOT PICNIC BAG
12.304016523762959,12.0,1.2000000000000002,0.342004430691049,0.4275055383638113,6.1520082618814795,15.0,8.42048619975471,11.657995569308952,0.6460209544540074,REGENCY CAKE FORK
603.6629527394067,575.0,113.13708498984761,32.24448695166467,387.4053723556109,2901.1132518109293,6908.408542471043,3619.8899183045028,542.7555130483354,60.90743969107132,REGENCY CAKESTAND 3 TIER
22.55736362689876,22.0,2.2,0.6270081229335894,2.037776399534166,29.324572714968387,71.5,40.13765088549745,21.37299187706641,1.1843717498323478,REGENCY MILK JUG PINK 
47.16539667442468,46.0,4.6000000000000005,1.3110169843156876,5.440720484910104,78.29455847954497,190.9,107.16472103554493,44.688983015684315,2.4764136587403627,REGENCY SUGAR BOWL GREEN
36.912049571288875,36.0,3.6,1.0260132920731475,1.6929219319206932,24.361952717050656,59.39999999999999,33.34512535102864,34.973986707926855,1.9380628633620205,REGENCY TEA PLATE GREEN 
36.912049571288875,36.0,3.6,1.0260132920731475,1.6929219319206932,24.361952717050656,59.39999999999999,33.34512535102864,34.973986707926855,1.9380628633620205,REGENCY TEA PLATE PINK
49.216066095051836,48.0,4.800000000000001,1.368017722764196,2.2572292425609235,32.48260362273421,79.19999999999999,44.460167134704854,46.63198227723581,2.5840838178160297,REGENCY TEA PLATE ROSES 
38.96271899191604,38.0,3.8000000000000003,1.0830140305216531,1.3537675381520664,19.48135949595802,47.5,26.664872965889913,36.91698596947835,2.0457330224376946,REGENCY TEA SPOON
8.20267768250864,8.0,0.8,0.22800295379403265,2.268629390250625,32.64665717638439,79.6,44.68471343336498,7.771997046205968,0.4306806363026716,REGENCY TEAPOT ROSES 
13.32935123407654,13.0,1.3,0.3705047999153026,0.3075189839297012,4.425344609713411,10.79,6.057136406356887,12.629495200084698,0.6998560339918427,REINDEER HEART DECORATION SILVER
4.10133884125432,4.0,0.4,0.11400147689701633,0.5643073106402309,8.120650905683554,19.8,11.115041783676215,3.885998523102984,0.2153403181513358,"RETRO ""TEA FOR ONE"" "
6.1520082618814795,6.0,0.6000000000000001,0.1710022153455245,0.3591046522256015,5.1676869399804435,12.600000000000001,7.073208407793956,5.828997784654476,0.3230104772270037,RETRO BLUE SPOTTY WASHING UP GLOVES
135.34418176139255,132.0,13.200000000000001,3.7620487376015395,4.5596030699730665,65.61485931792312,159.98400000000004,89.80953761210385,128.23795126239847,7.10623049899408,RETRO COFFEE MUGS ASSORTED
2.05066942062716,2.0,0.2,0.05700073844850816,0.4845062768123194,6.9722760301323445,17.0,9.543217693055336,1.942999261551492,0.1076701590756679,RETRO LAUNDRY TUB PISTACHIO
12.304016523762959,12.0,1.2000000000000002,0.342004430691049,0.49590642450202105,7.136329583782516,17.4,9.767763991715462,11.657995569308952,0.6460209544540074,RETRO LEAVES MAGNETIC NOTEPAD
24.608033047525918,24.0,2.4000000000000004,0.684008861382098,0.8550110767276226,12.304016523762959,30.0,16.84097239950942,23.315991138617903,1.2920419089080148,RETRO PINK BALL ASHTRAY 
15.3800206547037,15.0,1.5,0.4275055383638111,0.17955232611280067,2.5838434699902217,6.3,3.5366042038969776,14.57249446163619,0.8075261930675097,RETRO PLASTIC DAISY TRAY
100.7486072772775,90.0,42.42640687119285,12.09168260687426,10.27793021584312,34.25452647427435,76.5,31.96754330988253,77.90831739312574,22.84028988415176,RETRO PLASTIC ELEPHANT TRAY
43.06405783317036,42.0,4.2,1.1970155074186704,0.674318735845851,9.703767698407722,23.66,13.281913565746427,40.80298449258133,2.2610733405890286,RETRO PLASTIC POLKA TRAY
44.03203345879233,34.0,39.59797974644666,11.285570433082642,23.69969790947355,36.98690810538556,71.4,10.713393985140897,22.71442956691736,21.317603891874967,RETRO RED SPOTTY WASHING UP GLOVES
24.608033047525918,24.0,2.4000000000000004,0.684008861382098,1.3338172796950911,19.194265777070218,46.8,26.27191694323469,23.315991138617903,1.2920419089080148,RETRO SISTERS EXPRESSO CUPS
262.45961020487266,208.0,214.96046148071045,61.26452520816291,100.40574964671143,172.05685557874986,340.88888888888886,68.42628366342757,146.73547479183708,115.72413541303558,RETRO SPORT PARTY BAG + STICKER SET
110.73614871386664,108.0,10.8,3.078039876219438,3.8475498452742976,55.36807435693332,135.0,75.78437579779238,104.92196012378056,5.814188590086076,RETRO SPOT  CIGAR BOX MATCHES 
24.97858636553229,20.5,17.67766952966369,5.038201086197608,54.32860171283087,107.74096918999592,221.05833333333328,58.98876243050649,15.461798913802392,9.516787451729899,RETRO SPOT CAKE STAND
12.304016523762959,12.0,1.2000000000000002,0.342004430691049,0.8721112982621749,12.550096854238218,30.599999999999998,17.177791847499606,11.657995569308952,0.6460209544540074,RETRO SPOT CANDLE  LARGE
12.304016523762959,12.0,1.2000000000000002,0.342004430691049,0.718209304451203,10.335373879960887,25.200000000000003,14.146416815587912,11.657995569308952,0.6460209544540074,RETRO SPOT CANDLE  MEDIUM
28.299442910910994,24.0,16.97056274847714,4.836673042749704,8.173977442247,19.130423407775833,40.56,13.255599149977169,19.163326957250295,9.136115953660699,RETRO SPOT CANDLE  SMALL
1.02533471031358,1.0,0.1,0.02850036922425408,0.09832627382367659,1.4149619002327405,3.45,1.936711825943583,0.971499630775746,0.05383507953783395,RETRO SPOT CERAMIC TOASTRACK
98.43213219010367,96.0,9.600000000000001,2.736035445528392,5.745674435609624,82.6829910396871,201.60000000000002,113.1713345247033,93.26396455447161,5.168167635632059,RETRO SPOT GIANT  TUBE MATCHES
16.54543872856196,13.5,12.020815280171307,3.425976738614372,33.777989407276074,65.25107398576624,133.1015625,34.072499106957686,10.074023261385628,6.4714154671763335,RETRO SPOT LAMP
21.90372563780454,18.5,13.435028842544403,3.8290328255101818,18.9537124862754,43.369376762852994,91.575,29.25191075087161,14.670967174489817,7.232758463314724,RETRO SPOT LARGE MILK JUG
14.149721455455499,12.0,8.48528137423857,2.4183365213748518,7.134092738055813,16.69667131743749,35.400000000000006,11.569235944506701,9.581663478625149,4.5680579768303495,RETRO SPOT MUG
29.262012547047128,25.5,14.849242404917497,4.232088912405988,15.10855741728938,41.786153917183306,91.03500000000001,34.14028866552732,21.267911087594012,7.994101459453116,RETRO SPOT PADDED SEAT CUSHION
24.608033047525918,24.0,2.4000000000000004,0.684008861382098,1.1286146212804615,16.241301811367105,39.599999999999994,22.230083567352427,23.315991138617903,1.2920419089080148,RETRO SPOT PARTY BAG + STICKER SET
18.90372563780454,15.5,13.435028842544403,3.8290328255101818,9.764033705050963,19.28180015056063,39.525,10.479166144388405,11.670967174489817,7.232758463314724,RETRO SPOT SMALL MILK JUG
25.433147636970332,24.0,5.656854249492381,1.6122243475832345,6.045841303437129,38.1497214554555,90.0,45.80443724110737,22.387775652416764,3.0453719845535687,RETRO SPOT STORAGE JAR
18.90372563780454,15.5,13.435028842544403,3.8290328255101818,9.764033705050963,19.28180015056063,39.525,10.479166144388405,11.670967174489817,7.232758463314724,RETRO SPOT SUGAR JAM BOWL
50.598885821821995,42.0,33.94112549695428,9.673346085499407,47.883063123222065,100.18579392720756,207.9,59.831142949570385,32.326653914500596,18.272231907321398,RETRO SPOT TEA SET CERAMIC 11 PC 
25.358286909242583,25.0,1.4142135623730951,0.40305608689580863,3.2042958908216788,80.63935237139142,198.75,114.90635173778689,24.59694391310419,0.7613429961383922,RETRO SPOT TRADITIONAL TEAPOT 
12.791434546212916,11.0,7.0710678118654755,2.015280434479043,9.975638150671264,25.327040401501577,54.45,19.14732144782716,8.984719565520956,3.806714980691959,RETRO SPOTS BUTTER DISH
10.112291091591624,8.5,6.363961030678928,1.8137523910311388,7.70844766188234,17.190894855705764,36.125,11.225657482411897,6.686247608968861,3.426043482622763,RETRO SPOTS PUDDING BOWL
16.40535536501728,16.0,1.6,0.4560059075880653,1.3300172304651905,19.139581259186826,46.666666666666664,26.197068177014646,15.543994092411936,0.8613612726053432,RETROSPOT BABUSHKA DOORSTOP
24.608033047525918,24.0,2.4000000000000004,0.684008861382098,1.7442225965243499,25.100193708476436,61.199999999999996,34.35558369499921,23.315991138617903,1.2920419089080148,RETROSPOT CANDLE  LARGE
12.304016523762959,12.0,1.2000000000000002,0.342004430691049,0.5779874878678728,8.31751517006376,20.28,11.384497342068368,11.657995569308952,0.6460209544540074,RETROSPOT CANDLE  SMALL
90.86629527394066,88.0,11.313708498984761,3.224448695166469,6.287674955574614,70.87571031367372,171.6,94.43661473075166,84.77555130483353,6.0907439691071374,RETROSPOT CHILDRENS APRON
56.598885821821995,48.0,33.94112549695428,9.673346085499407,12.091682606874258,28.299442910910997,60.0,19.608874482214745,38.326653914500596,18.272231907321398,RETROSPOT CIGAR BOX MATCHES 
6.1520082618814795,6.0,0.6000000000000001,0.1710022153455245,0.43605564913108746,6.275048427119109,15.299999999999999,8.588895923749803,5.828997784654476,0.3230104772270037,RETROSPOT GIANT TUBE MATCHES
59.37430363863875,54.0,21.213203435596427,6.04584130343713,28.604386666886917,112.36586963612383,255.48749999999995,114.51724369698923,47.95415869656287,11.42014494207588,RETROSPOT HEART HOT WATER BOTTLE
10.112291091591624,8.5,6.363961030678928,1.8137523910311388,18.04683629075983,40.246918544534665,84.57499999999999,26.281245164705492,6.686247608968861,3.426043482622763,RETROSPOT LAMP
15.112291091591624,13.5,6.363961030678928,1.8137523910311388,8.978074335604138,29.92233636135142,66.825,27.924589303044446,11.686247608968861,3.426043482622763,RETROSPOT LARGE MILK JUG
117.91434546212916,100.0,70.71067811865476,20.152804344790432,75.16996020606831,175.9282034294967,373.0,121.90183636443498,79.84719565520956,38.0671498069196,RETROSPOT PADDED SEAT CUSHION
292.4329736511519,257.5,137.88582233137677,39.29796847234133,64.23706384901948,191.20617507959932,420.91346153846155,165.47022260984275,218.20203152765868,74.23094212349321,RETROSPOT PARTY BAG + STICKER SET
36.912049571288875,36.0,3.6,1.0260132920731475,2.1546279133536097,31.006121639882657,75.60000000000001,42.439250446763744,34.973986707926855,1.9380628633620205,RETROSPOT RED WASHING UP GLOVES
65.71117691341362,55.5,40.30508652763321,11.487098476530544,56.8611374588262,130.10813028855898,274.725,87.75573225261485,44.01290152346945,21.698275389944172,RETROSPOT TEA SET CERAMIC 11 PC 
86.12811566634072,84.0,8.4,2.3940310148373407,4.668360478932814,67.17993021974576,163.79999999999998,91.95170930132142,81.60596898516266,4.522146681178057,REVOLVER WOODEN RULER 
1.02533471031358,1.0,0.1,0.02850036922425408,0.027075350763041375,0.3896271899191604,0.95,0.5332974593177983,0.971499630775746,0.05383507953783395,REX CASH+CARRY JUMBO SHOPPER
43.58286909242583,40.0,14.142135623730951,4.030560868958086,6.650425433780842,28.76469360100105,66.0,30.584880965218108,35.969439131041916,7.613429961383915,RIBBON REEL CHRISTMAS PRESENT 
67.80745127560908,61.0,26.870057685088806,7.6580656510203635,12.635808324183598,44.75291784190199,100.64999999999998,43.26127383391439,53.341934348979635,14.465516926629448,RIBBON REEL CHRISTMAS SOCK BAUBLE
30.7600413094074,30.0,3.0,0.8550110767276222,1.4107682766005767,20.301627264208886,49.5,27.787604459190536,29.14498892327238,1.6150523861350194,RIBBON REEL FLORA + FAUNA 
91.12291091591625,75.0,63.63961030678928,18.137523910311387,29.926914452013786,60.14112120450473,123.75,33.68196434348148,56.86247608968861,34.26043482622764,RIBBON REEL HEARTS DESIGN 
107.01211942927942,79.66666666666667,107.93670985041805,30.76236083588095,64.60095775535,89.89018032059472,167.3,12.808861924055293,48.90430583078572,58.107813598493706,RIBBON REEL LACE DESIGN 
20.5066942062716,20.0,2.0,0.5700073844850809,0.9405121844003834,13.534418176139257,33.0,18.525069639460362,19.42999261551492,1.0767015907566808,RIBBON REEL MAKING SNOWMEN 
60.7486072772775,50.0,42.42640687119285,12.09168260687426,19.951276301342528,40.09408080300315,82.5,22.45464289565432,37.90831739312574,22.84028988415176,RIBBON REEL POLKADOTS 
16.791434546212916,15.0,7.0710678118654755,2.015280434479043,3.325212716890421,11.082346800500524,24.75,10.342440482609055,12.984719565520956,3.806714980691959,RIBBON REEL SNOWY VILLAGE
24.941156001668414,21.0,15.556349186104045,4.4336169558538945,7.315467977158925,16.461162961101156,34.65,10.873369061739918,16.566383044146107,8.374772957522307,RIBBON REEL SOCKS AND MITTENS
215.3202891658518,210.0,21.0,5.985077537093355,9.875377936204035,142.1113908494622,346.5,194.51323121433376,204.01492246290664,11.30536670294515,RIBBON REEL SPOTS DESIGN 
100.7486072772775,90.0,42.42640687119285,12.09168260687426,19.951276301342528,66.49408080300316,148.5,62.05464289565431,77.90831739312574,22.84028988415176,RIBBON REEL STRIPES DESIGN 
30.7600413094074,30.0,3.0,0.8550110767276222,1.4107682766005767,20.301627264208886,49.5,27.787604459190536,29.14498892327238,1.6150523861350194,"RIBBON REEL, XMAS SOCK/BAUBLE"
6.1520082618814795,6.0,0.6000000000000001,0.1710022153455245,0.3591046522256015,5.1676869399804435,12.600000000000001,7.073208407793956,5.828997784654476,0.3230104772270037,RIBBONS PURSE 
2.05066942062716,2.0,0.2,0.05700073844850816,0.9661625167022133,13.903538671852145,33.9,19.03029881144564,1.942999261551492,0.1076701590756679,RIDGED GLASS PENDANT LAMPSHADE
18.456024785644438,18.0,1.8,0.5130066460365738,0.7438596367530319,10.704494375673773,26.099999999999998,14.651645987573193,17.486993353963427,0.9690314316810102,RIDGED GLASS POSY VASE 
24.608033047525918,24.0,2.4000000000000004,0.684008861382098,0.44460575989836376,6.398088592356739,15.600000000000001,8.757305647744898,23.315991138617903,1.2920419089080148,RIDGED GLASS T-LIGHT HOLDER
65.77276393580367,56.0,38.57460304397182,10.993904294322313,4.617439803615372,11.049824341215016,23.52,7.852735855169612,45.00609570567769,20.76666823012598,RING OF ROSES BIRTHDAY CARD
12.304016523762959,12.0,1.2000000000000002,0.342004430691049,0.14364186089024059,2.067074775992177,5.04,2.8292833631175824,11.657995569308952,0.6460209544540074,ROBIN CHRISTMAS CARD
132.32132190103678,108.0,96.0,27.360354455283897,11.491348871219236,22.22998207937418,45.36,11.638669049406582,80.6396455447161,51.68167635632068,ROBOT BIRTHDAY CARD
49.21606609505184,48.0,4.800000000000001,1.3680177227641934,1.5800604697926435,22.737822535913953,55.44,31.122116994293407,46.63198227723581,2.584083817816037,ROBOT MUG IN DISPLAY BOX
81.0480501881885,66.0,59.39696961966999,16.92835564962396,14.389102302180365,27.556337063984092,56.1,14.154560633835544,49.07164435037604,31.976405837812457,ROCKING HORSE GREEN CHRISTMAS 
105.0480501881885,90.0,59.39696961966999,16.92835564962396,14.389102302180365,35.71633706398409,76.5,26.394560633835543,73.07164435037603,31.976405837812464,ROCKING HORSE RED CHRISTMAS 
1.02533471031358,1.0,0.1,0.02850036922425408,0.5685823660238689,8.182170988302369,19.95,11.199246645673762,0.971499630775746,0.05383507953783395,ROCOCO WALL MIRROR WHITE
49.216066095051836,48.0,4.800000000000001,1.368017722764196,1.710022153455245,24.608033047525918,60.0,33.68194479901884,46.63198227723581,2.5840838178160297,ROLL WRAP 50'S CHRISTMAS
37.93738428160246,37.0,3.7,1.054513661297399,1.3181420766217489,18.96869214080123,46.25,25.963165782577022,35.9454863387026,1.991897942899861,ROLL WRAP VINTAGE CHRISTMAS
25.633367757839498,25.0,2.5,0.7125092306063521,0.8906365382579401,12.816683878919749,31.25,17.542679582822313,24.28749076939365,1.3458769884458484,ROLL WRAP VINTAGE SPOT 
14.149721455455499,12.0,8.48528137423857,2.4183365213748518,4.201859705888805,9.834056411541573,20.85,6.814083882569624,9.581663478625149,4.5680579768303495,ROMANTIC IMAGES GIFT WRAP SET
3.0760041309407398,3.0,0.30000000000000004,0.08550110767276226,0.4232304829801732,6.090488179262666,14.850000000000001,8.336281337757162,2.914498892327238,0.16150523861350186,ROMANTIC IMAGES SCRAP BOOK SET
137.66846588856654,112.33333333333333,100.00166665277801,28.500844226449484,35.62605528306185,68.83423294428327,140.41666666666666,35.95637843932153,83.83248910688384,53.8359767816827,ROMANTIC PINKS RIBBONS 
2.9592067030543983,2.6666666666666665,1.1547005383792515,0.32909391687253614,2.221383938889619,7.989858098246875,18.0,7.788757962863506,2.3375727497941305,0.6216339532602677,ROSE CARAVAN DOORSTOP
36.149721455455506,34.0,8.48528137423857,2.4183365213748487,23.67282750368046,141.54624267669465,332.8222222222222,167.6031520418471,31.581663478625153,4.568057976830353,ROSE COTTAGE KEEPSAKE BOX 
13.32935123407654,13.0,1.3,0.3705047999153026,1.0929891597501427,15.728634456210319,38.35,21.52837638403954,12.629495200084698,0.6998560339918427,ROSE DES PADDED FLOOR CUSHION
6.1520082618814795,6.0,0.6000000000000001,0.1710022153455245,0.7267594152184792,10.458414045198516,25.5,14.314826539583004,5.828997784654476,0.3230104772270037,ROSE DU SUD COSMETICS BAG
7.074860727727749,6.0,4.242640687119285,1.2091682606874259,5.985382890402758,14.008224240900946,29.700000000000003,9.706392868696298,4.7908317393125746,2.2840289884151748,ROSE DU SUD CUSHION COVER 
34.240598912579415,26.0,32.526911934581186,9.270289998603598,39.39873249406529,58.20901815138501,110.5,12.892249354549698,16.729710001396402,17.510888911183013,ROSE DU SUD DRAWSTRING BAG
20.47057800083421,18.5,7.7781745930520225,2.216808477926947,6.317904162091798,23.336458920951,52.725,23.070636916957206,16.283191522073054,4.187386478761155,ROSE DU SUD OVEN GLOVE
7.17734297219506,7.0,0.7000000000000001,0.19950258456977843,1.1870403781901817,17.082076273824246,41.65,23.38088334798557,6.800497415430222,0.3768455567648381,ROSE DU SUD WASHBAG 
9.228012392822219,9.0,0.9,0.2565033230182869,0.21802782456554384,3.1375242135595545,7.6499999999999995,4.294447961874901,8.743496676981714,0.4845157158405051,ROSE SCENT CANDLES IN GLASS
12.304016523762959,12.0,1.2000000000000002,0.342004430691049,1.0089130705385947,14.518739498040294,35.400000000000006,19.87234743142112,11.657995569308952,0.6460209544540074,ROSES REGENCY TEACUP AND SAUCER 
52.299442910911,48.0,16.97056274847714,4.8366730427497036,6.045841303437129,26.1497214554555,60.0,27.804437241107372,43.1633269572503,9.136115953660699,ROTATING LEAVES T-LIGHT HOLDER
68.1497214554555,66.0,8.48528137423857,2.4183365213748487,6.1667581295058636,69.51271588456461,168.29999999999998,92.6205259859295,63.58166347862515,4.568057976830353,ROTATING SILVER ANGELS T-LIGHT HLDR
20.5066942062716,20.0,2.0,0.5700073844850809,0.4845062768123188,6.9722760301323445,17.0,9.543217693055336,19.42999261551492,1.0767015907566808,ROUND BLUE CLOCK W/SUCKER
8.20267768250864,8.0,0.8,0.22800295379403265,1.8126234826625596,26.084515030377474,63.6,35.70286148695997,7.771997046205968,0.4306806363026716,ROUND CAKE TIN VINTAGE GREEN
7.358286909242583,7.0,1.4142135623730951,0.40305608689580863,3.2042958908216788,23.399352371391416,55.65,29.046351737786903,6.596943913104191,0.7613429961383922,ROUND CAKE TIN VINTAGE RED
326.5666783772112,294.5,126.572113832392,36.07351977717488,58.937260169279526,213.41909971661173,481.1569047619047,208.80054487601342,258.42648022282515,68.14019815438604,ROUND CONTAINER SET OF 5 RETROSPOT
12.304016523762959,12.0,1.2000000000000002,0.342004430691049,0.5643073106402309,8.120650905683553,19.799999999999997,11.115041783676213,11.657995569308952,0.6460209544540074,ROUND FOOD CONTAINER S/5 RETROSPOT
41.0133884125432,40.0,4.0,1.1400147689701619,0.9690125536246376,13.944552060264689,34.0,19.086435386110672,38.85998523102984,2.1534031815133616,ROUND PURPLE CLOCK W/SUCKER
24.608033047525918,24.0,2.4000000000000004,0.684008861382098,2.0178261410771894,29.037478996080587,70.80000000000001,39.74469486284224,23.315991138617903,1.2920419089080148,"ROUND SNACK BOXES ,SET 4, FRUITS "
18.456024785644438,18.0,1.8,0.5130066460365738,1.5133696058078927,21.77810924706044,53.1,29.80852114713167,17.486993353963427,0.9690314316810102,"ROUND SNACK BOXES ,SET4, WOODLAND "
834.8713442073753,774.5,238.2949852598665,67.91495064194375,198.4968784671356,976.0404987733497,2263.6522727272727,1089.1148954867876,706.5850493580563,128.286294849319,ROUND SNACK BOXES SET OF 4 FRUITS 
127.80745127560908,121.0,26.870057685088806,7.6580656510203635,22.311713495949014,148.9463979786543,352.5325396825397,181.2744282079364,113.34193434897963,14.465516926629448,ROUND SNACK BOXES SET OF 4 SKULLS
1405.7054320367051,1319.0,342.239682094289,97.53957302878568,286.02186054567824,1648.8178923303221,3867.7925517309013,1932.952798854901,1221.4604269712142,184.2450050654909,ROUND SNACK BOXES SET OF4 WOODLAND 
86.12811566634072,84.0,8.4,2.3940310148373407,4.668360478932814,67.17993021974576,163.79999999999998,91.95170930132142,81.60596898516266,4.522146681178057,ROUND STORAGE TIN VINTAGE LEAF
12.304016523762959,12.0,1.2000000000000002,0.342004430691049,0.5643073106402309,8.120650905683553,19.799999999999997,11.115041783676213,11.657995569308952,0.6460209544540074,ROUND WHITE CONFETTI IN TUBE
3.0760041309407398,3.0,0.30000000000000004,0.08550110767276226,0.5087315906529354,7.3208898316389615,17.85,10.020378577708104,2.914498892327238,0.16150523861350186,RUBY GLASS CLUSTER BRACELET
2.05066942062716,2.0,0.2,0.05700073844850816,0.35625461530317604,5.126673551567899,12.5,7.017071833128925,1.942999261551492,0.1076701590756679,RUSTIC MIRROR WITH LACE HEART
4.10133884125432,4.0,0.4,0.11400147689701633,2.5023324178895083,36.00975502621292,87.8,49.28791255589757,3.885998523102984,0.2153403181513358,"RUSTIC WOODEN CABINET, GLASS DOORS"
3.0760041309407398,3.0,0.30000000000000004,0.08550110767276226,1.0901391228277189,15.687621067797775,38.25,21.472239809374507,2.914498892327238,0.16150523861350186,S/16 VINTAGE BLACK CUTLERY
28.70937188878024,28.0,2.8000000000000003,0.7980103382791137,10.1746318130587,146.41779663277924,357.0,200.40757155416205,27.201989661720887,1.5073822270593524,S/16 VINTAGE IVORY CUTLERY
11.27868181344938,11.0,1.1,0.3135040614667947,3.9971767837016325,57.52127724859184,140.25,78.73154596770652,10.686495938533206,0.5921858749161739,S/16 VINTAGE PISTACHIO CUTLERY
4.10133884125432,4.0,0.4,0.11400147689701633,1.4535188304369582,20.916828090397033,51.0,28.629653079166008,3.885998523102984,0.2153403181513358,S/16 VINTAGE RED CUTLERY
33.83604544034814,33.0,3.3000000000000003,0.9405121844003849,11.991530351104908,172.56383174577553,420.75,236.19463790311957,32.05948781559962,1.77655762474852,S/16 VINTAGE ROSE CUTLERY
6.1520082618814795,6.0,0.6000000000000001,0.1710022153455245,2.1802782456554377,31.37524213559555,76.5,42.944479618749014,5.828997784654476,0.3230104772270037,S/16 VINTAGE SKY BLUE CUTLERY
1.02533471031358,1.0,0.1,0.02850036922425408,0.08407608921154955,1.2098949581700245,2.95,1.6560289526184262,0.971499630775746,0.05383507953783395,S/4 BLUE ROUND DECOUPAGE BOXES
4.10133884125432,4.0,0.4,0.11400147689701633,0.5643073106402309,8.120650905683554,19.8,11.115041783676215,3.885998523102984,0.2153403181513358,S/4 CACTI CANDLES
24.608033047525918,24.0,2.4000000000000004,0.684008861382098,2.5650332301828676,36.912049571288875,90.0,50.522917198528255,23.315991138617903,1.2920419089080148,S/4 ROSE    BOTANICAL  CANDLE
12.304016523762959,12.0,1.2000000000000002,0.342004430691049,0.2907037660873917,4.1833656180794065,10.2,5.725930615833201,11.657995569308952,0.6460209544540074,S/6 PINK EASTER DECS IN BOX
12.304016523762959,12.0,1.2000000000000002,0.342004430691049,0.4275055383638113,6.1520082618814795,15.0,8.42048619975471,11.657995569308952,0.6460209544540074,S/6 SEW ON CROCHET FLOWERS
9.395717273106458,8.5,3.5355339059327378,1.0076402172395216,3.048111657149553,11.368817900458815,25.712500000000002,11.295570442391634,7.492359782760478,1.9033574903459796,S/6 WOODEN SKITTLES IN COTTON BAG
6.1520082618814795,6.0,0.6000000000000001,0.1710022153455245,0.43605564913108746,6.275048427119109,15.299999999999999,8.588895923749803,5.828997784654476,0.3230104772270037,S/60 PINK FLUFFY CHICKS IN BOX
58.33147636970333,44.0,56.568542494923804,16.122243475832345,20.152804344790432,29.165738184851666,55.0,5.681457470357902,27.877756524167655,30.453719845535677,SALLE DE BAIN HOOK
36.912049571288875,36.0,3.6,1.0260132920731475,1.2825166150914344,18.456024785644438,45.0,25.261458599264127,34.973986707926855,1.9380628633620205,SALT AND PEPPER SHAKERS TOADSTOOLS
41.0694638226562,30.5,41.71930009000631,11.890154563426357,10.106631378912404,13.96361769970311,25.925,1.8547509213844862,18.609845436573643,22.45961838608256,SANDALWOOD FAN
20.5066942062716,20.0,2.0,0.5700073844850809,0.7125092306063512,10.2533471031358,25.0,14.03414366625785,19.42999261551492,1.0767015907566808,SANDWICH BATH SPONGE
153.40367912539173,126.0,108.16653826391968,30.827862782311133,69.36269126020005,138.06331121285257,283.5,76.07399752694738,95.17213721768887,58.23154190770286,SAVE THE PLANET COTTON TOTE BAG
135.34418176139255,132.0,13.200000000000001,3.7620487376015395,4.971278688973463,71.53906750245035,174.42857142857142,97.9182252371476,128.23795126239847,7.10623049899408,SAVE THE PLANET MUG
19.48135949595802,19.0,1.9000000000000001,0.5415070152608266,1.1371647320477358,16.364341976604738,39.9,22.398493291347524,18.458492984739173,1.0228665112188473,SCALLOP SHELL SOAP DISH
52.03203345879233,42.0,39.59797974644666,11.285570433082642,25.505389178766766,47.036958246748256,94.91999999999999,22.377652574484966,30.71442956691736,21.317603891874967,SCANDINAVIAN PAISLEY PICNIC BAG
250.48282729569408,211.66666666666666,153.21335886055542,43.66637297613968,54.5829662201746,125.24141364784704,264.5833333333333,84.75895346531169,168.00029369052697,82.4825336051671,SCANDINAVIAN REDS RIBBONS
1.02533471031358,1.0,0.1,0.02850036922425408,1.8525239995765153,26.658702468153077,65.0,36.48877353227041,0.971499630775746,0.05383507953783395,SCHOOL DESK AND CHAIR 
26.037430363863876,25.5,2.1213203435596424,0.6045841303437122,2.9926914452013755,51.55411212045048,126.22500000000001,71.67819643434815,24.895415869656286,1.14201449420759,SCOTTIE DOG HOT WATER BOTTLE
98.43213219010367,96.0,9.600000000000001,2.736035445528392,1.067053823756073,15.355412621656175,37.44,21.01753355458775,93.26396455447161,5.168167635632059,SCOTTIE DOGS BABY BIB
16.40535536501728,16.0,1.6,0.4560059075880653,0.7524097475203078,10.827534540911405,26.4,14.820055711568287,15.543994092411936,0.8613612726053432,SCOTTIES DES CHILD'S APRON
14.149721455455499,12.0,8.48528137423857,2.4183365213748518,4.715756216680961,11.03678273525529,23.4,7.6474610480637475,9.581663478625149,4.5680579768303495,SCOTTIES DESIGN WASHBAG
12.304016523762959,12.0,1.2000000000000002,0.342004430691049,0.4275055383638113,6.1520082618814795,15.0,8.42048619975471,11.657995569308952,0.6460209544540074,SEASIDE FRISBEE 
35.65708820045409,28.666666666666668,27.592269448766505,7.8638986702495055,52.66190809510419,95.51345359294969,191.9711111111111,43.795749423057224,20.802767996417163,14.854320204036927,SET 10 LIGHTS NIGHT OWL
8.20267768250864,8.0,0.8,0.22800295379403265,1.5390199381097205,22.147229742773327,54.0,30.313750319116952,7.771997046205968,0.4306806363026716,SET 10 NIGHT OWL LIGHTS
65.62142146006912,64.0,6.4,1.8240236303522612,1.1856153597289698,17.06156957961797,41.6,23.35281506065306,62.17597636964774,3.445445090421373,SET 12 COLOUR PENCILS DOLLY GIRL 
16.40535536501728,16.0,1.6,0.4560059075880653,0.29640383993224245,4.2653923949044925,10.4,5.838203765163265,15.543994092411936,0.8613612726053432,SET 12 COLOUR PENCILS LOVE LONDON
49.216066095051836,48.0,4.800000000000001,1.368017722764196,0.8892115197967275,12.796177184713478,31.200000000000003,17.514611295489797,46.63198227723581,2.5840838178160297,SET 12 COLOUR PENCILS SPACEBOY 
32.81071073003456,32.0,3.2,0.9120118151761306,0.5928076798644849,8.530784789808985,20.8,11.67640753032653,31.08798818482387,1.7227225452106865,SET 12 COLOURING PENCILS DOILY
51.395717273106456,50.5,3.5355339059327378,1.0076402172395225,0.4232088912405994,8.634480501881885,21.21,12.152310606877515,49.49235978276048,1.9033574903459751,SET 12 KIDS  WHITE CHALK STICKS
130.57571643548138,112.0,73.32121111929344,20.896815888693453,8.77666267325125,21.936720361160873,47.04,16.326616965587874,91.10318411130655,39.472532324174836,SET 12 KIDS COLOUR  CHALK STICKS
49.216066095051836,48.0,4.800000000000001,1.368017722764196,4.035652282154379,58.074957992161174,141.60000000000002,79.48938972568448,46.63198227723581,2.5840838178160297,SET 12 LAVENDER  BOTANICAL T-LIGHTS
6.1520082618814795,6.0,0.6000000000000001,0.1710022153455245,0.5044565352692973,7.259369749020147,17.700000000000003,9.93617371571056,5.828997784654476,0.3230104772270037,SET 12 PEAR BOTANICAL T-LIGHTS
90.94965963938043,74.0,66.90291473471092,19.067577721180484,8.008382642895803,15.279542819415912,31.08,7.792074537688283,54.932422278819516,36.01723736056091,SET 12 RETRO WHITE CHALK STICKS
24.608033047525918,24.0,2.4000000000000004,0.684008861382098,0.28728372178048117,4.134149551984354,10.08,5.658566726235165,23.315991138617903,1.2920419089080148,SET 12 VINTAGE DOILY CHALK 
18.456024785644438,18.0,1.8,0.5130066460365738,1.513369605807893,21.778109247060442,53.10000000000001,29.808521147131675,17.486993353963427,0.9690314316810102,SET 12 WILDFLOWER BOTANICAL T-LIGHT
280.9417106259209,274.0,27.400000000000002,7.8091011674456166,25.20981572534074,362.78125241695005,884.5434782608695,496.5524101185787,266.1908988325544,14.750811793366495,SET 2 PANTRY DESIGN TEA TOWELS
13.32935123407654,13.0,1.3,0.3705047999153026,1.2041405997247334,17.328156604299505,42.25,23.71770279597576,12.629495200084698,0.6998560339918427,SET 2 TEA TOWELS I LOVE LONDON 
36.449164366366496,30.0,25.45584412271571,7.255009564124555,6.1667581295058715,12.392715884564609,25.5,6.940525985929519,22.744990435875444,13.704173930491052,SET 20 NAPKINS FAIRY CAKES DESIGN 
98.43213219010367,96.0,9.600000000000001,2.736035445528392,8.071304564308758,116.14991598432235,283.20000000000005,158.97877945136895,93.26396455447161,5.168167635632059,SET 3 PAPER VINTAGE CHICK PAPER EGG
32.449164366366496,26.0,25.45584412271571,7.255009564124555,35.91229734241655,64.24934544540567,128.70000000000002,28.5383572121778,18.744990435875444,13.704173930491052,"SET 3 RED SPOT TIN TEA,COFFEE,SUGAR"
106.93036219152533,84.0,90.50966799187809,25.795589561331752,125.88247705929898,208.7280669978575,409.9200000000001,75.3094559428436,58.20441043866825,48.725951752857085,"SET 3 RETROSPOT TEA,COFFEE,SUGAR"
12.304016523762959,12.0,1.2000000000000002,0.342004430691049,1.0089130705385947,14.518739498040294,35.400000000000006,19.87234743142112,11.657995569308952,0.6460209544540074,SET 3 SONG BIRD PAPER EGGS ASSORTED
16.40535536501728,16.0,1.6,0.4560059075880653,0.5700073844850816,8.20267768250864,20.0,11.227314933006278,15.543994092411936,0.8613612726053432,SET 36 COLOUR PENCILS LOVE LONDON
16.40535536501728,16.0,1.6,0.4560059075880653,0.5700073844850816,8.20267768250864,20.0,11.227314933006278,15.543994092411936,0.8613612726053432,SET 36 COLOUR PENCILS SPACEBOY 
16.40535536501728,16.0,1.6,0.4560059075880653,0.5700073844850816,8.20267768250864,20.0,11.227314933006278,15.543994092411936,0.8613612726053432,SET 36 COLOURING PENCILS DOILY
13.32935123407654,13.0,1.3,0.3705047999153026,1.0929891597501429,15.728634456210322,38.35000000000001,21.528376384039543,12.629495200084698,0.6998560339918427,SET 4 NURSERY DES ROUND BOXES
120.98949581700244,118.0,11.8,3.3630435684619795,5.549021887962266,79.85306723922162,194.7,109.2979108728161,114.63695643153802,6.352539385464411,SET 40 HEART SHAPE PETIT FOUR CASES
36.912049571288875,36.0,3.6,1.0260132920731475,1.7339624636036193,24.952545510191282,60.839999999999996,34.1534920262051,34.973986707926855,1.9380628633620205,SET 5 MINI DOUGHNUT FRIDGE MAGNET 
45.474829819690214,37.0,33.45145736735546,9.533788860590242,11.917236075737803,22.737414909845107,46.25,11.59534901441709,27.466211139409758,18.008618680280456,SET 6 FOOTBALL CELEBRATION CANDLES
18.456024785644438,18.0,1.8,0.5130066460365738,1.9237749226371517,27.684037178466657,67.5,37.892187898896196,17.486993353963427,0.9690314316810102,SET 6 PAPER TABLE LANTERN HEARTS 
12.304016523762959,12.0,1.2000000000000002,0.342004430691049,1.2825166150914338,18.456024785644438,45.0,25.261458599264127,11.657995569308952,0.6460209544540074,SET 6 SCHOOL MILK BOTTLES IN CRATE
92.0694638226562,81.5,41.71930009000631,11.890154563426357,99.78293202672246,309.06111443198944,683.9531746031746,275.1091281444627,69.60984543657364,22.459618386082568,SET 7 BABUSHKA NESTING BOXES
49.216066095051836,48.0,4.800000000000001,1.368017722764196,2.6676345593901822,38.388531554140435,93.6,52.54383388646938,46.63198227723581,2.5840838178160297,SET 8 CANDLES VINTAGE DOILY
4.10133884125432,4.0,0.4,0.11400147689701633,0.4731061291226178,6.808222476482171,16.6,9.318671394395212,3.885998523102984,0.2153403181513358,SET OF 10 LANTERNS FAIRY LIGHT STAR
59.46941319818764,58.0,5.800000000000001,1.6530214150067362,10.212917309049953,146.9687431504544,358.34333333333336,201.16167287382902,56.346978584993266,3.122434613194372,SET OF 10 LED DOLLY LIGHTS
53.0694638226562,42.5,41.71930009000631,11.890154563426357,19.02424730148217,33.96445684649997,68.0,15.01129585201786,30.609845436573643,22.45961838608256,SET OF 12  VINTAGE POSTCARD SET
648.0115369181825,632.0,63.2,18.012233349728575,14.637309627358379,210.63785536877344,513.5831578947368,288.307992898605,613.9877666502714,34.02377026791112,SET OF 12 FAIRY CAKE BAKING CASES
43.06405783317036,42.0,4.2,1.1970155074186704,3.4593748164399574,49.78205085514494,121.38000000000001,68.13857432841512,40.80298449258133,2.2610733405890286,SET OF 12 FORK CANDLES
6.1520082618814795,6.0,0.6000000000000001,0.1710022153455245,0.5044565352692973,7.259369749020147,17.700000000000003,9.93617371571056,5.828997784654476,0.3230104772270037,SET OF 12 LILY BOTANICAL T-LIGHTS
631.6061815531652,616.0,61.6,17.55622744214051,14.230871420746837,204.78901604241452,499.32235294117646,280.3024654780151,598.4437725578595,33.16240899530578,SET OF 12 MINI LOAF BAKING CASES
104.58414045198516,102.0,10.200000000000001,2.907037660873912,8.285057333490649,119.2259201152631,290.7,163.18902255124627,99.09296233912609,5.491178112859075,SET OF 12 ROSE BOTANICAL T-LIGHTS
24.608033047525918,24.0,2.4000000000000004,0.684008861382098,7.489897032133973,107.78318474816352,262.79999999999995,147.52691821970245,23.315991138617903,1.2920419089080148,SET OF 16 VINTAGE BLACK CUTLERY
9.433147636970332,8.0,5.656854249492381,1.6122243475832345,20.55586043168624,48.1090529485487,102.0,33.33508661976506,6.3877756524167655,3.045371984553567,SET OF 16 VINTAGE PISTACHIO CUTLERY
12.304016523762959,12.0,1.2000000000000002,0.342004430691049,4.360556491310875,62.7504842711911,153.0,85.88895923749803,11.657995569308952,0.6460209544540074,SET OF 16 VINTAGE RED CUTLERY
28.545438728561958,25.5,12.020815280171307,3.425976738614373,42.65341039574894,142.15628486823857,317.47499999999997,132.66530473601244,22.074023261385626,6.471415467176332,SET OF 16 VINTAGE ROSE CUTLERY
31.785376019720978,31.0,3.1,0.8835114459518764,10.86719078520808,156.38405001702725,381.3,214.0487591977647,30.116488554048125,1.668887465672853,SET OF 16 VINTAGE SKY BLUE CUTLERY
73.82409914257775,72.0,7.2,2.052026584146295,2.9754385470121276,42.81797750269509,104.39999999999999,58.60658395029277,69.94797341585371,3.876125726724041,SET OF 2 CERAMIC CHRISTMAS REINDEER
12.304016523762959,12.0,1.2000000000000002,0.342004430691049,0.49590642450202105,7.136329583782516,17.4,9.767763991715462,11.657995569308952,0.6460209544540074,SET OF 2 CERAMIC CHRISTMAS TREES
24.608033047525918,24.0,2.4000000000000004,0.684008861382098,0.5403670004918575,7.7761384430181915,18.96,10.643494556489953,23.315991138617903,1.2920419089080148,SET OF 2 CHRISTMAS DECOUPAGE CANDLE
12.304016523762959,12.0,1.2000000000000002,0.342004430691049,1.0089130705385947,14.518739498040294,35.400000000000006,19.87234743142112,11.657995569308952,0.6460209544540074,SET OF 2 FANCY FONT TEA TOWELS
44.08939254348394,43.0,4.3,1.2255158766429246,3.451869719210904,49.67404893232524,121.11666666666666,67.9907480151305,41.77448412335708,2.314908420126862,SET OF 2 ROUND TINS CAMEMBERT 
36.912049571288875,36.0,3.6,1.0260132920731475,2.616333894786526,37.65029056271465,91.8,51.53337554249882,34.973986707926855,1.9380628633620205,SET OF 2 ROUND TINS DUTCH CHEESE
254.5880920116789,227.0,108.89444430272832,31.035318690977263,94.36214754375706,309.62761285610856,690.1880952380952,286.1983348382296,195.96468130902275,58.623410702656145,SET OF 2 TEA TOWELS APPLE AND PEARS
6.1520082618814795,6.0,0.6000000000000001,0.1710022153455245,0.5044565352692973,7.259369749020147,17.700000000000003,9.93617371571056,5.828997784654476,0.3230104772270037,SET OF 2 TEA TOWELS PING MICROWAVE
1.02533471031358,1.0,0.1,0.02850036922425408,0.14107682766005772,2.0301627264208886,4.95,2.778760445919054,0.971499630775746,0.05383507953783395,SET OF 2 TINS JARDIN DE PROVENCE
62.54541732912838,61.0,6.1000000000000005,1.7385225226794987,7.38872072138787,106.32720945951826,259.25,145.53406981909387,59.261477477320504,3.2839398518078724,SET OF 2 TINS VINTAGE BATHROOM 
2.05066942062716,2.0,0.2,0.05700073844850816,0.5671573475626562,8.161664294096097,19.9,11.171178358341246,1.942999261551492,0.1076701590756679,SET OF 2 TRAYS HOME SWEET HOME
2.05066942062716,2.0,0.2,0.05700073844850816,0.7267594152184791,10.458414045198516,25.5,14.314826539583004,1.942999261551492,0.1076701590756679,SET OF 2 WOODEN MARKET CRATES
60.898328732733,48.0,50.91168824543142,14.51001912824911,30.471040169323135,51.15459613549572,100.80000000000001,19.174363695181153,33.48998087175089,27.40834786098211,SET OF 20 KIDS COOKIE CUTTERS
44.1497214554555,42.0,8.48528137423857,2.4183365213748518,2.055586043168624,15.01090529485487,35.699999999999996,18.6335086619765,39.581663478625146,4.568057976830353,SET OF 20 VINTAGE CHRISTMAS NAPKINS
116.88815697574812,114.0,11.4,3.2490420915649634,15.907809932931533,228.9209597386575,558.1615384615385,313.33276878994945,110.75095790843504,6.137199067313077,SET OF 3 BABUSHKA STACKING TINS
12.304016523762959,12.0,1.2000000000000002,0.342004430691049,0.4275055383638113,6.1520082618814795,15.0,8.42048619975471,11.657995569308952,0.6460209544540074,SET OF 3 BIRD L.BLUE FEATHER
20.1497214554555,18.0,8.48528137423857,2.4183365213748518,1.9830359475273787,6.609108637389405,14.760000000000002,6.167855415083219,15.581663478625149,4.5680579768303495,SET OF 3 BIRD LIGHT PINK FEATHER 
104.598885821822,96.0,33.94112549695428,9.673346085499407,12.414127476390904,53.69409472186862,123.19999999999999,57.09177780174046,86.3266539145006,18.272231907321398,SET OF 3 BUTTERFLY COOKIE CUTTERS
79.23520200750787,61.5,70.0035713374682,19.951276301342528,98.75881769164552,156.8856999748656,304.425,48.780482333488905,41.54872369865747,37.6864783088504,SET OF 3 CAKE TINS PANTRY DESIGN 
13.187151819319375,10.5,10.606601717798213,3.022920651718565,14.963457226006897,26.110560602252367,51.975,10.900982171740738,7.4770793482814355,5.71007247103794,SET OF 3 CAKE TINS SKETCHBOOK
108.68547929323948,106.0,10.600000000000001,3.0210391377709294,17.86329253130107,257.06128546912123,626.7740740740741,351.8494960736518,102.97896086222907,5.706518431010409,SET OF 3 CASES WOODLAND DESIGN
3.0760041309407398,3.0,0.30000000000000004,0.08550110767276226,0.3633797076092396,5.229207022599258,12.75,7.157413269791502,2.914498892327238,0.16150523861350186,SET OF 3 DANISH ROSE PLANTERS
36.912049571288875,36.0,3.6,1.0260132920731475,1.2825166150914344,18.456024785644438,45.0,25.261458599264127,34.973986707926855,1.9380628633620205,SET OF 3 HANGING OWLS OLLIE BEAK
81.0480501881885,66.0,59.39696961966999,16.92835564962396,22.176145901007388,42.46917829861077,86.46000000000001,21.81467580038185,49.07164435037604,31.976405837812457,SET OF 3 HEART COOKIE CUTTERS
96.89832873273299,84.0,50.91168824543142,14.51001912824911,23.941531561611033,63.95289696360378,138.6,50.70557147478519,69.48998087175089,27.408347860982104,SET OF 3 NOTEBOOKS IN PARCEL
241.97899163400487,236.0,23.6,6.726087136923959,32.7896747925043,471.85903368630954,1150.5,645.8512915211861,229.27391286307605,12.705078770928822,SET OF 3 REGENCY CAKE TINS
1.02533471031358,1.0,0.1,0.02850036922425408,0.13252671689278148,1.907122561183259,4.65,2.6103507219239597,0.971499630775746,0.05383507953783395,SET OF 3 VINTAGE TEA TIME BOXES
36.912049571288875,36.0,3.6,1.0260132920731475,1.2825166150914344,18.456024785644438,45.0,25.261458599264127,34.973986707926855,1.9380628633620205,SET OF 3 WOODEN HEART DECORATIONS
49.216066095051836,48.0,4.800000000000001,1.368017722764196,1.710022153455245,24.608033047525918,60.0,33.68194479901884,46.63198227723581,2.5840838178160297,SET OF 3 WOODEN SLEIGH DECORATIONS
49.216066095051836,48.0,4.800000000000001,1.368017722764196,1.710022153455245,24.608033047525918,60.0,33.68194479901884,46.63198227723581,2.5840838178160297,SET OF 3 WOODEN STOCKING DECORATION
36.912049571288875,36.0,3.6,1.0260132920731475,1.2825166150914344,18.456024785644438,45.0,25.261458599264127,34.973986707926855,1.9380628633620205,SET OF 3 WOODEN TREE DECORATIONS
41.390320368034914,31.0,41.012193308819754,11.688626519978449,16.94850845396875,24.00638581346025,44.949999999999996,3.995105732570998,19.31137348002155,22.078946888013363,SET OF 36 DINOSAUR PAPER DOILIES
110.73614871386664,108.0,10.8,3.078039876219438,4.463157820518185,64.22696625404265,156.6,87.90987592543915,104.92196012378056,5.814188590086076,SET OF 36 DOILIES PANTRY DESIGN
28.299442910910997,24.0,16.97056274847714,4.8366730427497036,7.01317591198707,16.41367688832838,34.8,11.37314719968455,19.163326957250298,9.136115953660699,SET OF 36 DOILIES SPACEBOY DESIGN 
78.49768126340349,56.666666666666664,86.17037387254005,24.55887471559407,35.6103683376114,45.52865513277402,82.16666666666666,1.0276431962812396,32.1077919510726,46.389889312330894,SET OF 36 MUSHROOM PAPER DOILIES
85.80745127560908,79.0,26.870057685088806,7.6580656510203635,11.104195193979526,49.76832173985326,114.55,53.677483066167206,71.34193434897963,14.465516926629448,SET OF 36 PAISLEY FLOWER DOILIES
76.6202994562897,72.5,16.263455967290593,4.635144999301801,6.720960248987611,44.439773684648024,105.125,53.96426606636437,67.8648550006982,8.755444455591501,SET OF 36 TEATIME PAPER DOILIES
4.10133884125432,4.0,0.4,0.11400147689701633,0.4275055383638112,6.1520082618814795,15.0,8.42048619975471,3.885998523102984,0.2153403181513358,SET OF 4 CAROUSEL PLACEMATS 
10.2533471031358,10.0,1.0,0.28500369224254046,0.3562546153031756,5.1266735515679,12.5,7.017071833128925,9.71499630775746,0.5383507953783404,SET OF 4 ENGLISH ROSE COASTERS
8.20267768250864,8.0,0.8,0.22800295379403265,0.8550110767276224,12.304016523762959,30.0,16.84097239950942,7.771997046205968,0.4306806363026716,SET OF 4 ENGLISH ROSE PLACEMATS
16.40535536501728,16.0,1.6,0.4560059075880653,1.7100221534552449,24.608033047525918,60.0,33.68194479901884,15.543994092411936,0.8613612726053432,SET OF 4 FAIRY CAKE PLACEMATS
22.866295273940665,20.0,11.313708498984761,3.224448695166469,11.084042389634737,31.441156001668414,68.75,26.224801608696843,16.77555130483353,6.090743969107134,SET OF 4 FAIRY CAKE PLACEMATS 
10.2533471031358,10.0,1.0,0.28500369224254046,0.3562546153031756,5.1266735515679,12.5,7.017071833128925,9.71499630775746,0.5383507953783404,SET OF 4 FAIRY CAKES COASTERS 
138.4201858923333,135.0,13.5,3.847549845274294,7.707924856699503,110.92070896172311,270.45,151.8213661815774,131.1524501547257,7.267735737607609,SET OF 4 JAM JAR MAGNETS
92.2801239282222,90.0,9.0,2.5650332301828667,10.644887905258898,153.18500572084886,373.50000000000006,209.67010637389228,87.43496676981714,4.845157158405058,SET OF 4 KNICK KNACK TINS DOILEY 
129.19217349951109,126.0,12.600000000000001,3.591046522256008,14.902843067362435,214.4590080091884,522.9000000000001,293.5381489234492,122.40895347774399,6.783220021767093,SET OF 4 KNICK KNACK TINS DOILY 
30.7600413094074,30.0,3.0,0.8550110767276222,3.5482959684196325,51.06166857361629,124.50000000000001,69.89003545796409,29.14498892327238,1.6150523861350194,SET OF 4 KNICK KNACK TINS LEAF
18.456024785644438,18.0,1.8,0.5130066460365738,2.1289775810517813,30.63700114416977,74.7,41.93402127477845,17.486993353963427,0.9690314316810102,SET OF 4 KNICK KNACK TINS LEAVES 
55.36807435693332,54.0,5.4,1.539019938109719,6.386932743155334,91.91100343250932,224.10000000000002,125.80206382433536,52.46098006189028,2.907094295043038,SET OF 4 KNICK KNACK TINS LONDON 
43.06405783317036,42.0,4.2,1.1970155074186704,4.967614355787482,71.4863360030628,174.3,97.84604964114973,40.80298449258133,2.2610733405890286,SET OF 4 KNICK KNACK TINS POPPIES
6.1520082618814795,6.0,0.6000000000000001,0.1710022153455245,0.43605564913108746,6.275048427119109,15.299999999999999,8.588895923749803,5.828997784654476,0.3230104772270037,SET OF 4 NAPKIN CHARMS 3 KEYS 
6.1520082618814795,6.0,0.6000000000000001,0.1710022153455245,0.43605564913108746,6.275048427119109,15.299999999999999,8.588895923749803,5.828997784654476,0.3230104772270037,SET OF 4 NAPKIN CHARMS CROWNS 
6.1520082618814795,6.0,0.6000000000000001,0.1710022153455245,0.43605564913108746,6.275048427119109,15.299999999999999,8.588895923749803,5.828997784654476,0.3230104772270037,SET OF 4 NAPKIN CHARMS CUTLERY
6.1520082618814795,6.0,0.6000000000000001,0.1710022153455245,0.43605564913108746,6.275048427119109,15.299999999999999,8.588895923749803,5.828997784654476,0.3230104772270037,SET OF 4 NAPKIN CHARMS HEARTS
455.24861137922954,444.0,44.400000000000006,12.654163935568791,15.534847137371806,223.55384751728286,545.0752941176471,305.98659946299244,431.3458360644312,23.90277531479836,SET OF 4 PANTRY JELLY MOULDS
8.20267768250864,8.0,0.8,0.22800295379403265,0.8550110767276224,12.304016523762959,30.0,16.84097239950942,7.771997046205968,0.4306806363026716,SET OF 4 POLKADOT PLACEMATS 
12.304016523762959,12.0,1.2000000000000002,0.342004430691049,0.4275055383638113,6.1520082618814795,15.0,8.42048619975471,11.657995569308952,0.6460209544540074,SET OF 4 ROSE BOTANICAL CANDLES
307.600413094074,300.0,30.0,8.550110767276223,17.60545535261877,253.3508856938464,617.7272727272727,346.77093168080756,291.44988923272376,16.150523861350223,SET OF 5 LUCKY CAT MAGNETS 
150.72420241609626,147.0,14.700000000000001,4.189554275965346,8.473373523139912,121.93587975462188,297.3075,166.8982467222382,142.81044572403465,7.913756692061611,SET OF 5 MINI GROCERY MAGNETS
335.28445027254065,327.0,32.7,9.31962073633108,19.241910280278237,276.90025133174896,675.146,379.00383838797273,317.6803792636689,17.604071008871756,SET OF 5 PANCAKE DAY MAGNETS
76.299442910911,72.0,16.97056274847714,4.8366730427497036,4.111172086337248,25.941810589709743,61.199999999999996,31.14701732395301,67.16332695725029,9.136115953660706,SET OF 6 3D KIT CARDS FOR KIDS
36.912049571288875,36.0,3.6,1.0260132920731475,1.2825166150914344,18.456024785644438,45.0,25.261458599264127,34.973986707926855,1.9380628633620205,SET OF 6 CAKE CHOPSTICKS
29.26572065497917,24.0,20.784609690826528,5.923690503705653,7.404613129632066,14.632860327489585,30.0,7.962526542878349,18.076309496294346,11.189411158684823,SET OF 6 GIRLS CELEBRATION CANDLES
5.1266735515679,5.0,0.5,0.14250184612127023,0.059850775370933494,0.8612811566634072,2.1,1.1788680679656596,4.85749815387873,0.2691753976891702,SET OF 6 HALLOWEEN GHOST T-LIGHTS
12.304016523762959,12.0,1.2000000000000002,0.342004430691049,0.4275055383638113,6.1520082618814795,15.0,8.42048619975471,11.657995569308952,0.6460209544540074,SET OF 6 HEART CHOPSTICKS
47.46518109576265,36.0,45.254833995939045,12.897794780665881,50.30139964459694,74.04568250938975,140.4,16.052917846013315,23.102205219334117,24.362975876428536,SET OF 6 HERB TINS SKETCHBOOK
16.40535536501728,16.0,1.6,0.4560059075880653,1.3452174273847928,19.35831933072039,47.2,26.49646324189482,15.543994092411936,0.8613612726053432,SET OF 6 ICE CREAM SKITTLES
12.304016523762959,12.0,1.2000000000000002,0.342004430691049,0.5643073106402309,8.120650905683553,19.799999999999997,11.115041783676213,11.657995569308952,0.6460209544540074,SET OF 6 KASHMIR FOLKART BAUBLES
24.608033047525918,24.0,2.4000000000000004,0.684008861382098,1.422738431674764,20.473883495541564,49.92,28.023378072783675,23.315991138617903,1.2920419089080148,SET OF 6 NATIVITY MAGNETS 
6.1520082618814795,6.0,0.6000000000000001,0.1710022153455245,0.4941964023485659,7.111721550734991,17.34,9.734082046916443,5.828997784654476,0.3230104772270037,SET OF 6 RIBBONS COUNTRY STYLE
148.299442910911,144.0,16.97056274847714,4.836673042749697,13.155750676279176,161.34979388707117,391.67999999999995,217.1744554366496,139.1633269572503,9.13611595366072,SET OF 6 RIBBONS VINTAGE CHRISTMAS
492.1606609505184,480.0,48.0,13.680177227641956,11.13957288536559,160.30375813816883,390.8571428571428,219.41381183360835,466.31982277235807,25.84083817816031,SET OF 6 SNACK LOAF BAKING CASES
27.770020911745206,21.5,24.748737341529164,7.053481520676653,26.450555702537446,41.65503136761781,80.625,12.519412929844744,14.446518479323348,13.323502432421858,SET OF 6 SOLDIER SKITTLES
65.04805018818848,50.0,59.39696961966999,16.928355649623967,66.02058703353347,101.47495829357405,195.00000000000003,27.504454672892507,33.07164435037603,31.97640583781245,SET OF 6 SPICE TINS PANTRY DESIGN
68.1497214554555,66.0,8.48528137423857,2.4183365213748487,3.022920651718561,34.07486072772775,82.5,45.40221862055368,63.58166347862515,4.568057976830353,SET OF 6 STRAWBERRY CHOPSTICKS
18.456024785644438,18.0,1.8,0.5130066460365738,1.5133696058078927,21.77810924706044,53.1,29.80852114713167,17.486993353963427,0.9690314316810102,SET OF 6 T-LIGHTS EASTER CHICKS
30.7600413094074,30.0,3.0,0.8550110767276222,2.5222826763464856,36.29684874510073,88.5,49.68086857855278,29.14498892327238,1.6150523861350194,SET OF 6 T-LIGHTS SANTA
6.1520082618814795,6.0,0.6000000000000001,0.1710022153455245,0.5044565352692973,7.259369749020147,17.700000000000003,9.93617371571056,5.828997784654476,0.3230104772270037,SET OF 6 T-LIGHTS SNOWMEN
6.1520082618814795,6.0,0.6000000000000001,0.1710022153455245,0.5044565352692973,7.259369749020147,17.700000000000003,9.93617371571056,5.828997784654476,0.3230104772270037,SET OF 6 T-LIGHTS TOADSTOOLS
12.304016523762959,12.0,1.2000000000000002,0.342004430691049,1.0089130705385947,14.518739498040294,35.400000000000006,19.87234743142112,11.657995569308952,0.6460209544540074,SET OF 6 T-LIGHTS WEDDING CAKE 
258.38434699902217,252.0,25.200000000000003,7.182093044512016,8.85192967736106,127.38348307051793,310.59,174.354587252121,244.81790695548798,13.566440043534186,SET OF 6 TEA TIME BAKING CASES
6.1520082618814795,6.0,0.6000000000000001,0.1710022153455245,0.43605564913108746,6.275048427119109,15.299999999999999,8.588895923749803,5.828997784654476,0.3230104772270037,SET OF 6 VINTAGE NOTELETS KIT
306.5750783837604,299.0,29.900000000000002,8.521610398051969,4.6868857189285835,67.4465172444273,164.45000000000002,92.31659703664414,290.47838960194804,16.09668878181236,SET OF 60 I LOVE LONDON CAKE CASES 
695.1769335926073,678.0,67.8,19.323250334044232,10.627787683724328,152.9389253903736,372.90000000000003,209.3332869259021,658.6767496659558,36.500183926651516,SET OF 60 PANTRY DESIGN CAKE CASES 
369.1204957128888,360.0,36.0,10.260132920731467,5.643073106402307,81.20650905683554,198.00000000000003,111.15041783676217,349.73986707926855,19.380628633620233,SET OF 60 VINTAGE LEAF CAKE CASES 
134.05344709326005,128.5,21.920310216782973,6.247369346885031,9.058685552983295,77.75099931409082,186.325,99.51531513292588,122.25263065311496,11.800816440145084,SET OF 72 PINK HEART PAPER DOILIES
317.389972396398,240.0,305.47012947258855,87.06011476949467,126.23716641576728,184.0861839899108,348.0,37.676649594321916,152.93988523050533,164.45008716589265,SET OF 72 RETRO SPOT PAPER  DOILIES
229.11211710577317,194.0,138.59292911256333,39.49949651578925,57.2742699478944,132.88502792134844,281.3,91.14070213075718,154.50050348421075,74.61161362156241,SET OF 72 RETROSPOT PAPER  DOILIES
44.1497214554555,42.0,8.48528137423857,2.4183365213748518,3.506587955993535,25.606838444164186,60.9,31.786573599842274,39.581663478625146,4.568057976830353,SET OF 72 SKULL PAPER  DOILIES
82.0267768250864,80.0,8.0,2.2800295379403237,1.9380251072492751,27.889104120529378,68.0,38.172870772221344,77.71997046205968,4.306806363026723,SET OF 9 BLACK SKULL BALLOONS
36.912049571288875,36.0,3.6,1.0260132920731475,1.2825166150914344,18.456024785644438,45.0,25.261458599264127,34.973986707926855,1.9380628633620205,SET OF 9 HEART SHAPED BALLOONS
12.304016523762959,12.0,1.2000000000000002,0.342004430691049,0.5095866017296631,7.333193848162724,17.88,10.037219550107611,11.657995569308952,0.6460209544540074,SET OF RED SALAD SERVERS 
181.3474930990995,162.0,76.36753236814714,21.76502869237367,27.018315163123855,90.04727339157104,201.10090909090906,84.03532053621416,140.23497130762632,41.11252179147317,SET OF SALT AND PEPPER TOADSTOOLS
6.1520082618814795,6.0,0.6000000000000001,0.1710022153455245,0.5044565352692973,7.259369749020147,17.700000000000003,9.93617371571056,5.828997784654476,0.3230104772270037,SET OF SKULL WALL STICKERS
73.82409914257775,72.0,7.2,2.052026584146295,10.15753159152416,146.17171630230396,356.40000000000003,200.0707521061719,69.94797341585371,3.876125726724041,SET OF TEA COFFEE SUGAR TINS PANTRY
24.608033047525918,24.0,2.4000000000000004,0.684008861382098,1.3338172796950911,19.194265777070218,46.8,26.27191694323469,23.315991138617903,1.2920419089080148,SET OF THREE VINTAGE GIFT WRAPS
326.05643787971843,318.0,31.8,9.063117413312794,11.328896766640993,163.02821893985922,397.5,223.1428842934998,308.9368825866872,17.119555293031226,SET/10 BLUE POLKADOT PARTY CANDLES
219.593314930932,168.0,203.64675298172568,58.04007651299644,72.55009564124555,109.796657465466,210.0,27.653246893288454,109.95992348700355,109.63339144392845,SET/10 BLUE SPOTTY PARTY CANDLES
24.608033047525918,24.0,2.4000000000000004,0.684008861382098,0.8550110767276226,12.304016523762959,30.0,16.84097239950942,23.315991138617903,1.2920419089080148,SET/10 IVORY POLKADOT PARTY CANDLES
239.96761856957073,183.0,224.8599564173221,64.08591781643356,80.10739727054195,119.98380928478537,228.75,28.658793444672682,118.91408218356644,121.0535363860043,SET/10 PINK POLKADOT PARTY CANDLES
270.6883635227851,264.0,26.400000000000002,7.524097475203079,9.40512184400385,135.34418176139255,330.0,185.2506963946036,256.47590252479694,14.21246099798816,SET/10 PINK SPOTTY PARTY CANDLES
423.80710330397216,350.0,291.3279938488576,83.02955390053658,103.78694237567073,211.90355165198608,437.5,121.80950597234319,266.9704460994634,156.83665720450875,SET/10 RED POLKADOT PARTY CANDLES
235.4435934754765,186.0,195.16147160748713,55.621739991621595,69.527174989527,117.72179673773825,232.5,45.25102827273476,130.3782600083784,105.0653334670981,SET/10 RED SPOTTY PARTY CANDLES
198.20299456289706,157.0,162.63455967290594,46.351449993017994,141.58261088776405,242.1680224477579,479.56363636363636,95.81300302811442,110.648550006982,87.55444455591505,SET/2 RED RETROSPOT TEA TOWELS 
184.5602478564444,180.0,18.0,5.130066460365733,15.133696058078915,217.78109247060442,531.0,298.08521147131665,174.86993353963427,9.690314316810117,SET/2 RED SPOTTY TEA TOWELS 
36.912049571288875,36.0,3.6,1.0260132920731475,0.8721112982621754,12.550096854238218,30.599999999999998,17.177791847499606,34.973986707926855,1.9380628633620205,SET/20 FRUIT SALAD PAPER NAPKINS 
295.6681756586597,243.0,207.88939366884497,59.24924477368388,50.36185805763129,100.5271797239443,206.54999999999995,55.660962218424366,183.75075522631613,111.91742043234359,SET/20 RED RETROSPOT PAPER NAPKINS 
244.72162275191977,186.5,229.80970388562795,65.49661412056892,55.32826477835059,82.69143632787369,157.54587499999997,19.52617389377569,121.00338587943108,123.71823687248869,SET/20 RED SPOTTY PAPER NAPKINS 
64.7486072772775,54.0,42.42640687119285,12.09168260687426,10.27793021584312,22.01452647427435,45.9,13.607543309882526,41.90831739312574,22.84028988415176,SET/20 STRAWBERRY PAPER NAPKINS 
113.64693601001049,90.0,93.33809511662427,26.60170173512337,22.611446474854866,38.63995824340357,76.5,15.248595281741565,63.39829826487663,50.24863774513386,SET/20 WOODLAND PAPER NAPKINS 
12.304016523762959,12.0,1.2000000000000002,0.342004430691049,0.37620487376015393,5.413767270455702,13.200000000000001,7.410027855784145,11.657995569308952,0.6460209544540074,SET/3 CHRISTMAS DECOUPAGE CANDLES
24.608033047525918,24.0,2.4000000000000004,0.684008861382098,3.3858438638413855,48.723905434101326,118.80000000000001,66.6902507020573,23.315991138617903,1.2920419089080148,SET/3 DECOUPAGE STACKING TINS
4.10133884125432,4.0,0.4,0.11400147689701633,0.4845062768123194,6.9722760301323445,17.0,9.543217693055336,3.885998523102984,0.2153403181513358,SET/3 OCEAN SCENT CANDLE JEWEL BOX
43.06405783317036,42.0,4.2,1.1970155074186704,5.8055252109805515,83.54427219635052,203.70000000000002,114.35020259266895,40.80298449258133,2.2610733405890286,SET/3 POLKA DOT STACKING TINS
7.074860727727749,6.0,4.242640687119285,1.2091682606874259,5.985382890402758,14.008224240900946,29.700000000000003,9.706392868696298,4.7908317393125746,2.2840289884151748,SET/3 POLKADOT STACKING TINS
34.037430363863876,33.5,2.1213203435596424,0.6045841303437122,2.2671904887889207,51.056145545795815,125.625,72.30166396541526,32.89541586965629,1.1420144942075865,SET/3 RED GINGHAM ROSE STORAGE BOX
4.10133884125432,4.0,0.4,0.11400147689701633,0.4845062768123194,6.9722760301323445,17.0,9.543217693055336,3.885998523102984,0.2153403181513358,SET/3 ROSE CANDLE IN JEWELLED BOX
123.72179673773825,99.0,97.58073580374356,27.810869995810798,136.39417980554165,242.70988994811955,485.5304347826087,106.42636502894752,71.1891300041892,52.53266673354905,SET/3 RUSSIAN DOLL STACKING TINS
4.10133884125432,4.0,0.4,0.11400147689701633,0.4845062768123194,6.9722760301323445,17.0,9.543217693055336,3.885998523102984,0.2153403181513358,SET/3 VANILLA SCENTED CANDLE IN BOX
1.02533471031358,1.0,0.1,0.02850036922425408,0.2835786737813281,4.080832147048048,9.95,5.585589179170623,0.971499630775746,0.05383507953783395,SET/4 2 TONE EGG SHAPE MIXING BOWLS
36.79143454621292,35.0,7.0710678118654755,2.015280434479042,2.5191005430988023,18.39571727310646,43.75,22.83518218379474,32.98471956552096,3.8067149806919574,SET/4 BADGES BALLOON GIRL
22.55736362689876,22.0,2.2,0.6270081229335894,0.7837601536669868,11.27868181344938,27.5,15.437558032883631,21.37299187706641,1.1843717498323478,SET/4 BADGES BEETLES
16.791434546212916,15.0,7.0710678118654755,2.015280434479043,2.519100543098804,8.395717273106458,18.75,7.835182183794738,12.984719565520956,3.806714980691959,SET/4 BADGES CUTE CREATURES
20.695160184017457,15.5,20.506096654409877,5.8443132599892245,7.305391574986531,10.347580092008728,19.375,1.722028333004741,9.655686740010776,11.039473444006681,SET/4 BADGES DOGS
53.95717273106458,45.0,35.35533905932738,10.076402172395216,12.595502715494021,26.97858636553229,56.25,16.67591091897369,34.92359782760478,19.0335749034598,SET/4 BADGES WOODLAND ANIMAL
49.216066095051836,48.0,4.800000000000001,1.368017722764196,0.3967251396016168,5.709063667026013,13.919999999999998,7.81421119337237,46.63198227723581,2.5840838178160297,SET/4 BIRD MIRROR MAGNETS 
2.05066942062716,2.0,0.2,0.05700073844850816,0.09405121844003847,1.3534418176139256,3.3,1.8525069639460359,1.942999261551492,0.1076701590756679,SET/4 BLUE FLOWER CANDLES IN BOWL
6.1520082618814795,6.0,0.6000000000000001,0.1710022153455245,0.3591046522256015,5.1676869399804435,12.600000000000001,7.073208407793956,5.828997784654476,0.3230104772270037,SET/4 BUTTERFLY MIRROR MAGNETS
16.791434546212916,15.0,7.0710678118654755,2.015280434479043,2.519100543098804,8.395717273106458,18.75,7.835182183794738,12.984719565520956,3.806714980691959,SET/4 SKULL BADGES
4.6791434546212916,4.5,0.7071067811865476,0.20152804344790431,7.295315172814137,67.75399722291631,162.9,87.85068760426955,4.2984719565520955,0.3806714980691961,SET/4 WHITE RETRO STORAGE CUBES 
92.37430363863875,87.0,21.213203435596427,6.04584130343713,17.835231845139536,109.00167829359374,256.65000000000003,129.81308986126677,80.95415869656287,11.42014494207588,SET/5 RED RETROSPOT LID GLASS BOWLS
226.72701965699133,178.0,192.33304448274092,54.81562781782997,161.70610206259843,267.53788319524983,525.1,95.85601474215176,123.18437218217002,103.54264747482131,SET/5 RED SPOTTY LID GLASS BOWLS
12.304016523762959,12.0,1.2000000000000002,0.342004430691049,0.2907037660873917,4.1833656180794065,10.2,5.725930615833201,11.657995569308952,0.6460209544540074,SET/6 3D KIT CARDS FOR KIDS
44.59888582182201,36.0,33.94112549695428,9.673346085499402,4.804428555798037,8.86031198326864,17.880000000000003,4.215259460933327,26.326653914500596,18.272231907321412,SET/6 COLLAGE PAPER CUPS
36.449164366366496,30.0,25.45584412271571,7.255009564124555,5.05432332967344,10.157167136760798,20.9,5.688509533565761,22.744990435875444,13.704173930491052,SET/6 COLLAGE PAPER PLATES
12.304016523762959,12.0,1.2000000000000002,0.342004430691049,0.718209304451203,10.335373879960887,25.200000000000003,14.146416815587912,11.657995569308952,0.6460209544540074,SET/6 EAU DE NIL BIRD T-LIGHTS
108.89832873273299,96.0,50.91168824543142,14.51001912824911,10.10864665934688,30.346334273521595,66.88,26.425019067131522,81.48998087175089,27.408347860982104,SET/6 FRUIT SALAD  PAPER PLATES
182.24582183183247,150.0,127.27922061357856,36.27504782062278,19.02791144772668,38.23848698071541,78.6818181818182,21.415419753376113,113.72495217937723,68.52086965245525,SET/6 FRUIT SALAD PAPER CUPS
20.1497214554555,18.0,8.48528137423857,2.4183365213748518,5.078506694887189,16.92576602258262,37.800000000000004,15.795727282530194,15.581663478625149,4.5680579768303495,SET/6 PINK  BUTTERFLY T-LIGHTS
582.096100376377,552.0,118.79393923933998,33.856711299247934,21.905292210613414,150.64647077740636,357.144,184.59223701198022,518.143288700752,63.95281167562496,SET/6 RED SPOTTY PAPER CUPS
598.0104458385061,550.0,189.50461735799473,54.009515644038366,45.311141019261655,200.67971592980604,461.4210526315789,215.43019568251123,495.99048435596166,102.01996148254449,SET/6 RED SPOTTY PAPER PLATES
12.304016523762959,12.0,1.2000000000000002,0.342004430691049,0.22230287994918188,3.1990442961783696,7.800000000000001,4.378652823872449,11.657995569308952,0.6460209544540074,SET/6 STRAWBERRY PAPER CUPS
24.608033047525918,24.0,2.4000000000000004,0.684008861382098,0.5814075321747834,8.366731236158813,20.4,11.451861231666403,23.315991138617903,1.2920419089080148,SET/6 STRAWBERRY PAPER PLATES
20.1497214554555,18.0,8.48528137423857,2.4183365213748518,5.078506694887189,16.92576602258262,37.800000000000004,15.795727282530194,15.581663478625149,4.5680579768303495,SET/6 TURQUOISE BUTTERFLY T-LIGHTS
36.912049571288875,36.0,3.6,1.0260132920731475,0.6669086398475459,9.597132888535109,23.400000000000002,13.135958471617347,34.973986707926855,1.9380628633620205,SET/6 WOODLAND PAPER CUPS
36.912049571288875,36.0,3.6,1.0260132920731475,0.8721112982621754,12.550096854238218,30.599999999999998,17.177791847499606,34.973986707926855,1.9380628633620205,SET/6 WOODLAND PAPER PLATES
18.716573818485166,18.0,2.8284271247461903,0.8061121737916173,3.4259767386143736,31.818175491424785,76.5,41.255847769960845,17.193887826208382,1.5226859922767844,SET3 BOOK BOX GREEN GINGHAM FLOWER 
13.75400418234904,12.5,4.949747468305833,1.4106963041353302,23.158930992888333,90.31796079742537,205.20833333333331,91.73144154301961,11.08930369586467,2.664700486484371,SEWING BOX RETROSPOT DESIGN 
12.304016523762959,12.0,1.2000000000000002,0.342004430691049,0.2907037660873917,4.1833656180794065,10.2,5.725930615833201,11.657995569308952,0.6460209544540074,SEWING SUSAN 21 NEEDLE SET
2.05066942062716,2.0,0.2,0.05700073844850816,0.35625461530317604,5.126673551567899,12.5,7.017071833128925,1.942999261551492,0.1076701590756679,SHELF WITH 4 HOOKS HOME SWEET HOME
12.304016523762959,12.0,1.2000000000000002,0.342004430691049,1.1457148428150143,16.487382141842367,40.2,22.56690301534262,11.657995569308952,0.6460209544540074,SILK PURSE BABUSHKA BLUE
24.224582183183248,21.0,12.727922061357855,3.6275047820622777,12.15214101990863,32.460940125465555,70.35000000000001,25.736918854625824,17.372495217937722,6.852086965245526,SILK PURSE BABUSHKA PINK
10.07486072772775,9.0,4.242640687119285,1.2091682606874259,4.050713673302877,13.500313375155185,30.150000000000002,12.598972951541942,7.7908317393125746,2.2840289884151748,SILK PURSE BABUSHKA RED
55.36807435693332,54.0,5.4,1.539019938109719,5.155716792667558,74.19321963829066,180.9,101.55106356904179,52.46098006189028,2.907094295043038,SILK PURSE RUSSIAN DOLL BLUE
61.5200826188148,60.0,6.0,1.7100221534552444,5.728574214075069,82.43691070921183,201.0,112.8345150767131,58.28997784654476,3.230104772270039,SILK PURSE RUSSIAN DOLL PINK
56.3934090672469,55.0,5.5,1.567520307333973,5.251193029568809,75.56716815011085,184.25,103.43163882032034,53.43247969266603,2.9609293745808714,SILK PURSE RUSSIAN DOLL RED
6.1520082618814795,6.0,0.6000000000000001,0.1710022153455245,0.6412583075457169,9.228012392822219,22.5,12.630729299632064,5.828997784654476,0.3230104772270037,SILVER  CANDLEPOT JARDIN 
36.912049571288875,36.0,3.6,1.0260132920731475,1.2825166150914344,18.456024785644438,45.0,25.261458599264127,34.973986707926855,1.9380628633620205,SILVER BELLS TABLE DECORATION
12.304016523762959,12.0,1.2000000000000002,0.342004430691049,0.4275055383638113,6.1520082618814795,15.0,8.42048619975471,11.657995569308952,0.6460209544540074,SILVER DISCO HANDBAG
12.304016523762959,12.0,1.2000000000000002,0.342004430691049,0.4275055383638113,6.1520082618814795,15.0,8.42048619975471,11.657995569308952,0.6460209544540074,SILVER FABRIC MIRROR
20.1497214554555,18.0,8.48528137423857,2.4183365213748518,3.9902552602685053,13.29881616060063,29.7,12.410928579130864,15.581663478625149,4.5680579768303495,SILVER HANGING T-LIGHT HOLDER
22.299442910910997,18.0,16.97056274847714,4.8366730427497036,7.980510520537011,14.71763232120126,29.7,7.001857158261729,13.163326957250296,9.1361159536607,SILVER HANGING T-LIGHT HOLDER DOME
12.304016523762959,12.0,1.2000000000000002,0.342004430691049,0.28386367747357066,4.0849334858893025,9.959999999999999,5.591202836637126,11.657995569308952,0.6460209544540074,SILVER HEARTS TABLE DECORATION
2.05066942062716,2.0,0.2,0.05700073844850816,0.28215365532011544,4.060325452841777,9.9,5.557520891838108,1.942999261551492,0.1076701590756679,SILVER M.O.P ORBIT BRACELET
2.05066942062716,2.0,0.2,0.05700073844850816,0.2422531384061597,3.4861380150661723,8.5,4.771608846527668,1.942999261551492,0.1076701590756679,SILVER M.O.P ORBIT DROP EARRINGS
41.0133884125432,40.0,4.0,1.1400147689701619,0.9690125536246376,13.944552060264689,34.0,19.086435386110672,38.85998523102984,2.1534031815133616,SILVER MINI TAPE MEASURE 
4.10133884125432,4.0,0.4,0.11400147689701633,0.4275055383638112,6.1520082618814795,15.0,8.42048619975471,3.885998523102984,0.2153403181513358,SILVER PLATE CANDLE BOWL LARGE
196.86426438020735,192.0,19.200000000000003,5.472070891056784,10.670538237560729,153.55412621656174,374.4,210.17533554587752,186.52792910894323,10.336335271264119,SILVER RETRODISC LAMPSHADE
36.912049571288875,36.0,3.6,1.0260132920731475,0.8515910324207124,12.254800457667907,29.88,16.773608509911377,34.973986707926855,1.9380628633620205,SILVER STARS TABLE DECORATION
4.10133884125432,4.0,0.4,0.11400147689701633,0.4275055383638112,6.1520082618814795,15.0,8.42048619975471,3.885998523102984,0.2153403181513358,SILVER VANILLA FLOWER CANDLE POT
24.608033047525918,24.0,2.4000000000000004,0.684008861382098,0.9918128490040421,14.272659167565031,34.8,19.535527983430924,23.315991138617903,1.2920419089080148,SINGLE ANTIQUE ROSE HOOK IVORY
56.598885821821995,48.0,33.94112549695428,9.673346085499407,9.189678781224437,21.507576612292358,45.599999999999994,14.9027446064832,38.326653914500596,18.272231907321398,SINGLE HEART ZINC T-LIGHT HOLDER
159.95221480891848,156.0,15.600000000000001,4.446057598983631,6.446783518526265,92.77228458917271,226.2,126.980931892301,151.55394240101637,8.398272407902112,SKETCHBOOK MAGNETIC SHOPPING LIST
52.299442910911,48.0,16.97056274847714,4.8366730427497036,7.980510520537011,34.51763232120126,79.19999999999999,36.70185715826172,43.1633269572503,9.136115953660699,SKULL AND CROSSBONES  GARLAND 
3.0760041309407398,3.0,0.30000000000000004,0.08550110767276226,0.4232304829801732,6.090488179262666,14.850000000000001,8.336281337757162,2.914498892327238,0.16150523861350186,SKULL DESIGN TV DINNER TRAY
310.299442910911,306.0,16.97056274847714,4.836673042749697,11.766137305919935,301.94522714023265,744.4038461538461,430.6924817076935,301.1633269572503,9.136115953660692,SKULL LUNCH BOX WITH CUTLERY 
10.2533471031358,10.0,1.0,0.28500369224254046,0.4702560922001917,6.767209088069628,16.5,9.262534819730181,9.71499630775746,0.5383507953783404,SKULL SHOULDER BAG
18.22458218318325,15.0,12.727922061357855,3.627504782062276,8.161885759640121,16.402123964864927,33.75,9.185990275494952,11.372495217937724,6.852086965245528,SKULLS  DESIGN  COTTON TOTE BAG
36.449164366366496,30.0,25.45584412271571,7.255009564124555,6.1667581295058715,12.392715884564609,25.5,6.940525985929519,22.744990435875444,13.704173930491052,SKULLS  STICKERS
20.1497214554555,18.0,8.48528137423857,2.4183365213748518,2.055586043168624,6.85090529485487,15.299999999999999,6.3935086619765045,15.581663478625149,4.5680579768303495,SKULLS  WATER TRANSFER TATTOOS 
126.87151819319374,100.0,106.06601717798213,30.229206517185652,12.696266737217973,21.31441505645655,42.0,7.989318206325477,69.77079348281436,57.10072471037938,SKULLS AND CROSSBONES WRAP
12.304016523762959,12.0,1.2000000000000002,0.342004430691049,0.2907037660873917,4.1833656180794065,10.2,5.725930615833201,11.657995569308952,0.6460209544540074,SKULLS DESIGN FLANNEL
24.608033047525918,24.0,2.4000000000000004,0.684008861382098,0.28728372178048117,4.134149551984354,10.08,5.658566726235165,23.315991138617903,1.2920419089080148,SKULLS GREETING CARD
53.06727753971761,42.666666666666664,41.05281151557507,11.700202858875986,19.305334717145374,35.02440317621362,70.39999999999998,16.070262106640985,30.966463807790678,22.10081373192693,SKULLS PARTY BAG + STICKER SET
36.912049571288875,36.0,3.6,1.0260132920731475,0.40014518390852755,5.758279733121066,14.040000000000001,7.881575082970407,34.973986707926855,1.9380628633620205,SKULLS SQUARE TISSUE BOX
12.304016523762959,12.0,1.2000000000000002,0.342004430691049,0.718209304451203,10.335373879960887,25.200000000000003,14.146416815587912,11.657995569308952,0.6460209544540074,SKULLS STORAGE BOX SMALL
56.598885821821995,48.0,33.94112549695428,9.673346085499407,5.175240155742183,12.112161565869908,25.68,8.392598278387908,38.326653914500596,18.272231907321398,SKULLS TAPE
25.633367757839498,25.0,2.5,0.7125092306063521,0.29925387685466787,4.306405783317036,10.5,5.894340339828296,24.28749076939365,1.3458769884458484,SKULLS WRAP
24.608033047525918,24.0,2.4000000000000004,0.684008861382098,1.1286146212804617,16.241301811367105,39.599999999999994,22.230083567352427,23.315991138617903,1.2920419089080148,SKULLS WRITING SET 
170.37430363863874,165.0,21.213203435596427,6.045841303437134,1.2696266737217983,14.311441505645657,34.650000000000006,19.06893182063255,158.95415869656287,11.420144942075865,SLEEPING CAT ERASERS
1.02533471031358,1.0,0.1,0.02850036922425408,0.23512804610009616,3.383604544034814,8.25,4.631267409865091,0.971499630775746,0.05383507953783395,SMALL APOTHECARY MEASURING JAR 
12.304016523762959,12.0,1.2000000000000002,0.342004430691049,0.5643073106402309,8.120650905683553,19.799999999999997,11.115041783676213,11.657995569308952,0.6460209544540074,SMALL BLUE PROVENCAL CERAMIC BALL
49.216066095051836,48.0,4.800000000000001,1.368017722764196,1.1354547098942827,16.33973394355721,39.839999999999996,22.364811346548503,46.63198227723581,2.5840838178160297,SMALL CERAMIC TOP STORAGE JAR 
61.5200826188148,60.0,6.0,1.7100221534552444,0.7182093044512027,10.335373879960887,25.2,14.14641681558791,58.28997784654476,3.230104772270039,SMALL CHINESE STYLE SCISSOR
8.20267768250864,8.0,0.8,0.22800295379403265,0.2850036922425408,4.10133884125432,10.0,5.613657466503139,7.771997046205968,0.4306806363026716,SMALL CHOCOLATES PINK BOWL
4.10133884125432,4.0,0.4,0.11400147689701633,0.9405121844003846,13.534418176139257,33.0,18.525069639460362,3.885998523102984,0.2153403181513358,SMALL DECO JEWELLERY STAND
24.608033047525918,24.0,2.4000000000000004,0.684008861382098,0.08208106336585176,1.1811855862812441,2.88,1.616733350352904,23.315991138617903,1.2920419089080148,SMALL FOLDING SCISSOR(POINTED EDGE)
49.216066095051836,48.0,4.800000000000001,1.368017722764196,0.2599233673251973,3.74042102322394,9.120000000000001,5.119655609450864,46.63198227723581,2.5840838178160297,SMALL FOLKART STAR CHRISTMAS DEC
8.20267768250864,8.0,0.8,0.22800295379403265,0.4788062029674686,6.890249253307258,16.8,9.430944543725275,7.771997046205968,0.4306806363026716,SMALL GLASS HEART TRINKET POT
8.20267768250864,8.0,0.8,0.22800295379403265,0.44460575989836365,6.398088592356739,15.6,8.757305647744897,7.771997046205968,0.4306806363026716,SMALL GREEN PEONY FOLDING STOOL
6.1520082618814795,6.0,0.6000000000000001,0.1710022153455245,0.5044565352692973,7.259369749020147,17.700000000000003,9.93617371571056,5.828997784654476,0.3230104772270037,SMALL HAMMERED SILVER CANDLEPOT 
47.02096087330556,40.0,27.712812921102035,7.898254004940868,3.3172666820751644,7.899521426715335,16.8,5.583211891209501,32.10174599505913,14.919214878246429,SMALL HANGING IVORY/RED WOOD BIRD
25.633367757839498,25.0,2.5,0.7125092306063521,0.6056328460153992,8.71534503766543,21.25,11.929022116319171,24.28749076939365,1.3458769884458484,SMALL HEART MEASURING SPOONS
8.20267768250864,8.0,0.8,0.22800295379403265,0.2850036922425408,4.10133884125432,10.0,5.613657466503139,7.771997046205968,0.4306806363026716,SMALL LICORICE DES PINK BOWL
8.20267768250864,8.0,0.8,0.22800295379403265,0.44460575989836365,6.398088592356739,15.6,8.757305647744897,7.771997046205968,0.4306806363026716,SMALL ORIENTAL BLUE FOLDING STOOL
24.608033047525918,24.0,2.4000000000000004,0.684008861382098,1.3338172796950911,19.194265777070218,46.8,26.27191694323469,23.315991138617903,1.2920419089080148,SMALL ORIENTAL RED FOLDING STOOL
98.43213219010367,96.0,9.600000000000001,2.736035445528392,1.896984575566352,27.298511327388756,66.56,37.3645040970449,93.26396455447161,5.168167635632059,SMALL PINK MAGIC CHRISTMAS TREE
16.40535536501728,16.0,1.6,0.4560059075880653,0.8892115197967273,12.796177184713478,31.2,17.514611295489793,15.543994092411936,0.8613612726053432,SMALL PINK PEONY FOLDING STOOL
16.40535536501728,16.0,1.6,0.4560059075880653,0.3876050214498555,5.577820824105875,13.6,7.634574154444268,15.543994092411936,0.8613612726053432,SMALL POLKADOT CHOCOLATE GIFT BAG 
6.1520082618814795,6.0,0.6000000000000001,0.1710022153455245,0.21375276918190564,3.0760041309407398,7.5,4.210243099877355,5.828997784654476,0.3230104772270037,SMALL POP BOX FUNKY MONKEY
134.08548055205236,118.5,61.518289963229634,17.532939779967677,14.902998812972525,45.589063387697806,100.725,40.23293779932966,100.96706022003232,33.11842033202004,SMALL POPCORN HOLDER
12.304016523762959,12.0,1.2000000000000002,0.342004430691049,0.2907037660873917,4.1833656180794065,10.2,5.725930615833201,11.657995569308952,0.6460209544540074,SMALL PURPLE BABUSHKA NOTEBOOK 
61.5200826188148,60.0,6.0,1.7100221534552444,1.4535188304369577,20.916828090397033,51.0,28.629653079166008,58.28997784654476,3.230104772270039,SMALL RED BABUSHKA NOTEBOOK 
10.07486072772775,9.0,4.242640687119285,1.2091682606874259,4.534380977577847,15.112291091591624,33.75,14.103327930830531,7.7908317393125746,2.2840289884151748,SMALL RED RETROSPOT MUG IN BOX 
84.89832873273299,72.0,50.91168824543142,14.51001912824911,18.137523910311387,42.449164366366496,90.0,29.413311723322117,57.48998087175089,27.408347860982104,SMALL RED RETROSPOT WINDMILL
36.912049571288875,36.0,3.6,1.0260132920731475,1.2825166150914344,18.456024785644438,45.0,25.261458599264127,34.973986707926855,1.9380628633620205,SMALL RED SPOT  WINDMILL
13.32935123407654,13.0,1.3,0.3705047999153026,1.3893929996823848,19.99402685111481,48.75,27.366580149202804,12.629495200084698,0.6998560339918427,SMALL RETRO SPOT MUG IN BOX  RED
19.48135949595802,19.0,1.9000000000000001,0.5415070152608266,2.0306513072280996,29.222039243937033,71.25,39.99730944883487,18.458492984739173,1.0228665112188473,SMALL RETRO SPOT MUG IN BOX  WHITE
22.55736362689876,22.0,2.2,0.6270081229335894,1.849673962654089,26.61768907974054,64.9,36.432636957605375,21.37299187706641,1.1843717498323478,SMALL SILVER TRELLIS CANDLEPOT
36.912049571288875,36.0,3.6,1.0260132920731475,1.2825166150914344,18.456024785644438,45.0,25.261458599264127,34.973986707926855,1.9380628633620205,SMALL SKULL WINDMILL
16.40535536501728,16.0,1.6,0.4560059075880653,0.3876050214498555,5.577820824105875,13.6,7.634574154444268,15.543994092411936,0.8613612726053432,SMALL SPOTTY CHOCOLATE GIFT BAG 
5.1266735515679,5.0,0.5,0.14250184612127023,0.7053841383002877,10.150813632104443,24.75,13.89380222959527,4.85749815387873,0.2691753976891702,SMALL SQUARE CUT GLASS CANDLESTICK
16.40535536501728,16.0,1.6,0.4560059075880653,0.3876050214498555,5.577820824105875,13.6,7.634574154444268,15.543994092411936,0.8613612726053432,SMALL STRIPES CHOCOLATE GIFT BAG 
24.608033047525918,24.0,2.4000000000000004,0.684008861382098,1.1286146212804617,16.241301811367105,39.599999999999994,22.230083567352427,23.315991138617903,1.2920419089080148,SMALL WHITE HEART OF WICKER
6.1520082618814795,6.0,0.6000000000000001,0.1710022153455245,0.6412583075457169,9.228012392822219,22.5,12.630729299632064,5.828997784654476,0.3230104772270037,SMALL WHITE RETROSPOT MUG IN BOX 
12.304016523762959,12.0,1.2000000000000002,0.342004430691049,0.2907037660873917,4.1833656180794065,10.2,5.725930615833201,11.657995569308952,0.6460209544540074,SMALL YELLOW BABUSHKA NOTEBOOK 
49.216066095051836,48.0,4.800000000000001,1.368017722764196,0.3967251396016168,5.709063667026013,13.919999999999998,7.81421119337237,46.63198227723581,2.5840838178160297,SMOKEY GREY COLOUR GLASS
8.20267768250864,8.0,0.8,0.22800295379403265,0.44460575989836365,6.398088592356739,15.6,8.757305647744897,7.771997046205968,0.4306806363026716,SNACK TRAY HAPPY FOREST  
8.20267768250864,8.0,0.8,0.22800295379403265,0.44460575989836365,6.398088592356739,15.6,8.757305647744897,7.771997046205968,0.4306806363026716,SNACK TRAY I LOVE LONDON
8.20267768250864,8.0,0.8,0.22800295379403265,0.44460575989836365,6.398088592356739,15.6,8.757305647744897,7.771997046205968,0.4306806363026716,SNACK TRAY RED GINGHAM
8.20267768250864,8.0,0.8,0.22800295379403265,0.44460575989836365,6.398088592356739,15.6,8.757305647744897,7.771997046205968,0.4306806363026716,SNACK TRAY RED VINTAGE DOILY
77.19777164364399,60.0,67.88225099390856,19.346692170998814,16.444688345348993,26.247242358838957,51.0,8.30806929581205,40.653307829001186,36.5444638146428,SNOWSTORM PHOTO FRAME FRIDGE MAGNET
24.608033047525918,24.0,2.4000000000000004,0.684008861382098,2.0178261410771894,29.037478996080587,70.80000000000001,39.74469486284224,23.315991138617903,1.2920419089080148,SOAP DISH BROCANTE
12.304016523762959,12.0,1.2000000000000002,0.342004430691049,1.590320602713378,22.885470734199107,55.800000000000004,31.324208663087518,11.657995569308952,0.6460209544540074,SOFT PINK ROSE TOWEL 
12.304016523762959,12.0,1.2000000000000002,0.342004430691049,0.6669086398475456,9.597132888535109,23.4,13.135958471617345,11.657995569308952,0.6460209544540074,SOMBRERO 
24.608033047525918,24.0,2.4000000000000004,0.684008861382098,0.28728372178048117,4.134149551984354,10.08,5.658566726235165,23.315991138617903,1.2920419089080148,SPACE BOY BIRTHDAY CARD
25.633367757839498,25.0,2.5,0.7125092306063521,0.29925387685466787,4.306405783317036,10.5,5.894340339828296,24.28749076939365,1.3458769884458484,SPACE BOY GIFT WRAP
10.2533471031358,10.0,1.0,0.28500369224254046,0.3562546153031756,5.1266735515679,12.5,7.017071833128925,9.71499630775746,0.5383507953783404,SPACE FROG
10.2533471031358,10.0,1.0,0.28500369224254046,0.3562546153031756,5.1266735515679,12.5,7.017071833128925,9.71499630775746,0.5383507953783404,SPACE OWL
116.88815697574812,114.0,11.4,3.2490420915649634,4.0613026144562046,58.44407848787406,142.5,79.99461889766972,110.75095790843504,6.137199067313077,SPACEBOY BEAKER
248.598885821822,240.0,33.94112549695428,9.673346085499407,4.0628053559097514,41.764612818066105,100.80000000000001,54.972581826024154,230.32665391450058,18.272231907321412,SPACEBOY BIRTHDAY CARD
196.86426438020735,192.0,19.200000000000003,5.472070891056784,6.84008861382098,98.43213219010367,240.0,134.72777919607535,186.52792910894323,10.336335271264119,SPACEBOY CHILDRENS BOWL
196.86426438020735,192.0,19.200000000000003,5.472070891056784,6.84008861382098,98.43213219010367,240.0,134.72777919607535,186.52792910894323,10.336335271264119,SPACEBOY CHILDRENS CUP
44.598885821821995,36.0,33.94112549695428,9.673346085499407,12.091682606874258,22.299442910910997,45.0,10.608874482214745,26.326653914500593,18.2722319073214,SPACEBOY CHILDRENS EGG CUP
317.9143454621292,300.0,70.71067811865476,20.152804344790425,8.46417782481198,53.40961003763771,126.00000000000001,64.12621213755033,279.8471956552096,38.06714980691959,SPACEBOY GIFT WRAP
654.9087745712392,594.0,240.41630560342617,68.51953477228746,132.93263695174957,508.2273290729022,1152.4010869565216,511.2411209318698,525.4804652277126,129.42830934352662,SPACEBOY LUNCH BOX 
47.16539667442468,46.0,4.6000000000000005,1.3110169843156876,5.440720484910104,78.29455847954497,190.9,107.16472103554493,44.688983015684315,2.4764136587403627,SPACEBOY MINI BACKPACK
92.2801239282222,90.0,9.0,2.5650332301828667,5.335269118780363,76.77706310828087,187.20000000000002,105.08766777293879,87.43496676981714,4.845157158405058,SPACEBOY ROCKET LOLLY MAKERS
11.27868181344938,11.0,1.1,0.3135040614667947,1.5518451042606338,22.331789990629773,54.45,30.566364905109598,10.686495938533206,0.5921858749161739,SPACEBOY TV DINNER TRAY
24.608033047525918,24.0,2.4000000000000004,0.684008861382098,0.684008861382098,9.843213219010368,24.0,13.472777919607534,23.315991138617903,1.2920419089080148,SPOTTED WHITE NATURAL SEED NECKLACE
76.9001032735185,75.0,7.5,2.1375276918190558,10.580762074504326,152.26220448156664,371.25,208.40703344392904,72.86247230818094,4.037630965337556,SPOTTY BUNTING
6.1520082618814795,6.0,0.6000000000000001,0.1710022153455245,0.7267594152184792,10.458414045198516,25.5,14.314826539583004,5.828997784654476,0.3230104772270037,SPOTTY PINK DUCK DOORSTOP
10.2533471031358,10.0,1.0,0.28500369224254046,0.5557571998729539,7.997610740445924,19.5,10.946632059681122,9.71499630775746,0.5383507953783404,SPRING FLOWER CHOPSTICKS SET/5
2.05066942062716,2.0,0.2,0.05700073844850816,0.4531558706656399,6.521128757594369,15.9,8.925715371739992,1.942999261551492,0.1076701590756679,SQUARE MIRROR CURTAIN
2.05066942062716,2.0,0.2,0.05700073844850816,0.3847549845274301,5.536807435693332,13.5,7.578437579779238,1.942999261551492,0.1076701590756679,SQUARECUSHION COVER PINK UNION FLAG
98.43213219010367,96.0,9.600000000000001,2.736035445528392,0.5198467346503945,7.48084204644788,18.240000000000002,10.239311218901728,93.26396455447161,5.168167635632059,STAR DECORATION PAINTED ZINC 
49.216066095051836,48.0,4.800000000000001,1.368017722764196,0.5745674435609623,8.268299103968708,20.16,11.31713345247033,46.63198227723581,2.5840838178160297,STAR DECORATION RUSTIC
24.608033047525918,24.0,2.4000000000000004,0.684008861382098,1.1286146212804617,16.241301811367105,39.599999999999994,22.230083567352427,23.315991138617903,1.2920419089080148,STAR T-LIGHT HOLDER WILLIE WINKIE
20.1497214554555,18.0,8.48528137423857,2.4183365213748518,2.055586043168624,6.85090529485487,15.299999999999999,6.3935086619765045,15.581663478625149,4.5680579768303495,STAR WOODEN CHRISTMAS DECORATION
418.33656180794065,408.0,40.800000000000004,11.628150643495648,13.83749926575982,199.12820342057975,485.52,272.55429731366036,396.37184935650436,21.9647124514363,STAR WREATH DECORATION WITH BELL
148.7486072772775,138.0,42.42640687119285,12.09168260687426,6.753479546907613,33.231791125809956,77.07613636363638,37.09086569091881,125.90831739312574,22.84028988415176,STARS GIFT TAPE 
62.54541732912838,61.0,6.1000000000000005,1.7385225226794987,19.90608288468026,286.45801136740795,698.4499999999999,392.08590574791174,59.261477477320504,3.2839398518078724,STOOL HOME SWEET HOME 
12.30401652376296,12.0,1.2000000000000002,0.34200443069104836,0.8515910324207104,12.25480045766791,29.880000000000003,16.77360850991138,11.657995569308952,0.6460209544540092,STORAGE TIN HOME SWEET HOME
98.43213219010367,96.0,9.600000000000001,2.736035445528392,7.907142437577054,113.78754481175986,277.44,155.7453127506631,93.26396455447161,5.168167635632059,STORAGE TIN VINTAGE DOILY 
43.06405783317036,42.0,4.2,1.1970155074186704,3.4593748164399574,49.78205085514494,121.38000000000001,68.13857432841512,40.80298449258133,2.2610733405890286,STORAGE TIN VINTAGE LEAF
32.1497214554555,30.0,8.48528137423857,2.4183365213748518,2.055586043168624,10.93090529485487,25.5,12.513508661976505,27.58166347862515,4.5680579768303495,STRAWBERRIES  DESIGN FLANNEL 
65.80745127560908,59.0,26.870057685088806,7.6580656510203635,22.336024815476062,76.77535982154393,172.08333333333334,72.97194869631335,51.341934348979635,14.465516926629448,STRAWBERRY   PICNIC BAG
10.2533471031358,10.0,1.0,0.28500369224254046,0.3562546153031756,5.1266735515679,12.5,7.017071833128925,9.71499630775746,0.5383507953783404,STRAWBERRY BATH SPONGE 
10.2533471031358,10.0,1.0,0.28500369224254046,0.3562546153031756,5.1266735515679,12.5,7.017071833128925,9.71499630775746,0.5383507953783404,STRAWBERRY CANDY BAG
435.591461674313,373.3333333333333,245.74241256513565,70.03749492165338,87.33564446103316,217.2702554230732,465.54074074074066,160.9348408566343,303.29583841167994,132.29562326263306,STRAWBERRY CERAMIC TRINKET BOX
77.92543798383208,76.0,7.6000000000000005,2.1660280610433063,2.707535076304133,38.96271899191604,95.0,53.329745931779826,73.8339719389567,4.091466044875389,STRAWBERRY CERAMIC TRINKET POT
197.42235382682722,177.0,80.61017305526642,22.9741969530611,19.41319642533663,66.72875559346761,149.565,63.42304798119576,154.0258030469389,43.396550779888315,STRAWBERRY CHARLOTTE BAG
27.016016729396163,22.0,19.79898987322333,5.642785216541321,18.33905195375929,35.120821748215015,71.5,18.040126298025694,16.35721478345868,10.658801945937483,STRAWBERRY DREAM CHILDS UMBRELLA
122.62029945628971,118.5,16.263455967290593,4.6351449993017955,22.646545942422026,239.64093857074224,578.97125,316.68376548683574,113.8648550006982,8.755444455591515,STRAWBERRY FAIRY CAKE TEAPOT
65.77276393580367,56.0,38.57460304397182,10.993904294322313,18.139942085631812,43.41002419763041,92.39999999999998,30.85003371673775,45.00609570567769,20.76666823012598,STRAWBERRY HONEYCOMB  GARLAND 
423.27263237137174,405.0,72.12489168102785,20.555860431686245,51.2700485664737,422.28752215280923,1010.1435421994884,536.5859714802053,384.44413956831374,38.828492803058,STRAWBERRY LUNCH BOX WITH CUTLERY
78.89832873273299,66.0,50.91168824543142,14.51001912824911,36.53415530505579,79.46188822368107,166.1785714285714,50.182527899834525,51.48998087175089,27.408347860982104,STRAWBERRY LUNCHBOX WITH CUTLERY
18.456024785644438,18.0,1.8,0.5130066460365738,1.9237749226371517,27.684037178466657,67.5,37.892187898896196,17.486993353963427,0.9690314316810102,STRAWBERRY RAFFIA FOOD COVER
24.608033047525918,24.0,2.4000000000000004,0.684008861382098,0.5814075321747834,8.366731236158813,20.4,11.451861231666403,23.315991138617903,1.2920419089080148,STRAWBERRY SCENTED SET/9 T-LIGHTS
31.657729820153584,27.0,18.384776310850235,5.239729129645511,6.549661412056889,15.828864910076792,33.75,11.37147367786632,21.76027087035449,9.897458949799095,STRAWBERRY SHOPPER BAG
6.1520082618814795,6.0,0.6000000000000001,0.1710022153455245,0.5044565352692973,7.259369749020147,17.700000000000003,9.93617371571056,5.828997784654476,0.3230104772270037,STRING OF STARS CARD HOLDER
6.1520082618814795,6.0,0.6000000000000001,0.1710022153455245,0.43605564913108746,6.275048427119109,15.299999999999999,8.588895923749803,5.828997784654476,0.3230104772270037,STRIPES DESIGN TEDDY
60.37430363863875,55.0,21.213203435596427,6.04584130343713,9.975638150671264,39.84704040150158,90.75,40.927321447827154,48.95415869656287,11.42014494207588,SUKI  SHOULDER BAG
1.02533471031358,1.0,0.1,0.02850036922425408,0.011115143997459092,0.1599522148089185,0.39,0.21893264119362243,0.971499630775746,0.05383507953783395,SWALLOW SQUARE TISSUE BOX
28.299442910910997,24.0,16.97056274847714,4.8366730427497036,4.111172086337248,9.62181058970974,20.4,6.66701732395301,19.163326957250298,9.136115953660699,SWALLOW WOODEN CHRISTMAS DECORATION
20.1497214554555,18.0,8.48528137423857,2.4183365213748518,1.0157013389774376,3.385153204516524,7.56,3.1591454565060375,15.581663478625149,4.5680579768303495,SWALLOWS GREETING CARD
12.304016523762959,12.0,1.2000000000000002,0.342004430691049,0.2907037660873917,4.1833656180794065,10.2,5.725930615833201,11.657995569308952,0.6460209544540074,SWEET PUDDING STICKER SHEET
22.55736362689876,22.0,2.2,0.6270081229335894,6.056898467538474,87.16165305433681,212.52,119.30144847812473,21.37299187706641,1.1843717498323478,SWEETHEART 3 TIER CAKE STAND 
2.05066942062716,2.0,0.2,0.05700073844850816,0.5671573475626562,8.161664294096097,19.9,11.171178358341246,1.942999261551492,0.1076701590756679,SWEETHEART CAKESTAND 3 TIER
6.1520082618814795,6.0,0.6000000000000001,0.1710022153455245,1.4535188304369584,20.916828090397033,51.0,28.629653079166008,5.828997784654476,0.3230104772270037,SWEETHEART CARRY-ALL BASKET
145.34301214387258,121.33333333333333,94.76989676755659,27.009770492198044,33.762213115247555,72.67150607193629,151.66666666666666,45.23294747948281,94.32356284113528,51.0194493027373,SWEETHEART CERAMIC TRINKET BOX
2.05066942062716,2.0,0.2,0.05700073844850816,1.1371647320477378,16.364341976604738,39.9,22.398493291347524,1.942999261551492,0.1076701590756679,SWEETHEART CREAM STEEL FOLDIN BENCH
8.20267768250864,8.0,0.8,0.22800295379403265,1.5390199381097205,22.147229742773327,54.0,30.313750319116952,7.771997046205968,0.4306806363026716,SWEETHEART KEY CABINET
2.05066942062716,2.0,0.2,0.05700073844850816,0.4845062768123194,6.9722760301323445,17.0,9.543217693055336,1.942999261551492,0.1076701590756679,SWEETHEART WIRE FRUIT BOWL
2.05066942062716,2.0,0.2,0.05700073844850816,0.4531558706656399,6.521128757594369,15.9,8.925715371739992,1.942999261551492,0.1076701590756679,SWEETHEART WIRE MAGAZINE RACK
24.608033047525918,24.0,2.4000000000000004,0.684008861382098,0.5814075321747834,8.366731236158813,20.4,11.451861231666403,23.315991138617903,1.2920419089080148,SWEETIES  STICKERS
4.10133884125432,4.0,0.4,0.11400147689701633,0.047880620296746855,0.6890249253307258,1.68,0.9430944543725273,3.885998523102984,0.2153403181513358,SWIRLY CIRCULAR RUBBERS IN BAG
49.216066095051836,48.0,4.800000000000001,1.368017722764196,0.3967251396016168,5.709063667026013,13.919999999999998,7.81421119337237,46.63198227723581,2.5840838178160297,SWISS CHALET TREE DECORATION 
12.304016523762959,12.0,1.2000000000000002,0.342004430691049,0.4275055383638113,6.1520082618814795,15.0,8.42048619975471,11.657995569308952,0.6460209544540074,T-LIGHT GLASS FLUTED ANTIQUE
29.358286909242583,29.0,1.4142135623730951,0.40305608689580863,3.630527702713996,105.77790773400103,261.21750000000003,151.809064563285,28.59694391310419,0.7613429961383922,TABLECLOTH RED APPLES DESIGN 
24.608033047525918,24.0,2.4000000000000004,0.684008861382098,0.5814075321747834,8.366731236158813,20.4,11.451861231666403,23.315991138617903,1.2920419089080148,TEA BAG PLATE RED RETROSPOT
218.24042492676094,176.5,164.75588001646557,46.95603412336171,39.91262900485745,74.20174447509872,150.025,35.910626520043834,129.54396587663828,88.69645905012266,TEA BAG PLATE RED SPOTTY 
1.02533471031358,1.0,0.1,0.02850036922425408,0.0726759415218479,1.0458414045198516,2.55,1.4314826539583003,0.971499630775746,0.05383507953783395,TEA COSY RED  STRIPE
24.608033047525918,24.0,2.4000000000000004,0.684008861382098,2.3187900400853123,33.36849281244515,81.36,45.67271714746954,23.315991138617903,1.2920419089080148,TEA COSY VINTAGE UNION JACK
9.433147636970332,8.0,5.656854249492381,1.6122243475832345,6.045841303437129,14.149721455455499,30.0,9.804437241107372,6.3877756524167655,3.045371984553567,TEA CUP AND SAUCER RETRO SPOT
24.608033047525918,24.0,2.4000000000000004,0.684008861382098,2.907037660873917,41.833656180794065,102.0,57.259306158332016,23.315991138617903,1.2920419089080148,TEA FOR ONE POLKADOT
102.53347103135799,100.0,10.0,2.8500369224254083,1.1970155074186715,17.225623133268144,42.0,23.577361359313183,97.1499630775746,5.383507953783393,TEA PARTY  WRAPPING PAPER 
72.64392910887034,68.0,18.33030277982336,5.224203972173366,2.1941656683128135,12.204180090290217,28.56,14.161654241396967,62.77579602782664,9.868133081043702,TEA PARTY BIRTHDAY CARD
6.1520082618814795,6.0,0.6000000000000001,0.1710022153455245,0.3591046522256015,5.1676869399804435,12.600000000000001,7.073208407793956,5.828997784654476,0.3230104772270037,TEA TIME BREAKFAST BASKET
4.10133884125432,4.0,0.4,0.11400147689701633,1.2255158766429255,17.635757017393573,43.0,24.1387271059635,3.885998523102984,0.2153403181513358,TEA TIME CAKE STAND IN GIFT BOX
6.1520082618814795,6.0,0.6000000000000001,0.1710022153455245,0.43605564913108746,6.275048427119109,15.299999999999999,8.588895923749803,5.828997784654476,0.3230104772270037,TEA TIME DES TEA COSY
19.07486072772775,18.0,4.242640687119285,1.2091682606874259,7.1945511510901845,45.39816853199205,107.10000000000001,54.50728031691777,16.790831739312573,2.2840289884151765,TEA TIME KITCHEN APRON
138.52402509409424,131.0,29.698484809834994,8.464177824811983,10.507122563437056,68.78347500581297,162.61863636363634,83.32803879438632,122.53582217518802,15.988202918906225,TEA TIME OVEN GLOVE
5.1266735515679,5.0,0.5,0.14250184612127023,0.6626335844639066,9.535612805916296,23.25,13.051753609619798,4.85749815387873,0.2691753976891702,TEA TIME PARTY BUNTING
7.433147636970333,6.0,5.656854249492381,1.6122243475832345,17.170189301761447,31.665208933493624,63.900000000000006,15.064601764744936,4.3877756524167655,3.045371984553568,TEA TIME TABLE CLOTH
14.037430363863875,13.5,2.1213203435596424,0.6045841303437129,4.201859705888805,39.02405641154157,93.825,50.59908388256962,12.895415869656286,1.1420144942075883,TEA TIME TEA SET IN GIFT BOX
43.06405783317036,42.0,4.2,1.1970155074186704,3.5311957468850776,50.81558824314103,123.9,69.5532160099739,40.80298449258133,2.2610733405890286,TEA TIME TEA TOWELS 
29.732590547881333,24.0,22.627416997969522,6.448897390332938,54.493182948313326,100.49615605183891,202.79999999999998,47.81066099984775,17.551102609667062,12.181487938214271,TEA TIME TEAPOT IN GIFT BOX
6.1520082618814795,6.0,0.6000000000000001,0.1710022153455245,1.7014720426879688,24.48499288228829,59.699999999999996,33.51353507502374,5.828997784654476,0.3230104772270037,TEATIME CAKE TIN WITH HANDLE
24.608033047525918,24.0,2.4000000000000004,0.684008861382098,0.28728372178048117,4.134149551984354,10.08,5.658566726235165,23.315991138617903,1.2920419089080148,TEATIME PUSH DOWN RUBBER
6.1520082618814795,6.0,0.6000000000000001,0.1710022153455245,0.43605564913108746,6.275048427119109,15.299999999999999,8.588895923749803,5.828997784654476,0.3230104772270037,TINY CRYSTAL BRACELET GREEN
6.1520082618814795,6.0,0.6000000000000001,0.1710022153455245,1.5304698273424442,22.024189577535697,53.699999999999996,30.145340595121855,5.828997784654476,0.3230104772270037,TOADSTOOL BEDSIDE LIGHT 
185.4543872856196,155.0,120.20815280171308,34.25976738614373,100.47049174762586,217.5460595202616,454.554347826087,136.53779655819955,120.74023261385628,64.71415467176331,TOADSTOOL MONEY BOX
24.679143454621293,24.5,0.7071067811865476,0.20152804344790362,0.2519100543098795,12.339571727310647,30.625,18.033518218379474,24.298471956552095,0.38067149806919787,TOAST ITS - BEST MUM
12.304016523762959,12.0,1.2000000000000002,0.342004430691049,0.4275055383638113,6.1520082618814795,15.0,8.42048619975471,11.657995569308952,0.6460209544540074,TOAST ITS - DINOSAUR
28.299442910910997,24.0,16.97056274847714,4.8366730427497036,6.045841303437129,14.149721455455499,30.0,9.804437241107372,19.163326957250298,9.136115953660699,TOAST ITS - HAPPY BIRTHDAY
24.770020911745206,18.5,24.748737341529164,7.053481520676653,8.816851900845815,12.385010455872603,23.125,1.9231376432815814,11.446518479323348,13.323502432421858,TOAST ITS - I LOVE YOU 
1.02533471031358,1.0,0.1,0.02850036922425408,0.015675203073339746,0.2255736362689876,0.55,0.30875116065767266,0.971499630775746,0.05383507953783395,TOILET METAL SIGN
5.1266735515679,5.0,0.5,0.14250184612127023,0.11827653228065428,1.702055619120543,4.1499999999999995,2.329667848598802,4.85749815387873,0.2691753976891702,TOILET SIGN OCCUPIED OR VACANT
4.10133884125432,4.0,0.4,0.11400147689701633,1.0203132182282961,14.682793051690465,35.8,20.096893730081234,3.885998523102984,0.2153403181513358,TOOL BOX SOFT TOY 
36.912049571288875,36.0,3.6,1.0260132920731475,0.6669086398475459,9.597132888535109,23.400000000000002,13.135958471617347,34.973986707926855,1.9380628633620205,TOOTHPASTE TUBE PEN
12.304016523762959,12.0,1.2000000000000002,0.342004430691049,0.718209304451203,10.335373879960887,25.200000000000003,14.146416815587912,11.657995569308952,0.6460209544540074,TOTE BAG I LOVE LONDON
3.0760041309407398,3.0,0.30000000000000004,0.08550110767276226,0.12397660612550526,1.784082395945629,4.35,2.4419409979288655,2.914498892327238,0.16150523861350186,TOXIC AREA  DOOR HANGER 
3.7165738184851667,3.0,2.8284271247461903,0.8061121737916173,1.6928355649623963,3.1219220075275405,6.300000000000001,1.485242427510064,2.1938878262083827,1.522685992276784,TOY TIDY DOLLY GIRL DESIGN
28.70937188878024,28.0,2.8000000000000003,0.7980103382791137,1.6758217103861388,24.115872386575404,58.800000000000004,33.00830590303846,27.201989661720887,1.5073822270593524,TOY TIDY PINK POLKADOT
36.912049571288875,36.0,3.6,1.0260132920731475,2.1546279133536097,31.006121639882657,75.60000000000001,42.439250446763744,34.973986707926855,1.9380628633620205,TOY TIDY PINK RETROSPOT  
25.433147636970332,24.0,5.656854249492381,1.6122243475832345,3.3856711299247926,21.363844015055083,50.400000000000006,25.65048485502013,22.387775652416764,3.0453719845535687,TOY TIDY SPACEBOY  
91.9785863655323,87.5,17.67766952966369,5.038201086197606,2.1160444562029945,15.452402509409426,36.75,19.18155303438758,82.4617989138024,9.516787451729897,TOYBOX  WRAP 
145.03582782441163,118.0,106.7145725756328,30.414047200139915,37.776781126507124,72.05863379076186,146.56583333333333,36.730418416064346,87.58595279986008,57.449875024551545,TRADITIONAL CHRISTMAS RIBBONS
154.52402509409424,147.0,29.698484809834994,8.464177824811983,13.119475628458574,95.80489555833843,227.84999999999997,118.92562881320295,138.535822175188,15.98820291890624,TRADITIONAL KNITTING NANCY
121.79665746546603,96.0,101.82337649086284,29.020038256498207,35.815563881561545,60.126949902118405,118.48000000000002,22.53748621632007,66.97996174350179,54.81669572196424,TRADITIONAL MODELLING CLAY
49.216066095051836,48.0,4.800000000000001,1.368017722764196,2.2572292425609235,32.48260362273421,79.19999999999999,44.460167134704854,46.63198227723581,2.5840838178160297,TRADITIONAL NAUGHTS & CROSSES
36.912049571288875,36.0,3.6,1.0260132920731475,1.2825166150914344,18.456024785644438,45.0,25.261458599264127,34.973986707926855,1.9380628633620205,TRADITIONAL PICK UP STICKS GAME 
47.08257055154233,40.666666666666664,25.32455988429677,7.217593071441907,9.021991339302385,23.541285275771166,50.83333333333333,18.270056718259777,33.44907359522476,13.633496956317572,TRADITIONAL WOODEN CATCH CUP GAME 
52.299442910911,48.0,16.97056274847714,4.8366730427497036,6.368286172953777,27.544373266413128,63.20000000000001,29.28734056063311,43.1633269572503,9.136115953660699,TRADITIONAL WOODEN SKIPPING ROPE
43.06405783317036,42.0,4.2,1.1970155074186704,5.925226761722419,85.26683450967732,207.9,116.70793872860027,40.80298449258133,2.2610733405890286,TRADTIONAL ALPHABET STAMP SET
4.10133884125432,4.0,0.4,0.11400147689701633,0.047880620296746855,0.6890249253307258,1.68,0.9430944543725273,3.885998523102984,0.2153403181513358,TRAVEL CARD WALLET FLOWER MEADOW
4.10133884125432,4.0,0.4,0.11400147689701633,0.047880620296746855,0.6890249253307258,1.68,0.9430944543725273,3.885998523102984,0.2153403181513358,TRAVEL CARD WALLET KEEP CALM
102.53347103135799,100.0,10.0,2.8500369224254083,1.1970155074186717,17.225623133268147,42.00000000000001,23.577361359313187,97.1499630775746,5.383507953783393,TRAVEL CARD WALLET PANTRY
24.608033047525918,24.0,2.4000000000000004,0.684008861382098,0.28728372178048117,4.134149551984354,10.08,5.658566726235165,23.315991138617903,1.2920419089080148,TRAVEL CARD WALLET RETRO PETALS
4.10133884125432,4.0,0.4,0.11400147689701633,0.047880620296746855,0.6890249253307258,1.68,0.9430944543725273,3.885998523102984,0.2153403181513358,TRAVEL CARD WALLET RETROSPOT
98.43213219010367,96.0,9.600000000000001,2.736035445528392,1.1491348871219247,16.536598207937416,40.32,22.63426690494066,93.26396455447161,5.168167635632059,TRAVEL CARD WALLET TRANSPORT
25.633367757839498,25.0,2.5,0.7125092306063521,0.29925387685466787,4.306405783317036,10.5,5.894340339828296,24.28749076939365,1.3458769884458484,TRAVEL CARD WALLET VINTAGE LEAF
8.20267768250864,8.0,0.8,0.22800295379403265,0.09576124059349371,1.3780498506614516,3.36,1.8861889087450545,7.771997046205968,0.4306806363026716,TRAVEL CARD WALLET VINTAGE ROSE 
120.54543872856196,117.5,12.020815280171307,3.425976738614372,5.652861618713713,79.5599895608509,193.875,108.66214882043539,114.07402326138563,6.471415467176328,TRAVEL SEWING KIT
24.60803304752592,24.0,2.4000000000000004,0.6840088613820967,1.5390199381097176,22.14722974277333,54.0,30.313750319116952,23.315991138617903,1.2920419089080184,TREASURE ISLAND BOOK BOX
36.912049571288875,36.0,3.6,1.0260132920731475,2.1341076475121468,30.710825243312346,74.88,42.03506710917551,34.973986707926855,1.9380628633620205,TREASURE TIN BUFFALO BILL 
43.06405783317036,42.0,4.2,1.1970155074186704,2.4897922554308343,35.82929611719774,87.36,49.04091162737142,40.80298449258133,2.2610733405890286,TREASURE TIN GYMKHANA DESIGN
12.304016523762959,12.0,1.2000000000000002,0.342004430691049,0.5643073106402309,8.120650905683553,19.799999999999997,11.115041783676213,11.657995569308952,0.6460209544540074,TREE T-LIGHT HOLDER WILLIE WINKIE
20.5066942062716,20.0,2.0,0.5700073844850809,1.8753242949559166,26.98680957545343,65.80000000000001,36.93786612959066,19.42999261551492,1.0767015907566808,TRIPLE HOOK ANTIQUE IVORY ROSE
6.1520082618814795,6.0,0.6000000000000001,0.1710022153455245,0.3591046522256015,5.1676869399804435,12.600000000000001,7.073208407793956,5.828997784654476,0.3230104772270037,TROPICAL PASSPORT COVER 
6.1520082618814795,6.0,0.6000000000000001,0.1710022153455245,0.28215365532011544,4.060325452841776,9.899999999999999,5.557520891838107,5.828997784654476,0.3230104772270037,"TUMBLER, BAROQUE"
6.1520082618814795,6.0,0.6000000000000001,0.1710022153455245,0.28215365532011544,4.060325452841776,9.899999999999999,5.557520891838107,5.828997784654476,0.3230104772270037,"TUMBLER, ENGLISH ROSE"
12.304016523762959,12.0,1.2000000000000002,0.342004430691049,0.5643073106402309,8.120650905683553,19.799999999999997,11.115041783676213,11.657995569308952,0.6460209544540074,"TUMBLER, NEW ENGLAND"
6.1520082618814795,6.0,0.6000000000000001,0.1710022153455245,0.43605564913108746,6.275048427119109,15.299999999999999,8.588895923749803,5.828997784654476,0.3230104772270037,TURQ ICE CREAM BUM BAG 
6.1520082618814795,6.0,0.6000000000000001,0.1710022153455245,1.1884653966513954,17.102582968030514,41.7,23.408951635318093,5.828997784654476,0.3230104772270037,TURQ+RED BOUDICCA LARGE BRACELET
10.470578000834207,8.5,7.7781745930520225,2.2168084779269472,9.864797726774915,18.63762884148489,37.825,9.322573431740198,6.283191522073053,4.187386478761154,TV DINNER TRAY AIR HOSTESS 
75.0480501881885,60.0,59.39696961966999,16.92835564962396,83.79536046563861,148.59513937261323,297.0,64.60950016174816,43.07164435037604,31.976405837812457,TV DINNER TRAY DOLLY GIRL
4.716573818485166,4.0,2.8284271247461903,0.8061121737916173,3.9902552602685057,9.33881616060063,19.8,6.470928579130866,3.1938878262083827,1.5226859922767835,TV DINNER TRAY VINTAGE PAISLEY
2.05066942062716,2.0,0.2,0.05700073844850816,0.7267594152184791,10.458414045198516,25.5,14.314826539583004,1.942999261551492,0.1076701590756679,TWO DOOR CURIO CABINET
24.608033047525918,24.0,2.4000000000000004,0.684008861382098,1.3338172796950911,19.194265777070218,46.8,26.27191694323469,23.315991138617903,1.2920419089080148,TWO EMBOSSED HEART MINI DRAWERS
2.05066942062716,2.0,0.2,0.05700073844850816,0.0712509230606352,1.02533471031358,2.5,1.4034143666257848,1.942999261551492,0.1076701590756679,UNION JACK FLAG LUGGAGE TAG
12.304016523762959,12.0,1.2000000000000002,0.342004430691049,0.4275055383638113,6.1520082618814795,15.0,8.42048619975471,11.657995569308952,0.6460209544540074,UNION STRIPE CUSHION COVER 
2.05066942062716,2.0,0.2,0.05700073844850816,0.4531558706656399,6.521128757594369,15.9,8.925715371739992,1.942999261551492,0.1076701590756679,UNION STRIPE WITH FRINGE  HAMMOCK
65.65772982015358,61.0,18.384776310850235,5.2397291296455135,6.549661412056892,32.82886491007679,76.25,36.87147367786632,55.76027087035449,9.897458949799088,URBAN BLACK RIBBONS 
24.299442910910994,20.0,16.97056274847714,4.836673042749704,8.173977442247,16.426423407775832,33.8,9.199599149977164,15.163326957250295,9.136115953660699,VICTORIAN  METAL POSTCARD SPRING
60.91954185577431,46.0,58.88972745734183,16.78378976049935,21.539196859307495,31.272031485964146,59.03333333333333,6.222104988061691,29.21621023950065,31.703331616273662,VICTORIAN GLASS HANGING T-LIGHT
44.52402509409425,37.0,29.698484809834994,8.46417782481198,95.72985119862348,201.42668952568238,418.46999999999997,121.31345927569411,28.53582217518802,15.988202918906229,VICTORIAN SEWING BOX LARGE
10.2533471031358,10.0,1.0,0.28500369224254046,2.2657793533281967,32.60564378797184,79.5,44.62857685869996,9.71499630775746,0.5383507953783404,VICTORIAN SEWING BOX MEDIUM
3.358286909242583,3.0,1.4142135623730951,0.40305608689580863,2.3981837170300615,7.992722843997349,17.85,7.459093438972591,2.5969439131041914,0.7613429961383917,VICTORIAN SEWING BOX SMALL 
65.62142146006912,64.0,6.4,1.8240236303522612,2.2800295379403264,32.81071073003456,80.0,44.90925973202511,62.17597636964774,3.445445090421373,VICTORIAN SEWING KIT
12.304016523762959,12.0,1.2000000000000002,0.342004430691049,0.5643073106402309,8.120650905683553,19.799999999999997,11.115041783676213,11.657995569308952,0.6460209544540074,VINTAGE BEAD PINK SCARF 
6.1520082618814795,6.0,0.6000000000000001,0.1710022153455245,0.4941964023485659,7.111721550734991,17.34,9.734082046916443,5.828997784654476,0.3230104772270037,VINTAGE BELLS GARLAND
36.912049571288875,36.0,3.6,1.0260132920731475,1.2825166150914344,18.456024785644438,45.0,25.261458599264127,34.973986707926855,1.9380628633620205,VINTAGE BILLBOARD LOVE/HATE MUG
12.304016523762959,12.0,1.2000000000000002,0.342004430691049,0.4275055383638113,6.1520082618814795,15.0,8.42048619975471,11.657995569308952,0.6460209544540074,VINTAGE BILLBOARD MUG 
24.608033047525918,24.0,2.4000000000000004,0.684008861382098,0.8550110767276226,12.304016523762959,30.0,16.84097239950942,23.315991138617903,1.2920419089080148,VINTAGE BILLBOARD TEA MUG
25.633367757839498,25.0,2.5,0.7125092306063521,0.29925387685466787,4.306405783317036,10.5,5.894340339828296,24.28749076939365,1.3458769884458484,VINTAGE CARAVAN GIFT WRAP
20.1497214554555,18.0,8.48528137423857,2.4183365213748518,1.0157013389774376,3.385153204516524,7.56,3.1591454565060375,15.581663478625149,4.5680579768303495,VINTAGE CARAVAN GREETING CARD 
2.05066942062716,2.0,0.2,0.05700073844850816,0.3619546891480268,5.208700328392986,12.7,7.129344982458987,1.942999261551492,0.1076701590756679,VINTAGE CAT FOOD CONTAINER
5.1266735515679,5.0,0.5,0.14250184612127023,0.7053841383002877,10.150813632104443,24.75,13.89380222959527,4.85749815387873,0.2691753976891702,VINTAGE CHRISTMAS BUNTING
12.304016523762959,12.0,1.2000000000000002,0.342004430691049,0.4275055383638113,6.1520082618814795,15.0,8.42048619975471,11.657995569308952,0.6460209544540074,VINTAGE CHRISTMAS GIFT BAG LARGE 
10.2533471031358,10.0,1.0,0.28500369224254046,0.23370302763888318,3.3630978498285424,8.2,4.6031991225325735,9.71499630775746,0.5383507953783404,VINTAGE CHRISTMAS PAPER GIFT BAG
36.912049571288875,36.0,3.6,1.0260132920731475,2.616333894786526,37.65029056271465,91.8,51.53337554249882,34.973986707926855,1.9380628633620205,VINTAGE CHRISTMAS STOCKING 
3.358286909242583,3.0,1.4142135623730951,0.40305608689580863,4.010408064613296,13.365981898785481,29.849999999999998,12.47361003660122,2.5969439131041914,0.7613429961383917,VINTAGE CREAM 3 BASKET CAKE STAND
4.10133884125432,4.0,0.4,0.11400147689701633,0.7239093782960536,10.417400656785972,25.4,14.258689964917973,3.885998523102984,0.2153403181513358,VINTAGE CREAM CAT FOOD CONTAINER
2.05066942062716,2.0,0.2,0.05700073844850816,0.4845062768123194,6.9722760301323445,17.0,9.543217693055336,1.942999261551492,0.1076701590756679,VINTAGE CREAM DOG FOOD CONTAINER
2.05066942062716,2.0,0.2,0.05700073844850816,0.4845062768123194,6.9722760301323445,17.0,9.543217693055336,1.942999261551492,0.1076701590756679,VINTAGE DOG FOOD CONTAINER
27.68403717846666,27.0,2.7,0.7695099690548595,4.578584315876414,65.88800848475066,160.65,90.18340719937294,26.23049003094514,1.453547147521519,VINTAGE DOILY DELUXE SEWING KIT 
30.7600413094074,30.0,3.0,0.8550110767276222,1.7784230395934544,25.592354369426957,62.400000000000006,35.02922259097959,29.14498892327238,1.6150523861350194,VINTAGE DOILY JUMBO BAG RED 
71.77342972195059,70.0,7.0,1.9950258456977867,3.890300399110684,55.983275183121464,136.5,76.62642441776785,68.00497415430222,3.768455567648374,VINTAGE DOILY TRAVEL SEWING KIT
6.1520082618814795,6.0,0.6000000000000001,0.1710022153455245,0.6412583075457169,9.228012392822219,22.5,12.630729299632064,5.828997784654476,0.3230104772270037,VINTAGE DONKEY TAIL GAME 
8.20267768250864,8.0,0.8,0.22800295379403265,1.3566175750744944,19.522372884370565,47.6,26.72100954055494,7.771997046205968,0.4306806363026716,VINTAGE GLASS COFFEE CADDY
12.304016523762959,12.0,1.2000000000000002,0.342004430691049,0.28386367747357066,4.0849334858893025,9.959999999999999,5.591202836637126,11.657995569308952,0.6460209544540074,VINTAGE GLASS T-LIGHT HOLDER
9.228012392822219,9.0,0.9,0.2565033230182869,1.526194771958807,21.962669494916884,53.550000000000004,30.061135733124313,8.743496676981714,0.4845157158405051,VINTAGE GLASS TEA CADDY
42.080330475259196,36.0,24.0,6.840088613820974,8.550110767276218,21.040165237629598,45.0,15.409723995094184,29.159911386179026,12.92041908908017,VINTAGE HEADS AND TAILS CARD GAME 
2.05066942062716,2.0,0.2,0.05700073844850816,0.3619546891480268,5.208700328392986,12.7,7.129344982458987,1.942999261551492,0.1076701590756679,VINTAGE KEEPSAKE BOX PARIS DAYS
2.05066942062716,2.0,0.2,0.05700073844850816,0.3619546891480268,5.208700328392986,12.7,7.129344982458987,1.942999261551492,0.1076701590756679,VINTAGE KEEPSAKE BOX TRAVELOGUE
24.608033047525918,24.0,2.4000000000000004,0.684008861382098,0.28728372178048117,4.134149551984354,10.08,5.658566726235165,23.315991138617903,1.2920419089080148,VINTAGE KID DOLLY CARD 
6.1520082618814795,6.0,0.6000000000000001,0.1710022153455245,0.43605564913108746,6.275048427119109,15.299999999999999,8.588895923749803,5.828997784654476,0.3230104772270037,VINTAGE KITCHEN PRINT PUDDINGS
6.1520082618814795,6.0,0.6000000000000001,0.1710022153455245,0.43605564913108746,6.275048427119109,15.299999999999999,8.588895923749803,5.828997784654476,0.3230104772270037,VINTAGE KITCHEN PRINT SEAFOOD
6.1520082618814795,6.0,0.6000000000000001,0.1710022153455245,0.8464609659603464,12.180976358525331,29.700000000000003,16.672562675514325,5.828997784654476,0.3230104772270037,VINTAGE LEAF CHOPPING BOARD  
110.73614871386664,108.0,10.8,3.078039876219438,4.360556491310871,62.750484271191105,153.0,85.88895923749801,104.92196012378056,5.814188590086076,VINTAGE LEAF MAGNETIC NOTEPAD
6.1520082618814795,6.0,0.6000000000000001,0.1710022153455245,0.5044565352692973,7.259369749020147,17.700000000000003,9.93617371571056,5.828997784654476,0.3230104772270037,VINTAGE NOTEBOOK PARIS DAYS
38.37430363863875,33.0,21.213203435596427,6.04584130343713,14.056581030491328,35.688102383934044,76.72500000000001,26.980316585574634,26.95415869656287,11.42014494207588,VINTAGE PAISLEY STATIONERY SET
6.1520082618814795,6.0,0.6000000000000001,0.1710022153455245,0.6412583075457169,9.228012392822219,22.5,12.630729299632064,5.828997784654476,0.3230104772270037,VINTAGE RED ENAMEL TRIM JUG 
24.608033047525918,24.0,2.4000000000000004,0.684008861382098,0.8550110767276226,12.304016523762959,30.0,16.84097239950942,23.315991138617903,1.2920419089080148,VINTAGE RED ENAMEL TRIM MUG 
12.304016523762959,12.0,1.2000000000000002,0.342004430691049,0.5643073106402309,8.120650905683553,19.799999999999997,11.115041783676213,11.657995569308952,0.6460209544540074,VINTAGE RED ENAMEL TRIM PLATE
36.912049571288875,36.0,3.6,1.0260132920731475,1.2825166150914344,18.456024785644438,45.0,25.261458599264127,34.973986707926855,1.9380628633620205,VINTAGE RED TEATIME MUG
24.608033047525918,24.0,2.4000000000000004,0.684008861382098,0.8550110767276226,12.304016523762959,30.0,16.84097239950942,23.315991138617903,1.2920419089080148,VINTAGE RED TRIM ENAMEL BOWL 
4.10133884125432,4.0,0.4,0.11400147689701633,0.4275055383638112,6.1520082618814795,15.0,8.42048619975471,3.885998523102984,0.2153403181513358,VINTAGE SEASIDE JIGSAW PUZZLES
12.304016523762959,12.0,1.2000000000000002,0.342004430691049,0.2907037660873917,4.1833656180794065,10.2,5.725930615833201,11.657995569308952,0.6460209544540074,VINTAGE SNAP CARDS
6.1520082618814795,6.0,0.6000000000000001,0.1710022153455245,1.1884653966513954,17.102582968030514,41.7,23.408951635318093,5.828997784654476,0.3230104772270037,VINTAGE UNION JACK APRON
18.97858636553229,14.5,17.67766952966369,5.038201086197608,42.824709232679666,64.52719364280979,123.25,15.898097124510542,9.461798913802392,9.516787451729899,VINTAGE UNION JACK BUNTING
19.657729820153584,15.0,18.384776310850235,5.239729129645511,25.936659191745278,38.9223050439041,74.25,9.391035764350619,9.76027087035449,9.897458949799095,VINTAGE UNION JACK CUSHION COVER
3.0760041309407398,3.0,0.30000000000000004,0.08550110767276226,0.5087315906529354,7.3208898316389615,17.85,10.020378577708104,2.914498892327238,0.16150523861350186,VINTAGE UNION JACK DOORSTOP
4.10133884125432,4.0,0.4,0.11400147689701633,1.1343146951253125,16.323328588192194,39.8,22.34235671668249,3.885998523102984,0.2153403181513358,VINTAGE UNION JACK MEMOBOARD
9.395717273106458,8.5,3.5355339059327378,1.0076402172395216,4.987819075335632,18.60352020075079,42.075,18.48366072391358,7.492359782760478,1.9033574903459796,VINTAGE UNION JACK SHOPPING BAG
1.02533471031358,1.0,0.1,0.02850036922425408,0.8535860582664098,12.283509829556689,29.95,16.812904112176902,0.971499630775746,0.05383507953783395,VINTAGE WOODEN BAR STOOL
205.06694206271598,200.0,20.0,5.700073844850817,9.63312479779788,138.625252834396,338.0,189.74162236780612,194.2999261551492,10.767015907566787,VIPPASSPORT COVER 
1.02533471031358,1.0,0.1,0.02850036922425408,0.05985077537093358,0.8612811566634072,2.1,1.1788680679656593,0.971499630775746,0.05383507953783395,WAKE UP COCKEREL TILE HOOK
2.05066942062716,2.0,0.2,0.05700073844850816,0.4702560922001923,6.767209088069628,16.5,9.262534819730181,1.942999261551492,0.1076701590756679,WALL ART 70'S ALPHABET 
4.10133884125432,4.0,0.4,0.11400147689701633,0.6783087875372472,9.761186442185283,23.8,13.36050477027747,3.885998523102984,0.2153403181513358,WALL ART BICYCLE SAFETY
3.0760041309407398,3.0,0.30000000000000004,0.08550110767276226,0.5942326983256977,8.551291484015257,20.85,11.704475817659047,2.914498892327238,0.16150523861350186,WALL ART BIG LOVE 
3.0760041309407398,3.0,0.30000000000000004,0.08550110767276226,0.7053841383002886,10.150813632104443,24.75,13.893802229595268,2.914498892327238,0.16150523861350186,WALL ART KEEP CALM 
6.1520082618814795,6.0,0.6000000000000001,0.1710022153455245,0.8464609659603464,12.180976358525331,29.700000000000003,16.672562675514325,5.828997784654476,0.3230104772270037,WALL ART ONLY ONE PERSON 
4.10133884125432,4.0,0.4,0.11400147689701633,0.6783087875372472,9.761186442185283,23.8,13.36050477027747,3.885998523102984,0.2153403181513358,WALL ART STOP FOR TEA 
4.10133884125432,4.0,0.4,0.11400147689701633,0.7923102644342634,11.401721978687009,27.8,15.605967756878727,3.885998523102984,0.2153403181513358,WALL ART THE MAGIC FOREST 
3.0760041309407398,3.0,0.30000000000000004,0.08550110767276226,0.4232304829801732,6.090488179262666,14.850000000000001,8.336281337757162,2.914498892327238,0.16150523861350186,WALL ART WORK REST AND PLAY  
8.20267768250864,8.0,0.8,0.22800295379403265,3.408644159220788,49.052012541401666,119.6,67.13934329937754,7.771997046205968,0.4306806363026716,WALL MOUNTED VINTAGE ORGANISER
155.37430363863874,150.0,21.213203435596427,6.045841303437134,11.697623307632385,120.24861285176078,290.2232142857143,158.2769781263211,143.95415869656287,11.420144942075865,WALL TIDY RETROSPOT 
47.711176913413624,37.5,40.30508652763321,11.487098476530544,29.292101115152885,48.6654004516819,95.625,17.667498433165218,26.012901523469456,21.69827538994417,WASH BAG VINTAGE ROSE PAISLEY
74.1497214554555,72.0,8.48528137423857,2.4183365213748487,4.715756216680955,57.8367827352553,140.4,77.84746104806375,69.58166347862515,4.56805797683036,WATERING CAN BLUE ELEPHANT
21.53202891658518,21.0,2.1,0.5985077537093352,0.7481346921366689,10.76601445829259,26.25,14.735850849570742,20.401492246290665,1.1305366702945143,WATERING CAN GARDEN MARKER
64.299442910911,60.0,16.97056274847714,4.8366730427497036,9.28641224207943,49.381972155579646,115.19999999999999,56.53161560234091,55.1633269572503,9.136115953660699,WATERING CAN GREEN DINOSAUR
93.50800836469809,91.0,9.899494936611665,2.821392608270659,5.501715586127784,72.9362465244645,177.45,99.01203788940771,88.17860739172934,5.329400972968742,WATERING CAN PINK BUNNY
8.20267768250864,8.0,0.8,0.22800295379403265,0.38532499191191516,5.545010113375841,13.52,7.589664894712244,7.771997046205968,0.4306806363026716,WATERING CAN SINGLE HOOK PISTACHIO
6.1520082618814795,6.0,0.6000000000000001,0.1710022153455245,1.4535188304369584,20.916828090397033,51.0,28.629653079166008,5.828997784654476,0.3230104772270037,WEEKEND BAG VINTAGE ROSE PAISLEY
1.02533471031358,1.0,0.1,0.02850036922425408,0.36337970760923954,5.229207022599258,12.75,7.157413269791502,0.971499630775746,0.05383507953783395,WHEELBARROW FOR CHILDREN 
1.02533471031358,1.0,0.1,0.02850036922425408,0.36337970760923954,5.229207022599258,12.75,7.157413269791502,0.971499630775746,0.05383507953783395,WHITE BAROQUE WALL CLOCK 
6.1520082618814795,6.0,0.6000000000000001,0.1710022153455245,0.5044565352692973,7.259369749020147,17.700000000000003,9.93617371571056,5.828997784654476,0.3230104772270037,WHITE BROCANTE SOAP DISH
2.05066942062716,2.0,0.2,0.05700073844850816,0.08265107075033683,1.1893882639637525,2.9,1.6279606652859107,1.942999261551492,0.1076701590756679,WHITE CANDYSTUFT ARTIFICIAL FLOWER
12.304016523762959,12.0,1.2000000000000002,0.342004430691049,0.5643073106402309,8.120650905683553,19.799999999999997,11.115041783676213,11.657995569308952,0.6460209544540074,WHITE DOVE HONEYCOMB PAPER GARLAND
1.02533471031358,1.0,0.1,0.02850036922425408,0.08407608921154955,1.2098949581700245,2.95,1.6560289526184262,0.971499630775746,0.05383507953783395,WHITE GOOSE FEATHER CHRISTMAS TREE 
12.304016523762959,12.0,1.2000000000000002,0.342004430691049,0.6669086398475456,9.597132888535109,23.4,13.135958471617345,11.657995569308952,0.6460209544540074,WHITE GOOSE FEATHER TREE 60CM 
22.021760581655748,18.0,15.874507866387544,4.5242933544537065,13.346665395638437,25.98567748635379,53.10000000000001,13.767657118007781,13.475706645546293,8.546053936109455,WHITE HANGING HEART T-LIGHT HOLDER
8.20267768250864,8.0,0.8,0.22800295379403265,0.6589285364647544,9.482295400979988,23.12,12.978776062555259,7.771997046205968,0.4306806363026716,WHITE HEARTS WIRE PLANT POT HOLDER
24.608033047525918,24.0,2.4000000000000004,0.684008861382098,0.5814075321747834,8.366731236158813,20.4,11.451861231666403,23.315991138617903,1.2920419089080148,WHITE JEWELLED HEART DECORATION
24.608033047525918,24.0,2.4000000000000004,0.684008861382098,2.3187900400853123,33.36849281244515,81.36,45.67271714746954,23.315991138617903,1.2920419089080148,WHITE METAL LANTERN
12.304016523762959,12.0,1.2000000000000002,0.342004430691049,0.4275055383638113,6.1520082618814795,15.0,8.42048619975471,11.657995569308952,0.6460209544540074,"WHITE PEARL BEADED HEART, SMALL"
193.7882602492666,189.0,18.900000000000002,5.38656978338402,10.503811077598838,151.15484299442795,368.55,206.89134592797322,183.61343021661597,10.174830032650647,WHITE RETRODISC LAMPSHADE
418.33656180794065,408.0,40.800000000000004,11.628150643495648,13.558423650315925,195.11217242722353,475.72799999999995,267.0574039224605,396.37184935650436,21.9647124514363,WHITE ROCKING HORSE HAND PAINTED
12.149721455455502,10.0,8.48528137423857,2.4183365213748504,9.371054020327545,18.832068255956028,38.75,10.546877723716428,7.581663478625149,4.568057976830353,WHITE SKULL HOT WATER BOTTLE 
129.2811566634072,108.0,84.0,23.94031014837341,30.670197334527266,66.2494105035149,138.35999999999999,41.440392161957824,84.05968985162659,45.2214668117806,WHITE SPOT BLUE CERAMIC DRAWER KNOB
207.93379686404495,176.0,126.04761005270984,35.92403426337029,45.946319184672866,106.37772506233024,225.1014492753623,72.7774050283592,140.0759657366297,67.85783112741524,WHITE SPOT RED CERAMIC DRAWER KNOB
12.304016523762959,12.0,1.2000000000000002,0.342004430691049,0.22230287994918188,3.1990442961783696,7.800000000000001,4.378652823872449,11.657995569308952,0.6460209544540074,WHITE SQUARE TABLE CLOCK
4.10133884125432,4.0,0.4,0.11400147689701633,0.7923102644342634,11.401721978687009,27.8,15.605967756878727,3.885998523102984,0.2153403181513358,WHITE STITCHED CUSHION COVER
20.5066942062716,20.0,2.0,0.5700073844850809,0.7125092306063512,10.2533471031358,25.0,14.03414366625785,19.42999261551492,1.0767015907566808,WHITE STITCHED WALL CLOCK
8.791434546212914,7.0,7.0710678118654755,2.015280434479044,8.363413803088031,14.593781346713437,29.049999999999997,6.0928048501985295,4.984719565520956,3.8067149806919574,"WHITE TEA,COFFEE,SUGAR JARS"
6.1520082618814795,6.0,0.6000000000000001,0.1710022153455245,0.3591046522256015,5.1676869399804435,12.600000000000001,7.073208407793956,5.828997784654476,0.3230104772270037,WHITE WICKER STAR 
7.17734297219506,7.0,0.7000000000000001,0.19950258456977843,1.9850507164692952,28.565825029336338,69.64999999999999,39.09912425419436,6.800497415430222,0.3768455567648381,WHITE WOOD GARDEN PLANT LADDER
36.912049571288875,36.0,3.6,1.0260132920731475,0.5643073106402312,8.120650905683554,19.8,11.115041783676215,34.973986707926855,1.9380628633620205,WHITE/BLUE PULL BACK RACING CAR
10.75400418234904,9.5,4.949747468305833,1.4106963041353302,9.892507832749004,30.16498173148906,66.61875,26.561260435761938,8.08930369586467,2.664700486484371,WOOD BLACK BOARD ANT WHITE FINISH
13.433147636970332,12.0,5.656854249492381,1.6122243475832345,13.623295737078331,45.40403901295972,101.39999999999999,42.37266524996194,10.387775652416765,3.045371984553567,WOOD S/3 CABINET ANT WHITE FINISH
12.304016523762959,12.0,1.2000000000000002,0.342004430691049,0.28386367747357066,4.0849334858893025,9.959999999999999,5.591202836637126,11.657995569308952,0.6460209544540074,WOOD STAMP SET BEST WISHES
20.1497214554555,18.0,8.48528137423857,2.4183365213748518,2.998737286504816,9.994261841905928,22.32,9.327000871589256,15.581663478625149,4.5680579768303495,WOOD STAMP SET FLOWERS
49.216066095051836,48.0,4.800000000000001,1.368017722764196,1.1354547098942827,16.33973394355721,39.839999999999996,22.364811346548503,46.63198227723581,2.5840838178160297,WOOD STAMP SET HAPPY BIRTHDAY
24.608033047525918,24.0,2.4000000000000004,0.684008861382098,0.5677273549471413,8.169866971778605,19.919999999999998,11.182405673274252,23.315991138617903,1.2920419089080148,WOOD STAMP SET THANK YOU
12.304016523762959,12.0,1.2000000000000002,0.342004430691049,0.2907037660873917,4.1833656180794065,10.2,5.725930615833201,11.657995569308952,0.6460209544540074,WOOD STOCKING CHRISTMAS SCANDISPOT
2.05066942062716,2.0,0.2,0.05700073844850816,0.9661625167022133,13.903538671852145,33.9,19.03029881144564,1.942999261551492,0.1076701590756679,WOODEN ADVENT CALENDAR CREAM
12.304016523762959,12.0,1.2000000000000002,0.342004430691049,4.25795516210356,61.27400228833954,149.39999999999998,83.86804254955688,11.657995569308952,0.6460209544540074,WOODEN ADVENT CALENDAR RED
18.456024785644438,18.0,1.8,0.5130066460365738,4.591409482027335,66.0725687326071,161.1,90.43602178536557,17.486993353963427,0.9690314316810102,WOODEN BOX ADVENT CALENDAR 
205.79665746546598,180.0,101.82337649086284,29.02003825649822,35.72366709374931,101.33427413599546,221.58,84.52205877025524,150.97996174350178,54.81669572196421,WOODEN BOX OF DOMINOES
11.433147636970332,10.0,5.656854249492381,1.6122243475832345,21.60380625761534,61.281671334160976,134.0,51.114522408223685,8.387775652416765,3.045371984553567,WOODEN CROQUET GARDEN SET
56.1497214554555,54.0,8.48528137423857,2.4183365213748518,7.134092738055813,66.2566713174375,159.3,85.9092359445067,51.581663478625146,4.568057976830353,WOODEN FRAME ANTIQUE WHITE 
21.040165237629598,18.0,12.0,3.420044306910487,10.089130705385939,24.827394980402932,53.10000000000001,18.18347431421114,14.579955693089513,6.460209544540085,WOODEN HAPPY BIRTHDAY GARLAND
24.608033047525918,24.0,2.4000000000000004,0.684008861382098,0.38988505098779586,5.610631534835909,13.68,7.679483414176295,23.315991138617903,1.2920419089080148,WOODEN HEART CHRISTMAS SCANDINAVIAN
47.46518109576267,36.0,45.254833995939045,12.897794780665876,54.17073807879668,79.74150424088128,151.20000000000002,17.287757680322052,23.102205219334124,24.362975876428543,WOODEN OWLS LIGHT GARLAND 
88.7486072772775,78.0,42.42640687119285,12.09168260687426,31.13608271270122,91.41106549559582,200.85000000000002,78.30285179170298,65.90831739312574,22.84028988415176,WOODEN PICTURE FRAME WHITE FINISH
3.0760041309407398,3.0,0.30000000000000004,0.08550110767276226,0.5087315906529354,7.3208898316389615,17.85,10.020378577708104,2.914498892327238,0.16150523861350186,WOODEN REGATTA BUNTING
2.05066942062716,2.0,0.2,0.05700073844850816,0.4845062768123194,6.9722760301323445,17.0,9.543217693055336,1.942999261551492,0.1076701590756679,WOODEN ROUNDERS GARDEN SET 
101.19777164364399,84.0,67.88225099390856,19.346692170998814,31.922042082148042,66.79052928480503,138.6,39.88742863304692,64.65330782900119,36.544463814642796,WOODEN SCHOOL COLOURING SET
15.3800206547037,15.0,1.5,0.4275055383638111,6.362707429314722,91.56238963100269,223.25,125.32490293968257,14.57249446163619,0.8075261930675097,WOODEN SKITTLES GARDEN SET
44.1497214554555,42.0,8.48528137423857,2.4183365213748518,1.3784518171836655,10.066136491843853,23.939999999999998,12.49541169097248,39.581663478625146,4.568057976830353,WOODEN STAR CHRISTMAS SCANDINAVIAN
60.449164366366496,54.0,25.45584412271571,7.255009564124555,4.135355451550996,13.78240947553156,30.779999999999998,12.86223507291744,46.744990435875444,13.704173930491052,WOODEN TREE CHRISTMAS SCANDINAVIAN
12.304016523762959,12.0,1.2000000000000002,0.342004430691049,2.0349263626117415,29.283559326555846,71.4,40.08151431083242,11.657995569308952,0.6460209544540074,WOODEN UNION JACK BUNTING
101.92150976773935,84.0,70.73895673530957,20.160863854948566,59.47454837209828,120.26738152593248,247.80000000000004,68.05807010196928,63.839136145051434,38.08237362268792,WOODLAND  HEIGHT CHART STICKERS 
200.99812430055673,164.33333333333334,144.72157176224053,41.24618229938237,35.059254954475016,68.3393622621893,139.68333333333334,36.284716116669024,123.08715103395097,77.91097326660575,WOODLAND  STICKERS
135.34418176139255,132.0,13.200000000000001,3.7620487376015395,6.20738041704254,89.32715996251909,217.79999999999998,122.26545962043835,128.23795126239847,7.10623049899408,WOODLAND ANIMAL  WRITING SET 
116.88815697574812,114.0,11.4,3.2490420915649634,6.758007550455124,97.25094660382244,237.12,133.11104584572243,110.75095790843504,6.137199067313077,WOODLAND BUNNIES LOLLY MAKERS
1038.7850279671716,853.3333333333334,732.006375199925,208.62451967705712,176.7790253552705,352.0878659554393,723.0762481962482,194.2093568855384,644.7088136562762,394.07621431089535,WOODLAND CHARLOTTE BAG
270.3525059062986,214.0,222.4320120845918,63.393944717046054,142.6363756133536,243.31725531566872,481.5,95.54636907097768,150.60605528295395,119.74645062334463,WOODLAND DESIGN  COTTON TOTE BAG
24.608033047525918,24.0,2.4000000000000004,0.684008861382098,0.8550110767276226,12.304016523762959,30.0,16.84097239950942,23.315991138617903,1.2920419089080148,WOODLAND LARGE RED FELT HEART
90.22945450759504,88.0,8.8,2.5080324917343577,10.408334840697586,149.78089448260778,365.20000000000005,205.01077067669468,85.49196750826565,4.737486999329391,WOODLAND MINI BACKPACK
263.61092268609104,218.0,180.033330247485,51.310163847253904,84.57175251665797,173.79821885163685,359.3175438596491,100.9475724913543,166.6898361527461,96.92108653334495,WOODLAND PARTY BAG + STICKER SET
73.82409914257775,72.0,7.2,2.052026584146295,1.7031820648414246,24.50960091533581,59.75999999999999,33.54721701982275,69.94797341585371,3.876125726724041,WOODLAND SMALL BLUE FELT HEART
49.216066095051836,48.0,4.800000000000001,1.368017722764196,1.1354547098942827,16.33973394355721,39.839999999999996,22.364811346548503,46.63198227723581,2.5840838178160297,WOODLAND SMALL PINK FELT HEART
61.5200826188148,60.0,6.0,1.7100221534552444,1.4193183873678528,20.424667429446515,49.8,27.95601418318563,58.28997784654476,3.230104772270039,WOODLAND SMALL RED FELT HEART
42.866295273940665,40.0,11.313708498984761,3.224448695166469,9.297160404396653,49.4391272159449,115.33333333333333,56.59704571299177,36.77555130483353,6.0907439691071374,WOODLAND STORAGE BOX LARGE 
48.866295273940665,46.0,11.313708498984761,3.224448695166469,6.670578238125633,40.43685933918591,95.16250000000001,48.055062422688465,42.77555130483353,6.0907439691071374,WOODLAND STORAGE BOX SMALL
211.4435934754765,162.0,195.16147160748713,55.621739991621595,47.278478992878355,71.89082178166201,137.7,18.53069922545962,106.3782600083784,105.06533346709809,WOODLAND WATER TRANSFER TATTOOS 
49.216066095051836,48.0,4.800000000000001,1.368017722764196,4.035652282154379,58.074957992161174,141.60000000000002,79.48938972568448,46.63198227723581,2.5840838178160297,WOOLLY HAT SOCK GLOVE ADVENT STRING
98.43213219010367,96.0,9.600000000000001,2.736035445528392,0.7934502792032336,11.418127334052025,27.839999999999996,15.62842238674474,93.26396455447161,5.168167635632059,WORLD WAR 2 GLIDERS ASSTD DESIGNS
76.9001032735185,75.0,7.5,2.1375276918190558,0.8977616305640034,12.919217349951108,31.5,17.68302101948489,72.86247230818094,4.037630965337556,WRAP  VINTAGE DOILY 
205.06694206271598,200.0,20.0,5.700073844850817,2.394031014837343,34.45124626653629,84.0,47.15472271862637,194.2999261551492,10.767015907566787,WRAP 50'S  CHRISTMAS
76.9001032735185,75.0,7.5,2.1375276918190558,0.8977616305640034,12.919217349951108,31.5,17.68302101948489,72.86247230818094,4.037630965337556,WRAP ALPHABET DESIGN
51.266735515678995,50.0,5.0,1.4250184612127041,0.5985077537093357,8.612811566634072,21.0,11.788680679656592,48.5749815387873,2.6917539768916967,WRAP ALPHABET POSTER  
58.95717273106458,50.0,35.35533905932738,10.076402172395216,1.0076402172395216,2.3582869092425836,5.0,1.6340728735178949,39.92359782760478,19.0335749034598,WRAP BAD HAIR DAY
76.9001032735185,75.0,7.5,2.1375276918190558,0.8977616305640034,12.919217349951108,31.5,17.68302101948489,72.86247230818094,4.037630965337556,WRAP BILLBOARD FONTS DESIGN
51.266735515678995,50.0,5.0,1.4250184612127041,0.5985077537093357,8.612811566634072,21.0,11.788680679656592,48.5749815387873,2.6917539768916967,WRAP BIRD GARDEN 
51.266735515678995,50.0,5.0,1.4250184612127041,0.5985077537093357,8.612811566634072,21.0,11.788680679656592,48.5749815387873,2.6917539768916967,WRAP BLIZZARD
25.633367757839498,25.0,2.5,0.7125092306063521,0.29925387685466787,4.306405783317036,10.5,5.894340339828296,24.28749076939365,1.3458769884458484,WRAP BLUE REINDEER
41.978586365532294,37.5,17.67766952966369,5.038201086197606,2.1160444562029945,7.052402509409426,15.75,6.58155303438758,32.4617989138024,9.516787451729897,WRAP BLUE RUSSIAN FOLKART
25.633367757839498,25.0,2.5,0.7125092306063521,0.29925387685466787,4.306405783317036,10.5,5.894340339828296,24.28749076939365,1.3458769884458484,WRAP CAROUSEL
25.633367757839498,25.0,2.5,0.7125092306063521,0.1353767538152069,1.9481359495958022,4.75,2.6664872965889908,24.28749076939365,1.3458769884458484,WRAP CHRISTMAS SCREEN PRINT
76.9001032735185,75.0,7.5,2.1375276918190558,0.8977616305640034,12.919217349951108,31.5,17.68302101948489,72.86247230818094,4.037630965337556,WRAP CHRISTMAS VILLAGE
158.9571727310646,150.0,35.35533905932738,10.076402172395213,4.23208891240599,26.704805018818856,63.00000000000001,32.06310606877516,139.9235978276048,19.033574903459794,WRAP CIRCUS PARADE
91.9785863655323,87.5,17.67766952966369,5.038201086197606,2.1160444562029945,15.452402509409426,36.75,19.18155303438758,82.4617989138024,9.516787451729897,WRAP COWBOYS  
51.266735515678995,50.0,5.0,1.4250184612127041,0.5985077537093357,8.612811566634072,21.0,11.788680679656592,48.5749815387873,2.6917539768916967,WRAP DAISY CARPET 
205.06694206271598,200.0,20.0,5.700073844850817,2.394031014837343,34.45124626653629,84.0,47.15472271862637,194.2999261551492,10.767015907566787,WRAP DOILEY DESIGN
76.9001032735185,75.0,7.5,2.1375276918190558,0.8977616305640034,12.919217349951108,31.5,17.68302101948489,72.86247230818094,4.037630965337556,WRAP DOLLY GIRL
91.9785863655323,87.5,17.67766952966369,5.038201086197606,2.1160444562029945,15.452402509409426,36.75,19.18155303438758,82.4617989138024,9.516787451729897,WRAP ENGLISH ROSE 
51.266735515678995,50.0,5.0,1.4250184612127041,0.5985077537093357,8.612811566634072,21.0,11.788680679656592,48.5749815387873,2.6917539768916967,WRAP FLOWER SHOP  
25.633367757839498,25.0,2.5,0.7125092306063521,0.29925387685466787,4.306405783317036,10.5,5.894340339828296,24.28749076939365,1.3458769884458484,WRAP FOLK ART
51.266735515678995,50.0,5.0,1.4250184612127041,0.5985077537093357,8.612811566634072,21.0,11.788680679656592,48.5749815387873,2.6917539768916967,WRAP GINGHAM ROSE 
128.1668387891975,125.0,12.5,3.5625461530317564,1.4962693842733379,21.532028916585183,52.50000000000001,29.471701699141487,121.43745384696824,6.7293849422292595,WRAP GREEN PEARS 
41.978586365532294,37.5,17.67766952966369,5.038201086197606,2.1160444562029945,7.052402509409426,15.75,6.58155303438758,32.4617989138024,9.516787451729897,WRAP GREEN RUSSIAN FOLKART 
51.266735515678995,50.0,5.0,1.4250184612127041,0.5985077537093357,8.612811566634072,21.0,11.788680679656592,48.5749815387873,2.6917539768916967,WRAP I LOVE LONDON 
25.633367757839498,25.0,2.5,0.7125092306063521,0.29925387685466787,4.306405783317036,10.5,5.894340339828296,24.28749076939365,1.3458769884458484,WRAP MAGIC FOREST 
66.9785863655323,62.5,17.67766952966369,5.038201086197606,2.1160444562029945,11.252402509409427,26.25,12.88155303438758,57.4617989138024,9.516787451729897,WRAP MONSTER FUN 
76.9001032735185,75.0,7.5,2.1375276918190558,0.8977616305640034,12.919217349951108,31.5,17.68302101948489,72.86247230818094,4.037630965337556,WRAP PAISLEY PARK 
66.9785863655323,62.5,17.67766952966369,5.038201086197606,2.1160444562029945,11.252402509409427,26.25,12.88155303438758,57.4617989138024,9.516787451729897,WRAP PINK FAIRY CAKES 
153.800206547037,150.0,15.0,4.2750553836381116,1.7955232611280068,25.838434699902216,63.0,35.36604203896978,145.72494461636188,8.075261930675111,WRAP POPPIES  DESIGN
368.85010455872606,337.5,123.74368670764582,35.26740760338324,14.812311193420962,61.966817565865995,141.75,64.97087124071304,302.2325923966168,66.61751216210928,WRAP RED APPLES 
76.9001032735185,75.0,7.5,2.1375276918190558,0.8977616305640034,12.919217349951108,31.5,17.68302101948489,72.86247230818094,4.037630965337556,WRAP RED DOILEY
205.06694206271598,200.0,20.0,5.700073844850817,2.394031014837343,34.45124626653629,84.0,47.15472271862637,194.2999261551492,10.767015907566787,WRAP RED VINTAGE DOILY
143.85010455872603,112.5,123.74368670764582,35.26740760338326,14.81231119342097,24.166817565865976,47.25,8.270871240713054,77.23259239661674,66.61751216210929,WRAP SUKI AND FRIENDS
76.9001032735185,75.0,7.5,2.1375276918190558,0.8977616305640034,12.919217349951108,31.5,17.68302101948489,72.86247230818094,4.037630965337556,WRAP VINTAGE LEAF DESIGN
102.53347103135799,100.0,10.0,2.8500369224254083,1.1970155074186715,17.225623133268144,42.0,23.577361359313183,97.1499630775746,5.383507953783393,WRAP VINTAGE PETALS  DESIGN
51.266735515678995,50.0,5.0,1.4250184612127041,0.5985077537093357,8.612811566634072,21.0,11.788680679656592,48.5749815387873,2.6917539768916967,WRAP WEDDING DAY
25.633367757839498,25.0,2.5,0.7125092306063521,0.29925387685466787,4.306405783317036,10.5,5.894340339828296,24.28749076939365,1.3458769884458484,"WRAP, BILLBOARD FONTS DESIGN"
76.9001032735185,75.0,7.5,2.1375276918190558,0.8977616305640034,12.919217349951108,31.5,17.68302101948489,72.86247230818094,4.037630965337556,"WRAP,SUKI AND FRIENDS"
7.17734297219506,7.0,0.7000000000000001,0.19950258456977843,0.24937823071222304,3.58867148609753,8.75,4.911950283190247,6.800497415430222,0.3768455567648381,YELLOW BROWN BEAR FELT PURSE KIT
3.0760041309407398,3.0,0.30000000000000004,0.08550110767276226,0.4232304829801732,6.090488179262666,14.850000000000001,8.336281337757162,2.914498892327238,0.16150523861350186,YELLOW COAT RACK PARIS FASHION
4.10133884125432,4.0,0.4,0.11400147689701633,0.7695099690548602,11.073614871386663,27.0,15.156875159558476,3.885998523102984,0.2153403181513358,YELLOW KNITTED KIDS RUCKSACK
12.304016523762959,12.0,1.2000000000000002,0.342004430691049,0.4275055383638113,6.1520082618814795,15.0,8.42048619975471,11.657995569308952,0.6460209544540074,YELLOW PURPLE DAISY FELT PURSE KIT
2.05066942062716,2.0,0.2,0.05700073844850816,0.4531558706656399,6.521128757594369,15.9,8.925715371739992,1.942999261551492,0.1076701590756679,YELLOW SHARK HELICOPTER
12.304016523762959,12.0,1.2000000000000002,0.342004430691049,0.5779874878678728,8.31751517006376,20.28,11.384497342068368,11.657995569308952,0.6460209544540074,YOU'RE CONFUSING ME METAL SIGN 
10.07486072772775,9.0,4.242640687119285,1.2091682606874259,1.6626063584452107,5.541173400250263,12.375,5.1712202413045265,7.7908317393125746,2.2840289884151748,YULETIDE IMAGES GIFT WRAP SET
16.40535536501728,16.0,1.6,0.4560059075880653,0.5700073844850816,8.20267768250864,20.0,11.227314933006278,15.543994092411936,0.8613612726053432,ZINC  HEART T-LIGHT HOLDER
16.40535536501728,16.0,1.6,0.4560059075880653,0.5700073844850816,8.20267768250864,20.0,11.227314933006278,15.543994092411936,0.8613612726053432,ZINC  STAR T-LIGHT HOLDER 
1.02533471031358,1.0,0.1,0.02850036922425408,0.2835786737813281,4.080832147048048,9.95,5.585589179170623,0.971499630775746,0.05383507953783395,ZINC BOX SIGN HOME
154.39554328728798,120.0,135.7645019878171,38.69338434199763,64.10204005990941,102.31278001837617,198.8,32.385179921714425,81.30661565800237,73.0889276292856,ZINC FOLKART SLEIGH BELLS
12.304016523762959,12.0,1.2000000000000002,0.342004430691049,0.4275055383638113,6.1520082618814795,15.0,8.42048619975471,11.657995569308952,0.6460209544540074,ZINC HEART LATTICE T-LIGHT HOLDER
17.75524021832639,16.0,6.928203230275509,1.9745635012352176,2.468204376544022,8.877620109163194,20.0,8.654175514292785,14.025436498764783,3.7298037195616054,ZINC METAL HEART DECORATION
24.608033047525918,24.0,2.4000000000000004,0.684008861382098,0.6498084183129931,9.351052558059848,22.799999999999997,12.799139023627156,23.315991138617903,1.2920419089080148,ZINC T-LIGHT HOLDER STAR LARGE
24.608033047525918,24.0,2.4000000000000004,0.684008861382098,0.5677273549471413,8.169866971778605,19.919999999999998,11.182405673274252,23.315991138617903,1.2920419089080148,ZINC T-LIGHT HOLDER STARS SMALL
8.20267768250864,8.0,0.8,0.22800295379403265,0.9006116674864291,12.96023073836365,31.6,17.739157594149923,7.771997046205968,0.4306806363026716,ZINC TOP  2 DOOR WOODEN SHELF 
48.643929108870346,44.0,18.33030277982336,5.224203972173363,4.440573376347358,16.538935897015918,37.4,16.42049072663672,38.77579602782664,9.868133081043709,ZINC WILLIE WINKIE  CANDLE STICK
