Description,availability,no_suppliers,standard,price_fluctuation,total_qty,total_spend,primary_supplier,risk_index,category
White Hanging Heart T-Light Holder,0.5,0.0,0.17857142857142858,0.3535714285714286,4293,7499.6838,Reliable Imports,1.0321428571428573,Strategic
Chilli Lights,0.36231884057971014,0.0,0.12318840579710146,0.5,2442,7124.808800000001,Metro Wholesale,0.9855072463768115,Strategic
Regency Cakestand Tier,0.5,0.0,0.25,0.09285714285714286,823,6288.4488,Evergreen Supply,0.8428571428571429,Strategic
Doormat Hearts,0.10714285714285714,0.0,0.10714285714285714,0.1357142857142857,1906,6214.2804,Gulf Source Co.,0.35,Leverage
Pink Paper Parasol,0.0,0.0,0.3125,0.1875,3704,5791.2009,Global Goods Ltd.,0.5,Leverage
Black Record Cover Frame,0.21176470588235294,0.0,0.15294117647058825,0.13529411764705881,2562,5761.0758,Prime Supply Partners,0.5,Leverage
Red Retrospot Cake Stand,0.21428571428571427,0.0,0.0,0.125,762,5539.7072,Reliable Imports,0.3392857142857143,Leverage
Jumbo Bag Strawberry,0.10714285714285714,0.0,0.12142857142857143,0.2714285714285714,4142,5119.9307,Summit Procurement,0.5,Leverage
Edwardian Parasol Black,0.25416666666666665,0.0,0.1375,0.1375,1729,5102.8229,Evergreen Supply,0.5291666666666667,Leverage
Colour Glass Star T-Light Holder,0.23113207547169812,0.0,0.2688679245283019,0.5,2679,5031.2193,Summit Procurement,1.0,Strategic
Vintage Union Jack Bunting,0.15,0.0,0.15,0.0,977,4966.260499999999,Summit Procurement,0.3,Leverage
Colours Silk Fan,0.33163265306122447,0.0,0.08163265306122448,0.33163265306122447,10681,4753.6829,ValueLink Distribution,0.7448979591836734,Leverage
Red Mini Dots Cutlery,0.5,0.0,0.0,0.25357142857142856,1800,4538.5696,ValueLink Distribution,0.7535714285714286,Leverage
Wood Black Board Ant White Finish,0.21785714285714286,0.0,0.09642857142857143,0.28214285714285714,1193,4303.5705,Gulf Source Co.,0.5964285714285714,Leverage
Colour Bird Ornament,0.5,0.0,0.11785714285714285,0.22142857142857142,3878,4298.6696,ValueLink Distribution,0.8392857142857143,Strategic
Red Harmonica In Box,0.2819548872180451,0.0,0.15037593984962405,0.0,5175,4210.0226999999995,Northstar Trading,0.4323308270676692,Leverage
Rabbit Night Light,0.36585365853658536,0.0,0.0,0.5,3401,3981.3102,Global Goods Ltd.,0.8658536585365854,Strategic
Party Bunting,0.28214285714285714,0.0,0.3678571428571429,0.28214285714285714,1248,3779.5631,Reliable Imports,0.9321428571428572,Strategic
Round Snack Boxes Of4 Woodland,0.13214285714285715,0.0,0.0,0.10357142857142858,1874,3762.3482,Evergreen Supply,0.2357142857142857,Leverage
Jumbo Bag Red Retrospot,0.21785714285714286,0.0,0.4107142857142857,0.14285714285714285,3060,3755.8056,Reliable Imports,0.7714285714285714,Leverage
Edwardian Parasol Natural,0.16153846153846155,0.0,0.16153846153846155,0.24615384615384617,1110,3719.5523999999996,Summit Procurement,0.5692307692307692,Leverage
Doormat Union Flag,0.23214285714285715,0.0,0.0,0.23214285714285715,807,3706.6497,ValueLink Distribution,0.4642857142857143,Leverage
Baking Retrospot,0.275,0.0,0.10714285714285714,0.1357142857142857,1054,3668.7520999999997,Evergreen Supply,0.5178571428571429,Leverage
Pink Mini Dots Cutlery,0.5,0.0,0.12857142857142856,0.20357142857142857,1435,3648.4211,ValueLink Distribution,0.8321428571428571,Strategic
Regency Teapot Roses,0.36885245901639346,0.0,0.2459016393442623,0.36885245901639346,625,3631.8931000000002,Evergreen Supply,0.9836065573770492,Strategic
Doormat Fancy Font Home Sweet Home,0.5,0.0,0.11194029850746269,0.25,919,3566.6427,Apex Merchants,0.8619402985074627,Strategic
Doormat Red Retrospot,0.22857142857142856,0.0,0.2714285714285714,0.12857142857142856,901,3527.0235000000002,Prime Supply Partners,0.6285714285714286,Leverage
Jumbo Bag Baroque Black White,0.0,0.0,0.0,0.325,2745,3526.4429,Northstar Trading,0.325,Leverage
Black Heart Card Holder,0.13924050632911392,0.0,0.0,0.0949367088607595,2516,3518.1223999999997,Global Goods Ltd.,0.23417721518987342,Leverage
Jumbo Bag Woodland Animals,0.2644927536231884,0.0,0.13768115942028986,0.0,2659,3403.2141,Prime Supply Partners,0.40217391304347827,Leverage
Red Toadstool Led Night Light,0.5,0.0,0.12142857142857143,0.5,3162,3396.8972000000003,Prime Supply Partners,1.1214285714285714,Strategic
Pink Happy Birthday Bunting,0.5,0.0,0.0,0.5,1353,3365.4932999999996,Evergreen Supply,1.0,Strategic
Babushka Nesting Boxes,0.3695652173913043,0.0,0.2554347826086957,0.34782608695652173,607,3359.0844,Apex Merchants,0.9728260869565217,Strategic
Paper Chain Kit S Christmas,0.3607142857142857,0.0,0.1392857142857143,0.5,2205,3330.3275,Metro Wholesale,1.0,Strategic
Vintage Red Kitchen Cabinet,0.21739130434782608,0.5,0.0,0.5,35,3323.1,Reliable Imports,1.2173913043478262,Strategic
Spotty Bunting,0.3678571428571429,0.0,0.23214285714285715,0.23214285714285715,978,3300.1434,Prime Supply Partners,0.8321428571428573,Strategic
Blue Mini Dots Cutlery,0.5,0.0,0.0,0.373134328358209,1325,3295.8369000000002,Reliable Imports,0.8731343283582089,Strategic
Cream Heart Card Holder,0.0,0.0,0.1392857142857143,0.22857142857142856,1874,3281.2734,ValueLink Distribution,0.3678571428571429,Leverage
Jumbo Bag Scandinavian Paisley,0.11071428571428571,0.0,0.15,0.3535714285714286,2588,3279.2571,Gulf Source Co.,0.6142857142857143,Leverage
Cook With Wine Metal Sign,0.11785714285714285,0.0,0.2357142857142857,0.13214285714285715,2677,3248.8957,Evergreen Supply,0.48571428571428565,Leverage
Tea Time Party Bunting,0.2376237623762376,0.0,0.12871287128712872,0.12871287128712872,1119,3211.3091,Northstar Trading,0.49504950495049505,Leverage
Hand Warmer Owl,0.16428571428571428,0.0,0.3357142857142857,0.0,2787,3203.1474,Northstar Trading,0.5,Leverage
Jumbo Bag Alphabet,0.3739130434782609,0.0,0.0,0.1,2302,3202.53,Metro Wholesale,0.4739130434782609,Leverage
Feltcraft Doll Molly,0.21962616822429906,0.0,0.09345794392523364,0.27102803738317754,1856,3195.6112,Apex Merchants,0.5841121495327102,Leverage
Red Retrospot Traditional Teapot,0.38839285714285715,0.0,0.11607142857142858,0.23214285714285715,717,3179.5834,Prime Supply Partners,0.7366071428571428,Leverage
Doormat New England,0.12142857142857143,0.0,0.24285714285714285,0.0,752,3118.6908000000003,Metro Wholesale,0.36428571428571427,Leverage
Jam Making With Jars,0.36666666666666664,0.0,0.10740740740740741,0.1259259259259259,1290,3095.8264,Global Goods Ltd.,0.6,Leverage
Doormat Spotty Home Sweet Home,0.15357142857142858,0.0,0.16428571428571428,0.18214285714285713,639,3055.3793,Evergreen Supply,0.5,Leverage
Jumbo Bag Owls,0.0,0.0,0.16906474820143885,0.5,2426,3007.6548,Evergreen Supply,0.6690647482014389,Leverage
Grand Chocolatecandle,0.0,0.0,0.11382113821138211,0.35772357723577236,3950,2980.473,Global Goods Ltd.,0.4715447154471545,Leverage
Recycling Bag Retrospot,0.0,0.0,0.0,0.3357142857142857,2328,2959.1038,Global Goods Ltd.,0.3357142857142857,Leverage
Set/4 White Retro Storage Cubes,0.3695652173913043,0.0,0.0,0.13043478260869565,124,2923.0718,Summit Procurement,0.5,Leverage
Chocolate Hot Water Bottle,0.2571428571428571,0.0,0.0,0.10714285714285714,935,2908.6555,Northstar Trading,0.36428571428571427,Leverage
Classic Metal Birdcage Plant Holder,0.3153846153846154,0.0,0.0,0.0,456,2906.3552,Apex Merchants,0.3153846153846154,Leverage
Jumbo Bag Pink Polkadot,0.2642857142857143,0.0,0.25,0.39285714285714285,2461,2904.6494,Global Goods Ltd.,0.907142857142857,Strategic
Cream Sweetheart Mini Chest,0.26639344262295084,0.0,0.0,0.0,357,2890.8243,Reliable Imports,0.26639344262295084,Leverage
Paper Chain Kit Vintage Christmas,0.5,0.0,0.2357142857142857,0.5,2001,2888.0665000000004,Apex Merchants,1.2357142857142858,Strategic
No Singing Metal Sign,0.10714285714285714,0.0,0.0,0.25,2190,2883.4944,Prime Supply Partners,0.35714285714285715,Leverage
Round Snack Boxes Fruits,0.0,0.0,0.13214285714285715,0.24642857142857144,1671,2880.3084,Apex Merchants,0.37857142857142856,Leverage
Small Popcorn Holder,0.11785714285714285,0.0,0.0,0.275,6186,2839.8062,Northstar Trading,0.3928571428571429,Leverage
Natural Slate Chalkboard Large,0.15053763440860216,0.0,0.0,0.5,1177,2833.1423,Northstar Trading,0.6505376344086021,Leverage
Pantry Chopping Board,0.25,0.5,0.25,0.25,853,2831.1668999999997,Northstar Trading,1.25,Strategic
Vintage Blue Kitchen Cabinet,0.0,0.5,0.2857142857142857,0.0,23,2825.35,Evergreen Supply,0.7857142857142857,Leverage
Red Hanging Heart T-Light Holder,0.38571428571428573,0.0,0.25,0.5,1505,2824.1627000000003,Gulf Source Co.,1.1357142857142857,Strategic
Egg House Painted Wood,0.09659090909090909,0.19318181818181818,0.07954545454545454,0.4034090909090909,549,2814.2861000000003,Prime Supply Partners,0.7727272727272727,Leverage
Spaceboy Lunch Box,0.0,0.0,0.24285714285714285,0.35,2159,2762.6579,Evergreen Supply,0.5928571428571429,Leverage
Red Spotty Round Cake Tins,0.08974358974358974,0.0,0.14957264957264957,0.14957264957264957,414,2760.9126,Prime Supply Partners,0.38888888888888884,Leverage
Rustic Seventeen Drawer Sideboard,0.0,0.5,0.0,0.5,27,2756.61,Metro Wholesale,1.0,Strategic
Victorian Glass Hanging T-Light,0.5,0.0,0.12142857142857143,0.5,3584,2741.3754,Apex Merchants,1.1214285714285714,Strategic
Hot Water Bottle Keep Calm,0.39545454545454545,0.0,0.25,0.1318181818181818,1032,2739.2904000000003,Prime Supply Partners,0.7772727272727273,Leverage
Doormat Keep Calm And Come In,0.15,0.0,0.15,0.375,579,2704.4629999999997,Global Goods Ltd.,0.675,Leverage
Red Woolly Hottie White Heart,0.26071428571428573,0.0,0.0,0.5,1253,2681.7219,Gulf Source Co.,0.7607142857142857,Leverage
Jumbo Bag Pink Vintage Paisley,0.0,0.0,0.0,0.14642857142857144,2790,2653.0271,Apex Merchants,0.14642857142857144,Leverage
Lunch Box I Love London,0.0,0.0,0.0,0.3865546218487395,2171,2650.8204,Prime Supply Partners,0.3865546218487395,Leverage
Doormat Fairy Cake,0.21875,0.0,0.28125,0.21428571428571427,650,2645.4527,Global Goods Ltd.,0.7142857142857143,Leverage
Knitted Union Flag Hot Water Bottle,0.5,0.0,0.0,0.3803418803418803,1171,2637.2848,Summit Procurement,0.8803418803418803,Strategic
Wood S/3 Cabinet Ant White Finish,0.09285714285714286,0.0,0.275,0.11071428571428571,525,2632.2484,Gulf Source Co.,0.4785714285714286,Leverage
Picnic Basket Wicker Small,0.0,0.0,0.13736263736263737,0.25824175824175827,599,2620.9158,Global Goods Ltd.,0.39560439560439564,Leverage
Dolly Girl Lunch Box,0.38571428571428573,0.0,0.1,0.38571428571428573,2266,2597.1304,Apex Merchants,0.8714285714285714,Strategic
Ceramic Cake Stand + Hanging Cakes,0.2463768115942029,0.0,0.0,0.2536231884057971,417,2593.9464,Summit Procurement,0.5,Leverage
Retrospot Tea Ceramic,0.225,0.0,0.0,0.26071428571428573,840,2575.1936,Apex Merchants,0.48571428571428577,Leverage
Doormat Respectable House,0.275,0.0,0.10833333333333334,0.10833333333333334,707,2567.8611,Global Goods Ltd.,0.4916666666666667,Leverage
Christmas Lights Reindeer,0.5,0.0,0.0,0.5,686,2561.567,Summit Procurement,1.0,Strategic
Cake Tins Pantry,0.11071428571428571,0.0,0.5,0.11071428571428571,775,2561.157,Metro Wholesale,0.7214285714285715,Leverage
Paper Chain Kit Retrospot,0.0,0.0,0.125,0.2392857142857143,1650,2557.6668,Metro Wholesale,0.3642857142857143,Leverage
Red Retrospot Mini Cases,0.21153846153846154,0.0,0.1076923076923077,0.13076923076923078,509,2550.5924,Summit Procurement,0.44999999999999996,Leverage
World War Gliders Asstd,0.12318840579710146,0.0,0.11231884057971014,0.15217391304347827,18802,2529.2624,Northstar Trading,0.38768115942028986,Leverage
Paper Chain Kit Empire,0.11214953271028037,0.0,0.0,0.397196261682243,1684,2514.1288,Gulf Source Co.,0.5093457943925234,Leverage
Antique Silver Tea Glass Etched,0.26785714285714285,0.0,0.25,0.37857142857142856,3194,2495.5272,ValueLink Distribution,0.8964285714285714,Strategic
Roses Regency Teacup And Saucer,0.2392857142857143,0.0,0.24285714285714285,0.0,1430,2490.6396,Northstar Trading,0.48214285714285715,Leverage
Jumbo Bag Vintage Doily,0.11428571428571428,0.0,0.2357142857142857,0.0,1940,2478.334,Reliable Imports,0.35,Leverage
Vintage Post Office Cabinet,0.34782608695652173,0.5,0.0,0.0,63,2477.5641,Apex Merchants,0.8478260869565217,Strategic
Alarm Clock Bakelike Green,0.24642857142857144,0.0,0.0,0.11785714285714285,1080,2475.5699999999997,Global Goods Ltd.,0.3642857142857143,Leverage
Rotating Silver Angels T-Light Hldr,0.18023255813953487,0.0,0.0,0.3372093023255814,1587,2473.6088999999997,Apex Merchants,0.5174418604651163,Leverage
Black/Blue Polkadot Umbrella,0.35714285714285715,0.0,0.11224489795918367,0.0,987,2458.6445,Summit Procurement,0.46938775510204084,Leverage
Box Vintage Alphabet Blocks,0.16463414634146342,0.0,0.21951219512195122,0.11585365853658537,419,2453.0705,Evergreen Supply,0.5,Leverage
Landmark Frame London Bridge,0.2608695652173913,0.5,0.5,0.0,340,2445.1099999999997,Global Goods Ltd.,1.2608695652173914,Strategic
Hot Water Bottle Tea And Sympathy,0.5,0.0,0.35714285714285715,0.18928571428571428,1106,2444.9691000000003,Reliable Imports,1.0464285714285715,Strategic
Feltcraft Cushion Butterfly,0.10952380952380952,0.0,0.10952380952380952,0.3523809523809524,1045,2436.4,Gulf Source Co.,0.5714285714285714,Leverage
Frying Pan Union Flag,0.2413793103448276,0.0,0.2672413793103448,0.0,922,2428.1074,Apex Merchants,0.5086206896551724,Leverage
Two Door Curio Cabinet,0.5,0.0,0.07317073170731707,0.1951219512195122,345,2415.4026000000003,Summit Procurement,0.7682926829268293,Leverage
Doormat Welcome Puppies,0.5,0.0,0.23118279569892472,0.12903225806451613,692,2400.6837,ValueLink Distribution,0.8602150537634409,Strategic
Tea Time Cake Stand In Gift,0.125,0.0,0.125,0.14473684210526316,317,2380.4978,Northstar Trading,0.39473684210526316,Leverage
Suki Tissues,0.3630952380952381,0.0,0.0,0.2857142857142857,13700,2376.8481,Gulf Source Co.,0.6488095238095237,Leverage
Piggy Bank Retrospot,0.31875,0.0,0.05625,0.16875,1455,2373.7229,Summit Procurement,0.54375,Leverage
Doormat English Rose,0.24561403508771928,0.0,0.35526315789473684,0.35526315789473684,522,2373.4954,Gulf Source Co.,0.956140350877193,Strategic
Hearts Hanging Decoration Rustic,0.395,0.0,0.0,0.245,1396,2367.1816,Apex Merchants,0.64,Leverage
Hanging Jam Jar T-Light Holder,0.11654135338345864,0.0,0.11278195488721804,0.38345864661654133,4766,2360.1564,Apex Merchants,0.612781954887218,Leverage
Doormat Union Jack Guns And Roses,0.35714285714285715,0.0,0.0,0.14285714285714285,647,2321.6517,Evergreen Supply,0.5,Leverage
Botanical Gardens Wall Clock,0.5,0.5,0.5,0.0,168,2318.904,ValueLink Distribution,1.5,Strategic
Please One Person Metal Sign,0.0,0.0,0.09642857142857143,0.11785714285714285,1990,2318.475,ValueLink Distribution,0.2142857142857143,Leverage
Regency Cake Tins,0.4027777777777778,0.0,0.2175925925925926,0.4027777777777778,710,2316.1814,ValueLink Distribution,1.0231481481481481,Strategic
Jumbo Storage Bag Skulls,0.5,0.0,0.175,0.5,1861,2307.8762,Apex Merchants,1.175,Strategic
Wall Art Keep Calm,0.0,0.5,0.21428571428571427,0.21428571428571427,766,2305.2822,Northstar Trading,0.9285714285714286,Strategic
Jumbo Storage Bag Suki,0.21785714285714286,0.0,0.2357142857142857,0.0,2002,2297.0808,Summit Procurement,0.45357142857142857,Leverage
Small Chinese Style Scissor,0.0,0.5,0.30357142857142855,0.19642857142857142,10967,2280.6067000000003,Northstar Trading,1.0,Strategic
Jumbo Bag Apples,0.1651376146788991,0.0,0.0,0.1834862385321101,1648,2273.0502,Metro Wholesale,0.3486238532110092,Leverage
French Blue Metal Door Sign,0.32222222222222224,0.06111111111111111,0.13472222222222222,0.22777777777777777,2886,2268.1121,Northstar Trading,0.7458333333333333,Leverage
Cake Stand Lovebird Tier Pink,0.5,0.0,0.0,0.0,504,2266.7718,Global Goods Ltd.,0.5,Leverage
Pink Cream Felt Craft Trinket Box,0.12857142857142856,0.0,0.1357142857142857,0.12857142857142856,2813,2257.7004,Metro Wholesale,0.3928571428571428,Leverage
Mini Paint Vintage,0.0,0.0,0.1326530612244898,0.25510204081632654,6517,2249.9183,Northstar Trading,0.3877551020408163,Leverage
Doormat Topiary,0.22151898734177214,0.0,0.06329113924050633,0.27848101265822783,651,2247.0926,Global Goods Ltd.,0.5632911392405062,Leverage
Gin + Tonic Diet Metal Sign,0.2857142857142857,0.0,0.375,0.16071428571428573,1784,2244.6597,Reliable Imports,0.8214285714285714,Strategic
Plasters In Tin Woodland Animals,0.0,0.0,0.1392857142857143,0.2642857142857143,1968,2244.2304,Reliable Imports,0.4035714285714286,Leverage
Tea Time Kitchen Apron,0.5,0.0,0.0,0.5,603,2230.7987,Gulf Source Co.,1.0,Strategic
Grow A Flytrap Or Sunflower In,0.17647058823529413,0.0,0.14705882352941177,0.17647058823529413,2670,2212.107,Evergreen Supply,0.5,Leverage
Jumbo Bag Toys,0.3446601941747573,0.0,0.23300970873786409,0.23300970873786409,1905,2198.1875,Reliable Imports,0.8106796116504854,Strategic
Ivory Kitchen Scales,0.5,0.0,0.23214285714285715,0.3892857142857143,391,2188.0904,Evergreen Supply,1.1214285714285714,Strategic
Colour Mini Cases,0.38181818181818183,0.0,0.12727272727272726,0.12727272727272726,454,2183.5568,ValueLink Distribution,0.6363636363636362,Leverage
Hand Warmer Scotty Dog,0.5,0.0,0.0,0.0,1887,2183.343,Reliable Imports,0.5,Leverage
Polkadot Cutlery In Tray,0.5,0.5,0.0,0.0,300,2173.026,Apex Merchants,1.0,Strategic
Lunch Bag Black Skull,0.15,0.0,0.12857142857142856,0.12857142857142856,1985,2171.749,Reliable Imports,0.40714285714285714,Leverage
Feltcraft Cushion Rabbit,0.12980769230769232,0.0,0.22115384615384615,0.40865384615384615,975,2162.42,Northstar Trading,0.7596153846153846,Leverage
Large Zinc Heart Wall Organiser,0.0,0.5,0.0,0.0,541,2162.0771,Northstar Trading,0.5,Leverage
Home Sweet Home Mug,0.28,0.0,0.135,0.11,2796,2160.5499999999997,ValueLink Distribution,0.525,Leverage
Coloured Flying Ducks,0.5,0.5,0.0,0.5,683,2139.7831,ValueLink Distribution,1.5,Strategic
Hand Over The Chocolate Sign,0.22142857142857142,0.0,0.20714285714285716,0.2785714285714286,1741,2138.1023,Reliable Imports,0.7071428571428572,Leverage
Natural Slate Heart Chalkboard,0.12857142857142856,0.0,0.12857142857142856,0.24642857142857144,1226,2124.6441,Summit Procurement,0.5035714285714286,Leverage
Green Regency Teacup And Saucer,0.35714285714285715,0.0,0.14285714285714285,0.14285714285714285,1165,2111.7192999999997,Prime Supply Partners,0.6428571428571428,Leverage
Wooden Frame Antique White,0.24642857142857144,0.0,0.25,0.125,1149,2092.9335,Global Goods Ltd.,0.6214285714285714,Leverage
Wooden Croquet Garden,0.5,0.0,0.4127906976744186,0.0,244,2091.3724,Evergreen Supply,0.9127906976744187,Strategic
Recipe Box Pantry Yellow,0.12857142857142856,0.0,0.10714285714285714,0.1,1090,2085.82,Global Goods Ltd.,0.33571428571428574,Leverage
Heart Wicker Large,0.12142857142857143,0.0,0.26071428571428573,0.0,1201,2085.118,Gulf Source Co.,0.3821428571428572,Leverage
Strawberry Ceramic Trinket Box,0.1357142857142857,0.0,0.12142857142857143,0.24642857142857144,2460,2081.0304,Summit Procurement,0.5035714285714286,Leverage
Retrospot Tea Coffee Sugar,0.125,0.0,0.0,0.20238095238095238,653,2074.4211,Metro Wholesale,0.3273809523809524,Leverage
Hanging Heart Jar T-Light Holder,0.5,0.0,0.2357142857142857,0.5,2641,2071.089,Apex Merchants,1.2357142857142858,Strategic
Jumbo Shopper Vintage Red Paisley,0.0,0.0,0.26071428571428573,0.1357142857142857,2054,2068.833,Global Goods Ltd.,0.39642857142857146,Leverage
Alarm Clock Bakelike Pink,0.0,0.0,0.0,0.24152542372881355,964,2068.4494,Reliable Imports,0.24152542372881355,Leverage
Hot Water Bottle I Am So,0.3483606557377049,0.0,0.0,0.10655737704918032,686,2068.1049,Reliable Imports,0.45491803278688525,Leverage
Blue Happy Birthday Bunting,0.5,0.0,0.2653061224489796,0.5,701,2059.4982999999997,Global Goods Ltd.,1.2653061224489797,Strategic
Wicker Oval Baskets W Lids,0.29545454545454547,0.5,0.29545454545454547,0.20454545454545456,262,2043.8874,Apex Merchants,1.2954545454545454,Strategic
Flower Colour Leis,0.5,0.0,0.0,0.14583333333333334,6541,2037.9522,Metro Wholesale,0.6458333333333334,Leverage
Tea Time Tea Towels,0.14492753623188406,0.0,0.0,0.5,1617,2037.8233999999998,Summit Procurement,0.644927536231884,Leverage
Memo Board Cottage,0.0,0.0,0.0,0.38613861386138615,767,2031.2730999999999,Evergreen Supply,0.38613861386138615,Leverage
Empire Rosette,0.26,0.5,0.0,0.24,4051,2027.2032000000002,Reliable Imports,1.0,Strategic
Paper Bunting Retrospot,0.0,0.0,0.16428571428571428,0.18214285714285713,1181,2024.3046,Apex Merchants,0.3464285714285714,Leverage
Doormat Peace On Earth Blue,0.5,0.5,0.5,0.24074074074074073,695,2020.5388999999998,Apex Merchants,1.7407407407407407,Strategic
Wooden Union Jack Bunting,0.15816326530612246,0.0,0.0,0.34183673469387754,477,2014.4882999999998,ValueLink Distribution,0.5,Leverage
Grey Heart Hot Water Bottle,0.15,0.0,0.0,0.18928571428571428,850,2012.5488,ValueLink Distribution,0.3392857142857143,Leverage
Gumball Coat Rack,0.35,0.0,0.15,0.39285714285714285,1345,1997.8624,Reliable Imports,0.8928571428571428,Strategic
Red Retrospot Umbrella,0.37916666666666665,0.0,0.12083333333333333,0.12083333333333333,589,1997.6919,ValueLink Distribution,0.6208333333333333,Leverage
Small Glass Heart Trinket Pot,0.27314814814814814,0.0,0.11574074074074074,0.35185185185185186,1636,1995.1732000000002,Prime Supply Partners,0.7407407407407407,Leverage
Hand Warmer Union Jack,0.112,0.0,0.268,0.256,1529,1987.4399999999998,Gulf Source Co.,0.636,Leverage
Afghan Slipper Sock Pair,0.2,0.5,0.0,0.0,1035,1982.4360000000001,Evergreen Supply,0.7,Leverage
Wood Drawer Cabinet White Finish,0.0,0.0,0.10357142857142858,0.29285714285714287,548,1973.1738,Reliable Imports,0.39642857142857146,Leverage
Glass Jar Digestive Biscuits,0.14444444444444443,0.0,0.14444444444444443,0.35555555555555557,951,1968.721,Apex Merchants,0.6444444444444444,Leverage
Strawberry Lunch Box With Cutlery,0.125,0.0,0.125,0.1357142857142857,1131,1965.5054,Apex Merchants,0.3857142857142857,Leverage
Retrospot Heart Hot Water Bottle,0.0,0.0,0.13214285714285715,0.13214285714285715,717,1964.9206,Reliable Imports,0.2642857142857143,Leverage
Fawn Blue Hot Water Bottle,0.36904761904761907,0.0,0.10714285714285714,0.25396825396825395,1056,1960.9296,Northstar Trading,0.7301587301587302,Leverage
Bag Swirly Marbles,0.09424083769633508,0.0,0.0968586387434555,0.1544502617801047,4620,1955.5318,Evergreen Supply,0.3455497382198953,Leverage
Plasters In Tin Circus Parade,0.14285714285714285,0.0,0.13214285714285715,0.11071428571428571,1750,1952.9022,Apex Merchants,0.38571428571428573,Leverage
Alarm Clock Bakelike Red,0.35714285714285715,0.0,0.14285714285714285,0.40714285714285714,811,1949.4935,Gulf Source Co.,0.9071428571428571,Strategic
Jumbo Bag Spaceboy,0.1357142857142857,0.0,0.225,0.1392857142857143,1427,1944.633,Summit Procurement,0.5,Leverage
Blue Stripe Basket,0.21153846153846154,0.5,0.0,0.5,368,1944.4855000000002,Northstar Trading,1.2115384615384617,Strategic
Love Seat Antique White Metal,0.0,0.5,0.0,0.18181818181818182,31,1942.8500000000001,Reliable Imports,0.6818181818181819,Leverage
Lunch Bag Woodland,0.11071428571428571,0.0,0.0,0.0,1852,1941.9228,Metro Wholesale,0.11071428571428571,Leverage
Victorian Sewing Box Large,0.225,0.0,0.13333333333333333,0.09166666666666666,249,1939.929,ValueLink Distribution,0.45,Leverage
Multi Colour Silver T-Light Holder,0.5,0.0,0.0,0.5,3658,1938.9534,Evergreen Supply,1.0,Strategic
Hook Photo Shelf Antique White,0.23529411764705882,0.0,0.2647058823529412,0.25882352941176473,448,1934.8617,Apex Merchants,0.7588235294117647,Leverage
Plasters In Tin Strongman,0.366412213740458,0.0,0.0,0.3702290076335878,1840,1933.5696,Evergreen Supply,0.7366412213740459,Leverage
Green Mini Dots Cutlery,0.21511627906976744,0.0,0.0,0.08139534883720931,804,1928.4135999999999,Reliable Imports,0.2965116279069767,Leverage
Jam Making Printed,0.2518518518518518,0.0,0.0,0.5,2332,1927.0632,Gulf Source Co.,0.7518518518518518,Leverage
Jumbo Bag Vintage Leaf,0.0,0.0,0.0,0.19915254237288135,1701,1915.225,ValueLink Distribution,0.19915254237288135,Leverage
Scottie Dog Hot Water Bottle,0.275,0.0,0.0,0.275,641,1906.5384000000001,Reliable Imports,0.55,Leverage
Edwardian Parasol Red,0.5,0.0,0.0,0.140625,514,1897.5104000000001,Global Goods Ltd.,0.640625,Leverage
Ladies & Gentlemen Metal Sign,0.11940298507462686,0.0,0.11940298507462686,0.0,1231,1875.8131,Apex Merchants,0.23880597014925373,Leverage
Lunch Bag Apple,0.09923664122137404,0.0,0.0,0.1717557251908397,1638,1874.4402,Apex Merchants,0.27099236641221375,Leverage
Doormat Home Sweet Home Blue,0.2426470588235294,0.0,0.125,0.11764705882352941,498,1856.7884,Reliable Imports,0.4852941176470589,Leverage
Tea Coffee Sugar Tins Pantry,0.36363636363636365,0.0,0.0,0.07575757575757576,569,1840.9722,Apex Merchants,0.4393939393939394,Leverage
Antique Silver Tea Glass Engraved,0.0989010989010989,0.0,0.12087912087912088,0.0,2418,1835.4384,Global Goods Ltd.,0.21978021978021978,Leverage
Homemade Jam Scented Candles,0.24725274725274726,0.0,0.15934065934065933,0.15934065934065933,2196,1832.8152,Northstar Trading,0.5659340659340659,Leverage
Love Building Block Word,0.16071428571428573,0.0,0.09642857142857143,0.11785714285714285,534,1831.1904,Global Goods Ltd.,0.375,Leverage
Set/2 Red Spotty Tea Towels,0.25773195876288657,0.0,0.0,0.25257731958762886,1145,1809.6214,Evergreen Supply,0.5103092783505154,Leverage
Pink Cherry Lights,0.5,0.0,0.0,0.35555555555555557,451,1809.3801,ValueLink Distribution,0.8555555555555556,Strategic
White Cherry Lights,0.5,0.0,0.0,0.2719298245614035,518,1802.077,ValueLink Distribution,0.7719298245614035,Leverage
Hand Warmer Bird,0.26785714285714285,0.0,0.125,0.375,1391,1800.2441,Reliable Imports,0.7678571428571428,Leverage
Pink Regency Teacup And Saucer,0.16810344827586207,0.0,0.0,0.10344827586206896,1066,1792.903,Apex Merchants,0.27155172413793105,Leverage
Home Building Block Word,0.24285714285714285,0.0,0.2785714285714286,0.3464285714285714,479,1782.1111,Northstar Trading,0.8678571428571429,Strategic
Doormat Multicolour Stripe,0.42424242424242425,0.0,0.2196969696969697,0.3106060606060606,410,1777.2247,Global Goods Ltd.,0.9545454545454546,Strategic
Feltcraft Cushion Owl,0.358974358974359,0.0,0.0,0.5,762,1772.9529,Summit Procurement,0.858974358974359,Strategic
Vintage Union Jack Memoboard,0.0,0.0,0.125,0.4,354,1769.8264,Prime Supply Partners,0.525,Leverage
Paper Bunting White Lace,0.10194174757281553,0.0,0.0,0.39805825242718446,1200,1764.8096,Northstar Trading,0.5,Leverage
Red Retrospot Picnic Bag,0.0,0.0,0.14705882352941177,0.3277310924369748,914,1753.6218,Northstar Trading,0.47478991596638653,Leverage
Heart Filigree Dove Small,0.24553571428571427,0.0,0.0,0.25,2351,1750.7036,Apex Merchants,0.4955357142857143,Leverage
Feltcraft Butterfly Hearts,0.12857142857142856,0.0,0.25357142857142856,0.4107142857142857,2118,1750.4928,Summit Procurement,0.7928571428571428,Leverage
Pantry Jelly Moulds,0.15267175572519084,0.0,0.15267175572519084,0.0,2064,1740.049,Northstar Trading,0.3053435114503817,Leverage
Antique Heart Shelf Unit,0.5,0.5,0.3,0.3,187,1738.1749,Summit Procurement,1.6,Strategic
Sweetheart Fairy Cake Cases,0.12857142857142856,0.0,0.12857142857142856,0.36428571428571427,5743,1737.6895,Summit Procurement,0.6214285714285714,Leverage
Wooden Picture Frame White Finish,0.35714285714285715,0.0,0.35714285714285715,0.3464285714285714,1106,1732.055,Apex Merchants,1.0607142857142857,Strategic
Wooden Happy Birthday Garland,0.5,0.0,0.0,0.5,1116,1717.1136,Prime Supply Partners,1.0,Strategic
Lunch Bag Red Retrospot,0.15357142857142858,0.0,0.0,0.2392857142857143,1688,1715.776,ValueLink Distribution,0.3928571428571429,Leverage
Girls Alphabet Iron On Patches,0.0,0.5,0.32,0.0,14401,1701.0613,Gulf Source Co.,0.8200000000000001,Strategic
Sweetheart Cakestand Tier,0.26881720430107525,0.0,0.12365591397849462,0.10215053763440861,288,1695.9634999999998,Summit Procurement,0.4946236559139785,Leverage
Wooden Rounders Garden,0.5,0.0,0.0,0.0,291,1694.1216,ValueLink Distribution,0.5,Leverage
Colour Glass T-Light Holder Hanging,0.3964285714285714,0.0,0.0,0.3964285714285714,4163,1692.9225,Gulf Source Co.,0.7928571428571428,Leverage
Silver Hanging T-Light Holder,0.375,0.0,0.265625,0.375,1806,1692.1799999999998,Reliable Imports,1.015625,Strategic
Set/5 Red Retrospot Lid Glass Bowls,0.14285714285714285,0.0,0.11785714285714285,0.14285714285714285,948,1684.3644,Gulf Source Co.,0.4035714285714285,Leverage
Glitter Butterfly Clips,0.21341463414634146,0.0,0.24390243902439024,0.3780487804878049,1234,1679.5426,Summit Procurement,0.8353658536585366,Strategic
Picture Frame Wood Triple Portrait,0.13414634146341464,0.0,0.0,0.4024390243902439,461,1672.2576,Metro Wholesale,0.5365853658536586,Leverage
Vintage Heads And Tails Card Game,0.5,0.0,0.12857142857142856,0.12857142857142856,2207,1670.3502,Northstar Trading,0.7571428571428571,Leverage
Zinc Metal Heart Decoration,0.1392857142857143,0.0,0.0,0.10357142857142858,2440,1668.0328,Summit Procurement,0.24285714285714288,Leverage
Blue Harmonica In Box,0.23983739837398374,0.0,0.15447154471544716,0.2845528455284553,2135,1666.5045,Metro Wholesale,0.6788617886178862,Leverage
Doormat Airmail,0.25,0.0,0.5,0.3888888888888889,383,1663.4208999999998,Apex Merchants,1.1388888888888888,Strategic
Photo Frame Cornice,0.3532608695652174,0.0,0.10326086956521739,0.0,938,1655.7492,Metro Wholesale,0.4565217391304348,Leverage
Birdy Gift Tags,0.0,0.0,0.0,0.2392857142857143,2664,1643.6016,Prime Supply Partners,0.2392857142857143,Leverage
Retrospot Paper Doilies,0.12589928057553956,0.0,0.0,0.0,2046,1642.734,Metro Wholesale,0.12589928057553956,Leverage
Enamel Flower Jug Cream,0.5,0.0,0.11682242990654206,0.09345794392523364,440,1636.8000000000002,Apex Merchants,0.7102803738317757,Leverage
Set/10 Red Polkadot Party Candles,0.26666666666666666,0.0,0.10833333333333334,0.15833333333333333,2185,1630.7543,Reliable Imports,0.5333333333333333,Leverage
Retro Spot Large Milk Jug,0.109375,0.0,0.0,0.3671875,542,1620.0837999999999,Northstar Trading,0.4765625,Leverage
Traditional Modelling Clay,0.11764705882352941,0.0,0.0,0.25,2196,1612.185,Metro Wholesale,0.36764705882352944,Leverage
Lunch Bag Spaceboy,0.0,0.0,0.13214285714285715,0.2357142857142857,1374,1607.6435999999999,Gulf Source Co.,0.3678571428571429,Leverage
Ivory Diner Wall Clock,0.23655913978494625,0.0,0.22580645161290322,0.12903225806451613,328,1603.0402000000001,ValueLink Distribution,0.5913978494623656,Leverage
Picnic Basket Wicker Large,0.13125,0.0,0.15,0.26875,267,1596.0633,Metro Wholesale,0.55,Leverage
Newspaper Stand,0.0,0.5,0.22727272727272727,0.2727272727272727,269,1592.3202,Evergreen Supply,1.0,Strategic
Large Cake Stand Hanging Strawbery,0.15753424657534246,0.0,0.3082191780821918,0.0,262,1589.4612,Gulf Source Co.,0.4657534246575342,Leverage
Lunch Bag Suki,0.2714285714285714,0.0,0.22857142857142856,0.2714285714285714,1559,1587.6649,Summit Procurement,0.7714285714285714,Leverage
Lunch Box With Cutlery Retrospot,0.09523809523809523,0.0,0.12301587301587301,0.25396825396825395,996,1587.5694,ValueLink Distribution,0.4722222222222222,Leverage
Bread Bin Diner Style Red,0.0,0.0,0.0,0.17272727272727273,166,1585.5744,Evergreen Supply,0.17272727272727273,Leverage
Cream Cupid Hearts Coat Hanger,0.23636363636363636,0.0,0.13636363636363635,0.38636363636363635,697,1585.3736,Global Goods Ltd.,0.759090909090909,Leverage
Single Heart Zinc T-Light Holder,0.3861788617886179,0.0,0.13414634146341464,0.5,2610,1578.6866,Global Goods Ltd.,1.0203252032520325,Strategic
String Rose Lights,0.5,0.5,0.2619047619047619,0.5,209,1577.6655,Summit Procurement,1.7619047619047619,Strategic
Feltcraft Flower Friends,0.5,0.0,0.0,0.15,1281,1577.3337000000001,Apex Merchants,0.65,Leverage
S/4 Blue Round Decoupage Boxes,0.0,0.5,0.2391304347826087,0.2608695652173913,4212,1575.426,Summit Procurement,1.0,Strategic
Traditional Knitting Nancy,0.0,0.0,0.0,0.24324324324324326,1494,1573.0056,Evergreen Supply,0.24324324324324326,Leverage
Flowers Chandelier T-Light Holder,0.25,0.5,0.25,0.5,785,1570.4822,Reliable Imports,1.5,Strategic
Lunch Bag Vintage Doily,0.0,0.0,0.0,0.125,1414,1561.6717999999998,Prime Supply Partners,0.125,Leverage
Pink Blue Felt Craft Trinket Box,0.3821428571428571,0.0,0.2357142857142857,0.25357142857142856,1966,1558.1512,Prime Supply Partners,0.8714285714285714,Strategic
Plasters In Tin Spaceboy,0.1,0.0,0.12857142857142856,0.22857142857142856,1393,1557.2441000000001,Summit Procurement,0.45714285714285713,Leverage
Vintage Snap Cards,0.0,0.0,0.2392857142857143,0.12142857142857143,3285,1554.3398,Reliable Imports,0.3607142857142857,Leverage
Red Spotty Biscuit Tin,0.12903225806451613,0.0,0.0,0.15053763440860216,642,1553.16,Metro Wholesale,0.27956989247311825,Leverage
Metal Sign Take It Or Leave,0.5,0.0,0.11965811965811966,0.08974358974358974,890,1547.1826,Evergreen Supply,0.7094017094017094,Leverage
Treasure Island Book Box,0.3522727272727273,0.0,0.125,0.375,1128,1544.3352,Apex Merchants,0.8522727272727273,Strategic
Hanging Heart Zinc T-Light Holder,0.5,0.0,0.35,0.5,2895,1543.4221,Reliable Imports,1.35,Strategic
Clothes Pegs Retrospot,0.2357142857142857,0.0,0.14285714285714285,0.16428571428571428,1878,1542.0476,Gulf Source Co.,0.5428571428571428,Leverage
Glass Cloche Large,0.0,0.5,0.0,0.0,283,1538.2664,Summit Procurement,0.5,Leverage
Small Zinc Heart Wall Organiser,0.20454545454545456,0.5,0.0,0.0,747,1536.4825,Global Goods Ltd.,0.7045454545454546,Leverage
Hot Baths Metal Sign,0.28,0.0,0.112,0.0,1211,1527.8483999999999,Global Goods Ltd.,0.392,Leverage
Baking Spaceboy,0.11654135338345864,0.0,0.11654135338345864,0.2669172932330827,484,1523.6035,ValueLink Distribution,0.5,Leverage
Retrospot Childrens Apron,0.29583333333333334,0.0,0.0,0.0,1326,1522.6702,Evergreen Supply,0.29583333333333334,Leverage
Ribbons Rustic Charm,0.0,0.0,0.2892857142857143,0.2571428571428571,1675,1516.1109,Summit Procurement,0.5464285714285715,Leverage
Ribbons Vintage Christmas,0.5,0.0,0.125,0.5,1060,1507.5765999999999,Prime Supply Partners,1.125,Strategic
Pharmacie First Aid Tin,0.0,0.0,0.0,0.13636363636363635,356,1507.1538,Metro Wholesale,0.13636363636363635,Leverage
Painted Metal Pears,0.09259259259259259,0.0,0.13425925925925927,0.24537037037037038,1566,1506.467,Gulf Source Co.,0.4722222222222222,Leverage
Soldier Skittles,0.22826086956521738,0.0,0.20652173913043478,0.358695652173913,646,1500.4705999999999,Global Goods Ltd.,0.7934782608695652,Leverage
Antique Lily Fairy Lights,0.3137254901960784,0.0,0.0,0.5,489,1497.8156999999999,Northstar Trading,0.8137254901960784,Strategic
Polkadot Pen,0.0,0.0,0.0,0.16666666666666666,2830,1497.5794,Reliable Imports,0.16666666666666666,Leverage
Sombrero,0.375,0.0,0.328125,0.5,1921,1496.7726999999998,Metro Wholesale,1.203125,Strategic
Wall Mounted Vintage Organiser,0.0,0.0,0.0,0.359375,258,1486.6220999999998,Northstar Trading,0.359375,Leverage
Wooden Skittles Garden,0.5,0.0,0.1271186440677966,0.2711864406779661,160,1486.512,Metro Wholesale,0.8983050847457628,Strategic
Jumbo Bag Pears,0.13815789473684212,0.0,0.0,0.26973684210526316,1087,1480.9825,Prime Supply Partners,0.4078947368421053,Leverage
Red Stripe Baskets,0.28,0.5,0.22,0.28,268,1476.6784999999998,Reliable Imports,1.28,Strategic
Metal Medina Lantern,0.5,0.5,0.0,0.2619047619047619,254,1472.9866000000002,ValueLink Distribution,1.2619047619047619,Strategic
Full English Breakfast Plate,0.11764705882352941,0.0,0.0,0.38235294117647056,607,1472.5357999999999,Apex Merchants,0.5,Leverage
Heart Filigree Dove Large,0.0,0.0,0.15816326530612246,0.10714285714285714,1436,1472.0175,Prime Supply Partners,0.2653061224489796,Leverage
Knick Knack Tins Doily,0.0,0.0,0.14375,0.325,580,1470.366,Apex Merchants,0.46875,Leverage
Door Mat Friendship,0.3372093023255814,0.0,0.0,0.13953488372093023,434,1469.1968,Global Goods Ltd.,0.4767441860465116,Leverage
Doormat Smiley Cats,0.11538461538461539,0.0,0.09340659340659341,0.29120879120879123,364,1467.508,Apex Merchants,0.5,Leverage
Large Red Retrospot Windmill,0.36046511627906974,0.0,0.0,0.3023255813953488,1239,1466.3376,Global Goods Ltd.,0.6627906976744186,Leverage
Bread Bin Diner Style Ivory,0.3698630136986301,0.0,0.13013698630136986,0.13013698630136986,150,1465.5249999999999,Apex Merchants,0.6301369863013698,Leverage
White Skull Hot Water Bottle,0.15789473684210525,0.0,0.0,0.0,572,1461.969,Northstar Trading,0.15789473684210525,Leverage
Victorian Sewing Box Small,0.1206896551724138,0.0,0.0,0.22988505747126436,383,1461.5606,Evergreen Supply,0.3505747126436782,Leverage
Teatime Fairy Cake Cases,0.24285714285714285,0.0,0.0,0.2571428571428571,4752,1452.5395,Reliable Imports,0.5,Leverage
Red Retrospot Small Milk Jug,0.5,0.0,0.10357142857142858,0.1357142857142857,867,1444.6893,ValueLink Distribution,0.7392857142857142,Leverage
Jumbo Bag S Christmas,0.5,0.0,0.11290322580645161,0.5,1324,1442.89,Gulf Source Co.,1.1129032258064515,Strategic
Red Retrospot Shopper Bag,0.11923076923076924,0.0,0.35384615384615387,0.08846153846153847,1938,1442.3694,Evergreen Supply,0.5615384615384615,Leverage
Circus Parade Lunch Box,0.0,0.0,0.0,0.14935064935064934,1108,1437.012,Reliable Imports,0.14935064935064934,Leverage
Vintage Billboard Tea Mug,0.19230769230769232,0.0,0.41025641025641024,0.5,2659,1435.9544,Global Goods Ltd.,1.1025641025641026,Strategic
Red Stripe Ceramic Drawer Knob,0.0,0.0,0.15104166666666666,0.15104166666666666,1848,1434.8292000000001,Evergreen Supply,0.3020833333333333,Leverage
Childrens Apron Spaceboy,0.5,0.0,0.1,0.1,1226,1431.778,Prime Supply Partners,0.7,Leverage
Rain Poncho Retrospot,0.26229508196721313,0.0,0.12295081967213115,0.4016393442622951,2937,1430.2113,Apex Merchants,0.7868852459016393,Leverage
Lunch Bag Cars Blue,0.25357142857142856,0.0,0.24285714285714285,0.2571428571428571,1317,1426.2785999999999,Global Goods Ltd.,0.7535714285714286,Leverage
Red Kitchen Scales,0.3093220338983051,0.0,0.0,0.0,267,1426.249,Prime Supply Partners,0.3093220338983051,Leverage
Heart Wicker Small,0.2571428571428571,0.0,0.2571428571428571,0.13214285714285715,1397,1416.5705,Evergreen Supply,0.6464285714285714,Leverage
White Wire Egg Holder,0.3706896551724138,0.0,0.12931034482758622,0.12931034482758622,422,1416.2050000000002,Evergreen Supply,0.6293103448275862,Leverage
Lights Night Owl,0.5,0.0,0.1956521739130435,0.37681159420289856,347,1411.1468,Northstar Trading,1.072463768115942,Strategic
Heart Ivory Trellis Small,0.2696078431372549,0.0,0.10784313725490197,0.37745098039215685,1891,1403.8960000000002,Global Goods Ltd.,0.7549019607843137,Leverage
Christmas Glass Ball Lights,0.5,0.0,0.14583333333333334,0.5,318,1401.7706,Reliable Imports,1.1458333333333335,Strategic
Tea Towels I Love London,0.3855421686746988,0.0,0.1144578313253012,0.13253012048192772,735,1401.1799,Apex Merchants,0.6325301204819277,Leverage
Landmark Frame Camden Town,0.5,0.5,0.20833333333333334,0.5,190,1393.8782,Evergreen Supply,1.7083333333333333,Strategic
Vintage Snakes & Ladders,0.0,0.0,0.15104166666666666,0.13541666666666666,687,1388.6542,Evergreen Supply,0.2864583333333333,Leverage
Hot Water Bottle Babushka,0.0,0.0,0.0,0.373015873015873,505,1383.96,Evergreen Supply,0.373015873015873,Leverage
English Rose Quilted Throw,0.0,0.5,0.0,0.25,154,1383.7678,Apex Merchants,0.75,Leverage
Sweetheart Ceramic Trinket Box,0.11428571428571428,0.0,0.38571428571428573,0.0,1820,1381.6680000000001,Global Goods Ltd.,0.5,Leverage
Area Patrolled Metal Sign,0.11320754716981132,0.0,0.0,0.27358490566037735,1116,1380.107,Prime Supply Partners,0.3867924528301887,Leverage
Wooden Advent Calendar Cream,0.3372093023255814,0.0,0.16279069767441862,0.29069767441860467,147,1378.0179,Metro Wholesale,0.7906976744186047,Leverage
Zinc Folkart Sleigh Bells,0.27586206896551724,0.0,0.13793103448275862,0.2413793103448276,1360,1377.8236,Apex Merchants,0.6551724137931034,Leverage
White Metal Lantern,0.4052631578947368,0.0,0.09473684210526316,0.5,638,1375.16,Global Goods Ltd.,1.0,Strategic
Home Sweet Home Blackboard,0.5,0.19090909090909092,0.19090909090909092,0.1,548,1374.937,Reliable Imports,0.9818181818181818,Strategic
Hand Warmer Red Retrospot,0.5,0.0,0.1415929203539823,0.0,1148,1370.6808,Metro Wholesale,0.6415929203539823,Leverage
Vintage Cream Basket Cake Stand,0.14383561643835616,0.0,0.2602739726027397,0.11643835616438356,251,1367.7975000000001,Apex Merchants,0.5205479452054794,Leverage
Wooden School Colouring,0.3798449612403101,0.0,0.26744186046511625,0.2364341085271318,1520,1364.16,ValueLink Distribution,0.8837209302325582,Strategic
Wooden Box Dominoes,0.21804511278195488,0.0,0.10526315789473684,0.0,1638,1361.3751,Prime Supply Partners,0.3233082706766917,Leverage
Heart Ivory Trellis Large,0.2629310344827586,0.0,0.0,0.12931034482758622,1450,1356.4198999999999,Northstar Trading,0.39224137931034486,Leverage
Pantry Rolling Pin,0.3375,0.0,0.1625,0.5,530,1353.3172,ValueLink Distribution,1.0,Strategic
Wooden Market Crates,0.2916666666666667,0.0,0.0,0.1,187,1352.79,Metro Wholesale,0.3916666666666667,Leverage
Chocolate This Way Metal Sign,0.1322314049586777,0.0,0.23553719008264462,0.2644628099173554,1148,1352.5162,Metro Wholesale,0.6322314049586777,Leverage
Pantry Washing Up Brush,0.3,0.0,0.0,0.11818181818181818,1220,1350.6662,Evergreen Supply,0.41818181818181815,Leverage
Red Retrospot Peg Bag,0.35,0.0,0.15,0.11818181818181818,1042,1348.312,Apex Merchants,0.6181818181818182,Leverage
Family Album White Picture Frame,0.36363636363636365,0.0,0.32386363636363635,0.13636363636363635,283,1340.328,Northstar Trading,0.8238636363636364,Strategic
Red Retrospot Charlotte Bag,0.0,0.0,0.125,0.5,2300,1337.379,Summit Procurement,0.625,Leverage
Coffee Mug Pears,0.27049180327868855,0.0,0.12295081967213115,0.13114754098360656,940,1329.8052,Metro Wholesale,0.5245901639344263,Leverage
Pink Heart Shape Egg Frying Pan,0.3352272727272727,0.0,0.0,0.26136363636363635,1357,1324.6031,Apex Merchants,0.5965909090909091,Leverage
Vinyl Record Frame Silver,0.0,0.0,0.0,0.2682926829268293,654,1322.3123,Gulf Source Co.,0.2682926829268293,Leverage
Set/10 Pink Polkadot Party Candles,0.12719298245614036,0.0,0.15350877192982457,0.3815789473684211,1778,1320.0919999999999,ValueLink Distribution,0.6622807017543859,Leverage
Pottering In The Shed Metal Sign,0.3730769230769231,0.0,0.0,0.28076923076923077,1353,1315.0863000000002,Evergreen Supply,0.6538461538461539,Leverage
Kids Cookie Cutters,0.39690721649484534,0.0,0.27319587628865977,0.27319587628865977,1125,1314.6825000000001,Northstar Trading,0.9432989690721649,Strategic
Recipe Box Retrospot,0.124,0.0,0.1,0.184,678,1309.5054,Reliable Imports,0.40800000000000003,Leverage
Light Garland Butterfiles Pink,0.35526315789473684,0.0,0.23684210526315788,0.5,565,1307.7603,Reliable Imports,1.0921052631578947,Strategic
Victorian Sewing Box Medium,0.21774193548387097,0.0,0.0,0.0,277,1306.5195,Reliable Imports,0.21774193548387097,Leverage
Red Spotty Apron,0.3983050847457627,0.0,0.0,0.0,356,1305.7684000000002,Summit Procurement,0.3983050847457627,Leverage
Red Retrospot Bowl,0.22935779816513763,0.0,0.25229357798165136,0.38990825688073394,1831,1305.3089,Global Goods Ltd.,0.8715596330275229,Strategic
You Re Confusing Me Metal Sign,0.0,0.0,0.0,0.15979381443298968,1415,1304.3228,Prime Supply Partners,0.15979381443298968,Leverage
Beware The Cat Metal Sign,0.375,0.0,0.14166666666666666,0.36666666666666664,1379,1299.7544,Apex Merchants,0.8833333333333333,Strategic
Fairy Cake Flannel Colour,0.2536231884057971,0.0,0.0,0.2028985507246377,1048,1299.0035,Northstar Trading,0.4565217391304348,Leverage
Strawberry Fairy Cake Teapot,0.20422535211267606,0.0,0.0,0.14788732394366197,397,1294.371,ValueLink Distribution,0.352112676056338,Leverage
White Spot Red Ceramic Drawer Knob,0.3673469387755102,0.0,0.2755102040816326,0.0,1571,1293.2817,ValueLink Distribution,0.6428571428571428,Leverage
Metal Hook Hanger French Chateau,0.125,0.0,0.0,0.25,692,1292.0075,Global Goods Ltd.,0.375,Leverage
Spice Tins Pantry,0.14356435643564355,0.0,0.0,0.13366336633663367,503,1290.9895000000001,Apex Merchants,0.27722772277227725,Leverage
Travel Sewing Kit,0.37727272727272726,0.0,0.2545454545454545,0.1318181818181818,1225,1290.6607,Evergreen Supply,0.7636363636363637,Leverage
Red Retrospot Butter Dish,0.3064516129032258,0.0,0.13440860215053763,0.1935483870967742,411,1287.234,Global Goods Ltd.,0.6344086021505376,Leverage
Enamel Bread Bin Cream,0.12643678160919541,0.0,0.0,0.0,152,1286.8008,Gulf Source Co.,0.12643678160919541,Leverage
Charlotte Bag Suki,0.12142857142857143,0.0,0.28214285714285714,0.10714285714285714,2454,1285.8102,Reliable Imports,0.5107142857142857,Leverage
Lunch Bag Pink Polkadot,0.0,0.0,0.0,0.0,1193,1283.9128,Gulf Source Co.,0.0,Leverage
Charlotte Bag Pink Polkadot,0.25357142857142856,0.0,0.0,0.3607142857142857,2291,1280.8016,Metro Wholesale,0.6142857142857143,Leverage
Grow Your Own Plant In A,0.33620689655172414,0.0,0.0,0.11206896551724138,1570,1278.8696,Reliable Imports,0.4482758620689655,Leverage
Mini Wooden Happy Birthday Garland,0.5,0.0,0.2727272727272727,0.5,1671,1278.8604,Gulf Source Co.,1.2727272727272727,Strategic
Camouflage Teddy,0.1724137931034483,0.0,0.1724137931034483,0.1206896551724138,1020,1277.008,Gulf Source Co.,0.4655172413793104,Leverage
Pink/Brown Dots Ruffled Umbrella,0.5,0.5,0.0,0.3148148148148148,546,1271.358,Metro Wholesale,1.3148148148148149,Strategic
Doilies Vintage Christmas,0.5,0.0,0.0,0.5,1539,1269.9288000000001,Prime Supply Partners,1.0,Strategic
Advent Calendar Gingham Sack,0.1865671641791045,0.0,0.19402985074626866,0.11940298507462686,331,1262.8493,Reliable Imports,0.5,Leverage
Memo Board Retrospot,0.0,0.0,0.0,0.1875,433,1260.2074,Metro Wholesale,0.1875,Leverage
Red Diner Wall Clock,0.3793103448275862,0.0,0.0,0.22988505747126436,259,1260.1295,Summit Procurement,0.6091954022988506,Leverage
Aged Glass Silver T-Light Holder,0.5,0.0,0.0,0.5,3180,1259.364,Evergreen Supply,1.0,Strategic
Coffee Mug Apples,0.12179487179487179,0.0,0.40384615384615385,0.0,787,1257.7575,Metro Wholesale,0.5256410256410257,Leverage
Camouflage Led Torch,0.2711864406779661,0.0,0.2711864406779661,0.0,1149,1249.2299999999998,Reliable Imports,0.5423728813559322,Leverage
Vintage Union Jack Cushion Cover,0.0,0.0,0.0,0.26436781609195403,416,1239.6384,Prime Supply Partners,0.26436781609195403,Leverage
Set/6 Red Spotty Paper Plates,0.22641509433962265,0.0,0.22641509433962265,0.1320754716981132,3077,1238.9138,Global Goods Ltd.,0.5849056603773585,Leverage
Edwardian Parasol Pink,0.21929824561403508,0.0,0.0,0.2719298245614035,354,1234.1276,Global Goods Ltd.,0.49122807017543857,Leverage
White Wood Garden Plant Ladder,0.5,0.0,0.0,0.0,213,1231.6876,Metro Wholesale,0.5,Leverage
Family Photo Frame Cornice,0.34210526315789475,0.0,0.15789473684210525,0.14912280701754385,207,1230.0964000000001,Global Goods Ltd.,0.6491228070175439,Leverage
Red Metal Box Top Secret,0.0,0.5,0.5,0.0,238,1226.355,Summit Procurement,1.0,Strategic
Heart Cookie Cutters,0.3821428571428571,0.0,0.0,0.37857142857142856,1567,1224.5817,Apex Merchants,0.7607142857142857,Leverage
Lunch Bag Alphabet,0.0,0.0,0.08,0.265,1032,1223.344,ValueLink Distribution,0.34500000000000003,Leverage
Cake Cases Vintage Christmas,0.5,0.0,0.16906474820143885,0.5,4581,1221.7760999999998,Global Goods Ltd.,1.169064748201439,Strategic
Toy Tidy Pink Retrospot,0.5,0.0,0.13333333333333333,0.4166666666666667,1048,1220.5462,Global Goods Ltd.,1.05,Strategic
Childs Breakfast Spaceboy,0.3684210526315789,0.0,0.0,0.2236842105263158,208,1219.0464,Apex Merchants,0.5921052631578947,Leverage
Lunch Bag Dolly Girl,0.39097744360902253,0.0,0.0,0.23308270676691728,1346,1217.3966,Apex Merchants,0.6240601503759398,Leverage
Cake Stand Tier Magic Garden,0.5,0.0,0.1791044776119403,0.5,158,1214.7030000000002,Summit Procurement,1.1791044776119404,Strategic
Doormat Black Flock,0.2,0.0,0.24666666666666667,0.16,295,1210.8814,Prime Supply Partners,0.6066666666666667,Leverage
Jumbo Bag Dolly Girl,0.5,0.0,0.14285714285714285,0.11904761904761904,982,1210.0013000000001,Summit Procurement,0.7619047619047619,Leverage
School Milk Bottles In Crate,0.0,0.0,0.0,0.5,527,1205.7192,Apex Merchants,0.5,Leverage
Pink Party Bags,0.1206896551724138,0.0,0.12931034482758622,0.25,918,1205.3863999999999,Evergreen Supply,0.5,Leverage
Skull Lunch Box With Cutlery,0.10588235294117647,0.0,0.24705882352941178,0.0,725,1204.7875,ValueLink Distribution,0.35294117647058826,Leverage
Swiss Roll Towel Pink Spots,0.5,0.0,0.0,0.5,834,1203.777,Global Goods Ltd.,1.0,Strategic
Set/10 Blue Spotty Party Candles,0.0,0.0,0.2578947368421053,0.12631578947368421,1572,1203.4764,Northstar Trading,0.3842105263157895,Leverage
Red Retrospot Plate,0.5,0.0,0.12048192771084337,0.3795180722891566,1071,1200.7755,Global Goods Ltd.,1.0,Strategic
Feltcraft Christmas Fairy,0.5,0.0,0.09195402298850575,0.5,499,1198.9625,Summit Procurement,1.0919540229885056,Strategic
Wheelbarrow For Children,0.24358974358974358,0.0,0.0,0.4230769230769231,170,1198.9568000000002,Evergreen Supply,0.6666666666666666,Leverage
Skull Cake Cases,0.0,0.0,0.2571428571428571,0.3821428571428571,3765,1197.5205,Summit Procurement,0.6392857142857142,Leverage
Brocade Ring Purse,0.5,0.0,0.0,0.23880597014925373,11134,1197.503,ValueLink Distribution,0.7388059701492538,Leverage
Wall Art Big Love,0.32142857142857145,0.0,0.17857142857142858,0.30357142857142855,343,1195.9486,Summit Procurement,0.8035714285714286,Strategic
Hook Hanger Magic Garden,0.5,0.0,0.10294117647058823,0.2549019607843137,1587,1195.2594,Metro Wholesale,0.8578431372549019,Strategic
Wall Art Bicycle Safety,0.33783783783783783,0.0,0.0,0.5,333,1191.1347,Reliable Imports,0.8378378378378378,Strategic
Cream Sweetheart Wall Cabinet,0.0,0.0,0.2638888888888889,0.0,128,1188.2517,Summit Procurement,0.2638888888888889,Leverage
Wooden Box Advent Calendar,0.3559322033898305,0.0,0.0,0.211864406779661,195,1187.9866,Apex Merchants,0.5677966101694916,Leverage
Bread Bin Diner Style Mint,0.17142857142857143,0.0,0.32857142857142857,0.12857142857142856,131,1181.8502,Northstar Trading,0.6285714285714286,Leverage
Fairy Tale Cottage Nightlight,0.5,0.0,0.2636363636363636,0.5,1023,1170.7185000000002,Metro Wholesale,1.2636363636363637,Strategic
Paper Lantern Point Deluxe Star,0.30952380952380953,0.5,0.30952380952380953,0.5,305,1161.6675,Apex Merchants,1.619047619047619,Strategic
Filigris Heart With Butterfly,0.1375,0.0,0.1375,0.19375,1471,1159.1773,Evergreen Supply,0.46875,Leverage
Moroccan Tea Glass,0.288135593220339,0.0,0.0,0.15254237288135594,2625,1155.6468,Global Goods Ltd.,0.44067796610169496,Leverage
Tea Time Table Cloth,0.5,0.0,0.1875,0.35,201,1155.2606999999998,Prime Supply Partners,1.0375,Strategic
Wooden Owls Light Garland,0.5,0.0,0.0,0.5,456,1155.24,Northstar Trading,1.0,Strategic
Save The Planet Mug,0.5,0.0,0.0,0.25263157894736843,1632,1152.0688,Evergreen Supply,0.7526315789473684,Leverage
Woodland Charlotte Bag,0.175,0.0,0.33214285714285713,0.175,2006,1150.838,Apex Merchants,0.6821428571428572,Leverage
Regency Tea Plate Roses,0.2413793103448276,0.0,0.25862068965517243,0.25862068965517243,1121,1150.5714,Metro Wholesale,0.7586206896551724,Leverage
Feltcraft Princess Lola Doll,0.5,0.0,0.09042553191489362,0.34574468085106386,538,1148.6946,Gulf Source Co.,0.9361702127659575,Strategic
Polyester Filler Pad,0.17006802721088435,0.08163265306122448,0.0,0.16326530612244897,1202,1145.3982,Summit Procurement,0.41496598639455784,Leverage
Boys Alphabet Iron On Patches,0.0,0.5,0.0,0.2727272727272727,9793,1143.6315,Metro Wholesale,0.7727272727272727,Leverage
Retrospot Cake Cases,0.1392857142857143,0.0,0.1392857142857143,0.2392857142857143,3357,1142.3124,Northstar Trading,0.5178571428571429,Leverage
Childs Breakfast Dolly Girl,0.5,0.0,0.13513513513513514,0.11486486486486487,205,1141.3962,Prime Supply Partners,0.75,Leverage
Home Sweet Home Metal Sign,0.19072164948453607,0.0,0.19072164948453607,0.15979381443298968,599,1140.7829,Northstar Trading,0.5412371134020618,Leverage
Blue Diner Wall Clock,0.14634146341463414,0.0,0.0,0.35365853658536583,202,1136.6336000000001,Northstar Trading,0.5,Leverage
Set/3 Vanilla Scented Candle In Box,0.0,0.0,0.0,0.30434782608695654,450,1135.9650000000001,Reliable Imports,0.30434782608695654,Leverage
Heart Shape Petit Four Cases,0.16176470588235295,0.0,0.3382352941176471,0.22058823529411764,1110,1135.8314,Global Goods Ltd.,0.7205882352941176,Leverage
Plasters In Tin Skulls,0.11594202898550725,0.0,0.11594202898550725,0.2644927536231884,1098,1134.5976,Gulf Source Co.,0.4963768115942029,Leverage
Paper Table Lantern Hearts,0.5,0.0,0.11,0.29,461,1126.9831,Apex Merchants,0.8999999999999999,Strategic
Hook Hanger Red Magic Toadstool,0.5,0.0,0.15517241379310345,0.29310344827586204,1099,1126.8579000000002,Metro Wholesale,0.9482758620689655,Strategic
Retro Coffee Mugs,0.5,0.0,0.0,0.1557377049180328,1466,1120.8532,Summit Procurement,0.6557377049180328,Leverage
Retrospot Small Tube Matches,0.3467741935483871,0.0,0.1532258064516129,0.20161290322580644,1076,1120.154,Apex Merchants,0.7016129032258065,Leverage
Gin And Tonic Mug,0.34459459459459457,0.0,0.1554054054054054,0.27702702702702703,1500,1119.645,Apex Merchants,0.777027027027027,Leverage
Love Garland Painted Zinc,0.0,0.0,0.20588235294117646,0.0,1022,1118.3604,Metro Wholesale,0.20588235294117646,Leverage
Cream Sweetheart Shelf + Hooks,0.0,0.0,0.0,0.3026315789473684,281,1118.1994,Prime Supply Partners,0.3026315789473684,Leverage
Set/3 Red Gingham Rose Storage Box,0.11413043478260869,0.0,0.0,0.125,412,1117.1928,Northstar Trading,0.2391304347826087,Leverage
Candleholder Pink Hanging Heart,0.16666666666666666,0.0,0.0,0.0,691,1115.1361,Metro Wholesale,0.16666666666666666,Leverage
Traditional Wooden Skipping Rope,0.2714285714285714,0.0,0.14285714285714285,0.2571428571428571,1425,1114.5336,Metro Wholesale,0.6714285714285714,Leverage
Pink Polkadot Tissues,0.34615384615384615,0.0,0.08461538461538462,0.27692307692307694,4003,1114.2779,Summit Procurement,0.7076923076923077,Leverage
Retrospot Party Bag + Sticker,0.1595744680851064,0.0,0.1595744680851064,0.3404255319148936,1218,1112.8422,Global Goods Ltd.,0.6595744680851063,Leverage
Doughnut Lip Gloss,0.5,0.0,0.16363636363636364,0.12727272727272726,1384,1107.2,Evergreen Supply,0.7909090909090908,Leverage
Childrens Cutlery Spaceboy,0.5,0.0,0.0,0.13793103448275862,460,1106.3411999999998,Prime Supply Partners,0.6379310344827587,Leverage
Kashmir Folkart Tumblers,0.16666666666666666,0.5,0.16666666666666666,0.0,910,1104.063,Prime Supply Partners,0.8333333333333333,Strategic
Retrospot Lamp,0.3709677419354839,0.0,0.23387096774193547,0.3467741935483871,170,1101.2762,Gulf Source Co.,0.9516129032258065,Strategic
Notebooks In Parcel,0.08585858585858586,0.0,0.08585858585858586,0.398989898989899,1247,1100.239,Prime Supply Partners,0.5707070707070707,Leverage
Bingo,0.23711340206185566,0.0,0.0,0.22164948453608246,446,1099.4968000000001,Northstar Trading,0.4587628865979381,Leverage
Holiday Fun Ludo,0.15,0.0,0.2,0.15,489,1099.2776,Global Goods Ltd.,0.5,Leverage
Set/3 Russian Doll Stacking Tins,0.23972602739726026,0.0,0.14383561643835616,0.0958904109589041,366,1098.8172,Prime Supply Partners,0.4794520547945205,Leverage
Box Mini Vintage Crackers,0.1440677966101695,0.0,0.1440677966101695,0.19491525423728814,834,1098.711,Summit Procurement,0.48305084745762716,Leverage
Strawberry Picnic Bag,0.30864197530864196,0.0,0.15432098765432098,0.19135802469135801,605,1098.457,Apex Merchants,0.6543209876543209,Leverage
Gaolers Keys Decorative Garden,0.5,0.0,0.3355263157894737,0.0,551,1095.9099,Apex Merchants,0.8355263157894737,Strategic
Stripey Mice Feltcraft,0.2755905511811024,0.0,0.0,0.0,958,1095.0082,Reliable Imports,0.2755905511811024,Leverage
Soldiers Egg Cup,0.18032786885245902,0.0,0.11475409836065574,0.11475409836065574,1332,1094.4586,Gulf Source Co.,0.4098360655737705,Leverage
Deluxe Sewing Kit,0.18493150684931506,0.0,0.0,0.0,319,1094.3705,Evergreen Supply,0.18493150684931506,Leverage
Spaceboy Cake Cases,0.0,0.0,0.2446043165467626,0.2446043165467626,3148,1091.8859,Summit Procurement,0.4892086330935252,Leverage
Doormat Welcome To Our Home,0.0,0.0,0.1,0.25333333333333335,219,1091.4687999999999,Metro Wholesale,0.3533333333333334,Leverage
Tea Bag Plate Red Retrospot,0.16037735849056603,0.0,0.32547169811320753,0.32547169811320753,2047,1090.5121,Northstar Trading,0.8113207547169811,Strategic
Strawberry Charlotte Bag,0.17142857142857143,0.0,0.18928571428571428,0.1392857142857143,1857,1090.4019,Evergreen Supply,0.5,Leverage
Gardeners Kneeling Pad Keep Calm,0.5,0.0,0.0,0.5,994,1088.613,Reliable Imports,1.0,Strategic
Red Spot Ceramic Drawer Knob,0.3068181818181818,0.0,0.5,0.19318181818181818,1421,1087.4989,Summit Procurement,1.0,Strategic
Spaceboy Baby Gift,0.39705882352941174,0.0,0.10294117647058823,0.3382352941176471,110,1086.272,Gulf Source Co.,0.8382352941176471,Strategic
Christmas Lights Santas,0.5,0.5,0.2159090909090909,0.5,263,1083.2172,Gulf Source Co.,1.7159090909090908,Strategic
Ceramic Strawberry Cake Money Bank,0.5,0.0,0.2850467289719626,0.37850467289719625,1333,1083.1514,ValueLink Distribution,1.1635514018691588,Strategic
Feltcraft Doll Rosie,0.5,0.0,0.12264150943396226,0.37735849056603776,659,1076.7447,Global Goods Ltd.,1.0,Strategic
Led Dolly Lights,0.5,0.0,0.2540983606557377,0.5,279,1076.7155,Prime Supply Partners,1.2540983606557377,Strategic
Tier Cake Tin Red And Cream,0.0,0.0,0.3111111111111111,0.18888888888888888,104,1075.3044,Global Goods Ltd.,0.5,Leverage
Mint Kitchen Scales,0.40229885057471265,0.0,0.20114942528735633,0.09770114942528736,206,1073.5296,Global Goods Ltd.,0.7011494252873564,Leverage
Wall Art Dolly Girl,0.2857142857142857,0.5,0.0,0.0,555,1071.684,Evergreen Supply,0.7857142857142857,Leverage
Boxes Bird Pannetone,0.0,0.0,0.17307692307692307,0.17307692307692307,867,1071.306,Global Goods Ltd.,0.34615384615384615,Leverage
Set/6 Pink Butterfly T-Lights,0.3402777777777778,0.0,0.09722222222222222,0.5,835,1069.596,ValueLink Distribution,0.9375,Strategic
Red Gingham Rose Jewellery Box,0.3644067796610169,0.0,0.0,0.3644067796610169,878,1067.5556,Metro Wholesale,0.7288135593220338,Leverage
Red Retrospot Sugar Jam Bowl,0.14583333333333334,0.0,0.0,0.16145833333333334,689,1061.2191,Gulf Source Co.,0.3072916666666667,Leverage
Coffee Mug Dog + Ball,0.22857142857142856,0.0,0.0,0.22857142857142856,662,1061.108,Prime Supply Partners,0.45714285714285713,Leverage
T-Light Glass Fluted Antique,0.5,0.0,0.3813559322033898,0.5,1501,1060.671,Summit Procurement,1.3813559322033897,Strategic
Pink Spotty Plate,0.16176470588235295,0.0,0.13970588235294118,0.0,959,1051.6309,Global Goods Ltd.,0.30147058823529416,Leverage
Large White Heart Wicker,0.2804878048780488,0.0,0.2073170731707317,0.21951219512195122,659,1050.4178,Gulf Source Co.,0.7073170731707317,Leverage
Knick Knack Tins London,0.2608695652173913,0.5,0.2608695652173913,0.0,366,1049.6928,Northstar Trading,1.0217391304347827,Strategic
Paisley Flower Doilies,0.5,0.0,0.13218390804597702,0.10919540229885058,1122,1049.074,Evergreen Supply,0.7413793103448276,Leverage
Cream Slice Flannel Pink Spot,0.25555555555555554,0.0,0.08888888888888889,0.34444444444444444,588,1046.5524,Northstar Trading,0.6888888888888889,Leverage
Colour Spaceboy Pen,0.5,0.0,0.0,0.13636363636363635,2087,1045.3675,Northstar Trading,0.6363636363636364,Leverage
Cake Stand White Two Tier Lace,0.2719298245614035,0.0,0.14035087719298245,0.11403508771929824,197,1040.0075,Global Goods Ltd.,0.5263157894736842,Leverage
Welcome Wooden Block Letters,0.40350877192982454,0.0,0.2807017543859649,0.22807017543859648,185,1039.2044,Gulf Source Co.,0.9122807017543859,Strategic
Paper Bunting Vintage Paisley,0.16666666666666666,0.0,0.09027777777777778,0.3402777777777778,660,1038.6100000000001,Prime Supply Partners,0.5972222222222222,Leverage
Record Frame Single,0.2672413793103448,0.0,0.22413793103448276,0.3448275862068966,760,1038.1068,Summit Procurement,0.8362068965517242,Strategic
Alarm Clock Bakelike Ivory,0.5,0.0,0.140625,0.390625,413,1037.2930000000001,Apex Merchants,1.03125,Strategic
S/16 Vintage Ivory Cutlery,0.0,0.5,0.25,0.5,140,1036.883,Metro Wholesale,1.25,Strategic
Mirrored Disco Ball,0.5,0.0,0.14705882352941177,0.35294117647058826,295,1036.4376,Apex Merchants,1.0,Strategic
Love Hot Water Bottle,0.38,0.0,0.26666666666666666,0.26666666666666666,272,1032.9276,Apex Merchants,0.9133333333333333,Strategic
Red Retrospot Mug,0.4014084507042254,0.0,0.09859154929577464,0.2605633802816901,562,1031.7098,Evergreen Supply,0.7605633802816901,Leverage
Vanilla Scent Candle Jewelled Box,0.0,0.0,0.358695652173913,0.0,600,1030.5720000000001,Summit Procurement,0.358695652173913,Leverage
Enchanted Bird Coathanger Hook,0.5,0.0,0.0,0.2328767123287671,380,1028.7704,Metro Wholesale,0.7328767123287672,Leverage
Traditional Wooden Catch Cup Game,0.2604166666666667,0.0,0.5,0.2604166666666667,1422,1026.2736,Summit Procurement,1.0208333333333335,Strategic
Milk Pan Red Retrospot,0.0,0.0,0.0,0.19,446,1026.0064,Metro Wholesale,0.19,Leverage
Pink Fairy Cake Childrens Apron,0.0,0.0,0.21428571428571427,0.3535714285714286,963,1025.8919999999998,Metro Wholesale,0.5678571428571428,Leverage
Tier Cake Tin Green And Cream,0.0,0.0,0.1375,0.1875,109,1024.8906,Metro Wholesale,0.325,Leverage
First Aid Tin,0.1232876712328767,0.0,0.23972602739726026,0.13013698630136986,480,1024.8,Evergreen Supply,0.4931506849315068,Leverage
Vintage Pistachio Cutlery,0.0,0.0,0.3392857142857143,0.0,161,1018.9329,Summit Procurement,0.3392857142857143,Leverage
Wall Art Dog Licence,0.5,0.5,0.35714285714285715,0.5,344,1018.6372,Reliable Imports,1.8571428571428572,Strategic
Giraffe Wooden Ruler,0.17391304347826086,0.0,0.14130434782608695,0.0,905,1015.3829000000001,Global Goods Ltd.,0.3152173913043478,Leverage
Ribbon Reel Stripes,0.236,0.0,0.38,0.152,1047,1015.2214000000001,Apex Merchants,0.768,Leverage
Vintage Christmas Bunting,0.5,0.0,0.5,0.5,354,1013.7054,Global Goods Ltd.,1.5,Strategic
Tray Breakfast In Bed,0.1724137931034483,0.0,0.08620689655172414,0.0,124,1013.0772,Prime Supply Partners,0.25862068965517243,Leverage
Rose Cottage Keepsake Box,0.30851063829787234,0.5,0.5,0.30851063829787234,190,1012.6666,Summit Procurement,1.6170212765957448,Strategic
Light Pink Cherry Lights,0.5,0.0,0.25,0.5,273,1006.8318,Apex Merchants,1.25,Strategic
Blue Spot Ceramic Drawer Knob,0.22826086956521738,0.0,0.25,0.14130434782608695,1242,1005.0396000000001,Apex Merchants,0.6195652173913043,Leverage
Bath Building Block Word,0.3674698795180723,0.0,0.0,0.0,263,1004.8853,Apex Merchants,0.3674698795180723,Leverage
Red Retrospot Wrap,0.1625,0.0,0.0,0.1125,3987,1004.7348000000001,Northstar Trading,0.275,Leverage
Large Popcorn Holder,0.13291139240506328,0.0,0.13291139240506328,0.13291139240506328,1051,1003.7534,Global Goods Ltd.,0.39873417721518983,Leverage
Diamante Ring In Box,0.19047619047619047,0.5,0.30952380952380953,0.19047619047619047,1488,1001.1815999999999,Gulf Source Co.,1.1904761904761905,Strategic
Coffee Mug Cat + Bird,0.3815789473684211,0.0,0.0,0.0,588,998.4816,Global Goods Ltd.,0.3815789473684211,Leverage
Folding Umbrella Choc/White Spot,0.21153846153846154,0.5,0.21153846153846154,0.21153846153846154,355,998.1209,Northstar Trading,1.1346153846153846,Strategic
Folding Umbrella Blackblue Polkadot,0.3181818181818182,0.0,0.18181818181818182,0.18181818181818182,401,997.9753,Apex Merchants,0.6818181818181819,Leverage
White Spot Blue Ceramic Drawer Knob,0.2556818181818182,0.0,0.11931818181818182,0.16477272727272727,1401,996.2689999999999,Evergreen Supply,0.5397727272727273,Leverage
Pannetone Gift Boxes,0.0,0.0,0.26506024096385544,0.2710843373493976,621,996.0213,Evergreen Supply,0.536144578313253,Leverage
Paper Bunting Coloured Lace,0.0,0.0,0.0,0.36075949367088606,650,990.3086,Global Goods Ltd.,0.36075949367088606,Leverage
Blue Stripe Ceramic Drawer Knob,0.355,0.0,0.355,0.0,1202,990.2629,Gulf Source Co.,0.71,Leverage
Wooden Advent Calendar Red,0.25675675675675674,0.5,0.25675675675675674,0.0,150,989.7774,Metro Wholesale,1.0135135135135136,Strategic
Calendar Family Favourites,0.0,0.5,0.32608695652173914,0.5,594,988.8396,Reliable Imports,1.3260869565217392,Strategic
Peace Small Wood Letters,0.3235294117647059,0.0,0.0,0.20588235294117646,235,987.8215,ValueLink Distribution,0.5294117647058824,Leverage
Cutlery Pantry,0.17391304347826086,0.5,0.5,0.17391304347826086,111,985.3779,Gulf Source Co.,1.3478260869565215,Strategic
Potting Shed Tea Mug,0.0,0.0,0.1743119266055046,0.3761467889908257,1152,984.9868,Gulf Source Co.,0.5504587155963303,Leverage
Food Container Love Heart,0.18292682926829268,0.0,0.0,0.18292682926829268,819,984.4248,Global Goods Ltd.,0.36585365853658536,Leverage
Party Cones Carnival,0.5,0.0,0.0,0.0,1325,981.8075,Global Goods Ltd.,0.5,Leverage
Frying Pan Red Polkadot,0.21,0.0,0.16,0.0,415,981.5593,Metro Wholesale,0.37,Leverage
Three Vintage Gift Wraps,0.0,0.0,0.1590909090909091,0.19318181818181818,884,981.0116,Reliable Imports,0.3522727272727273,Leverage
Cabin Bag Vintage Retrospot,0.0,0.5,0.25,0.0,84,976.6056000000001,Gulf Source Co.,0.75,Leverage
Chick Grey Hot Water Bottle,0.20673076923076922,0.0,0.11538461538461539,0.11538461538461539,452,975.6304000000001,Reliable Imports,0.4375,Leverage
Gingham Heart Decoration,0.452,0.104,0.048,0.396,1786,974.9268000000001,ValueLink Distribution,1.0,Strategic
Sweetheart Recipe Book Stand,0.09420289855072464,0.0,0.21014492753623187,0.21014492753623187,228,972.1292,ValueLink Distribution,0.5144927536231885,Leverage
Dinosaur Cake Cases,0.0,0.0,0.0,0.275,2856,968.8264,Northstar Trading,0.275,Leverage
Place Setting White Heart,0.18137254901960784,0.0,0.31862745098039214,0.25980392156862747,3579,968.1195000000001,Summit Procurement,0.7598039215686274,Leverage
Cooking Retrospot,0.15555555555555556,0.0,0.0,0.14444444444444443,152,967.792,Apex Merchants,0.3,Leverage
Alarm Clock Bakelike Chocolate,0.11267605633802817,0.0,0.2535211267605634,0.3873239436619718,409,961.3494999999999,Global Goods Ltd.,0.7535211267605634,Leverage
Gardeners Kneeling Pad Cup Tea,0.20408163265306123,0.0,0.20408163265306123,0.17857142857142858,891,960.2193,Northstar Trading,0.5867346938775511,Leverage
Paint Your Own Canvas,0.1693548387096774,0.0,0.0,0.33064516129032256,977,957.1536,Prime Supply Partners,0.5,Leverage
Classic Chrome Bicycle Bell,0.14473684210526316,0.0,0.14473684210526316,0.23684210526315788,1050,956.1324,Prime Supply Partners,0.5263157894736842,Leverage
Weekend Bag Vintage Rose Paisley,0.0,0.0,0.0,0.0,214,954.3561,Global Goods Ltd.,0.0,Leverage
Antique Glass Dressing Table Pot,0.13541666666666666,0.0,0.0,0.3645833333333333,505,951.5541,Prime Supply Partners,0.5,Leverage
Party Metal Sign,0.09836065573770492,0.0,0.28688524590163933,0.4016393442622951,1108,951.102,Global Goods Ltd.,0.7868852459016393,Leverage
Retrospot Padded Seat Cushion,0.0,0.5,0.0,0.5,419,951.0211999999999,Northstar Trading,1.0,Strategic
Retrospot Red Washing Up Gloves,0.5,0.0,0.11538461538461539,0.12980769230769232,746,950.2176,Metro Wholesale,0.7451923076923077,Leverage
Pencils Tube Red Retrospot,0.0,0.0,0.0,0.2469879518072289,1395,948.884,Evergreen Supply,0.2469879518072289,Leverage
Dolly Girl Baby Gift,0.5,0.0,0.0,0.328125,107,948.4506,Summit Procurement,0.828125,Strategic
S/6 Wooden Skittles In Cotton Bag,0.0,0.0,0.09285714285714286,0.19285714285714287,476,947.5681,Global Goods Ltd.,0.2857142857142857,Leverage
Nativity Magnets,0.12857142857142856,0.0,0.12857142857142856,0.15714285714285714,755,943.7878,Gulf Source Co.,0.41428571428571426,Leverage
Set/20 Red Retrospot Paper Napkins,0.14285714285714285,0.0,0.09642857142857143,0.225,2255,943.5723,Prime Supply Partners,0.4642857142857143,Leverage
Pink Paisley Cake Cases,0.11428571428571428,0.0,0.11428571428571428,0.5,2748,941.4326,Northstar Trading,0.7285714285714285,Leverage
Set/6 Turquoise Butterfly T-Lights,0.5,0.0,0.0,0.5,777,937.8149999999999,Global Goods Ltd.,1.0,Strategic
Funky Diva Pen,0.0,0.0,0.175,0.3625,1884,936.7248000000001,Metro Wholesale,0.5375,Leverage
Calendar Paper Cut,0.1323529411764706,0.0,0.10294117647058823,0.1323529411764706,639,936.4757,Evergreen Supply,0.36764705882352944,Leverage
Boxes Christmas Pannetone,0.5,0.0,0.10483870967741936,0.5,882,934.5192,Evergreen Supply,1.1048387096774195,Strategic
Pencils Small Tube Red Retrospot,0.226890756302521,0.0,0.23949579831932774,0.3949579831932773,2447,933.5733,Gulf Source Co.,0.8613445378151261,Strategic
Vintage Christmas Napkins,0.5,0.0,0.2610294117647059,0.5,2053,932.688,ValueLink Distribution,1.2610294117647058,Strategic
Ma Campagne Cutlery Box,0.30701754385964913,0.0,0.13157894736842105,0.17543859649122806,92,929.7703999999999,Gulf Source Co.,0.6140350877192983,Leverage
Union Stripe With Fringe Hammock,0.29310344827586204,0.0,0.0,0.14655172413793102,246,929.3946,Summit Procurement,0.43965517241379304,Leverage
Ice Cream Sundae Lip Gloss,0.18085106382978725,0.0,0.0,0.18085106382978725,1272,928.9920000000001,Summit Procurement,0.3617021276595745,Leverage
Ribbon Reel Lace,0.13432835820895522,0.0,0.13432835820895522,0.1791044776119403,828,928.2564,Northstar Trading,0.4477611940298507,Leverage
Red Floral Feltcraft Shoulder Bag,0.14457831325301204,0.0,0.25301204819277107,0.2469879518072289,356,927.2544,Global Goods Ltd.,0.644578313253012,Leverage
Pink Doughnut Trinket Pot,0.38125,0.0,0.0,0.1875,991,926.3308999999999,Metro Wholesale,0.56875,Leverage
Regency Sugar Bowl Green,0.0,0.0,0.29591836734693877,0.1326530612244898,357,926.2974,Gulf Source Co.,0.4285714285714286,Leverage
Pink Baby Bunting,0.5,0.0,0.0,0.38461538461538464,513,926.1368,Summit Procurement,0.8846153846153846,Strategic
Gingerbread Man Cookie Cutter,0.16145833333333334,0.0,0.28125,0.11979166666666667,1323,926.0222,Evergreen Supply,0.5625,Leverage
Regency Sugar Tongs,0.36363636363636365,0.0,0.36363636363636365,0.0,624,924.2015999999999,Apex Merchants,0.7272727272727273,Leverage
Blue Polkadot Plate,0.3333333333333333,0.0,0.21428571428571427,0.16666666666666666,902,919.4956,Evergreen Supply,0.7142857142857142,Leverage
Boys Vintage Tin Seaside Bucket,0.0,0.0,0.19090909090909092,0.3181818181818182,672,919.296,Evergreen Supply,0.509090909090909,Leverage
Chocolate Wick Morris Box Candle,0.2962962962962963,0.24074074074074073,0.1388888888888889,0.24074074074074073,593,918.4766999999999,Apex Merchants,0.9166666666666665,Strategic
Tv Dinner Tray Dolly Girl,0.3170731707317073,0.0,0.0,0.3170731707317073,339,918.2557,Evergreen Supply,0.6341463414634146,Leverage
Six Led Tea Lights,0.3333333333333333,0.0,0.3333333333333333,0.5,529,917.6809,Reliable Imports,1.1666666666666665,Strategic
Box Cocktail Parasols,0.14285714285714285,0.0,0.11160714285714286,0.2544642857142857,3357,917.5699,Global Goods Ltd.,0.5089285714285714,Leverage
Red White Scarf Hot Water Bottle,0.12727272727272726,0.0,0.0,0.3,489,917.4411,Prime Supply Partners,0.42727272727272725,Leverage
Pink Floral Feltcraft Shoulder Bag,0.09876543209876543,0.0,0.0,0.2345679012345679,346,917.129,Northstar Trading,0.3333333333333333,Leverage
Black Flying Ducks,0.5,0.0,0.0,0.265625,335,916.0598,Reliable Imports,0.765625,Leverage
Cake Stand Lovebird Tier White,0.2765957446808511,0.5,0.0,0.2765957446808511,161,911.0526,Apex Merchants,1.0531914893617023,Strategic
Charlotte Bag Apples,0.3380281690140845,0.0,0.11267605633802817,0.08450704225352113,1602,906.1776,ValueLink Distribution,0.5352112676056338,Leverage
Vintage Donkey Tail Game,0.2840909090909091,0.0,0.1590909090909091,0.375,423,903.5760999999999,Northstar Trading,0.8181818181818182,Strategic
Natural Slate Rectangle Chalkboard,0.14,0.0,0.0,0.225,836,902.1902,Northstar Trading,0.365,Leverage
Hand Warmer Red Love Heart,0.19696969696969696,0.0,0.0,0.29545454545454547,730,897.0540000000001,Reliable Imports,0.49242424242424243,Leverage
Photo Cube,0.3181818181818182,0.0,0.17272727272727273,0.0,969,896.252,Reliable Imports,0.4909090909090909,Leverage
Red Retrospot Oven Glove,0.0,0.0,0.3526315789473684,0.3105263157894737,1182,893.3870000000001,Reliable Imports,0.6631578947368422,Leverage
Cabin Bag Vintage Paisley,0.0,0.5,0.14285714285714285,0.0,61,891.5676,ValueLink Distribution,0.6428571428571428,Leverage
Large Deco Jewellery Stand,0.21428571428571427,0.5,0.0,0.5,120,890.7816,Apex Merchants,1.2142857142857144,Strategic
Paper Table Lantern Stars,0.1744186046511628,0.0,0.0,0.5,408,886.3576,Northstar Trading,0.6744186046511628,Leverage
Ivory Embroidered Quilt,0.19047619047619047,0.5,0.0,0.0,35,883.176,Evergreen Supply,0.6904761904761905,Leverage
Square Cherry Blossom Cabinet,0.10227272727272728,0.5,0.10227272727272728,0.23863636363636365,283,880.6612,Metro Wholesale,0.9431818181818182,Strategic
Clear Drawer Knob Acrylic Edwardian,0.35074626865671643,0.0,0.0,0.3656716417910448,1231,880.6578,Apex Merchants,0.7164179104477613,Leverage
Childrens Cutlery Dolly Girl,0.5,0.0,0.0,0.18627450980392157,361,878.7355,Gulf Source Co.,0.6862745098039216,Leverage
Hanging Metal Heart Lantern,0.5,0.0,0.255,0.5,934,878.5602,Northstar Trading,1.255,Strategic
Glass Cake Cover And Plate,0.5,0.0,0.1323529411764706,0.5,80,876.804,Gulf Source Co.,1.1323529411764706,Strategic
Wall Art Classic Puddings,0.1875,0.0,0.140625,0.5,173,875.2774,Metro Wholesale,0.828125,Strategic
Butterfly Cookie Cutters,0.15163934426229508,0.0,0.22950819672131148,0.4016393442622951,1013,875.0097,Gulf Source Co.,0.7827868852459017,Leverage
Kings Choice Tea Caddy,0.08208955223880597,0.0,0.27611940298507465,0.1417910447761194,520,874.3057,Global Goods Ltd.,0.5,Leverage
Red Drawer Knob Acrylic Edwardian,0.0,0.0,0.17647058823529413,0.17647058823529413,1200,872.3982,Northstar Trading,0.35294117647058826,Leverage
Bathroom Metal Sign,0.1837837837837838,0.0,0.04594594594594595,0.07027027027027027,2026,871.6102,Gulf Source Co.,0.30000000000000004,Leverage
Glass Beurre Dish,0.23770491803278687,0.0,0.0,0.16393442622950818,350,871.509,Northstar Trading,0.4016393442622951,Leverage
Fairy Cake Candles,0.0,0.0,0.0,0.15151515151515152,884,870.0699999999999,Northstar Trading,0.15151515151515152,Leverage
Set/3 Ocean Scent Candle Jewel Box,0.33783783783783783,0.0,0.14864864864864866,0.16216216216216217,316,869.7403999999999,Reliable Imports,0.6486486486486487,Leverage
Lavender Scented Fabric Heart,0.21052631578947367,0.0,0.125,0.5,1102,869.4399999999999,Reliable Imports,0.8355263157894737,Strategic
Wicker Log Baskets,0.10810810810810811,0.0,0.0,0.1891891891891892,70,868.872,Northstar Trading,0.2972972972972973,Leverage
Childs Breakfast Circus Parade,0.5,0.0,0.08666666666666667,0.0,179,866.694,ValueLink Distribution,0.5866666666666667,Leverage
Wicker Star,0.15,0.0,0.10909090909090909,0.2409090909090909,641,865.2149999999999,Global Goods Ltd.,0.5,Leverage
Black Wine Glass,0.2,0.5,0.2,0.0,1936,862.3304,Summit Procurement,0.8999999999999999,Strategic
Bread Bin Diner Style Pink,0.30303030303030304,0.5,0.19696969696969696,0.30303030303030304,102,861.6257,ValueLink Distribution,1.303030303030303,Strategic
Happy Stencil Craft,0.14375,0.0,0.0,0.14375,1215,860.6253,Evergreen Supply,0.2875,Leverage
London Tissues,0.36363636363636365,0.0,0.0,0.26262626262626265,4747,860.0939000000001,Metro Wholesale,0.6262626262626263,Leverage
Pearl Crystal Pumpkin T-Light Hldr,0.30392156862745096,0.0,0.0,0.5,934,859.681,Metro Wholesale,0.803921568627451,Strategic
I M On Holiday Metal Sign,0.33962264150943394,0.0,0.37264150943396224,0.16037735849056603,701,858.4191,Gulf Source Co.,0.8726415094339622,Strategic
Box Vintage Jigsaw Blocks,0.0,0.0,0.15432098765432098,0.08641975308641975,293,858.0609,Metro Wholesale,0.24074074074074073,Leverage
Set3 Book Box Green Gingham Flower,0.2661290322580645,0.0,0.0,0.23387096774193547,348,856.3864,Northstar Trading,0.5,Leverage
Pink Heart Paper Doilies,0.0,0.0,0.21875,0.125,1093,855.9863,Reliable Imports,0.34375,Leverage
Cream Sweetheart Trays,0.18888888888888888,0.0,0.0,0.0,113,855.5357,Northstar Trading,0.18888888888888888,Leverage
Ice Cream Pen Lip Gloss,0.0,0.5,0.0,0.3023255813953488,1116,855.0792,Global Goods Ltd.,0.8023255813953488,Strategic
Set/6 Woodland Paper Cups,0.0,0.5,0.0,0.22916666666666666,12892,853.8911999999999,Prime Supply Partners,0.7291666666666666,Leverage
Skull Paper Napkins,0.0,0.0,0.33766233766233766,0.34415584415584416,2023,853.8158999999999,Prime Supply Partners,0.6818181818181819,Leverage
Tea Towels Apple And Pears,0.1532258064516129,0.0,0.0,0.5,471,851.8371,Evergreen Supply,0.6532258064516129,Leverage
Pantry Tea Towels,0.2982456140350877,0.5,0.0,0.20175438596491227,396,851.0554,Metro Wholesale,1.0,Strategic
Large Circular Mirror Mobile,0.0,0.0,0.0,0.13043478260869565,1514,848.9224,Summit Procurement,0.13043478260869565,Leverage
Funky Washing Up Gloves,0.36619718309859156,0.0,0.11971830985915492,0.11971830985915492,649,848.8143,Gulf Source Co.,0.6056338028169014,Leverage
Large Cake Towel Pink Spots,0.36666666666666664,0.0,0.13333333333333333,0.3111111111111111,321,845.9841,Evergreen Supply,0.8111111111111111,Strategic
Set/4 Pink Orchid Candles In Bowl,0.25,0.5,0.5,0.25,1139,844.7433000000001,Evergreen Supply,1.5,Strategic
Kings Choice Giant Tube Matches,0.5,0.0,0.0,0.0,623,842.4188,Global Goods Ltd.,0.5,Leverage
Traditional Christmas Ribbons,0.31868131868131866,0.0,0.0,0.5,1230,841.5768,Apex Merchants,0.8186813186813187,Strategic
Open Closed Metal Sign,0.0,0.0,0.11956521739130435,0.3804347826086957,300,837.8064,Reliable Imports,0.5,Leverage
Red Spotty Cup,0.2757009345794392,0.0,0.14018691588785046,0.1261682242990654,1513,835.0435,Prime Supply Partners,0.5420560747663551,Leverage
White Beaded Garland String 20Light,0.5,0.5,0.0,0.5,218,832.8788,Summit Procurement,1.5,Strategic
Abc Treasure Book Box,0.2948717948717949,0.0,0.0,0.14102564102564102,572,832.8662,Metro Wholesale,0.4358974358974359,Leverage
Cut Glass Hexagon T-Light Holder,0.13636363636363635,0.5,0.0,0.5,722,832.3522,ValueLink Distribution,1.1363636363636362,Strategic
Plasters In Tin Vintage Paisley,0.0,0.0,0.2357142857142857,0.12142857142857143,893,832.2051,Gulf Source Co.,0.35714285714285715,Leverage
Wall Mirror Rect Diamante Pink/,0.18181818181818182,0.5,0.5,0.0,248,831.6064,Northstar Trading,1.1818181818181819,Strategic
Box Christmas Cake Decorations,0.5,0.0,0.14864864864864866,0.5,369,830.25,Global Goods Ltd.,1.1486486486486487,Strategic
Jumbo Bag Paisley Park,0.0,0.5,0.24545454545454545,0.5,571,827.0547,Northstar Trading,1.2454545454545456,Strategic
Alarm Clock Bakelike Orange,0.09259259259259259,0.0,0.5,0.25925925925925924,376,824.8312000000001,Northstar Trading,0.8518518518518519,Strategic
Photo Frame Classic Hanging,0.0,0.0,0.0,0.18269230769230768,130,823.8100000000001,Gulf Source Co.,0.18269230769230768,Leverage
I Can Only Please One Person,0.21764705882352942,0.0,0.1411764705882353,0.11176470588235295,1069,820.3974999999999,Northstar Trading,0.47058823529411764,Leverage
Glass Honeypot Wasp Catcher,0.5,0.0,0.0,0.17592592592592593,696,818.8944,Reliable Imports,0.6759259259259259,Leverage
Cake Stand Lace White,0.28205128205128205,0.0,0.1282051282051282,0.3717948717948718,336,816.48,Evergreen Supply,0.782051282051282,Leverage
Food Cover With Beads,0.171875,0.0,0.0,0.0,366,815.1295,Evergreen Supply,0.171875,Leverage
Cases Woodland,0.2222222222222222,0.0,0.0,0.3888888888888889,204,813.8004,Prime Supply Partners,0.6111111111111112,Leverage
Skull Shoulder Bag,0.18333333333333332,0.0,0.175,0.14166666666666666,737,811.6685,Apex Merchants,0.49999999999999994,Leverage
Round Container Retrospot,0.3732394366197183,0.0,0.11971830985915492,0.1267605633802817,843,811.4301,Apex Merchants,0.619718309859155,Leverage
Cream Sweetheart Egg Holder,0.29545454545454547,0.0,0.125,0.20454545454545456,274,804.0936,Summit Procurement,0.625,Leverage
Tea Time Teapot In Gift Box,0.18181818181818182,0.0,0.0,0.3181818181818182,143,803.495,Apex Merchants,0.5,Leverage
Triple Photo Frame Cornice,0.30392156862745096,0.0,0.0,0.5,135,803.3559,Prime Supply Partners,0.803921568627451,Strategic
Red Retrospot Childrens Umbrella,0.3717948717948718,0.0,0.10897435897435898,0.10897435897435898,399,802.7082,Metro Wholesale,0.5897435897435898,Leverage
Feltcraft Doll Emily,0.358695652173913,0.0,0.2554347826086957,0.23369565217391305,471,801.1491000000001,Metro Wholesale,0.8478260869565217,Strategic
Picture Dominoes,0.0872093023255814,0.0,0.0872093023255814,0.27906976744186046,983,799.0098,Evergreen Supply,0.4534883720930233,Leverage
Four Hook White Lovebirds,0.5,0.0,0.0,0.11458333333333333,583,798.2103,Summit Procurement,0.6145833333333334,Leverage
Lantern Cream Gazebo,0.5,0.0,0.14655172413793102,0.5,267,798.1028000000001,Gulf Source Co.,1.146551724137931,Strategic
Vintage Christmas Cake Frill,0.5,0.0,0.265625,0.5,959,794.4441,Global Goods Ltd.,1.265625,Strategic
Farmyard Animals In Bucket,0.5,0.5,0.2727272727272727,0.0,3606,793.4742,Evergreen Supply,1.2727272727272727,Strategic
Suki Shoulder Bag,0.0,0.0,0.28378378378378377,0.5,713,788.9281,ValueLink Distribution,0.7837837837837838,Leverage
Napkins Pantry,0.5,0.0,0.25,0.2641509433962264,1604,788.3327999999999,Northstar Trading,1.0141509433962264,Strategic
Traditional Spinning Tops,0.23529411764705882,0.0,0.11764705882352941,0.0,930,788.271,Evergreen Supply,0.3529411764705882,Leverage
English Rose Hot Water Bottle,0.0,0.0,0.11428571428571428,0.12857142857142856,330,785.7065,Reliable Imports,0.24285714285714283,Leverage
I Love London Baby Gift,0.5,0.5,0.0,0.25,76,783.73,Reliable Imports,1.25,Strategic
Vintage Christmas Gift Sack,0.5,0.5,0.2375,0.5,346,783.0826000000001,Reliable Imports,1.7375,Strategic
Tea Time Baking Cases,0.31896551724137934,0.0,0.16379310344827586,0.16379310344827586,1020,781.5936,Summit Procurement,0.646551724137931,Leverage
Box Mini S Crackers,0.30158730158730157,0.0,0.16666666666666666,0.09523809523809523,485,781.0548,Evergreen Supply,0.5634920634920635,Leverage
Home Sweet Home Key Holder,0.0,0.5,0.2857142857142857,0.5,291,780.8184,Reliable Imports,1.2857142857142856,Strategic
Red Spotty Pudding Bowl,0.0,0.5,0.20454545454545456,0.20454545454545456,7411,780.7064,Northstar Trading,0.9090909090909092,Strategic
Hand Warmer Babushka,0.0,0.0,0.225,0.11875,708,780.1163999999999,Reliable Imports,0.34375,Leverage
Bathroom Love Heart,0.2619047619047619,0.5,0.0,0.2619047619047619,539,778.3138,Northstar Trading,1.0238095238095237,Strategic
Red Retrospot Oven Glove Double,0.3305084745762712,0.0,0.0,0.3728813559322034,412,777.4884,Apex Merchants,0.7033898305084746,Leverage
Toy Tidy Spaceboy,0.23837209302325582,0.0,0.32558139534883723,0.1744186046511628,623,777.0752,Reliable Imports,0.7383720930232558,Leverage
Gumball Magazine Rack,0.36666666666666664,0.0,0.0,0.3,176,775.0996,Summit Procurement,0.6666666666666666,Leverage
Set/6 Strawberry Paper Cups,0.0,0.5,0.0,0.0,13141,774.6802,Northstar Trading,0.5,Leverage
Ceramic Cherry Cake Money Bank,0.5,0.0,0.0,0.13815789473684212,770,774.2551,Apex Merchants,0.6381578947368421,Leverage
Black Kitchen Scales,0.33636363636363636,0.0,0.0,0.33636363636363636,134,773.6632,Evergreen Supply,0.6727272727272727,Leverage
Regency Tea Plate Green,0.0,0.5,0.0,0.0,729,772.7699999999999,Global Goods Ltd.,0.5,Leverage
Dinosaur Lunch Box With Cutlery,0.3904109589041096,0.0,0.0,0.0,471,771.729,Apex Merchants,0.3904109589041096,Leverage
Rustic Mirror With Lace Heart,0.32,0.5,0.32,0.0,299,771.6070000000001,Metro Wholesale,1.1400000000000001,Strategic
Retrospot Cigar Box Matches,0.16233766233766234,0.0,0.2662337662337662,0.33766233766233766,1148,769.8037,Evergreen Supply,0.7662337662337662,Leverage
Skulls Water Transfer Tattoos,0.24603174603174602,0.0,0.1111111111111111,0.373015873015873,1509,769.6743,Prime Supply Partners,0.7301587301587301,Leverage
Washroom Metal Sign,0.37,0.0,0.105,0.235,811,768.3588,Global Goods Ltd.,0.71,Leverage
Christmas Lights Vintage Baubles,0.5,0.0,0.20192307692307693,0.5,293,768.0969,Summit Procurement,1.2019230769230769,Strategic
Frying Pan Pink Polkadot,0.3111111111111111,0.0,0.0,0.35555555555555557,285,766.0565,Prime Supply Partners,0.6666666666666667,Leverage
Feltcraft Princess Charlotte Doll,0.21649484536082475,0.0,0.28350515463917525,0.23195876288659795,353,765.1274999999999,Prime Supply Partners,0.731958762886598,Leverage
Doormat I Love London,0.5,0.0,0.32857142857142857,0.32857142857142857,170,765.0456,Global Goods Ltd.,1.157142857142857,Strategic
Lunch Box With Cutlery Fairy Cakes,0.09523809523809523,0.0,0.2222222222222222,0.2222222222222222,464,764.6464,Global Goods Ltd.,0.5396825396825397,Leverage
Pink Polkadot Bowl,0.36627906976744184,0.0,0.0,0.11046511627906977,925,764.2364,Metro Wholesale,0.4767441860465116,Leverage
Lunch Bag Vintage Leaf,0.16489361702127658,0.0,0.17553191489361702,0.324468085106383,766,762.4724000000001,Global Goods Ltd.,0.6648936170212766,Leverage
Red Heart Shape Love Bucket,0.12727272727272726,0.0,0.0,0.19090909090909092,468,761.2644,Summit Procurement,0.3181818181818182,Leverage
Lovebird Hanging Decoration White,0.3893805309734513,0.0,0.11061946902654868,0.27876106194690264,1501,759.3267999999999,Metro Wholesale,0.7787610619469026,Leverage
Rose Botanical T-Lights,0.5,0.0,0.20512820512820512,0.5,408,757.0823999999999,Northstar Trading,1.205128205128205,Strategic
Christmas Pudding Trinket Pot,0.5,0.0,0.0,0.5,2584,756.6431,Evergreen Supply,1.0,Strategic
Jumbo Bag Charlie And Lola Toys,0.5,0.0,0.1346153846153846,0.36538461538461536,644,756.5584,Metro Wholesale,1.0,Strategic
Glass Star Frosted T-Light Holder,0.5,0.5,0.2653061224489796,0.5,246,755.9088,Metro Wholesale,1.7653061224489797,Strategic
Metal Sign Her Dinner Is Served,0.3125,0.0,0.0,0.15,473,755.7863,Gulf Source Co.,0.4625,Leverage
Vintage Black Cutlery,0.0,0.5,0.0,0.3333333333333333,114,753.2934,Evergreen Supply,0.8333333333333333,Strategic
Charlie And Lola Figures Tins,0.0,0.5,0.0,0.25,510,752.8714000000001,Apex Merchants,0.75,Leverage
Gardeners Kneeling Pad,0.25675675675675674,0.0,0.25675675675675674,0.25675675675675674,1034,748.0482,Prime Supply Partners,0.7702702702702702,Leverage
Teatime Paper Doilies,0.0,0.0,0.0,0.1414141414141414,856,747.5566,Prime Supply Partners,0.1414141414141414,Leverage
Vintage Cream Dog Food Container,0.10317460317460317,0.0,0.0,0.24603174603174602,161,746.6825,Northstar Trading,0.3492063492063492,Leverage
Victorian Metal Postcard Spring,0.1865671641791045,0.0,0.15671641791044777,0.5,1305,745.029,Summit Procurement,0.8432835820895522,Strategic
S/4 Cacti Candles,0.21739130434782608,0.0,0.0,0.21739130434782608,259,742.6661999999999,Global Goods Ltd.,0.43478260869565216,Leverage
Kings Choice Mug,0.39655172413793105,0.0,0.31896551724137934,0.10344827586206896,1034,740.6753,Prime Supply Partners,0.8189655172413793,Strategic
Wall Art S Alphabet,0.24,0.5,0.5,0.0,168,739.3776,Reliable Imports,1.24,Strategic
Gingham Heart Doorstop Red,0.21341463414634146,0.0,0.11585365853658537,0.0,328,738.3948,Metro Wholesale,0.32926829268292684,Leverage
Vintage Christmas Stocking,0.5,0.0,0.0,0.5,525,736.6358999999999,Metro Wholesale,1.0,Strategic
Gardenia Wick Morris Boxed Candle,0.1527777777777778,0.0,0.041666666666666664,0.041666666666666664,286,734.8624,Global Goods Ltd.,0.2361111111111111,Leverage
Ceramic Cake Bowl + Hanging Cakes,0.16666666666666666,0.0,0.16666666666666666,0.3333333333333333,427,734.4156,Summit Procurement,0.6666666666666666,Leverage
Lavender Botanical T-Lights,0.0,0.0,0.22093023255813954,0.38372093023255816,391,734.2752999999999,Summit Procurement,0.6046511627906976,Leverage
Wicker Storage Baskets,0.0,0.5,0.2962962962962963,0.2037037037037037,67,734.0557,Apex Merchants,1.0,Strategic
Set/3 Floral Garden Tools In Bag,0.22727272727272727,0.5,0.2727272727272727,0.22727272727272727,141,734.0445,Metro Wholesale,1.2272727272727273,Strategic
Hanging Metal Star Lantern,0.5,0.0,0.11764705882352941,0.375,749,732.7609,Northstar Trading,0.9926470588235294,Strategic
Revolver Wooden Ruler,0.36538461538461536,0.0,0.0,0.375,583,732.7455,Northstar Trading,0.7403846153846154,Leverage
Glass Jar English Confectionery,0.13636363636363635,0.0,0.13636363636363635,0.16363636363636364,375,731.7622,Prime Supply Partners,0.43636363636363634,Leverage
Doormat Welcome Sunrise,0.358974358974359,0.0,0.1794871794871795,0.0,184,730.9703000000001,Apex Merchants,0.5384615384615384,Leverage
Doorstop Retrospot Heart,0.10326086956521739,0.0,0.125,0.09782608695652174,292,730.375,Global Goods Ltd.,0.32608695652173914,Leverage
Pompom Curtain,0.0,0.5,0.25,0.0,230,727.645,Northstar Trading,0.75,Leverage
Babushka Lights String,0.11864406779661017,0.0,0.0,0.5,176,727.272,Evergreen Supply,0.6186440677966102,Leverage
Set/3 Rose Candle In Jewelled Box,0.0,0.0,0.29411764705882354,0.39705882352941174,282,727.0676000000001,Metro Wholesale,0.6911764705882353,Leverage
Hanging Fairy Cake Decoration,0.5,0.0,0.15517241379310345,0.0,635,726.8946000000001,Prime Supply Partners,0.6551724137931034,Leverage
Kids Colour Chalk Sticks,0.5,0.0,0.22043010752688172,0.12365591397849462,3149,726.8029,ValueLink Distribution,0.8440860215053764,Strategic
Green Cherry Lights,0.5,0.5,0.0,0.2692307692307692,188,725.6759999999999,Metro Wholesale,1.2692307692307692,Strategic
Recipe Box Blue Sketchbook,0.0,0.0,0.0,0.0,391,725.1068999999999,Metro Wholesale,0.0,Leverage
Recipe Box With Metal Heart,0.17857142857142858,0.0,0.17857142857142858,0.5,147,725.0741,Reliable Imports,0.8571428571428572,Strategic
Fine Wicker Heart,0.13934426229508196,0.0,0.11475409836065574,0.36065573770491804,936,724.86,Summit Procurement,0.6147540983606558,Leverage
Retrospot Giant Tube Matches,0.28846153846153844,0.0,0.0,0.15384615384615385,448,722.6628,Apex Merchants,0.4423076923076923,Leverage
Christmas Craft Little Friends,0.5,0.0,0.313953488372093,0.5,686,721.3823000000001,Apex Merchants,1.3139534883720931,Strategic
Dog Bowl Chasing Ball,0.21052631578947367,0.0,0.13157894736842105,0.2894736842105263,296,720.2704,Gulf Source Co.,0.631578947368421,Leverage
Glamorous Mug,0.17307692307692307,0.0,0.17307692307692307,0.3269230769230769,1194,720.1042,ValueLink Distribution,0.6730769230769231,Leverage
Wall Art Only One Person,0.5,0.5,0.0,0.21153846153846154,271,718.0445,Reliable Imports,1.2115384615384615,Strategic
Red Retrospot Tea Cup And Saucer,0.11428571428571428,0.0,0.11428571428571428,0.12857142857142856,333,717.885,Evergreen Supply,0.3571428571428571,Leverage
Coffee Mug Blue Paisley,0.0,0.0,0.0,0.10294117647058823,446,717.7442,Metro Wholesale,0.10294117647058823,Leverage
Wooden Regatta Bunting,0.16981132075471697,0.0,0.330188679245283,0.16981132075471697,191,717.2981000000001,Global Goods Ltd.,0.6698113207547169,Leverage
Novelty Biscuits Cake Stand Tier,0.23333333333333334,0.5,0.23333333333333334,0.0,117,713.8719,Northstar Trading,0.9666666666666668,Strategic
Pencils Small Tube Skull,0.0,0.0,0.0,0.5,1812,713.2643999999999,Gulf Source Co.,0.5,Leverage
Woodland Animal Writing,0.3333333333333333,0.0,0.0,0.21212121212121213,697,712.9991000000001,Global Goods Ltd.,0.5454545454545454,Leverage
French Bathroom Sign Blue Metal,0.35185185185185186,0.0,0.0,0.35185185185185186,721,712.0522000000001,Global Goods Ltd.,0.7037037037037037,Leverage
Jingle Bell Heart Antique Silver,0.32926829268292684,0.0,0.17073170731707318,0.3170731707317073,548,711.49,Evergreen Supply,0.8170731707317074,Strategic
Red Retrospot Storage Jar,0.12698412698412698,0.0,0.0,0.0,297,709.5605,Gulf Source Co.,0.12698412698412698,Leverage
Small Ivory Heart Wall Organiser,0.1323529411764706,0.0,0.0,0.1323529411764706,224,708.0533,Summit Procurement,0.2647058823529412,Leverage
London Bus Coffee Mug,0.2549019607843137,0.5,0.2549019607843137,0.2549019607843137,436,707.772,Prime Supply Partners,1.2647058823529411,Strategic
Sweetheart Cream Steel Foldin Bench,0.0,0.5,0.30357142857142855,0.19642857142857142,60,706.23,Apex Merchants,1.0,Strategic
Laundry 15C Metal Sign,0.13218390804597702,0.0,0.0,0.13218390804597702,825,705.3161,Prime Supply Partners,0.26436781609195403,Leverage
Mini Cake Stand Hanging Strawbery,0.0,0.0,0.0,0.5,686,705.2904,Apex Merchants,0.5,Leverage
Strawberry Shopper Bag,0.0,0.0,0.10493827160493827,0.10493827160493827,807,702.5331,Prime Supply Partners,0.20987654320987653,Leverage
Corona Mexican Tray,0.5,0.0,0.19,0.33,315,699.3095,Northstar Trading,1.02,Strategic
Medium Ceramic Top Storage Jar,0.2682926829268293,0.0,0.0,0.0,886,698.7658,Gulf Source Co.,0.2682926829268293,Leverage
Red Gingham Teddy Bear,0.0,0.0,0.1111111111111111,0.5,429,697.674,Northstar Trading,0.6111111111111112,Leverage
Mushroom Cake Cases,0.28440366972477066,0.0,0.0,0.26605504587155965,1947,697.4501999999999,ValueLink Distribution,0.5504587155963303,Leverage
Sweetie Gift Boxes,0.28125,0.0,0.3854166666666667,0.11458333333333333,430,697.1495,ValueLink Distribution,0.7812500000000001,Leverage
Scandinavian Paisley Picnic Bag,0.15,0.0,0.15,0.24375,481,696.3892999999999,Northstar Trading,0.54375,Leverage
Travel Card Wallet Keep Calm,0.0,0.0,0.14383561643835616,0.14383561643835616,2964,696.1914,Global Goods Ltd.,0.2876712328767123,Leverage
Toadstool Money Box,0.0,0.0,0.13559322033898305,0.3305084745762712,348,695.7420000000001,Northstar Trading,0.4661016949152542,Leverage
White Retrodisc Lampshade,0.0,0.5,0.22727272727272727,0.5,526,694.9014,Summit Procurement,1.2272727272727273,Strategic
Blue Polkadot Bowl,0.5,0.0,0.0,0.14705882352941177,886,694.8348,Summit Procurement,0.6470588235294118,Leverage
Rose Des Padded Floor Cushion,0.0,0.5,0.22727272727272727,0.2727272727272727,382,692.7606000000001,Global Goods Ltd.,1.0,Strategic
Round Cake Tin Vintage Green,0.21568627450980393,0.0,0.0,0.5,157,691.5679,Apex Merchants,0.7156862745098039,Leverage
Fairy Cake Placemats,0.22727272727272727,0.0,0.17424242424242425,0.32575757575757575,366,691.3335999999999,Metro Wholesale,0.7272727272727273,Leverage
Mini Lights Woodland Mushrooms,0.3026315789473684,0.0,0.0,0.35526315789473684,299,690.9775,Evergreen Supply,0.6578947368421053,Leverage
Pink Owl Soft Toy,0.3333333333333333,0.0,0.37037037037037035,0.12962962962962962,434,690.8534,Summit Procurement,0.8333333333333334,Strategic
Card Holder Gingham Heart,0.427536231884058,0.0,0.427536231884058,0.30434782608695654,486,688.6028,Northstar Trading,1.1594202898550725,Strategic
Set/6 Red Spotty Paper Cups,0.21649484536082475,0.0,0.15979381443298968,0.15979381443298968,1904,688.0036,Northstar Trading,0.5360824742268041,Leverage
Charlotte Bag Dolly Girl,0.12352941176470589,0.0,0.2411764705882353,0.12352941176470589,1421,684.769,Metro Wholesale,0.4882352941176471,Leverage
Ribbon Reel Hearts,0.0,0.0,0.0,0.11627906976744186,742,681.0224,Global Goods Ltd.,0.11627906976744186,Leverage
Hanging Owls Ollie Beak,0.0,0.0,0.3431372549019608,0.0,874,676.9742,Gulf Source Co.,0.3431372549019608,Leverage
Regency Tea Plate Pink,0.20454545454545456,0.0,0.3181818181818182,0.0,623,675.8938,Global Goods Ltd.,0.5227272727272727,Leverage
Cherry Blossom Decorative Flask,0.22941176470588234,0.0,0.18823529411764706,0.4235294117647059,304,670.3514,Northstar Trading,0.8411764705882352,Strategic
Blue Party Bags,0.0,0.0,0.3469387755102041,0.20408163265306123,550,666.5250000000001,Apex Merchants,0.5510204081632653,Leverage
Biscuit Tin Vintage Green,0.0,0.0,0.0,0.0,183,666.4640999999999,ValueLink Distribution,0.0,Leverage
Large Heart Measuring Spoons,0.0,0.0,0.13095238095238096,0.35119047619047616,793,666.2975999999999,Apex Merchants,0.4821428571428571,Leverage
Girls Vintage Tin Seaside Bucket,0.0,0.0,0.10526315789473684,0.2719298245614035,518,666.2008000000001,Summit Procurement,0.37719298245614036,Leverage
Save The Planet Cotton Tote Bag,0.0,0.0,0.13559322033898305,0.23728813559322035,467,665.3205,Prime Supply Partners,0.3728813559322034,Leverage
Colouring Pencils Brown Tube,0.28125,0.10267857142857142,0.08035714285714286,0.4642857142857143,1565,664.9924,Gulf Source Co.,0.9285714285714286,Strategic
Bull Dog Bottle Opener,0.2073170731707317,0.0,0.2926829268292683,0.12195121951219512,214,664.602,Northstar Trading,0.6219512195121951,Leverage
Red Spot Gift Bag Large,0.0,0.0,0.0,0.17857142857142858,802,664.0473999999999,Reliable Imports,0.17857142857142858,Leverage
Heart Shaped Balloons,0.12162162162162163,0.0,0.12162162162162163,0.13513513513513514,812,664.041,Northstar Trading,0.3783783783783784,Leverage
Ivory Hanging Decoration Heart,0.21686746987951808,0.0,0.09036144578313253,0.40963855421686746,1250,663.1714000000001,Reliable Imports,0.7168674698795181,Leverage
Regency Tea Strainer,0.20588235294117646,0.5,0.0,0.20588235294117646,289,663.1324999999999,Evergreen Supply,0.9117647058823528,Strategic
Childrens Cutlery Circus Parade,0.5,0.0,0.0,0.0,257,662.0844999999999,Apex Merchants,0.5,Leverage
T-Lights Santa,0.5,0.0,0.08620689655172414,0.5,391,661.2307,Reliable Imports,1.0862068965517242,Strategic
Set/20 Fruit Salad Paper Napkins,0.0,0.5,0.5,0.5,6363,660.7899,Prime Supply Partners,1.5,Strategic
Round Snack Boxes Skulls,0.2532467532467532,0.0,0.11688311688311688,0.21428571428571427,338,659.5024,Reliable Imports,0.5844155844155844,Leverage
Classic Glass Cookie Jar,0.5,0.5,0.0,0.2857142857142857,230,657.706,Gulf Source Co.,1.2857142857142856,Strategic
Small Red Retrospot Mug In Box,0.0,0.0,0.3137254901960784,0.5,449,657.1745,Prime Supply Partners,0.8137254901960784,Strategic
Handbag Gift Boxes,0.16037735849056603,0.0,0.0,0.0,357,656.8643999999999,ValueLink Distribution,0.16037735849056603,Leverage
Antique Glass Heart Decoration,0.3333333333333333,0.0,0.16666666666666666,0.1388888888888889,502,654.6439999999999,Northstar Trading,0.6388888888888888,Leverage
Periwinkle T-Light Holder,0.5,0.5,0.0,0.5,3060,654.6324000000001,Northstar Trading,1.5,Strategic
Christmas Toilet Roll,0.5,0.0,0.1056338028169014,0.5,927,653.2321,Summit Procurement,1.1056338028169015,Strategic
Herb Marker Basil,0.275,0.5,0.0,0.5,1832,652.6804,Gulf Source Co.,1.275,Strategic
Noel Wooden Block Letters,0.5,0.0,0.0,0.5,220,652.1263,Summit Procurement,1.0,Strategic
Antique Silver Bauble Lamp,0.5,0.5,0.0,0.5,102,651.168,Metro Wholesale,1.5,Strategic
Ceramic Cake Spotted Mug,0.2702702702702703,0.0,0.0,0.0,686,650.4152,Gulf Source Co.,0.2702702702702703,Leverage
Gymkhana Treasure Book Box,0.5,0.5,0.0,0.2631578947368421,503,648.897,Apex Merchants,1.263157894736842,Strategic
Pink Drawer Knob Acrylic Edwardian,0.22093023255813954,0.0,0.13953488372093023,0.36046511627906974,815,648.6613000000001,Evergreen Supply,0.7209302325581395,Leverage
Pig Keyring With Light & Sound,0.3181818181818182,0.0,0.0,0.5,950,648.5234,Gulf Source Co.,0.8181818181818181,Strategic
White Dove Honeycomb Paper Garland,0.08823529411764706,0.0,0.08823529411764706,0.5,782,648.1134,Prime Supply Partners,0.6764705882352942,Leverage
Vintage Cream Cat Food Container,0.0,0.5,0.0,0.23148148148148148,202,647.9114000000001,Northstar Trading,0.7314814814814815,Leverage
Jingle Bell Heart Decoration,0.12931034482758622,0.0,0.11206896551724138,0.3448275862068966,675,647.6268,Northstar Trading,0.5862068965517242,Leverage
Lunch Bag Paisley Park,0.2909090909090909,0.0,0.0,0.0,584,646.52,Evergreen Supply,0.2909090909090909,Leverage
Embossed Glass Tealight Holder,0.5,0.0,0.0,0.5,820,646.271,Prime Supply Partners,1.0,Strategic
White Lovebird Lantern,0.5,0.0,0.13636363636363635,0.5,376,645.2189999999999,Prime Supply Partners,1.1363636363636362,Strategic
Birdhouse Garden Marker,0.5,0.0,0.36363636363636365,0.0,743,644.3909000000001,Summit Procurement,0.8636363636363636,Strategic
Giant S Christmas Cracker,0.2807017543859649,0.0,0.12280701754385964,0.5,443,643.3207,Northstar Trading,0.9035087719298245,Strategic
T-Lights Snowmen,0.5,0.0,0.0,0.5,352,642.7694,Prime Supply Partners,1.0,Strategic
Apron Apple Delight,0.5,0.0,0.0,0.5,219,642.5307,Summit Procurement,1.0,Strategic
Flamingo Lights,0.5,0.0,0.0,0.5,212,641.4431999999999,Metro Wholesale,1.0,Strategic
Feltcraft Princess Olivia Doll,0.5,0.0,0.0,0.2785714285714286,260,640.588,Prime Supply Partners,0.7785714285714286,Leverage
Jumbo Bag Vintage Christmas,0.5,0.0,0.0,0.5,592,640.3760000000001,Reliable Imports,1.0,Strategic
Vintage Union Jack Doorstop,0.13114754098360656,0.0,0.1885245901639344,0.5,175,639.3025,Apex Merchants,0.819672131147541,Strategic
Vintage Rose Cutlery,0.0,0.0,0.2903225806451613,0.2903225806451613,85,638.8977,Evergreen Supply,0.5806451612903226,Leverage
Lucky Cat Magnets,0.1794871794871795,0.0,0.0,0.19230769230769232,457,638.33,Gulf Source Co.,0.3717948717948718,Leverage
Pink Vintage Paisley Picnic Bag,0.0,0.0,0.0,0.34415584415584416,511,637.591,Summit Procurement,0.34415584415584416,Leverage
Woodland Cotton Tote Bag,0.10784313725490197,0.0,0.0,0.20588235294117646,398,636.9836,Northstar Trading,0.3137254901960784,Leverage
Rose Caravan Doorstop,0.10483870967741936,0.0,0.0,0.10483870967741936,174,636.3353999999999,Evergreen Supply,0.20967741935483872,Leverage
Grow Your Own Basil In Enamel,0.3382352941176471,0.0,0.16176470588235295,0.22794117647058823,432,635.9472,Apex Merchants,0.7279411764705882,Leverage
Big Doughnut Fridge Magnets,0.11206896551724138,0.0,0.22413793103448276,0.27586206896551724,1184,632.866,Northstar Trading,0.6120689655172413,Leverage
Cupcake Lace Paper,0.0,0.0,0.3541666666666667,0.3854166666666667,554,632.631,Northstar Trading,0.7395833333333334,Leverage
Spaceboy Birthday Card,0.5,0.0,0.24806201550387597,0.5,2703,631.0871999999999,Evergreen Supply,1.248062015503876,Strategic
Airline Bag Vintage Tokyo,0.0,0.0,0.12962962962962962,0.10493827160493827,221,628.5212,Prime Supply Partners,0.2345679012345679,Leverage
Black Bird Garden Mug,0.19047619047619047,0.5,0.0,0.5,6092,628.4352,ValueLink Distribution,1.1904761904761905,Strategic
Spaceboy Gift Wrap,0.125,0.0,0.0,0.27631578947368424,2675,627.8475000000001,Apex Merchants,0.40131578947368424,Leverage
Doormat Merry Christmas Red,0.5,0.0,0.1511627906976744,0.5,151,625.7144,ValueLink Distribution,1.1511627906976745,Strategic
Storage Tin Vintage Doily,0.0,0.0,0.18269230769230768,0.18269230769230768,316,625.4046,Apex Merchants,0.36538461538461536,Leverage
Mini Cake Stand With Hanging Cakes,0.15789473684210525,0.0,0.0,0.17543859649122806,699,624.8088,Metro Wholesale,0.3333333333333333,Leverage
Woodland Height Chart Stickers,0.1875,0.0,0.0,0.3125,371,624.7121000000001,Metro Wholesale,0.5,Leverage
Ceramic Bowl With Strawberry,0.3163265306122449,0.0,0.0,0.5,350,623.5298,Global Goods Ltd.,0.8163265306122449,Strategic
Sweetheart Cream Steel Table Rect,0.0,0.5,0.0,0.14814814814814814,50,623.4399999999999,Reliable Imports,0.6481481481481481,Leverage
Tropical Honeycomb Paper Garland,0.2,0.0,0.2,0.0,473,623.2299,Northstar Trading,0.4,Leverage
Green Metal Box Army Supplies,0.12903225806451613,0.0,0.0,0.3870967741935484,109,623.2185,Reliable Imports,0.5161290322580645,Leverage
Man Flu Metal Sign,0.13333333333333333,0.0,0.25,0.36666666666666664,506,621.3198,Summit Procurement,0.75,Leverage
Sweetheart Key Cabinet,0.12295081967213115,0.0,0.19672131147540983,0.3770491803278688,160,621.264,Metro Wholesale,0.6967213114754098,Leverage
Fancy Fonts Birthday Wrap,0.5,0.0,0.056962025316455694,0.5,2850,620.745,Reliable Imports,1.0569620253164556,Strategic
Tier Sweetheart Garden Shelf,0.5,0.5,0.2608695652173913,0.2608695652173913,29,620.6402,Gulf Source Co.,1.5217391304347827,Strategic
Zinc Star T-Light Holder,0.5,0.5,0.0,0.5,791,618.7778999999999,Gulf Source Co.,1.5,Strategic
Spaceboy Mini Backpack,0.38372093023255816,0.0,0.38372093023255816,0.38372093023255816,242,618.1284,Summit Procurement,1.1511627906976745,Strategic
Incense,0.0,0.5,0.26,0.0,5256,617.832,Reliable Imports,0.76,Leverage
Pizza Slice Dish,0.23076923076923078,0.5,0.2692307692307692,0.2692307692307692,936,616.7952,Gulf Source Co.,1.2692307692307692,Strategic
Button Box,0.16304347826086957,0.0,0.18478260869565216,0.0,490,616.7909999999999,ValueLink Distribution,0.34782608695652173,Leverage
Small White Heart Wicker,0.27956989247311825,0.0,0.16129032258064516,0.22043010752688172,658,616.6757,Evergreen Supply,0.6612903225806451,Leverage
Decoration Hen On Nest Hanging,0.3181818181818182,0.0,0.0,0.0,682,615.1798,Apex Merchants,0.3181818181818182,Leverage
Coloured Pencils,0.0,0.0,0.16129032258064516,0.0,1258,615.1458,Evergreen Supply,0.16129032258064516,Leverage
Cream Sweetheart Magazine Rack,0.0,0.5,0.22857142857142856,0.2714285714285714,57,614.8302,Evergreen Supply,1.0,Strategic
Knick Knack Tins Leaf,0.0,0.0,0.0,0.2702702702702703,235,614.7470999999999,Global Goods Ltd.,0.2702702702702703,Leverage
Fairy Cake Baking Cases,0.5,0.0,0.0,0.40131578947368424,1132,613.7892,Metro Wholesale,0.9013157894736843,Strategic
Red Star Card Holder,0.0,0.0,0.0,0.14705882352941177,412,611.884,Prime Supply Partners,0.14705882352941177,Leverage
Vintage Doily Deluxe Sewing Kit,0.0,0.5,0.2236842105263158,0.2236842105263158,172,611.6748,Metro Wholesale,0.9473684210526316,Strategic
Heart Decoration With Pearls,0.5,0.0,0.1056338028169014,0.11971830985915492,1139,611.3129,Gulf Source Co.,0.7253521126760563,Leverage
Bottle Bag Retrospot,0.34615384615384615,0.0,0.1346153846153846,0.34615384615384615,501,610.74,Reliable Imports,0.8269230769230769,Strategic
Glass Heart T-Light Holder,0.1875,0.0,0.19791666666666666,0.5,1234,610.5658,Prime Supply Partners,0.8854166666666666,Strategic
Vintage Red Teatime Mug,0.19230769230769232,0.0,0.16666666666666666,0.3076923076923077,1402,609.5316,Summit Procurement,0.6666666666666667,Leverage
Doilies Dolly Girl,0.5,0.0,0.1323529411764706,0.0,805,609.0966999999999,Reliable Imports,0.6323529411764706,Leverage
Dolly Girl Beaker,0.5,0.0,0.12121212121212122,0.24242424242424243,830,608.0749999999999,Gulf Source Co.,0.8636363636363636,Strategic
Peg Bag Apples,0.0,0.0,0.16346153846153846,0.2980769230769231,409,607.9821000000001,Evergreen Supply,0.46153846153846156,Leverage
Folkart Zinc Heart Christmas Dec,0.5,0.0,0.17391304347826086,0.5,1363,607.888,Evergreen Supply,1.1739130434782608,Strategic
Classic French Style Basket Natural,0.0,0.0,0.38571428571428573,0.0,188,607.88,Summit Procurement,0.38571428571428573,Leverage
Beaded Chandelier T-Light Holder,0.13636363636363635,0.5,0.0,0.5,427,607.6007,Evergreen Supply,1.1363636363636362,Strategic
Chalkboard Kitchen Organiser,0.0,0.5,0.0,0.5,41,606.6585,Northstar Trading,1.0,Strategic
Alphabet Stencil Craft,0.0,0.5,0.2727272727272727,0.5,801,604.5588,ValueLink Distribution,1.2727272727272727,Strategic
Fork Candles,0.5,0.0,0.0,0.0,295,604.455,Prime Supply Partners,0.5,Leverage
Charlie + Lola Red Hot Water,0.0,0.0,0.13768115942028986,0.16666666666666666,408,602.3362,Evergreen Supply,0.30434782608695654,Leverage
Doormat Vintage Leaf,0.0,0.0,0.18604651162790697,0.0,146,602.0767,Metro Wholesale,0.18604651162790697,Leverage
Picnic Boxes Retrospot,0.5,0.0,0.0,0.35106382978723405,172,601.9484,Gulf Source Co.,0.851063829787234,Strategic
Garden Metal Sign,0.16666666666666666,0.0,0.23958333333333334,0.09375,696,601.9176,Northstar Trading,0.5,Leverage
Love Large Wood Letters,0.5,0.0,0.0,0.3125,76,601.7452,Metro Wholesale,0.8125,Strategic
Spaceboy Tv Dinner Tray,0.3125,0.0,0.0,0.5,197,601.2501,Apex Merchants,0.8125,Strategic
Vintage Doily Jumbo Bag Red,0.0,0.0,0.18478260869565216,0.15217391304347827,527,600.797,Metro Wholesale,0.33695652173913043,Leverage
Ceramic Strawberry Mug,0.08461538461538462,0.0,0.0,0.23846153846153847,720,600.6679999999999,Reliable Imports,0.3230769230769231,Leverage
Hanging Mini Coloured Bottles,0.21739130434782608,0.5,0.0,0.21739130434782608,1637,600.4407,Gulf Source Co.,0.9347826086956521,Strategic
Ribbon Reel Christmas Sock Bauble,0.5,0.0,0.13194444444444445,0.5,619,599.0804,Summit Procurement,1.1319444444444444,Strategic
Cacti T-Light Candles,0.2753623188405797,0.0,0.0,0.37681159420289856,2500,598.6827999999999,Summit Procurement,0.6521739130434783,Leverage
Traditional Biscuit Cutters,0.5,0.0,0.3,0.14444444444444443,446,597.9984000000001,Gulf Source Co.,0.9444444444444444,Strategic
Dolly Girl Mini Backpack,0.5,0.0,0.0,0.14285714285714285,244,596.3276,Summit Procurement,0.6428571428571428,Leverage
Pencil Small Tube Woodland,0.0,0.0,0.125,0.23809523809523808,1705,595.8374,Northstar Trading,0.3630952380952381,Leverage
Inflatable Political Globe,0.5,0.0,0.16666666666666666,0.14814814814814814,1218,595.7724,Summit Procurement,0.8148148148148148,Strategic
Slate Tile Natural Hanging,0.13076923076923078,0.0,0.0,0.25384615384615383,643,595.5654,Summit Procurement,0.3846153846153846,Leverage
Asstd Racing Car Pen,0.16666666666666666,0.0,0.0,0.0,630,593.0366,ValueLink Distribution,0.16666666666666666,Leverage
Poppy S Playhouse Bedroom,0.09659090909090909,0.0,0.0,0.0,444,592.9572000000001,Summit Procurement,0.09659090909090909,Leverage
Round Cake Tin Vintage Red,0.15625,0.0,0.0,0.140625,141,592.3530000000001,Evergreen Supply,0.296875,Leverage
Rose Wick Morris Box Candle,0.0,0.0,0.0,0.0,501,591.6241,Prime Supply Partners,0.0,Leverage
Knick Knack Tins Poppies,0.0,0.5,0.19444444444444445,0.3055555555555556,227,591.4724,Apex Merchants,1.0,Strategic
Blue Savannah Picnic Hamper For,0.19047619047619047,0.5,0.0,0.19047619047619047,136,591.4586,Prime Supply Partners,0.8809523809523809,Strategic
Sewing Box Retrospot,0.25,0.0,0.5,0.32894736842105265,72,589.98,Reliable Imports,1.0789473684210527,Strategic
Bubblegum Ring,0.32558139534883723,0.0,0.32558139534883723,0.5,2809,589.89,Prime Supply Partners,1.1511627906976745,Strategic
Queens Guard Coffee Mug,0.0,0.0,0.16304347826086957,0.16304347826086957,361,588.5536000000001,Metro Wholesale,0.32608695652173914,Leverage
Swallow Giant Tube Matches,0.2222222222222222,0.5,0.5,0.0,446,588.4968,Summit Procurement,1.2222222222222223,Strategic
Pizza Plate In Box,0.0,0.0,0.0,0.1875,233,588.4825,ValueLink Distribution,0.1875,Leverage
Ceramic Heart Fairy Cake Money Bank,0.0,0.0,0.0,0.0,696,588.288,Reliable Imports,0.0,Leverage
Wall Art Buffalo Bill,0.18181818181818182,0.5,0.5,0.3181818181818182,326,587.9796,Global Goods Ltd.,1.5,Strategic
Woolly Hat Sock Glove Advent String,0.08108108108108109,0.0,0.5,0.08108108108108109,416,586.6016,Metro Wholesale,0.6621621621621623,Leverage
Cosy Hour Giant Tube Matches,0.2653061224489796,0.5,0.2653061224489796,0.23469387755102042,347,586.1318,Metro Wholesale,1.2653061224489797,Strategic
Parisienne Jewellery Drawer,0.34444444444444444,0.0,0.3888888888888889,0.0,131,583.6899,Gulf Source Co.,0.7333333333333334,Leverage
Vintage Billboard Drink Me Mug,0.0,0.0,0.0,0.34210526315789475,1043,583.14,Reliable Imports,0.34210526315789475,Leverage
Pink Polkadot Wrap,0.0,0.0,0.13924050632911392,0.14556962025316456,2625,579.8875,Northstar Trading,0.28481012658227844,Leverage
Dairy Maid Large Milk Jug,0.1388888888888889,0.0,0.18518518518518517,0.17592592592592593,182,579.1968,Northstar Trading,0.5,Leverage
Baking Mould Toffee Cup Chocolate,0.25,0.5,0.0,0.5,422,578.9874,Summit Procurement,1.25,Strategic
Tea Cosy Vintage Union Jack,0.0,0.5,0.0,0.25,272,578.597,Gulf Source Co.,0.75,Leverage
Mint Diner Wall Clock,0.3055555555555556,0.0,0.19444444444444445,0.3611111111111111,116,578.0188,Apex Merchants,0.8611111111111112,Strategic
Regency Milk Jug Pink,0.16,0.0,0.5,0.15,304,577.16,Gulf Source Co.,0.81,Strategic
English Rose Placemats,0.0,0.0,0.0,0.16,275,577.122,Gulf Source Co.,0.16,Leverage
Office Mug Warmer Black+Silver,0.5,0.0,0.0,0.175,336,577.1193,Evergreen Supply,0.675,Leverage
Foil Star Cake Cases,0.13513513513513514,0.0,0.1891891891891892,0.0,439,577.0874,Metro Wholesale,0.32432432432432434,Leverage
Red Baby Bunting,0.17796610169491525,0.0,0.1864406779661017,0.0,332,576.85,Prime Supply Partners,0.364406779661017,Leverage
Recycled Acapulco Mat Turquoise,0.2159090909090909,0.5,0.0,0.5,115,576.84,ValueLink Distribution,1.2159090909090908,Strategic
Christmas Metal Tags,0.5,0.0,0.17647058823529413,0.5,1400,576.5986,Prime Supply Partners,1.1764705882352942,Strategic
Swallow Cigar Box Matches,0.5,0.5,0.19642857142857142,0.0,799,576.2844,Gulf Source Co.,1.1964285714285714,Strategic
Set/4 Blue Flower Candles In Bowl,0.0,0.0,0.17391304347826086,0.0,598,575.355,Gulf Source Co.,0.17391304347826086,Leverage
Pink Heart Shape Love Bucket,0.14583333333333334,0.0,0.0,0.14583333333333334,554,574.9182,Gulf Source Co.,0.2916666666666667,Leverage
Piccadilly Tea,0.24,0.5,0.0,0.26,63,573.831,Gulf Source Co.,1.0,Strategic
Ant White Wire Heart Spiral,0.35,0.0,0.15,0.0,260,573.6155,ValueLink Distribution,0.5,Leverage
Antique Glass Pedestal Bowl,0.0,0.5,0.3111111111111111,0.3111111111111111,236,572.6969,Summit Procurement,1.1222222222222222,Strategic
Childrens Apron Apples,0.3359375,0.0,0.0,0.1171875,466,571.8502,Northstar Trading,0.453125,Leverage
Circus Parade Baby Gift,0.2777777777777778,0.5,0.0,0.2777777777777778,64,569.1936000000001,Summit Procurement,1.0555555555555556,Strategic
Parisienne Sewing Box,0.0,0.0,0.25,0.40625,76,568.5232000000001,ValueLink Distribution,0.65625,Leverage
Cosy Hour Cigar Box Matches,0.0,0.0,0.23015873015873015,0.25396825396825395,629,567.6725,Metro Wholesale,0.4841269841269841,Leverage
Wall Tidy Retrospot,0.14423076923076922,0.0,0.16346153846153846,0.16346153846153846,651,566.431,Global Goods Ltd.,0.47115384615384615,Leverage
Blue Spotty Cup,0.25,0.0,0.0,0.2784090909090909,1068,566.3724,Summit Procurement,0.5284090909090908,Leverage
Glass Apothecary Bottle Perfume,0.17073170731707318,0.0,0.0,0.15853658536585366,238,564.4576000000001,Northstar Trading,0.32926829268292684,Leverage
Poppy S Playhouse Kitchen,0.16494845360824742,0.0,0.39690721649484534,0.1134020618556701,423,564.0704999999999,Metro Wholesale,0.6752577319587629,Leverage
Small White Retrospot Mug In Box,0.22826086956521738,0.0,0.0,0.3695652173913043,254,564.0118,Gulf Source Co.,0.5978260869565217,Leverage
Green Spotty Plate,0.0,0.0,0.3854166666666667,0.11458333333333333,514,563.4929999999999,Apex Merchants,0.5,Leverage
Birds Mobile Vintage,0.22972972972972974,0.0,0.2702702702702703,0.16216216216216217,161,563.1686,Prime Supply Partners,0.6621621621621622,Leverage
Hook Hanger Magic Toadstool,0.33636363636363636,0.0,0.0,0.0,589,562.8409,Global Goods Ltd.,0.33636363636363636,Leverage
Ivory Chandelier T-Light Holder,0.5,0.5,0.0,0.5,380,562.7096,Global Goods Ltd.,1.5,Strategic
Pink Spotty Cup,0.5,0.0,0.0,0.39080459770114945,1002,562.6836000000001,Metro Wholesale,0.8908045977011494,Strategic
Red Retrospot Tissue Box,0.2608695652173913,0.5,0.0,0.0,1037,562.4593,Prime Supply Partners,0.7608695652173914,Leverage
Large Cake Towel Chocolate Spots,0.20270270270270271,0.0,0.14864864864864866,0.2972972972972973,266,562.4467,Reliable Imports,0.6486486486486487,Leverage
Wrap Pink Fairy Cakes,0.2857142857142857,0.0,0.1357142857142857,0.36428571428571427,2396,562.0537999999999,Metro Wholesale,0.7857142857142856,Leverage
Red Paper Parasol,0.0,0.0,0.375,0.375,367,561.0318,Gulf Source Co.,0.75,Leverage
Large Medina Stamped Metal Bowl,0.22058823529411764,0.0,0.11764705882352941,0.3382352941176471,178,560.7314,Apex Merchants,0.6764705882352942,Leverage
Paper Chain Kit Skulls,0.0,0.5,0.2375,0.2375,377,560.4386,Global Goods Ltd.,0.9750000000000001,Strategic
Flower Vine Raffia Food Cover,0.5,0.0,0.0,0.0,243,559.2453,Evergreen Supply,0.5,Leverage
Pantry Cake Cases,0.0,0.0,0.0,0.10365853658536585,1430,558.837,Northstar Trading,0.10365853658536585,Leverage
Large Ivory Heart Wall Organiser,0.0,0.0,0.0,0.16666666666666666,118,558.0902,Evergreen Supply,0.16666666666666666,Leverage
Watering Can Garden Marker,0.19230769230769232,0.0,0.0,0.5,719,557.506,Reliable Imports,0.6923076923076923,Leverage
Magnets Childhood Memory,0.3125,0.0,0.0,0.3645833333333333,820,556.1504,Apex Merchants,0.6770833333333333,Leverage
Buddha Incense Holder,0.0,0.5,0.0,0.32608695652173914,1303,555.8035,Evergreen Supply,0.8260869565217391,Strategic
Cake Tins Sketchbook,0.1702127659574468,0.0,0.3617021276595745,0.19148936170212766,184,555.2962,Reliable Imports,0.7234042553191489,Leverage
Watering Can Green Dinosaur,0.5,0.0,0.09836065573770492,0.28688524590163933,643,555.252,Global Goods Ltd.,0.8852459016393442,Strategic
White Bell Honeycomb Paper,0.109375,0.0,0.0,0.171875,658,555.1888,Evergreen Supply,0.28125,Leverage
Gold Cherry Lights,0.5,0.5,0.5,0.5,134,553.9122,Northstar Trading,2.0,Strategic
Brown Check Cat Doorstop,0.3879310344827586,0.0,0.0,0.31896551724137934,208,553.664,Prime Supply Partners,0.7068965517241379,Leverage
Diamante Heart Shaped Wall Mirror,0.0,0.0,0.15151515151515152,0.0,111,552.2846999999999,Summit Procurement,0.15151515151515152,Leverage
Citronella Candle Flowerpot,0.1810344827586207,0.0,0.25,0.25,520,551.88,Global Goods Ltd.,0.6810344827586207,Leverage
Landmark Frame Notting Hill,0.0,0.5,0.21739130434782608,0.0,70,551.5453,Reliable Imports,0.717391304347826,Leverage
Wall Art Stop For Tea,0.2875,0.0,0.15,0.2125,162,551.4516,Northstar Trading,0.65,Leverage
Cast Iron Hook Garden Fork,0.0,0.0,0.0,0.0,333,550.8197,Northstar Trading,0.0,Leverage
Spaceboy Cookie Cutter,0.19827586206896552,0.0,0.15517241379310345,0.0,417,550.4914,Northstar Trading,0.35344827586206895,Leverage
Large Cake Stand Hanging Hearts,0.17142857142857143,0.0,0.17142857142857143,0.17142857142857143,117,550.3571,Reliable Imports,0.5142857142857142,Leverage
Message Cards With Envelopes,0.0,0.0,0.0,0.5,556,550.3344,Northstar Trading,0.5,Leverage
Hanging Medina Lantern Large,0.5,0.5,0.0,0.1956521739130435,293,549.915,Reliable Imports,1.1956521739130435,Strategic
Vintage Doily Travel Sewing Kit,0.0,0.0,0.07258064516129033,0.31451612903225806,476,548.5424,ValueLink Distribution,0.3870967741935484,Leverage
Ivy Heart Wreath,0.22727272727272727,0.0,0.3484848484848485,0.22727272727272727,147,548.4564,Gulf Source Co.,0.8030303030303031,Strategic
Traditional Crayons,0.16145833333333334,0.0,0.0,0.20833333333333334,2219,547.5413,ValueLink Distribution,0.3697916666666667,Leverage
Rose Scent Candle In Jewelled Box,0.3108108108108108,0.0,0.0,0.3108108108108108,184,545.7905000000001,Gulf Source Co.,0.6216216216216216,Leverage
Red Spotty Tablecloth,0.5,0.0,0.0,0.5,93,544.7475,Apex Merchants,1.0,Strategic
Paper Vintage Chick Paper Egg,0.2682926829268293,0.0,0.0,0.0975609756097561,315,544.6125,Northstar Trading,0.36585365853658536,Leverage
Red Spotty Shopping Bag,0.34146341463414637,0.0,0.34146341463414637,0.34146341463414637,328,544.4832,Metro Wholesale,1.024390243902439,Strategic
Napkin Charms Cutlery,0.3111111111111111,0.0,0.0,0.3111111111111111,351,544.3425,Gulf Source Co.,0.6222222222222222,Leverage
Pink Diner Wall Clock,0.2857142857142857,0.5,0.2857142857142857,0.5,106,544.0,Global Goods Ltd.,1.5714285714285714,Strategic
Hearts Tissues,0.3805309734513274,0.0,0.2831858407079646,0.12389380530973451,2992,542.6579,Northstar Trading,0.7876106194690264,Leverage
Ocean Scent Candle In Jewelled Box,0.0,0.5,0.0,0.275,306,540.8532,Metro Wholesale,0.775,Leverage
Dairy Maid Stripe Mug,0.2647058823529412,0.5,0.23529411764705882,0.5,591,540.8274,Reliable Imports,1.5,Strategic
Song Bird Paper Eggs,0.0,0.5,0.0,0.18181818181818182,359,540.783,Apex Merchants,0.6818181818181819,Leverage
Tutti Frutti Small Purse,0.3125,0.0,0.15625,0.5,841,540.5675,ValueLink Distribution,0.96875,Strategic
White Rocking Horse Hand Painted,0.3918918918918919,0.0,0.22972972972972974,0.16216216216216217,783,539.937,Metro Wholesale,0.7837837837837838,Leverage
Silver Christmas Tree Bauble Stand,0.5,0.0,0.328125,0.5,58,538.5072,Global Goods Ltd.,1.328125,Strategic
Grow Your Own Herbs,0.358695652173913,0.0,0.18478260869565216,0.17391304347826086,103,537.9896,Prime Supply Partners,0.717391304347826,Leverage
Ribbon Reel Spots,0.0,0.0,0.0,0.5,547,537.9198,Apex Merchants,0.5,Leverage
Chinese Dragon Paper Lanterns,0.5,0.5,0.0,0.5,2408,537.094,Evergreen Supply,1.5,Strategic
Small Heart Flowers Hook,0.5,0.0,0.3305084745762712,0.3305084745762712,1098,537.0512,Prime Supply Partners,1.1610169491525424,Strategic
Teatime Cake Tin With Handle,0.22916666666666666,0.5,0.0,0.5,82,536.9227999999999,ValueLink Distribution,1.2291666666666665,Strategic
Vintage Kitchen Print Seafood,0.0,0.5,0.30952380952380953,0.0,2043,535.3083,Apex Merchants,0.8095238095238095,Strategic
Set/20 Strawberry Paper Napkins,0.0,0.0,0.12209302325581395,0.23837209302325582,1209,534.9471,Summit Procurement,0.36046511627906974,Leverage
Charlie And Lola Charlotte Bag,0.18055555555555555,0.0,0.0,0.3194444444444444,569,534.9274,Gulf Source Co.,0.5,Leverage
Empire Union Jack Tv Dinner Tray,0.3125,0.0,0.1875,0.1,188,534.6191,Apex Merchants,0.6,Leverage
Red Retrospot Tissues,0.1388888888888889,0.0,0.0,0.0,2825,534.0934,Northstar Trading,0.1388888888888889,Leverage
White Hanging Beads Candle Holder,0.5,0.0,0.3142857142857143,0.18571428571428572,164,533.506,Prime Supply Partners,1.0,Strategic
Biscuit Tin S Christmas,0.5,0.5,0.21,0.5,342,533.2155,Metro Wholesale,1.71,Strategic
Asstd Bubble Gum Ring,0.09848484848484848,0.0,0.0,0.3181818181818182,4710,533.172,Metro Wholesale,0.41666666666666663,Leverage
Folding Umbrella Red/White Polkadot,0.3974358974358974,0.0,0.0,0.3974358974358974,187,532.9879999999999,Northstar Trading,0.7948717948717948,Strategic
Organiser Wood Antique White,0.17592592592592593,0.0,0.0,0.0,102,532.9296,Global Goods Ltd.,0.17592592592592593,Leverage
Heart Decoration Painted Zinc,0.3770491803278688,0.0,0.0,0.22950819672131148,1359,532.6767,Metro Wholesale,0.6065573770491803,Leverage
Paper Lantern Point Snow Star,0.5,0.5,0.08888888888888889,0.5,185,532.3975,Gulf Source Co.,1.5888888888888888,Strategic
Scandinavian Reds Ribbons,0.08962264150943396,0.0,0.2830188679245283,0.0,767,532.158,Apex Merchants,0.37264150943396224,Leverage
Lunch Bag Red Vintage Doily,0.0,0.0,0.203125,0.5,580,531.024,Global Goods Ltd.,0.703125,Leverage
Office Mug Warmer Choc+Blue,0.3333333333333333,0.5,0.3333333333333333,0.0,254,529.944,Prime Supply Partners,1.1666666666666665,Strategic
Skull Paper Plates,0.07258064516129033,0.0,0.0,0.1693548387096774,1315,529.9151,Metro Wholesale,0.24193548387096775,Leverage
Colourful Standing Gnome,0.5,0.5,0.0,0.25,614,526.1104,Northstar Trading,1.25,Strategic
Key Fob Garage,0.14285714285714285,0.0,0.1488095238095238,0.4166666666666667,1473,525.7004000000001,Gulf Source Co.,0.7083333333333333,Leverage
Tea Time Oven Glove,0.0,0.0,0.0,0.22395833333333334,724,525.0888,ValueLink Distribution,0.22395833333333334,Leverage
Blue Paper Parasol,0.0,0.0,0.0,0.22857142857142856,309,524.5548,Metro Wholesale,0.22857142857142856,Leverage
Baking Mould Rose Milk Chocolate,0.2391304347826087,0.5,0.5,0.0,263,524.4425,Metro Wholesale,1.2391304347826086,Strategic
Wall Art Animals And Nature,0.22727272727272727,0.5,0.22727272727272727,0.2727272727272727,249,524.163,Global Goods Ltd.,1.2272727272727273,Strategic
Red Retrospot Pudding Bowl,0.14444444444444443,0.0,0.0,0.0,196,523.854,Northstar Trading,0.14444444444444443,Leverage
Tablecloth Red Apples,0.17105263157894737,0.0,0.0,0.0,91,523.6715,Evergreen Supply,0.17105263157894737,Leverage
Doormat Christmas Village,0.5,0.0,0.1935483870967742,0.5,114,523.1892,Northstar Trading,1.1935483870967742,Strategic
Flower Fairy Candles Lavender,0.29545454545454547,0.5,0.20454545454545456,0.0,373,522.8770000000001,Global Goods Ltd.,1.0,Strategic
Green Christmas Tree String 20Light,0.5,0.5,0.0,0.5,224,522.802,ValueLink Distribution,1.5,Strategic
Recycled Acapulco Mat Red,0.0,0.0,0.14864864864864866,0.14864864864864866,93,520.9674,Summit Procurement,0.2972972972972973,Leverage
White Bamboo Ribs Lampshade,0.3645833333333333,0.5,0.0,0.375,896,520.8066,Global Goods Ltd.,1.2395833333333333,Strategic
Kings Choice Biscuit Tin,0.3684210526315789,0.0,0.24561403508771928,0.24561403508771928,193,519.9845,Apex Merchants,0.8596491228070174,Strategic
Jam Jar Magnets,0.0,0.0,0.0,0.32954545454545453,429,519.1831,Summit Procurement,0.32954545454545453,Leverage
English Rose Peg Bag,0.10526315789473684,0.0,0.22807017543859648,0.4298245614035088,405,518.9485000000001,Reliable Imports,0.763157894736842,Leverage
Five Heart Hanging Decoration,0.20192307692307693,0.0,0.20192307692307693,0.20192307692307693,264,518.6351999999999,Summit Procurement,0.6057692307692308,Leverage
Pantry Scrubbing Brush,0.13829787234042554,0.0,0.30851063829787234,0.1702127659574468,485,518.4144,Evergreen Supply,0.6170212765957447,Leverage
Vintage Meter Folding Ruler,0.0,0.0,0.27450980392156865,0.0,538,517.6326,Gulf Source Co.,0.27450980392156865,Leverage
Zinc T-Light Holder Stars Small,0.2826086956521739,0.5,0.2826086956521739,0.5,976,516.7719999999999,ValueLink Distribution,1.5652173913043477,Strategic
Mistletoe Heart Wreath Green,0.35135135135135137,0.0,0.14864864864864866,0.20270270270270271,208,516.1124,Northstar Trading,0.7027027027027027,Leverage
Feltcraft Doll Maria,0.5,0.0,0.35294117647058826,0.35294117647058826,328,515.8888000000001,Reliable Imports,1.2058823529411766,Strategic
Wall Mirror Diamante Oval Shape,0.0,0.0,0.0,0.5,102,515.013,Apex Merchants,0.5,Leverage
Mini Grocery Magnets,0.358974358974359,0.0,0.14102564102564102,0.358974358974359,378,514.3475999999999,ValueLink Distribution,0.858974358974359,Strategic
Black Christmas Tree,0.5,0.5,0.1,0.5,741,514.3237,Prime Supply Partners,1.6,Strategic
Easter Craft Chicks,0.5,0.0,0.0,0.5,487,513.0145,ValueLink Distribution,1.0,Strategic
Fanny S Rest Stopmetal Sign,0.14516129032258066,0.0,0.12096774193548387,0.14516129032258066,399,512.9604,Global Goods Ltd.,0.41129032258064513,Leverage
Toilet Metal Sign,0.38738738738738737,0.0,0.0,0.11711711711711711,1415,512.711,Apex Merchants,0.5045045045045045,Leverage
Small Red Retrospot Windmill,0.0,0.0,0.2835820895522388,0.3805970149253731,684,511.60940000000005,Prime Supply Partners,0.664179104477612,Leverage
Wall Art Village Show,0.0,0.5,0.0,0.0,167,511.41189999999995,Gulf Source Co.,0.5,Leverage
Enamel Measuring Jug Cream,0.3869047619047619,0.0,0.2619047619047619,0.375,238,510.81940000000003,Metro Wholesale,1.0238095238095237,Strategic
Pantry Magnetic Shopping List,0.23076923076923078,0.0,0.0,0.16153846153846155,540,509.75969999999995,ValueLink Distribution,0.39230769230769236,Leverage
Tomato Charlie+Lola Coaster,0.3888888888888889,0.0,0.1111111111111111,0.2916666666666667,342,509.4028,ValueLink Distribution,0.7916666666666667,Leverage
Rotating Leaves T-Light Holder,0.5,0.0,0.2127659574468085,0.5,628,508.64349999999996,Prime Supply Partners,1.2127659574468086,Strategic
Medium Medina Stamped Metal Bowl,0.3181818181818182,0.0,0.10606060606060606,0.3181818181818182,260,508.56280000000004,Summit Procurement,0.7424242424242424,Leverage
Love Heart Trinket Pot,0.2708333333333333,0.5,0.0,0.2708333333333333,906,507.1311,Apex Merchants,1.0416666666666665,Strategic
Black Skull Balloons,0.2661290322580645,0.0,0.12096774193548387,0.3790322580645161,939,506.52639999999997,Apex Merchants,0.7661290322580645,Leverage
Cinammon & Orange Wreath,0.3088235294117647,0.0,0.0,0.0,323,505.88980000000004,Gulf Source Co.,0.3088235294117647,Leverage
Wooden Heart Decorations,0.2857142857142857,0.0,0.0,0.34285714285714286,606,505.80920000000003,Gulf Source Co.,0.6285714285714286,Leverage
Jam Jar With Pink Lid,0.0,0.0,0.17708333333333334,0.16666666666666666,963,505.64219999999995,Northstar Trading,0.34375,Leverage
Union Jack Hot Water Bottle,0.3918918918918919,0.0,0.0,0.0,130,505.163,Metro Wholesale,0.3918918918918919,Leverage
Watering Can Pink Bunny,0.375,0.0,0.10416666666666667,0.2361111111111111,562,504.2152,Global Goods Ltd.,0.7152777777777778,Leverage
Large Ceramic Top Storage Jar,0.5,0.0,0.0,0.2159090909090909,495,502.7121,Global Goods Ltd.,0.7159090909090909,Leverage
Milk Pan Blue Retrospot,0.0,0.0,0.21428571428571427,0.17857142857142858,221,502.42549999999994,Prime Supply Partners,0.39285714285714285,Leverage
Fairy Cake Umbrella,0.14,0.0,0.19,0.17,193,502.21979999999996,Summit Procurement,0.5,Leverage
Hanging Easter Eggs Floral Tub,0.3448275862068966,0.0,0.08620689655172414,0.5,299,499.8481,Gulf Source Co.,0.9310344827586208,Strategic
Regency Cake Slice,0.28846153846153844,0.5,0.28846153846153844,0.28846153846153844,172,499.65919999999994,Prime Supply Partners,1.3653846153846154,Strategic
Blue Polkadot Wrap,0.0,0.0,0.09333333333333334,0.38,1975,499.4275,Global Goods Ltd.,0.47333333333333333,Leverage
Nursery Des Round Boxes,0.5,0.5,0.23809523809523808,0.23809523809523808,1540,499.3418,Metro Wholesale,1.4761904761904763,Strategic
Le Grand Tray Chic,0.5,0.5,0.0,0.5,57,498.75,Evergreen Supply,1.5,Strategic
Feltcraft Girl Amelie Kit,0.4,0.0,0.1,0.4,180,498.1478,ValueLink Distribution,0.9,Strategic
S Christmas Gift Bag Large,0.5,0.5,0.0,0.5,781,496.97220000000004,Gulf Source Co.,1.5,Strategic
Christmas Craft Tree Top Angel,0.5,0.0,0.2534246575342466,0.5,447,496.67730000000006,Summit Procurement,1.2534246575342465,Strategic
Glass Songbird Storage Jar,0.28,0.5,0.22,0.0,60,495.8628,Prime Supply Partners,1.0,Strategic
Silk Purse Babushka Red,0.5,0.0,0.35365853658536583,0.35365853658536583,232,495.8536000000001,Northstar Trading,1.2073170731707317,Strategic
Watering Can Blue Elephant,0.0,0.0,0.25925925925925924,0.41975308641975306,463,495.7551,Evergreen Supply,0.6790123456790123,Leverage
Traditional Naughts & Crosses,0.11363636363636363,0.0,0.3181818181818182,0.18181818181818182,499,493.3906,Reliable Imports,0.6136363636363636,Leverage
Spring Dec Hanging Chick Cream,0.313953488372093,0.0,0.0,0.3372093023255814,634,493.27860000000004,Apex Merchants,0.6511627906976745,Leverage
Measuring Tape Babushka Blue,0.4,0.0,0.0,0.25,272,492.72360000000003,Prime Supply Partners,0.65,Leverage
Door Mat Bird On The Wire,0.5,0.0,0.08823529411764706,0.3088235294117647,125,490.52349999999996,Metro Wholesale,0.8970588235294118,Strategic
Parlour Ceramic Wall Hook,0.5,0.5,0.19230769230769232,0.0,199,490.4432,Evergreen Supply,1.1923076923076923,Strategic
Multicolour Honeycomb Paper Garland,0.0,0.5,0.0,0.0,631,490.3789,Gulf Source Co.,0.5,Leverage
Victorian Sewing Kit,0.5,0.0,0.125,0.5,641,490.2158,Summit Procurement,1.125,Strategic
Chest Drawers Gingham Heart,0.0,0.0,0.21875,0.5,49,490.02450000000005,Apex Merchants,0.71875,Leverage
Door Mat Green Paisley,0.18,0.5,0.0,0.5,157,489.8802,Reliable Imports,1.18,Strategic
Hippy Chic Decorative Parasol,0.0,0.5,0.0,0.0,102,489.76500000000004,Global Goods Ltd.,0.5,Leverage
Multicolour Spring Flower Mug,0.5,0.5,0.0,0.0,5968,489.3909,Apex Merchants,1.0,Strategic
Woodland Storage Box Large,0.0,0.5,0.14583333333333334,0.0,361,488.8068,Global Goods Ltd.,0.6458333333333334,Leverage
Party Cone Christmas Decoration,0.5,0.0,0.11290322580645161,0.5,1036,488.6356,Apex Merchants,1.1129032258064515,Strategic
Hot Stuff Hot Water Bottle,0.5,0.5,0.0,0.5,267,488.45730000000003,Metro Wholesale,1.5,Strategic
Children S Apron Dolly Girl,0.5,0.0,0.0,0.06557377049180328,381,488.313,Global Goods Ltd.,0.5655737704918032,Leverage
Doilies Pantry,0.27906976744186046,0.0,0.0,0.0,506,487.79080000000005,Evergreen Supply,0.27906976744186046,Leverage
Cupboard Drawer Ma Campagne,0.5,0.5,0.0,0.5,52,487.62800000000004,Gulf Source Co.,1.5,Strategic
Red Spotty Big Bowl,0.36764705882352944,0.0,0.0,0.19117647058823528,155,487.2115,Summit Procurement,0.5588235294117647,Leverage
Rococo Wall Mirror White,0.29545454545454547,0.5,0.0,0.0,42,486.1986,Evergreen Supply,0.7954545454545454,Strategic
Purple Drawerknob Acrylic Edwardian,0.3875,0.0,0.3875,0.5,687,485.994,Gulf Source Co.,1.275,Strategic
Blue/Brown Dots Ruffled Umbrella,0.0,0.5,0.26,0.5,211,485.93359999999996,Metro Wholesale,1.26,Strategic
T-Lights Cacti,0.5,0.5,0.0,0.5,291,485.2318,ValueLink Distribution,1.5,Strategic
Pink Heart Dots Hot Water Bottle,0.0,0.0,0.0,0.24324324324324326,285,485.0036,Prime Supply Partners,0.24324324324324326,Leverage
Pencils Tube Skulls,0.13043478260869565,0.0,0.08695652173913043,0.14492753623188406,640,483.27680000000004,Global Goods Ltd.,0.36231884057971014,Leverage
Ribbon Reel Snowy Village,0.0,0.0,0.0,0.09016393442622951,504,483.1344,Northstar Trading,0.09016393442622951,Leverage
Recycled Acapulco Mat Green,0.0,0.0,0.0,0.3815789473684211,98,482.6794,Evergreen Supply,0.3815789473684211,Leverage
Pink Paisley Cushion Cover,0.5,0.5,0.22727272727272727,0.5,373,482.47159999999997,Evergreen Supply,1.7272727272727273,Strategic
Enamel Colander Cream,0.24489795918367346,0.5,0.0,0.24489795918367346,150,482.3533,Northstar Trading,0.989795918367347,Strategic
Green Vintage Spot Beaker,0.0,0.0,0.12121212121212122,0.0,1035,480.6426,Gulf Source Co.,0.12121212121212122,Leverage
Drawer Knob Ceramic Ivory,0.0,0.5,0.0,0.20270270270270271,525,479.96430000000004,Evergreen Supply,0.7027027027027027,Leverage
Cardholder Gingham Christmas Tree,0.5,0.0,0.0,0.5,317,478.5321,Evergreen Supply,1.0,Strategic
Kensington Coffee,0.5,0.0,0.41935483870967744,0.0,74,478.1222,Global Goods Ltd.,0.9193548387096775,Strategic
Metal Sign Cupcake Single Hook,0.43243243243243246,0.35585585585585583,0.11261261261261261,0.05405405405405406,821,477.7823,Global Goods Ltd.,0.9549549549549549,Strategic
Wrap I Love London,0.0,0.5,0.0,0.0,2250,477.68,Northstar Trading,0.5,Leverage
Green Christmas Tree Card Holder,0.5,0.0,0.0,0.5,325,477.62350000000004,Evergreen Supply,1.0,Strategic
Silver T-Light Setting,0.5,0.5,0.0,0.5,130,477.53999999999996,Apex Merchants,1.5,Strategic
Foil Heart Cake Cases,0.0,0.5,0.26666666666666666,0.0,337,477.3684,Evergreen Supply,0.7666666666666666,Leverage
Ribbons Elegant Christmas,0.5,0.0,0.3469387755102041,0.5,607,476.9108,Apex Merchants,1.346938775510204,Strategic
Peace Wooden Block Letters,0.0,0.0,0.0,0.211864406779661,138,476.32860000000005,Gulf Source Co.,0.211864406779661,Leverage
Porcelain Rose Small,0.1724137931034483,0.0,0.1724137931034483,0.5,975,475.9024,Evergreen Supply,0.8448275862068966,Strategic
Wash Bag Vintage Rose Paisley,0.19444444444444445,0.0,0.0,0.37962962962962965,308,475.23,Northstar Trading,0.5740740740740741,Leverage
Tradtional Alphabet Stamp,0.3026315789473684,0.0,0.0,0.27631578947368424,147,474.4278,Northstar Trading,0.5789473684210527,Leverage
Zinc Herb Garden Container,0.5,0.0,0.175,0.1125,120,474.2967,Apex Merchants,0.7875000000000001,Leverage
Garland With Stars And Bells,0.3148148148148148,0.5,0.3148148148148148,0.3148148148148148,144,474.01919999999996,ValueLink Distribution,1.4444444444444446,Strategic
White Brocante Soap Dish,0.234375,0.0,0.140625,0.125,286,474.0182,Prime Supply Partners,0.5,Leverage
Napkin Charms Hearts,0.16666666666666666,0.0,0.0,0.3333333333333333,340,473.7199,Gulf Source Co.,0.5,Leverage
Toast Its - I Love You,0.2549019607843137,0.0,0.0,0.2549019607843137,665,473.5475,Metro Wholesale,0.5098039215686274,Leverage
Pink Vintage Spot Beaker,0.19696969696969696,0.0,0.09090909090909091,0.2878787878787879,1039,472.608,Reliable Imports,0.5757575757575757,Leverage
Home Small Wood Letters,0.2457627118644068,0.0,0.11016949152542373,0.0,144,471.8736,Gulf Source Co.,0.3559322033898305,Leverage
Swiss Roll Towel Chocolate Spots,0.3484848484848485,0.0,0.12121212121212122,0.5,426,471.1278,Global Goods Ltd.,0.9696969696969697,Strategic
Wooden Heart Christmas Scandinavian,0.5,0.0,0.16228070175438597,0.5,2124,470.5731,Evergreen Supply,1.162280701754386,Strategic
Christmas Star Wish List Chalkboard,0.5,0.0,0.39855072463768115,0.5,925,470.1384,Metro Wholesale,1.3985507246376812,Strategic
Sunset Check Hammock,0.0,0.5,0.0,0.5,99,470.0358,Apex Merchants,1.0,Strategic
English Rose Paper Napkins,0.0,0.0,0.0,0.10588235294117647,1001,469.82809999999995,Summit Procurement,0.10588235294117647,Leverage
Enamel Watering Can Cream,0.32407407407407407,0.0,0.12037037037037036,0.5,195,469.5393,Northstar Trading,0.9444444444444444,Strategic
Brocante Coat Rack,0.0,0.5,0.0,0.0,76,469.4074,Global Goods Ltd.,0.5,Leverage
Pink Paisley Tissues,0.21311475409836064,0.0,0.14754098360655737,0.13934426229508196,2672,468.47060000000005,Prime Supply Partners,0.49999999999999994,Leverage
Ocean Stripe Hammock,0.15517241379310345,0.0,0.0,0.10344827586206896,93,468.4311,ValueLink Distribution,0.25862068965517243,Leverage
Parisienne Key Cabinet,0.18181818181818182,0.0,0.0,0.13636363636363635,144,468.3904,Reliable Imports,0.3181818181818182,Leverage
Toast Its - Best Mum,0.0,0.0,0.32432432432432434,0.1891891891891892,693,468.0249,Evergreen Supply,0.5135135135135136,Leverage
Poppy S Playhouse Livingroom,0.5,0.0,0.35526315789473684,0.375,354,466.6392,Summit Procurement,1.2302631578947367,Strategic
Star Portable Table Light,0.5,0.0,0.16176470588235295,0.5,275,466.0327,Global Goods Ltd.,1.1617647058823528,Strategic
Metal Sign Neighbourhood Witch,0.33636363636363636,0.0,0.33636363636363636,0.18181818181818182,370,465.696,Global Goods Ltd.,0.8545454545454545,Strategic
English Rose Scissors,0.3333333333333333,0.5,0.0,0.5,4268,465.5992,Metro Wholesale,1.3333333333333333,Strategic
Grey Floral Feltcraft Shoulder Bag,0.2,0.0,0.0,0.3,170,465.37499999999994,Summit Procurement,0.5,Leverage
Heart Garland Rustic Padded,0.0,0.0,0.20588235294117646,0.0,252,465.3684,Global Goods Ltd.,0.20588235294117646,Leverage
Dolly Pegs Retrospot,0.5,0.0,0.13194444444444445,0.125,665,465.2023,Summit Procurement,0.7569444444444444,Leverage
Gardenia Morris Boxed Candles,0.14516129032258066,0.0,0.0,0.1774193548387097,272,464.99240000000003,Gulf Source Co.,0.32258064516129037,Leverage
3D Vintage Christmas Stickers,0.5,0.0,0.0,0.5,636,464.6603,Gulf Source Co.,1.0,Strategic
Cream Sweetheart Letter Rack,0.0,0.0,0.20652173913043478,0.358695652173913,144,463.8784,Apex Merchants,0.5652173913043478,Leverage
Apple Bath Sponge,0.2962962962962963,0.0,0.0,0.0,538,463.3794,Metro Wholesale,0.2962962962962963,Leverage
Set/5 Blue Spotty Lid Glass Bowls,0.2619047619047619,0.5,0.23809523809523808,0.0,269,463.14820000000003,ValueLink Distribution,1.0,Strategic
Pancake Day Magnets,0.5,0.0,0.125,0.0,332,463.0925,Evergreen Supply,0.625,Leverage
Blue Yellow Flower Piggy Bank,0.22727272727272727,0.5,0.22727272727272727,0.22727272727272727,369,462.23279999999994,Apex Merchants,1.1818181818181819,Strategic
Foot Stool Home Sweet Home,0.13157894736842105,0.0,0.0,0.2894736842105263,74,462.016,Summit Procurement,0.42105263157894735,Leverage
Buffalo Bill Treasure Book Box,0.16176470588235295,0.0,0.1323529411764706,0.16176470588235295,336,461.89099999999996,Prime Supply Partners,0.4558823529411765,Leverage
Skulls And Crossbones Wrap,0.2777777777777778,0.0,0.15079365079365079,0.1984126984126984,1975,461.8875,Evergreen Supply,0.626984126984127,Leverage
Metal Shelf With Rail,0.19444444444444445,0.0,0.19444444444444445,0.4166666666666667,90,461.652,Global Goods Ltd.,0.8055555555555556,Strategic
Orange Tv Tray Table,0.2608695652173913,0.5,0.2391304347826087,0.2391304347826087,344,460.928,Reliable Imports,1.2391304347826086,Strategic
Tea Time Tea In Gift Box,0.12857142857142856,0.0,0.12857142857142856,0.12857142857142856,93,460.8522,Reliable Imports,0.3857142857142857,Leverage
Green Polkadot Bowl,0.41935483870967744,0.0,0.08064516129032258,0.25,626,460.4348,Global Goods Ltd.,0.75,Leverage
Metal Merry Christmas Wreath,0.5,0.0,0.0,0.5,438,460.3506,Summit Procurement,1.0,Strategic
Trays Home Sweet Home,0.5,0.0,0.1875,0.3125,67,460.3469,Apex Merchants,1.0,Strategic
Heart Mirror Antique White,0.12,0.5,0.0,0.12,117,460.307,Metro Wholesale,0.74,Leverage
Keep Out Boys Door Hanger,0.0,0.0,0.0,0.0,1227,460.2585,Reliable Imports,0.0,Leverage
Baking Mould Heart White Chocolate,0.36666666666666664,0.0,0.0,0.5,303,459.1988,ValueLink Distribution,0.8666666666666667,Strategic
Cream Felt Easter Egg Basket,0.5,0.0,0.0,0.5,573,459.1572,Gulf Source Co.,1.0,Strategic
Ceramic Plate Strawberry,0.5,0.5,0.0,0.2631578947368421,505,458.68760000000003,Northstar Trading,1.263157894736842,Strategic
Strawberry Raffia Food Cover,0.26666666666666666,0.0,0.1111111111111111,0.23333333333333334,198,458.379,Prime Supply Partners,0.6111111111111112,Leverage
Make Your Own Flowerpower Card Kit,0.17,0.0,0.17,0.16,293,457.7527,Reliable Imports,0.5,Leverage
Pencils Tall Tube Red Retrospot,0.0,0.0,0.0,0.3390804597701149,877,457.7063,Global Goods Ltd.,0.3390804597701149,Leverage
Airline Bag Vintage Jet Red,0.15,0.0,0.15,0.35833333333333334,158,457.6705,Prime Supply Partners,0.6583333333333333,Leverage
Vintage Union Jack Apron,0.0,0.0,0.14893617021276595,0.18085106382978725,106,456.6928,Prime Supply Partners,0.32978723404255317,Leverage
Christmas Craft White Fairy,0.5,0.0,0.0,0.5,549,456.56550000000004,Global Goods Ltd.,1.0,Strategic
Vintage Christmas Tablecloth,0.5,0.0,0.0,0.5,72,456.3,Northstar Trading,1.0,Strategic
French Floral Cushion Cover,0.5,0.5,0.3125,0.5,425,455.6892,Gulf Source Co.,1.8125,Strategic
Napkins Fairy Cakes,0.5,0.0,0.16,0.24,842,455.22319999999996,ValueLink Distribution,0.9,Strategic
Biscuit Tin Vintage Red,0.0,0.0,0.3409090909090909,0.18181818181818182,125,454.8547,Northstar Trading,0.5227272727272727,Leverage
Tote Bag I Love London,0.0,0.5,0.0,0.23529411764705882,321,454.72529999999995,Reliable Imports,0.7352941176470589,Leverage
Embossed Heart Drawer Shelf,0.0,0.5,0.0,0.5,58,454.6398,Evergreen Supply,1.0,Strategic
Enamel Wash Bowl Cream,0.21,0.0,0.08,0.13,200,454.132,Prime Supply Partners,0.42,Leverage
Magic Drawing Slate Spaceboy,0.3860759493670886,0.0,0.0,0.5,1660,453.85760000000005,Evergreen Supply,0.8860759493670887,Strategic
Tins Vintage Bathroom,0.19047619047619047,0.0,0.0,0.11904761904761904,212,452.9536,Apex Merchants,0.30952380952380953,Leverage
Wooden Star Christmas Scandinavian,0.17452830188679244,0.0,0.0,0.5,2073,452.81260000000003,Summit Procurement,0.6745283018867925,Leverage
Wall Art Horse & Pony,0.5,0.5,0.2826086956521739,0.0,242,452.6505,Global Goods Ltd.,1.2826086956521738,Strategic
Paper Bunting Vintage Party,0.0,0.5,0.3409090909090909,0.0,280,452.628,Evergreen Supply,0.8409090909090908,Strategic
Sweetheart Wire Wall Tidy,0.1724137931034483,0.0,0.3275862068965517,0.1724137931034483,70,452.45759999999996,Prime Supply Partners,0.6724137931034483,Leverage
Green Giant Garden Thermometer,0.5,0.0,0.19117647058823528,0.0,123,452.3025,Apex Merchants,0.6911764705882353,Leverage
Moroccan Beaten Metal Mirror,0.5,0.5,0.0,0.29545454545454547,125,451.6196,ValueLink Distribution,1.2954545454545454,Strategic
Mistletoe Heart Wreath Cream,0.18333333333333332,0.0,0.18333333333333332,0.3,172,451.48999999999995,Gulf Source Co.,0.6666666666666666,Leverage
Cake Plate Lovebird White,0.1388888888888889,0.0,0.32407407407407407,0.3611111111111111,186,451.09680000000003,Northstar Trading,0.8240740740740741,Strategic
Pink Spotty Childs Umbrella,0.17,0.0,0.14,0.19,251,450.22220000000004,Northstar Trading,0.5,Leverage
Chocolate Love Heart T-Lights,0.2692307692307692,0.0,0.0,0.5,358,449.47069999999997,Gulf Source Co.,0.7692307692307692,Leverage
Grow Your Own Flowers,0.5,0.0,0.13513513513513514,0.13513513513513514,120,448.668,Prime Supply Partners,0.7702702702702702,Leverage
Set/10 Ivory Polkadot Party Candles,0.175,0.0,0.1625,0.0,551,448.3487,Gulf Source Co.,0.3375,Leverage
Hen House Decoration,0.0,0.0,0.33695652173913043,0.16304347826086957,449,448.2167,Metro Wholesale,0.5,Leverage
Savoy Art Deco Clock,0.3181818181818182,0.0,0.3333333333333333,0.5,85,447.6329,Apex Merchants,1.1515151515151514,Strategic
Glass Cake Stand,0.2708333333333333,0.5,0.0,0.0,45,447.2742,Metro Wholesale,0.7708333333333333,Leverage
Key Fob Shed,0.24509803921568626,0.0,0.0,0.5,1065,447.2253,Prime Supply Partners,0.7450980392156863,Leverage
Feltcraft Girl Nicole Kit,0.32051282051282054,0.0,0.1282051282051282,0.1282051282051282,151,446.9751,Gulf Source Co.,0.5769230769230769,Leverage
Faux Fur Chocolate Throw,0.0,0.5,0.22727272727272727,0.2727272727272727,46,446.6398,Global Goods Ltd.,1.0,Strategic
Ivory Cafe Hanging Lamp,0.5,0.5,0.0,0.2727272727272727,58,446.58520000000004,Gulf Source Co.,1.2727272727272727,Strategic
Christmas Decoupage Candle,0.5,0.0,0.10483870967741936,0.5,1196,446.2928,Prime Supply Partners,1.1048387096774195,Strategic
Fairy Cake Birthday Candle,0.5,0.0,0.0,0.5,212,445.9844,ValueLink Distribution,1.0,Strategic
Garland With Hearts And Bells,0.1875,0.0,0.0,0.5,136,444.99199999999996,Gulf Source Co.,0.6875,Leverage
Charlie + Lola Biscuits Tins,0.3142857142857143,0.0,0.15714285714285714,0.34285714285714286,220,444.79779999999994,ValueLink Distribution,0.8142857142857143,Strategic
Ivory Giant Garden Thermometer,0.34146341463414637,0.0,0.0,0.2926829268292683,118,444.4352,Prime Supply Partners,0.6341463414634146,Leverage
Hook Blackboard Organiser,0.5,0.0,0.20689655172413793,0.13793103448275862,72,444.40319999999997,Metro Wholesale,0.8448275862068966,Strategic
Christmas Retrospot Angel Wood,0.5,0.0,0.2457627118644068,0.5,1123,444.1514,Gulf Source Co.,1.2457627118644068,Strategic
Woodland Mini Backpack,0.18181818181818182,0.0,0.0,0.0,166,444.1496,Northstar Trading,0.18181818181818182,Leverage
Cardholder Holly Wreath Metal,0.0,0.5,0.0,0.20833333333333334,218,443.66229999999996,Reliable Imports,0.7083333333333334,Leverage
Floral Folk Stationery,0.3627450980392157,0.0,0.0,0.3627450980392157,464,443.6395,Global Goods Ltd.,0.7254901960784313,Leverage
Pink Spots Chocolate Nesting Boxes,0.1774193548387097,0.5,0.3225806451612903,0.5,284,443.4196,Apex Merchants,1.5,Strategic
Wrap Suki And Friends,0.0,0.0,0.0,0.3508771929824561,1926,443.2027,Evergreen Supply,0.3508771929824561,Leverage
Zinc Willie Winkie Candle Stick,0.24324324324324326,0.0,0.23648648648648649,0.11486486486486487,936,443.0808,Global Goods Ltd.,0.5945945945945946,Leverage
Doormat Neighbourhood Witch,0.2916666666666667,0.5,0.20833333333333334,0.2916666666666667,96,441.8283,Apex Merchants,1.2916666666666667,Strategic
Red Flower Crochet Food Cover,0.31521739130434784,0.0,0.0,0.0,194,441.59680000000003,Metro Wholesale,0.31521739130434784,Leverage
Dairy Maid Traditional Teapot,0.313953488372093,0.5,0.0,0.0,93,441.5076,Reliable Imports,0.813953488372093,Strategic
Heart Shaped Holly Wreath,0.20270270270270271,0.0,0.0,0.0,154,441.2464,Gulf Source Co.,0.20270270270270271,Leverage
T-Light Holder Hanging Lace,0.2631578947368421,0.5,0.2631578947368421,0.5,694,441.1382,Summit Procurement,1.526315789473684,Strategic
Pink Jewelled Photo Frame,0.26744186046511625,0.5,0.3488372093023256,0.11627906976744186,111,440.5165,Summit Procurement,1.2325581395348837,Strategic
Red Polkadot Coffee Mug,0.16071428571428573,0.0,0.0,0.0,662,439.8364,ValueLink Distribution,0.16071428571428573,Leverage
Nurse S Bag Soft Toy,0.17567567567567569,0.0,0.0,0.16216216216216217,75,439.66499999999996,ValueLink Distribution,0.33783783783783783,Leverage
Georgian Trinket Box,0.0,0.5,0.0,0.2708333333333333,57,438.6657,ValueLink Distribution,0.7708333333333333,Leverage
Silver Vanilla Flower Candle Pot,0.24489795918367346,0.5,0.0,0.24489795918367346,189,438.105,Northstar Trading,0.989795918367347,Strategic
Ceramic Birdhouse Butterfly Small,0.5,0.5,0.18,0.5,322,438.102,Metro Wholesale,1.68,Strategic
Wrap English Rose,0.0821917808219178,0.0,0.136986301369863,0.0,1875,437.8125,Prime Supply Partners,0.2191780821917808,Leverage
Hanging Ridge Glass T-Light Holder,0.5,0.5,0.26,0.5,419,437.78659999999996,Gulf Source Co.,1.76,Strategic
Skull And Crossbones Garland,0.36046511627906974,0.0,0.0,0.5,440,437.48720000000003,Reliable Imports,0.8604651162790697,Strategic
Pencils Tall Tube Skulls,0.2625,0.0,0.21875,0.2375,826,436.82239999999996,Metro Wholesale,0.71875,Leverage
Office Mug Warmer Pink,0.3620689655172414,0.0,0.0,0.22413793103448276,174,436.7123,Apex Merchants,0.5862068965517242,Leverage
Kitchen Flower Pots Wall Plaque,0.30952380952380953,0.5,0.0,0.19047619047619047,373,436.58230000000003,Metro Wholesale,1.0,Strategic
Large Antique White Photo Frame,0.28125,0.0,0.0,0.0,88,436.0088,Evergreen Supply,0.28125,Leverage
Steel Sweetheart Round Table Cream,0.0,0.5,0.28846153846153844,0.5,49,435.4896,ValueLink Distribution,1.2884615384615383,Strategic
Pens Funny Face,0.5,0.0,0.0,0.5,1872,434.5056,Summit Procurement,1.0,Strategic
Swallows Greeting Card,0.0,0.0,0.09473684210526316,0.4,1800,433.6776,ValueLink Distribution,0.4947368421052632,Leverage
Small Parisienne Heart Photo Frame,0.125,0.0,0.171875,0.171875,325,433.3984,Apex Merchants,0.46875,Leverage
Measuring Tape Babushka Pink,0.33783783783783783,0.0,0.0,0.20270270270270271,270,432.09,Gulf Source Co.,0.5405405405405406,Leverage
Owl Doorstop,0.2978723404255319,0.5,0.0,0.0,149,431.25260000000003,Summit Procurement,0.7978723404255319,Strategic
Tea Party Birthday Card,0.5,0.0,0.11734693877551021,0.5,2094,431.11080000000004,Northstar Trading,1.1173469387755102,Strategic
Glass Apothecary Bottle Tonic,0.24358974358974358,0.0,0.5,0.2564102564102564,185,430.82450000000006,Evergreen Supply,1.0,Strategic
Playing Cards Keep Calm & Carry,0.1694915254237288,0.0,0.0,0.11016949152542373,565,430.81249999999994,Gulf Source Co.,0.2796610169491525,Leverage
Elephant Carnival Pouffe,0.21739130434782608,0.5,0.21739130434782608,0.0,47,430.77009999999996,Metro Wholesale,0.9347826086956521,Strategic
Ribbon Reel Making Snowmen,0.0,0.0,0.16666666666666666,0.5,486,430.40600000000006,Evergreen Supply,0.6666666666666666,Leverage
Blue Drawer Knob Acrylic Edwardian,0.0,0.0,0.0,0.5,581,430.37690000000003,Prime Supply Partners,0.5,Leverage
Dove Decoration Painted Zinc,0.1527777777777778,0.0,0.3472222222222222,0.3472222222222222,1578,429.5232,Gulf Source Co.,0.8472222222222222,Strategic
Woodland Tissues,0.3161764705882353,0.0,0.35294117647058826,0.14705882352941177,2196,429.2778,Reliable Imports,0.8161764705882354,Strategic
Blue/Cream Stripe Fringe Hammock,0.3064516129032258,0.0,0.0,0.3064516129032258,114,428.2278,Apex Merchants,0.6129032258064516,Leverage
Vintage Seaside Jigsaw Puzzles,0.36904761904761907,0.0,0.0,0.5,201,427.8231,Summit Procurement,0.8690476190476191,Strategic
Chest Drawer Ma Campagne,0.5,0.5,0.23809523809523808,0.0,30,427.50600000000003,Northstar Trading,1.2380952380952381,Strategic
Hanging Photo Clip Rope Ladder,0.19642857142857142,0.0,0.08928571428571429,0.19642857142857142,399,427.3966,Global Goods Ltd.,0.4821428571428571,Leverage
Kings Choice Cigar Box Matches,0.0,0.0,0.0,0.0,567,427.10639999999995,Global Goods Ltd.,0.0,Leverage
Red Metal Beach Spade,0.5,0.0,0.0,0.15454545454545454,559,426.90830000000005,Apex Merchants,0.6545454545454545,Leverage
Recycled Acapulco Mat Pink,0.36363636363636365,0.0,0.15151515151515152,0.13636363636363635,82,426.68300000000005,Northstar Trading,0.6515151515151515,Leverage
White Jewelled Heart Decoration,0.13333333333333333,0.0,0.23333333333333334,0.39166666666666666,788,426.44480000000004,Prime Supply Partners,0.7583333333333333,Leverage
Set/6 Fruit Salad Paper Cups,0.0,0.5,0.0,0.25862068965517243,7658,425.697,Evergreen Supply,0.7586206896551724,Leverage
Basket Toadstools,0.5,0.0,0.0,0.28378378378378377,523,425.5651,Northstar Trading,0.7837837837837838,Leverage
Easter Craft Ivy Wreath With Chick,0.5,0.0,0.22413793103448276,0.5,486,425.4378,Apex Merchants,1.2241379310344827,Strategic
Pink Padded Mobile,0.15217391304347827,0.0,0.15217391304347827,0.34782608695652173,170,425.3196,Prime Supply Partners,0.6521739130434783,Leverage
Toilet Sign Occupied Or Vacant,0.3125,0.0,0.0,0.375,745,424.79900000000004,Evergreen Supply,0.6875,Leverage
Small Silver Trellis Candlepot,0.25,0.5,0.25,0.25,244,424.68199999999996,Northstar Trading,1.25,Strategic
Porcelain T-Light Holders,0.5,0.0,0.38571428571428573,0.5,549,424.10249999999996,Metro Wholesale,1.3857142857142857,Strategic
Cake Cases Dolly Girl,0.0,0.0,0.0,0.3313253012048193,1244,424.01520000000005,Evergreen Supply,0.3313253012048193,Leverage
Salle De Bain Hook,0.11956521739130435,0.0,0.0,0.11956521739130435,506,423.64320000000004,ValueLink Distribution,0.2391304347826087,Leverage
Glass Jar Marmalade,0.5,0.0,0.15151515151515152,0.16666666666666666,219,423.0266,Prime Supply Partners,0.8181818181818181,Strategic
Colour Pencils Spaceboy,0.0,0.0,0.0949367088607595,0.2974683544303797,852,422.9504,Gulf Source Co.,0.3924050632911392,Leverage
Hanging Heart Mirror Decoration,0.25,0.0,0.0,0.36764705882352944,1000,422.62640000000005,Evergreen Supply,0.6176470588235294,Leverage
Baking Mould Rose White Chocolate,0.21428571428571427,0.5,0.21428571428571427,0.5,215,422.1871,Summit Procurement,1.4285714285714286,Strategic
Place Setting White Star,0.16666666666666666,0.0,0.0,0.3333333333333333,1621,422.065,Apex Merchants,0.5,Leverage
Salt And Pepper Toadstools,0.0,0.0,0.2,0.13,546,422.05199999999996,Global Goods Ltd.,0.33,Leverage
Black Diner Wall Clock,0.27941176470588236,0.0,0.16176470588235295,0.3382352941176471,79,421.24870000000004,Global Goods Ltd.,0.7794117647058824,Leverage
Money Box Kings Choice,0.42105263157894735,0.0,0.07894736842105263,0.2894736842105263,559,421.2022,Global Goods Ltd.,0.7894736842105263,Leverage
Heart Wreath Decoration With Bell,0.18571428571428572,0.0,0.0,0.0,572,421.1488,Gulf Source Co.,0.18571428571428572,Leverage
Skulls Party Bag + Sticker,0.0,0.0,0.0,0.3220338983050847,499,419.9233,Global Goods Ltd.,0.3220338983050847,Leverage
Ribbon Reel Christmas Present,0.5,0.0,0.0,0.5,439,419.8206,Gulf Source Co.,1.0,Strategic
Hanging Clear Mini Bottle,0.5,0.5,0.0,0.0,1087,419.6796,Gulf Source Co.,1.0,Strategic
Recycled Acapulco Mat Blue,0.5,0.5,0.25757575757575757,0.24242424242424243,81,419.661,Global Goods Ltd.,1.5,Strategic
Mirror Mosaic T-Light Holder Round,0.1956521739130435,0.5,0.0,0.5,757,419.6082,Global Goods Ltd.,1.1956521739130435,Strategic
Balloon Water Bomb,0.336734693877551,0.0,0.3673469387755102,0.336734693877551,1866,419.5992,Reliable Imports,1.0408163265306123,Strategic
Set/6 Purple Butterfly T-Lights,0.5,0.0,0.14130434782608695,0.5,327,419.2794,ValueLink Distribution,1.141304347826087,Strategic
Poppy S Playhouse Bathroom,0.11206896551724138,0.0,0.25,0.21551724137931033,295,418.9215,Metro Wholesale,0.5775862068965517,Leverage
Giant Medina Stamped Metal Bowl,0.11538461538461539,0.5,0.0,0.0,66,418.3146,Summit Procurement,0.6153846153846154,Leverage
Glitter Heart Garland With Bells,0.14705882352941177,0.0,0.0,0.3382352941176471,195,417.8238,ValueLink Distribution,0.4852941176470589,Leverage
T-Lights Toadstools,0.5,0.5,0.5,0.5,250,416.6014,Prime Supply Partners,2.0,Strategic
Creepy Crawlies,0.2222222222222222,0.5,0.0,0.2777777777777778,1549,415.8693,Gulf Source Co.,1.0,Strategic
Strawberry Bath Sponge,0.0,0.5,0.0,0.0,504,415.8,Metro Wholesale,0.5,Leverage
Wall Art Spaceboy,0.0,0.5,0.23809523809523808,0.23809523809523808,193,414.1443,Northstar Trading,0.9761904761904763,Strategic
Chocolate Box Ribbons,0.3881578947368421,0.0,0.1118421052631579,0.21052631578947367,567,413.622,Metro Wholesale,0.7105263157894737,Leverage
Natural Bark Candle Small,0.5,0.5,0.0,0.32,210,412.716,Prime Supply Partners,1.32,Strategic
Regency Cake Fork,0.2,0.5,0.0,0.2,560,412.276,ValueLink Distribution,0.8999999999999999,Strategic
Magnets Swallows,0.3161764705882353,0.0,0.18382352941176472,0.3161764705882353,741,411.8201,ValueLink Distribution,0.8161764705882353,Strategic
Magnets Vintage Collage,0.0,0.0,0.18085106382978725,0.18085106382978725,821,411.58349999999996,Prime Supply Partners,0.3617021276595745,Leverage
Ladybird + Bee Raffia Food Cover,0.5,0.0,0.13043478260869565,0.0,167,411.45459999999997,Northstar Trading,0.6304347826086957,Leverage
Silver Cherry Lights,0.0,0.5,0.0,0.5,96,410.90500000000003,Summit Procurement,1.0,Strategic
Metal Sign Drop Your Pants,0.15789473684210525,0.0,0.0,0.15789473684210525,243,410.2668,Global Goods Ltd.,0.3157894736842105,Leverage
Feltcraft Boy Jean-Paul Kit,0.0,0.0,0.09090909090909091,0.2878787878787879,137,409.9382,Metro Wholesale,0.3787878787878788,Leverage
Hanging Heart With Bell,0.5,0.5,0.0,0.5,1059,408.9896,Global Goods Ltd.,1.5,Strategic
Filigree Heart Butterfly White,0.2037037037037037,0.5,0.0,0.2962962962962963,496,408.5438,Reliable Imports,1.0,Strategic
Small Hammered Silver Candlepot,0.0,0.0,0.0,0.16071428571428573,223,407.68989999999997,ValueLink Distribution,0.16071428571428573,Leverage
Table Lamp White Shade Wood Base,0.5,0.5,0.2857142857142857,0.5,116,406.8832,Metro Wholesale,1.7857142857142856,Strategic
Cake Plate Lovebird Pink,0.22727272727272727,0.0,0.0,0.42424242424242425,188,406.876,Gulf Source Co.,0.6515151515151515,Leverage
Glass Etched T-Light Holder Medium,0.28,0.5,0.0,0.5,367,406.8139,Apex Merchants,1.28,Strategic
Christmas Retrospot Heart Wood,0.5,0.0,0.0,0.5,913,406.642,Gulf Source Co.,1.0,Strategic
Silver Plate Candle Bowl Small,0.0,0.0,0.06896551724137931,0.2413793103448276,200,406.52,Evergreen Supply,0.3103448275862069,Leverage
Hand Open Shape Gold,0.0,0.5,0.5,0.0,290,406.4888,Apex Merchants,1.0,Strategic
Citronella Candle Garden Pot,0.3706896551724138,0.0,0.0,0.2413793103448276,614,405.73979999999995,Metro Wholesale,0.6120689655172414,Leverage
Antique Glass Place Setting,0.0,0.5,0.20454545454545456,0.20454545454545456,490,405.5222,Metro Wholesale,0.9090909090909092,Strategic
Mini Highlighter Pens,0.5,0.5,0.0,0.5,5881,405.2105,Northstar Trading,1.5,Strategic
Pottering Mug,0.12318840579710146,0.0,0.18115942028985507,0.2246376811594203,743,404.7728,ValueLink Distribution,0.5289855072463768,Leverage
T-Lights Vintage Doily,0.5,0.5,0.0,0.5,344,404.43440000000004,Metro Wholesale,1.5,Strategic
Vintage Paisley Stationery,0.0,0.0,0.14912280701754385,0.14912280701754385,396,404.13460000000003,Apex Merchants,0.2982456140350877,Leverage
Party Cones Candy,0.11538461538461539,0.0,0.19230769230769232,0.0,481,402.1681,Metro Wholesale,0.3076923076923077,Leverage
Glass Bon Bon Jar,0.5,0.0,0.0,0.0,324,401.6547,Gulf Source Co.,0.5,Leverage
Porcelain Butterfly Oil Burner,0.358974358974359,0.0,0.1794871794871795,0.0,223,401.0722,Prime Supply Partners,0.5384615384615384,Leverage
Sandalwood Fan,0.1282051282051282,0.0,0.1282051282051282,0.32051282051282054,894,400.7132,ValueLink Distribution,0.5769230769230769,Leverage
Landmark Frame Oxford Street,0.0,0.5,0.0,0.2391304347826087,53,400.5058,Evergreen Supply,0.7391304347826086,Leverage
Polkadot Rain Hat,0.23333333333333334,0.5,0.23333333333333334,0.23333333333333334,1923,400.2338,Gulf Source Co.,1.2000000000000002,Strategic
I Love London Mini Backpack,0.22,0.5,0.22,0.22,156,399.6566,Reliable Imports,1.16,Strategic
Wrap Alphabet,0.28888888888888886,0.0,0.37777777777777777,0.2111111111111111,1575,399.6,Evergreen Supply,0.8777777777777778,Strategic
Love Heart Napkin Box,0.0,0.0,0.15384615384615385,0.19230769230769232,138,399.41339999999997,Reliable Imports,0.34615384615384615,Leverage
Ceramic Birdhouse Black Rose Large,0.5,0.5,0.0,0.0,137,398.739,ValueLink Distribution,1.0,Strategic
Charlie+Lola Pink Hot Water Bottle,0.3360655737704918,0.0,0.16393442622950818,0.09016393442622951,298,398.5725,Metro Wholesale,0.5901639344262295,Leverage
Glass Cloche Small,0.0,0.0,0.0,0.24285714285714285,164,398.504,Apex Merchants,0.24285714285714285,Leverage
Cherry Crochet Food Cover,0.37209302325581395,0.0,0.18604651162790697,0.18604651162790697,237,398.33250000000004,Reliable Imports,0.7441860465116279,Leverage
Star Wreath Decoration With Bell,0.265625,0.5,0.0,0.0,606,397.9032,ValueLink Distribution,0.765625,Leverage
Kashmir Folkart Baubles,0.0,0.5,0.3,0.5,218,397.837,Reliable Imports,1.3,Strategic
Bird House Hot Water Bottle,0.3983050847457627,0.0,0.1016949152542373,0.3728813559322034,253,397.6045,Apex Merchants,0.8728813559322034,Strategic
Baking Mould Chocolate Cupcakes,0.14705882352941177,0.0,0.5,0.0,247,397.423,Prime Supply Partners,0.6470588235294118,Leverage
Black And White Dog Bowl,0.5,0.5,0.21428571428571427,0.0,385,396.99649999999997,Gulf Source Co.,1.2142857142857142,Strategic
Pencils Tube Woodland,0.08870967741935484,0.0,0.0,0.33064516129032256,513,396.90810000000005,Summit Procurement,0.4193548387096774,Leverage
Nine Drawer Office Tidy,0.19047619047619047,0.5,0.0,0.19047619047619047,42,396.804,Prime Supply Partners,0.8809523809523809,Strategic
Zinc Top Door Wooden Shelf,0.0,0.5,0.0,0.0,112,396.74399999999997,Prime Supply Partners,0.5,Leverage
Candle Plate Lace White,0.1956521739130435,0.5,0.1956521739130435,0.0,244,396.57120000000003,Apex Merchants,0.8913043478260869,Strategic
Bundle School Exercise Books,0.5,0.0,0.14473684210526316,0.14473684210526316,377,395.4696,ValueLink Distribution,0.7894736842105263,Leverage
White Sweethearts Cabinet Drawers,0.24242424242424243,0.5,0.24242424242424243,0.0,56,395.36719999999997,Global Goods Ltd.,0.9848484848484849,Strategic
Small Ceramic Top Storage Jar,0.15384615384615385,0.0,0.0,0.2948717948717949,788,394.96040000000005,ValueLink Distribution,0.44871794871794873,Leverage
Hanging Metal Bird Bath,0.125,0.0,0.375,0.296875,75,394.7286,Summit Procurement,0.796875,Strategic
Square Mirror Curtain,0.22727272727272727,0.5,0.0,0.2727272727272727,96,394.674,Prime Supply Partners,1.0,Strategic
Garland Wooden Happy Easter,0.4152542372881356,0.0,0.13559322033898305,0.5,553,394.01250000000005,Gulf Source Co.,1.0508474576271185,Strategic
Drawer Knob Crackle Glaze Ivory,0.5,0.0,0.0,0.24358974358974358,402,394.00019999999995,Reliable Imports,0.7435897435897436,Leverage
Blue Fairy Cake Child S Apron,0.11428571428571428,0.0,0.14285714285714285,0.38571428571428573,343,393.3171,Summit Procurement,0.6428571428571428,Leverage
Art Lights Funk Monkey,0.23076923076923078,0.5,0.2692307692307692,0.5,230,392.45459999999997,Northstar Trading,1.5,Strategic
Heart Wooden Christmas Decoration,0.5,0.5,0.0,0.5,818,392.14919999999995,Apex Merchants,1.5,Strategic
Heart T-Light Holder,0.35,0.5,0.15,0.5,753,392.1087,Apex Merchants,1.5,Strategic
Stripey Chocolate Nesting Boxes,0.10606060606060606,0.0,0.0,0.16666666666666666,236,392.062,Metro Wholesale,0.2727272727272727,Leverage
Pink Metal Chicken Heart,0.0,0.0,0.13333333333333333,0.13333333333333333,499,391.8083,Apex Merchants,0.26666666666666666,Leverage
English Rose Table Cloth,0.5,0.5,0.0,0.5,61,391.7359,Reliable Imports,1.5,Strategic
Measuring Tape Babushka Red,0.17567567567567569,0.0,0.0,0.0,233,391.37649999999996,Global Goods Ltd.,0.17567567567567569,Leverage
Colouring Pencils Doily,0.2698412698412698,0.0,0.1111111111111111,0.07142857142857142,783,391.1643,Evergreen Supply,0.45238095238095233,Leverage
Glass Cake Stand Mirrored Base,0.5,0.5,0.0,0.5,44,391.15999999999997,Metro Wholesale,1.5,Strategic
Minature Coloured Gardening,0.5,0.0,0.3055555555555556,0.5,137,390.7078,Northstar Trading,1.3055555555555556,Strategic
Ceramic Cake Spotted Plate,0.14285714285714285,0.0,0.12244897959183673,0.14285714285714285,402,390.543,Global Goods Ltd.,0.4081632653061224,Leverage
Cast Iron Hook Garden Trowel,0.24285714285714285,0.5,0.0,0.0,247,390.11469999999997,Evergreen Supply,0.7428571428571429,Leverage
Bundle Alphabet Exercise Books,0.5,0.0,0.0,0.21929824561403508,358,389.7684,Global Goods Ltd.,0.7192982456140351,Leverage
English Rose Coasters,0.0,0.5,0.0,0.2636363636363636,476,389.38,Summit Procurement,0.7636363636363637,Leverage
Enamel Fire Bucket Cream,0.3611111111111111,0.0,0.1388888888888889,0.1388888888888889,87,388.9356,Prime Supply Partners,0.6388888888888888,Leverage
Belle Jardiniere Cushion Cover,0.5,0.0,0.13157894736842105,0.3684210526315789,165,388.7883,Prime Supply Partners,1.0,Strategic
Mushroom Paper Doilies,0.0,0.0,0.0,0.16666666666666666,476,388.7072,Metro Wholesale,0.16666666666666666,Leverage
Glass Apothecary Bottle Elixir,0.0,0.0,0.1388888888888889,0.3611111111111111,153,388.26059999999995,Gulf Source Co.,0.5,Leverage
Treasure Tin Buffalo Bill,0.0,0.5,0.0,0.2,273,388.0437,Global Goods Ltd.,0.7,Leverage
Spaceboy Childrens Cup,0.5,0.0,0.0,0.12162162162162163,566,387.9908,Global Goods Ltd.,0.6216216216216216,Leverage
Pink White Spots Garden Parasol,0.5,0.5,0.0,0.0,92,387.68399999999997,Evergreen Supply,1.0,Strategic
Ice Cream Garden Parasol,0.5,0.5,0.24,0.0,142,387.4004,Reliable Imports,1.24,Strategic
Charlie And Lola Table Tins,0.3392857142857143,0.5,0.3392857142857143,0.3392857142857143,219,387.3784,Apex Merchants,1.5178571428571428,Strategic
Small Silver Flower Candle Pot,0.0,0.5,0.0,0.0,224,387.13919999999996,Prime Supply Partners,0.5,Leverage
Gingham Recipe Book Box,0.0,0.0,0.10344827586206896,0.0,116,387.0108,Summit Procurement,0.10344827586206896,Leverage
Union Jack Flag Passport Cover,0.336734693877551,0.0,0.15306122448979592,0.1836734693877551,335,386.85540000000003,Evergreen Supply,0.673469387755102,Leverage
Parisienne Curio Cabinet,0.5,0.0,0.38461538461538464,0.32051282051282054,87,386.6646,Summit Procurement,1.205128205128205,Strategic
Ivory Refectory Clock,0.0,0.5,0.17307692307692307,0.17307692307692307,66,386.15520000000004,Prime Supply Partners,0.8461538461538463,Strategic
Vintage Union Jack Shopping Bag,0.1625,0.0,0.3875,0.3875,124,386.08639999999997,Apex Merchants,0.9375,Strategic
Willow Branch Lights,0.2708333333333333,0.5,0.0,0.5,97,385.9823,Global Goods Ltd.,1.2708333333333333,Strategic
Illustrated Cat Bowl,0.3541666666666667,0.0,0.3541666666666667,0.14583333333333334,247,385.6852,Reliable Imports,0.8541666666666667,Strategic
Heads And Tails Sporting Fun,0.0,0.0,0.14393939393939395,0.0,463,385.3763,Gulf Source Co.,0.14393939393939395,Leverage
Red Love Heart Shape Cup,0.17391304347826086,0.0,0.0,0.0,682,385.3132,Summit Procurement,0.17391304347826086,Leverage
3D Traditional Christmas Stickers,0.5,0.0,0.125,0.5,627,385.245,Global Goods Ltd.,1.125,Strategic
Red Refectory Clock,0.0,0.5,0.0,0.23214285714285715,64,385.1152,Northstar Trading,0.7321428571428572,Leverage
Office Mug Warmer Polkadot,0.1875,0.0,0.0,0.35,184,384.9713,Metro Wholesale,0.5375,Leverage
3D Dog Picture Playing Cards,0.0,0.0,0.10526315789473684,0.0,222,384.41519999999997,Global Goods Ltd.,0.10526315789473684,Leverage
Antique Tall Swirlglass Trinket Pot,0.0,0.5,0.0,0.3,170,384.353,Evergreen Supply,0.8,Strategic
Baking Mould Heart Milk Chocolate,0.37142857142857144,0.0,0.11428571428571428,0.11428571428571428,214,383.85360000000003,Reliable Imports,0.6,Leverage
Wrap Red Apples,0.25961538461538464,0.5,0.5,0.2403846153846154,1550,383.575,Northstar Trading,1.5,Strategic
Green Drawer Knob Acrylic Edwardian,0.18421052631578946,0.0,0.0,0.0,472,383.35999999999996,Reliable Imports,0.18421052631578946,Leverage
Large White/Pink Rose Art Flower,0.5,0.5,0.3333333333333333,0.16666666666666666,396,383.1742,Reliable Imports,1.5,Strategic
Vintage Kitchen Print Vegetables,0.21739130434782608,0.5,0.0,0.2826086956521739,1479,383.1222,Summit Procurement,1.0,Strategic
Roll Wrap S Christmas,0.5,0.0,0.15,0.5,569,382.6746,Summit Procurement,1.15,Strategic
Namaste Swagat Incense,0.5,0.5,0.0,0.5,2276,382.3524,Summit Procurement,1.5,Strategic
Key Fob Back Door,0.2903225806451613,0.0,0.0,0.26344086021505375,942,382.136,ValueLink Distribution,0.553763440860215,Leverage
Crochet Strawberries,0.22,0.5,0.0,0.28,547,381.75849999999997,Summit Procurement,1.0,Strategic
Large Hanging Ivory & Red Wood,0.3375,0.0,0.1375,0.3375,969,381.4866,Global Goods Ltd.,0.8125,Strategic
Sweetheart Carry-All Basket,0.25,0.0,0.0,0.40625,63,381.27599999999995,Summit Procurement,0.65625,Leverage
Cosmetic Bag Vintage Rose Paisley,0.0,0.0,0.0,0.15,320,380.3576,Summit Procurement,0.15,Leverage
Easter Tin Bucket,0.5,0.0,0.14705882352941177,0.5,282,380.3444,Prime Supply Partners,1.1470588235294117,Strategic
Wildflower Botanical T-Light,0.35714285714285715,0.0,0.0,0.5,202,380.1866,Northstar Trading,0.8571428571428572,Strategic
Tool Box Soft Toy,0.5,0.5,0.2631578947368421,0.0,75,379.92749999999995,Prime Supply Partners,1.263157894736842,Strategic
Black Cherry Lights,0.5,0.5,0.0,0.5,104,379.92240000000004,Gulf Source Co.,1.5,Strategic
Laquered Incense Holders,0.30952380952380953,0.5,0.0,0.0,3355,379.5029,Evergreen Supply,0.8095238095238095,Strategic
White Embossed China Mugs,0.5,0.5,0.0,0.5,296,379.40279999999996,Gulf Source Co.,1.5,Strategic
Tv Dinner Tray Air Hostess,0.171875,0.0,0.203125,0.328125,187,378.6461,Northstar Trading,0.703125,Leverage
Petit Tray Chic,0.3870967741935484,0.0,0.22580645161290322,0.3870967741935484,348,378.5517,Northstar Trading,1.0,Strategic
Party Cones Candy Tree Decoration,0.0,0.5,0.0,0.25862068965517243,688,378.41839999999996,Apex Merchants,0.7586206896551724,Leverage
Balloon Pump With Balloons,0.11224489795918367,0.0,0.0,0.0,308,378.3328,Evergreen Supply,0.11224489795918367,Leverage
Sweetheart Wire Fruit Bowl,0.5,0.5,0.3392857142857143,0.3392857142857143,78,378.21020000000004,Reliable Imports,1.6785714285714288,Strategic
Sunset Colour Chunky Knitted Throw,0.5,0.5,0.0,0.0,37,378.1696,Global Goods Ltd.,1.0,Strategic
Wall Art Treasure Ahoy,0.29545454545454547,0.5,0.20454545454545456,0.20454545454545456,167,377.7373,Metro Wholesale,1.2045454545454546,Strategic
S/15 Silver Glass Baubles In Bag,0.0,0.5,0.5,0.0,461,377.6392,ValueLink Distribution,1.0,Strategic
Red Hearts Light Chain,0.5,0.5,0.0,0.5,264,377.3014,Reliable Imports,1.5,Strategic
Blue Spotty Pudding Bowl,0.5,0.5,0.0,0.0,2622,376.4868,Prime Supply Partners,1.0,Strategic
Vintage Red Mug,0.0,0.0,0.13333333333333333,0.35,837,375.80039999999997,Apex Merchants,0.4833333333333333,Leverage
Vanilla Incense In Tin,0.14864864864864866,0.0,0.0,0.35135135135135137,1034,375.53,Global Goods Ltd.,0.5,Leverage
Zinc Finish Planter Pots,0.3,0.0,0.0,0.3142857142857143,476,375.39040000000006,Apex Merchants,0.6142857142857143,Leverage
Japanese Crocheted Animal,0.27631578947368424,0.5,0.0,0.2236842105263158,1449,375.2361,Evergreen Supply,1.0,Strategic
Tea Cosy Red Stripe,0.5,0.0,0.0,0.16216216216216217,258,375.1488,Apex Merchants,0.6621621621621622,Leverage
Cake Stand Victorian Filigree Large,0.5,0.5,0.0,0.34,103,375.12059999999997,ValueLink Distribution,1.34,Strategic
Vintage Christmas Gift Bag Large,0.5,0.5,0.26785714285714285,0.5,530,374.73,Northstar Trading,1.7678571428571428,Strategic
Ivory Rose Peg Place Settings,0.0,0.0,0.0,0.2222222222222222,460,374.5584,Gulf Source Co.,0.2222222222222222,Leverage
S/4 Pink Flower Candles In Bowl,0.1810344827586207,0.0,0.0,0.15517241379310345,347,374.37190000000004,Evergreen Supply,0.33620689655172414,Leverage
Pink Diamante Pen In Gift Box,0.0,0.5,0.0,0.2037037037037037,319,374.2551,Reliable Imports,0.7037037037037037,Leverage
Floral Elephant Soft Toy,0.5,0.0,0.140625,0.25,142,374.088,Prime Supply Partners,0.890625,Strategic
Feather Pen Coal Black,0.5,0.0,0.27631578947368424,0.13157894736842105,997,374.0087,Prime Supply Partners,0.9078947368421053,Strategic
Butterflies Honeycomb Garland,0.21666666666666667,0.0,0.11666666666666667,0.2833333333333333,353,373.99799999999993,ValueLink Distribution,0.6166666666666667,Leverage
Classic White Frame,0.275,0.5,0.5,0.0,216,373.39919999999995,Gulf Source Co.,1.275,Strategic
Retrospot Candle Large,0.5,0.5,0.0,0.26,428,372.90319999999997,Summit Procurement,1.26,Strategic
White Bitty Light Chain,0.5,0.5,0.0,0.5,140,372.861,Global Goods Ltd.,1.5,Strategic
Wrap Poppies,0.0,0.0,0.2916666666666667,0.375,1700,372.75,Apex Merchants,0.6666666666666667,Leverage
Wrap Christmas Village,0.5,0.0,0.3137254901960784,0.5,1625,371.96250000000003,ValueLink Distribution,1.3137254901960784,Strategic
Calendar In Season,0.11764705882352941,0.0,0.19117647058823528,0.0,231,371.2929,Global Goods Ltd.,0.3088235294117647,Leverage
Tea Time Mug In Gift Box,0.2,0.0,0.0,0.0,181,371.1257,Northstar Trading,0.2,Leverage
Green Mini Tape Measure,0.0,0.5,0.0,0.5,726,370.672,Summit Procurement,1.0,Strategic
Folding Umbrella Pink/White Spot,0.18518518518518517,0.5,0.0,0.5,192,370.345,Apex Merchants,1.1851851851851851,Strategic
Potting Shed Sow N Grow,0.5,0.5,0.34,0.0,131,370.2678,Reliable Imports,1.34,Strategic
Hand Open Shape Deco White,0.18333333333333332,0.0,0.0,0.31666666666666665,255,370.0671,Apex Merchants,0.5,Leverage
Vintage Union Jack Pennant,0.0,0.0,0.4027777777777778,0.0,345,370.01250000000005,Gulf Source Co.,0.4027777777777778,Leverage
Sanskrit Mini Notebook,0.0,0.5,0.0,0.0,505,369.9125,Gulf Source Co.,0.5,Leverage
Brocante Shelf With Hooks,0.23076923076923078,0.5,0.0,0.2692307692307692,61,369.86220000000003,Northstar Trading,1.0,Strategic
Biscuit Tin Vintage Christmas,0.5,0.0,0.18888888888888888,0.5,236,369.1662,ValueLink Distribution,1.1888888888888889,Strategic
Glitter Hanging Butterfly String,0.5,0.0,0.08571428571428572,0.5,367,368.7858,ValueLink Distribution,1.0857142857142859,Strategic
Chocolate Calculator,0.0,0.0,0.0,0.5,335,368.6861,Evergreen Supply,0.5,Leverage
Black Metal Baroque Photo Frame,0.2857142857142857,0.5,0.0,0.0,359,368.6155,ValueLink Distribution,0.7857142857142857,Leverage
Skull Paper Doilies,0.0,0.0,0.34615384615384615,0.0,454,368.2206,Reliable Imports,0.34615384615384615,Leverage
Green Fern Pocket Book,0.20454545454545456,0.5,0.29545454545454547,0.0,5354,367.5398,Summit Procurement,1.0,Strategic
Inlaid Wood Incense Holder,0.5,0.5,0.23809523809523808,0.23809523809523808,2506,367.10929999999996,Metro Wholesale,1.4761904761904763,Strategic
Magic Drawing Slate Dolly Girl,0.2692307692307692,0.0,0.3,0.2,1572,367.0272,Apex Merchants,0.7692307692307692,Leverage
Fancy Font Birthday Card,0.5,0.0,0.11046511627906977,0.5,1537,366.931,Northstar Trading,1.1104651162790697,Strategic
3D Christmas Stamps Stickers,0.5,0.0,0.2261904761904762,0.5,589,366.6665,Northstar Trading,1.2261904761904763,Strategic
Heart Shaped Mirror,0.1891891891891892,0.0,0.16216216216216217,0.16216216216216217,358,366.2396,Reliable Imports,0.5135135135135136,Leverage
Drawer Knob Crackle Glaze Green,0.0,0.0,0.0,0.36764705882352944,372,365.68799999999993,Gulf Source Co.,0.36764705882352944,Leverage
Black Grand Baroque Photo Frame,0.0,0.5,0.2391304347826087,0.5,238,365.2954,Reliable Imports,1.2391304347826086,Strategic
Ivory Wicker Heart Medium,0.18888888888888888,0.0,0.37777777777777777,0.3111111111111111,438,365.1606,Summit Procurement,0.8777777777777778,Strategic
Wall Art Loves Secret,0.35714285714285715,0.5,0.0,0.14285714285714285,116,365.10360000000003,Summit Procurement,1.0,Strategic
Large Tahiti Beach Bag,0.21739130434782608,0.5,0.2826086956521739,0.5,98,365.09600000000006,Metro Wholesale,1.5,Strategic
Trellis Coat Rack,0.5,0.5,0.0,0.2608695652173913,127,364.9073,Summit Procurement,1.2608695652173914,Strategic
Sandwich Bath Sponge,0.5,0.5,0.29347826086956524,0.20652173913043478,455,364.5915,Summit Procurement,1.5,Strategic
Doorstop Racing Car,0.5,0.5,0.22916666666666666,0.0,256,364.1208,Evergreen Supply,1.2291666666666667,Strategic
Happy Easter Hanging Decoration,0.5,0.0,0.18181818181818182,0.5,170,364.0616,Reliable Imports,1.1818181818181819,Strategic
Glass Jar Daisy Fresh Cotton Wool,0.3469387755102041,0.0,0.0,0.15306122448979592,182,363.837,Prime Supply Partners,0.5,Leverage
Bundle Retro Note Books,0.0,0.5,0.2978723404255319,0.0,379,363.69530000000003,ValueLink Distribution,0.7978723404255319,Strategic
Candles Vintage Doily,0.0,0.0,0.0,0.31666666666666665,357,363.67530000000005,Evergreen Supply,0.31666666666666665,Leverage
Make Your Own Playtime Card Kit,0.0,0.0,0.3783783783783784,0.13513513513513514,231,363.3625,Global Goods Ltd.,0.5135135135135136,Leverage
Small Regal Silver Candlepot,0.0,0.5,0.3541666666666667,0.0,224,362.8608,Metro Wholesale,0.8541666666666667,Strategic
Key Cabinet Ma Campagne,0.375,0.0,0.140625,0.0,57,362.40599999999995,Metro Wholesale,0.515625,Leverage
Black Enchanted Forest Placemat,0.5,0.5,0.0,0.2037037037037037,388,361.8148,Gulf Source Co.,1.2037037037037037,Strategic
Clock Magnet Mum S Kitchen,0.22727272727272727,0.5,0.0,0.0,217,361.2152,Gulf Source Co.,0.7272727272727273,Leverage
Easter Tin Bunny Bouquet,0.5,0.0,0.0,0.5,395,361.0562,Global Goods Ltd.,1.0,Strategic
Charlotte Bag Vintage Alphabet,0.25833333333333336,0.0,0.0,0.11666666666666667,772,361.03839999999997,Evergreen Supply,0.375,Leverage
Box Pebble Candles,0.0,0.0,0.0,0.1702127659574468,304,360.99839999999995,Evergreen Supply,0.1702127659574468,Leverage
Empire Gift Wrap,0.0,0.0,0.11458333333333333,0.17708333333333334,1375,360.9375,Summit Procurement,0.2916666666666667,Leverage
Skull Paper Cups,0.0,0.0,0.14754098360655737,0.11475409836065574,995,360.8865,Evergreen Supply,0.26229508196721313,Leverage
Sweetheart Wire Magazine Rack,0.1794871794871795,0.0,0.0,0.15384615384615385,77,360.5525,Gulf Source Co.,0.33333333333333337,Leverage
Hanging Bauble T-Light Holder Small,0.5,0.5,0.0,0.5,260,360.1395,Apex Merchants,1.5,Strategic
Rain Poncho,0.19230769230769232,0.5,0.0,0.3076923076923077,834,359.8959,Gulf Source Co.,1.0,Strategic
Cream Wall Planter Heart Shaped,0.36486486486486486,0.0,0.0,0.08108108108108109,102,359.853,Prime Supply Partners,0.44594594594594594,Leverage
Box Colour Teaspoons,0.35135135135135137,0.0,0.20270270270270271,0.2972972972972973,131,359.80310000000003,Apex Merchants,0.8513513513513513,Strategic
Fluted Antique Candle Holder,0.21621621621621623,0.0,0.0,0.5,736,359.75579999999997,Evergreen Supply,0.7162162162162162,Leverage
Three S Gift Wraps,0.0,0.5,0.0,0.3181818181818182,331,359.50199999999995,Apex Merchants,0.8181818181818181,Strategic
Milk Pan Pink Retrospot,0.5,0.5,0.0,0.25,153,359.4777,Evergreen Supply,1.25,Strategic
French Wc Sign Blue Metal,0.13157894736842105,0.0,0.13157894736842105,0.3684210526315789,454,359.26320000000004,Metro Wholesale,0.631578947368421,Leverage
Wrap Vintage Leaf,0.0,0.0,0.0,0.0,1425,358.885,ValueLink Distribution,0.0,Leverage
Cardholder Gingham Star,0.0,0.0,0.0,0.0,236,358.2529,Metro Wholesale,0.0,Leverage
Snack Loaf Baking Cases,0.1346153846153846,0.0,0.0,0.25,678,358.0108,Global Goods Ltd.,0.3846153846153846,Leverage
Vintage Red Enamel Trim Jug,0.0,0.0,0.5,0.171875,175,357.6738,Global Goods Ltd.,0.671875,Leverage
Doctor S Bag Soft Toy,0.5,0.0,0.0,0.17105263157894737,63,357.4191,Global Goods Ltd.,0.6710526315789473,Leverage
Napkin Charms Stars,0.5,0.0,0.15151515151515152,0.2878787878787879,233,357.285,Global Goods Ltd.,0.9393939393939394,Strategic
Vintage Leaf Cake Cases,0.0,0.0,0.0,0.18181818181818182,1157,356.846,Apex Merchants,0.18181818181818182,Leverage
Home Sweet Home Cushion Cover,0.2682926829268293,0.5,0.0,0.5,157,356.1859,Evergreen Supply,1.2682926829268293,Strategic
Small Marshmallows Pink Bowl,0.15,0.0,0.15,0.2642857142857143,772,356.0964,Evergreen Supply,0.5642857142857143,Leverage
I Love London Beaker,0.24,0.5,0.0,0.0,494,355.935,Summit Procurement,0.74,Leverage
Metal Tube Chime On Bamboo,0.25,0.5,0.25,0.5,444,355.58639999999997,Evergreen Supply,1.5,Strategic
Single Antique Rose Hook Ivory,0.15625,0.0,0.15625,0.17708333333333334,362,355.3,Northstar Trading,0.48958333333333337,Leverage
Modern Floral Stationery,0.15217391304347827,0.0,0.20652173913043478,0.15217391304347827,324,354.80190000000005,Gulf Source Co.,0.5108695652173914,Leverage
S/4 Valentine Decoupage Heart Box,0.5,0.0,0.0,0.5,287,353.88779999999997,Apex Merchants,1.0,Strategic
Blue Refectory Clock,0.5,0.5,0.0,0.5,58,353.50919999999996,Evergreen Supply,1.5,Strategic
Romantic Pinks Ribbons,0.0,0.0,0.17763157894736842,0.09868421052631579,462,353.43,Metro Wholesale,0.2763157894736842,Leverage
Egg Cup Milkmaid Heidi,0.5,0.5,0.0,0.3181818181818182,500,353.37800000000004,Evergreen Supply,1.3181818181818181,Strategic
Potting Shed Candle Citronella,0.20689655172413793,0.0,0.0,0.3793103448275862,178,353.3656,ValueLink Distribution,0.5862068965517241,Leverage
3D Hearts Honeycomb Paper Garland,0.0,0.5,0.30357142857142855,0.0,222,353.3452,Metro Wholesale,0.8035714285714286,Strategic
Vintage Jingle Bells Heart,0.23076923076923078,0.5,0.0,0.2692307692307692,69,352.935,Reliable Imports,1.0,Strategic
Potting Shed Twine,0.2111111111111111,0.0,0.2111111111111111,0.37777777777777777,274,352.83779999999996,Northstar Trading,0.8,Strategic
Monsters Stencil Craft,0.14516129032258066,0.0,0.24193548387096775,0.24193548387096775,489,352.66380000000004,Evergreen Supply,0.6290322580645161,Leverage
Tutti Frutti Mirror,0.13793103448275862,0.0,0.0,0.3448275862068966,438,352.491,Metro Wholesale,0.4827586206896552,Leverage
Mouse Toy With Pink T-Shirt,0.3508771929824561,0.0,0.3157894736842105,0.5,158,352.3964,Metro Wholesale,1.1666666666666665,Strategic
Red Hanging Metal Star Tlight Hldr,0.5,0.5,0.5,0.5,142,351.9464,Prime Supply Partners,2.0,Strategic
Emergency First Aid Tin,0.0,0.0,0.17592592592592593,0.17592592592592593,426,351.909,Apex Merchants,0.35185185185185186,Leverage
S/4 Ivory Mini Rose Candle In,0.16666666666666666,0.0,0.0,0.0,380,351.4386,Prime Supply Partners,0.16666666666666666,Leverage
3D Kit Cards For Kids,0.5,0.0,0.0,0.1388888888888889,670,350.81199999999995,Reliable Imports,0.6388888888888888,Leverage
Jingle Bell Heart Antique Gold,0.21428571428571427,0.5,0.21428571428571427,0.5,250,350.5355,Gulf Source Co.,1.4285714285714286,Strategic
Feather Pen Hot Pink,0.35106382978723405,0.0,0.0,0.0,887,350.17510000000004,Metro Wholesale,0.35106382978723405,Leverage
Sunflower Decorative Parasol,0.5,0.5,0.0,0.5,75,349.64340000000004,Global Goods Ltd.,1.5,Strategic
Pink Hearts Light Chain,0.5,0.5,0.0,0.5,205,349.26720000000006,Global Goods Ltd.,1.5,Strategic
Modern Vintage Cotton Shopping Bag,0.0,0.5,0.0,0.0,571,349.0176,ValueLink Distribution,0.5,Leverage
Large Round Wicker Platter,0.15,0.0,0.0,0.35,96,349.008,Gulf Source Co.,0.5,Leverage
Set/3 Decoupage Stacking Tins,0.13157894736842105,0.0,0.0,0.0,114,348.7632,Northstar Trading,0.13157894736842105,Leverage
Ribbon Reel Socks And Mittens,0.0,0.0,0.3611111111111111,0.2777777777777778,384,348.74639999999994,Summit Procurement,0.6388888888888888,Leverage
Floral Bathroom,0.3333333333333333,0.5,0.3333333333333333,0.3333333333333333,1171,348.7194,Reliable Imports,1.4999999999999998,Strategic
Treasure Tin Gymkhana,0.0,0.0,0.2692307692307692,0.3557692307692308,254,348.6426,Gulf Source Co.,0.625,Leverage
Mini Jigsaw Dolly Girl,0.5,0.0,0.0,0.0,1381,348.3988,Apex Merchants,0.5,Leverage
Folk Felt Hanging Multicol Garland,0.2619047619047619,0.5,0.0,0.23809523809523808,530,348.341,Prime Supply Partners,1.0,Strategic
Ivory Pillar Candle Silver Flock,0.3939393939393939,0.0,0.0,0.2878787878787879,348,348.301,Summit Procurement,0.6818181818181819,Leverage
Colour T-Light Holder,0.5,0.0,0.20454545454545456,0.5,778,348.2952,Apex Merchants,1.2045454545454546,Strategic
Spotty Pink Duck Doorstop,0.0,0.0,0.14705882352941177,0.16176470588235295,188,348.1422,Northstar Trading,0.3088235294117647,Leverage
Girly Pink Tool,0.5,0.5,0.1875,0.5,131,348.06510000000003,Gulf Source Co.,1.6875,Strategic
Pink Marshmallow Scarf Knitting Kit,0.5,0.5,0.0,0.21153846153846154,228,347.1924,Northstar Trading,1.2115384615384615,Strategic
Lads Only Tissue Box,0.2875,0.0,0.0,0.0,539,347.032,Evergreen Supply,0.2875,Leverage
Diamond Napkin Rings,0.24,0.5,0.24,0.24,90,346.819,Evergreen Supply,1.22,Strategic
Ceramic Birdhouse Finch Blue Roof,0.5,0.5,0.0,0.0,239,346.3002,Reliable Imports,1.0,Strategic
Union Flag Windsock,0.0,0.5,0.0,0.18,485,346.0643,Northstar Trading,0.6799999999999999,Leverage
Small Heart Measuring Spoons,0.34782608695652173,0.0,0.0,0.25,761,345.6263,Prime Supply Partners,0.5978260869565217,Leverage
Pink Flower Crochet Food Cover,0.5,0.0,0.16666666666666666,0.3333333333333333,144,345.59999999999997,Apex Merchants,1.0,Strategic
Ceramic Strawberry Trinket Tray,0.0,0.5,0.0,0.2391304347826087,206,345.5382,Northstar Trading,0.7391304347826086,Leverage
Small Kitchen Flower Pots Plaque,0.5,0.5,0.0,0.5,279,345.1825,Apex Merchants,1.5,Strategic
Star Wooden Christmas Decoration,0.5,0.0,0.0,0.5,770,345.0027,Prime Supply Partners,1.0,Strategic
Vintage Bells Garland,0.20588235294117646,0.0,0.0,0.38235294117647056,212,344.814,Prime Supply Partners,0.588235294117647,Leverage
Cut Glass T-Light Holder Octagon,0.5,0.5,0.2,0.5,289,344.80060000000003,Evergreen Supply,1.7,Strategic
Mr Robot Soft Toy,0.1875,0.5,0.0,0.1875,179,344.697,ValueLink Distribution,0.875,Strategic
Antique All Glass Candlestick,0.5,0.0,0.0,0.1323529411764706,383,344.4741,Gulf Source Co.,0.6323529411764706,Leverage
Small Skull Windmill,0.3333333333333333,0.0,0.0,0.18181818181818182,438,344.0982,Prime Supply Partners,0.5151515151515151,Leverage
Dinosaur Party Bag + Sticker,0.0,0.0,0.18085106382978725,0.0,372,344.06600000000003,Northstar Trading,0.18085106382978725,Leverage
Folding Umbrella Cream/Multi Spot,0.2777777777777778,0.5,0.2777777777777778,0.2222222222222222,159,343.7721,Northstar Trading,1.2777777777777777,Strategic
Childrens Dolly Girl Mug,0.28378378378378377,0.5,0.28378378378378377,0.21621621621621623,328,343.49320000000006,Prime Supply Partners,1.2837837837837838,Strategic
Woodland Party Bag + Sticker,0.14166666666666666,0.0,0.25833333333333336,0.25,394,343.308,Gulf Source Co.,0.65,Leverage
Etched Glass Droplet Decoration,0.22727272727272727,0.5,0.22727272727272727,0.22727272727272727,1251,343.2505,ValueLink Distribution,1.1818181818181819,Strategic
Skulls Writing,0.3559322033898305,0.0,0.3983050847457627,0.2457627118644068,324,343.2132,Gulf Source Co.,1.0,Strategic
Danish Rose Round Sewing Box,0.0,0.5,0.23214285714285715,0.0,400,343.0792,Evergreen Supply,0.7321428571428572,Leverage
Jardin Etched Glass Cheese Dish,0.0,0.5,0.0,0.22,143,343.05899999999997,Evergreen Supply,0.72,Leverage
Tv Dinner Tray Vintage Paisley,0.0,0.0,0.35135135135135137,0.35135135135135137,202,342.816,Metro Wholesale,0.7027027027027027,Leverage
Pink Heart Candy Button Calculator,0.22727272727272727,0.5,0.2727272727272727,0.2727272727272727,256,342.0744,Summit Procurement,1.2727272727272727,Strategic
Small Deco Jewellery Stand,0.25,0.5,0.25,0.5,65,341.5945,Evergreen Supply,1.5,Strategic
Landmark Frame Covent Garden,0.0,0.5,0.0,0.2826086956521739,43,341.5567,Summit Procurement,0.7826086956521738,Leverage
Tutti Frutti Pen,0.3625,0.0,0.0,0.1375,950,341.4686,Prime Supply Partners,0.5,Leverage
Polka Dot Raffia Food Cover,0.32894736842105265,0.0,0.34210526315789475,0.17105263157894737,224,341.4296,Evergreen Supply,0.8421052631578947,Strategic
Red Rocking Horse Hand Painted,0.234375,0.0,0.390625,0.5,422,341.3136,Global Goods Ltd.,1.125,Strategic
Ceramic Strawberry Money Box,0.21052631578947367,0.0,0.18421052631578946,0.0,194,340.54240000000004,Summit Procurement,0.39473684210526316,Leverage
Stool Home Sweet Home,0.27586206896551724,0.5,0.22413793103448276,0.22413793103448276,46,340.3262,Gulf Source Co.,1.2241379310344827,Strategic
Roll Wrap Vintage Christmas,0.5,0.0,0.2708333333333333,0.5,516,340.13520000000005,Gulf Source Co.,1.2708333333333333,Strategic
Dog Bowl Vintage Cream,0.0,0.0,0.16176470588235295,0.0,127,339.9442,Evergreen Supply,0.16176470588235295,Leverage
Ribbons Empire,0.0,0.0,0.18085106382978725,0.3191489361702128,411,339.9405,Gulf Source Co.,0.5,Leverage
Hot Water Bottle Sex Bomb,0.0,0.5,0.0,0.2777777777777778,127,339.5581,Reliable Imports,0.7777777777777778,Leverage
Tins Jardin De Provence,0.07894736842105263,0.0,0.23684210526315788,0.18421052631578946,121,339.14099999999996,ValueLink Distribution,0.5,Leverage
Natural Bark Candle Large,0.0,0.5,0.0,0.22916666666666666,123,338.6754,ValueLink Distribution,0.7291666666666666,Leverage
Silk Purse Babushka Pink,0.5,0.0,0.1956521739130435,0.0,177,338.6583,Gulf Source Co.,0.6956521739130435,Leverage
Colour Pencils Love London,0.0,0.22950819672131148,0.09836065573770492,0.1721311475409836,651,338.5844,Reliable Imports,0.5,Leverage
Tea Time Des Tea Cosy,0.15306122448979592,0.0,0.0,0.15306122448979592,207,338.3415,Northstar Trading,0.30612244897959184,Leverage
Glass Etched T-Light Holder Large,0.5,0.0,0.0,0.5,256,337.96320000000003,Evergreen Supply,1.0,Strategic
Ivory Wicker Heart Large,0.22,0.0,0.0,0.16,307,337.8535,Northstar Trading,0.38,Leverage
Garden Path Pocket Book,0.5,0.5,0.0,0.0,710,337.82399999999996,Reliable Imports,1.0,Strategic
Make Your Own Monsoon Card Kit,0.0,0.0,0.11458333333333333,0.11458333333333333,201,337.5543,ValueLink Distribution,0.22916666666666666,Leverage
Ceramic Birdhouse Red Roof Small,0.3181818181818182,0.5,0.0,0.0,236,337.3228,Global Goods Ltd.,0.8181818181818181,Strategic
Classic French Style Basket Green,0.3181818181818182,0.5,0.0,0.18181818181818182,103,337.09470000000005,Evergreen Supply,1.0,Strategic
Yellow Coat Rack Paris Fashion,0.0,0.0,0.0,0.14285714285714285,131,336.8547,Summit Procurement,0.14285714285714285,Leverage
Silver Mug Bone China Tree Life,0.32857142857142857,0.0,0.0,0.0,387,336.38239999999996,Metro Wholesale,0.32857142857142857,Leverage
Magic Drawing Slate Circus Parade,0.35,0.0,0.225,0.125,1281,336.26250000000005,Gulf Source Co.,0.7,Leverage
Relax Large Wood Letters,0.18,0.5,0.0,0.0,54,336.2142,Metro Wholesale,0.6799999999999999,Leverage
Lanterns Fairy Light Star,0.5,0.5,0.2222222222222222,0.5,126,335.7307,Gulf Source Co.,1.7222222222222223,Strategic
Enchanted Bird Plant Cage,0.3,0.0,0.5,0.0,175,335.72,Evergreen Supply,0.8,Strategic
Strawberry Dream Childs Umbrella,0.5,0.0,0.0,0.3611111111111111,181,335.49920000000003,Global Goods Ltd.,0.8611111111111112,Strategic
Purple Paper Parasol,0.20833333333333334,0.0,0.0,0.0,202,335.2078,ValueLink Distribution,0.20833333333333334,Leverage
Yellow Metal Chicken Heart,0.14705882352941177,0.0,0.0,0.29411764705882354,412,335.002,Metro Wholesale,0.4411764705882353,Leverage
Recycled Acapulco Mat Lavender,0.35,0.0,0.15,0.21666666666666667,66,334.8642,Evergreen Supply,0.7166666666666667,Leverage
Boom Box Speaker Girls,0.3541666666666667,0.5,0.0,0.14583333333333334,295,334.86289999999997,Metro Wholesale,1.0,Strategic
Metal Sign Empire Tea,0.13114754098360656,0.0,0.12295081967213115,0.0,288,334.84680000000003,Summit Procurement,0.2540983606557377,Leverage
Blue Spotty Egg Cup,0.16129032258064516,0.0,0.16129032258064516,0.0,634,334.5833,ValueLink Distribution,0.3225806451612903,Leverage
Overnight Bag Vintage Rose Paisley,0.0,0.5,0.0,0.24468085106382978,124,334.51480000000004,Evergreen Supply,0.7446808510638298,Leverage
Gingham Rose Wrap,0.15853658536585366,0.0,0.3170731707317073,0.0,1426,334.4828,Apex Merchants,0.47560975609756095,Leverage
Colour Silk Coin Purse,0.29545454545454547,0.5,0.0,0.0,1454,333.6514,Gulf Source Co.,0.7954545454545454,Strategic
T-Light Holder Sweetheart Hanging,0.5,0.0,0.14102564102564102,0.5,264,333.64799999999997,Evergreen Supply,1.141025641025641,Strategic
Rocking Horse Red Christmas,0.5,0.0,0.2462686567164179,0.5,774,333.5808,Prime Supply Partners,1.2462686567164178,Strategic
T-Lights Wedding Cake,0.5,0.5,0.20454545454545456,0.5,197,333.4995,Apex Merchants,1.7045454545454546,Strategic
Pink Jumper Larry The Lamb,0.11290322580645161,0.0,0.0,0.0,266,333.31800000000004,Reliable Imports,0.11290322580645161,Routine
Bull Dog Bottle Top Wall Clock,0.0,0.5,0.5,0.2,65,332.7165,Reliable Imports,1.2,Critical
Cake Stand Victorian Filigree Small,0.3,0.5,0.0,0.2,155,332.5841,Evergreen Supply,1.0,Critical
Nursery A B C Painted Letters,0.16666666666666666,0.0,0.375,0.5,101,332.25,Evergreen Supply,1.0416666666666665,Critical
Party Food Shopper Bag,0.3815789473684211,0.0,0.11842105263157894,0.5,416,332.18080000000003,Gulf Source Co.,1.0,Critical
Mini Loaf Baking Cases,0.0,0.0,0.24193548387096775,0.13709677419354838,595,331.89099999999996,Global Goods Ltd.,0.3790322580645161,Routine
Travel Card Wallet Vintage Ticket,0.0,0.5,0.23148148148148148,0.0,1400,331.652,Northstar Trading,0.7314814814814815,Routine
Tutti Frutti Round Box,0.5,0.5,0.0,0.5,310,330.92499999999995,ValueLink Distribution,1.5,Critical
White Tall Porcelain T-Light Holder,0.5,0.0,0.5,0.375,202,330.69419999999997,Prime Supply Partners,1.375,Critical
Oven Mitt Apples,0.3617021276595745,0.0,0.13829787234042554,0.13829787234042554,364,330.491,Summit Procurement,0.6382978723404256,Routine
Children S Circus Parade Mug,0.5,0.0,0.0,0.359375,352,329.5648,Metro Wholesale,0.859375,Critical
French Enamel Candleholder,0.0,0.5,0.24509803921568626,0.2549019607843137,251,329.33430000000004,Northstar Trading,1.0,Critical
Dolly Honeycomb Garland,0.5,0.5,0.0,0.0,478,328.8196,Summit Procurement,1.0,Critical
Black Baroque Cuckoo Clock,0.5,0.5,0.29545454545454547,0.29545454545454547,45,328.6809,Northstar Trading,1.5909090909090908,Critical
Cake Stand Victorian Filigree Med,0.25,0.5,0.25,0.5,114,328.6672,Apex Merchants,1.5,Critical
Dolly Cabinet Drawers,0.5,0.5,0.2619047619047619,0.23809523809523808,34,328.3618,Metro Wholesale,1.5,Critical
Dolly Girl Childrens Cup,0.5,0.0,0.38571428571428573,0.0,457,328.3216,ValueLink Distribution,0.8857142857142857,Critical
Rose Wick Morris Boxed Candle,0.5,0.0,0.0,0.171875,323,327.72130000000004,Evergreen Supply,0.671875,Routine
Christmas Retrospot Star Wood,0.5,0.0,0.11475409836065574,0.5,690,327.5136,Global Goods Ltd.,1.1147540983606556,Critical
Balloons Writing,0.0,0.0,0.38461538461538464,0.0,291,326.79859999999996,Apex Merchants,0.38461538461538464,Routine
Christmas Gingham Tree,0.5,0.0,0.16346153846153846,0.5,659,326.7744,Summit Procurement,1.1634615384615383,Critical
Retro White Chalk Sticks,0.1511627906976744,0.0,0.0,0.2558139534883721,1196,326.158,Gulf Source Co.,0.4069767441860465,Routine
Potting Shed Rose Candle,0.30357142857142855,0.5,0.0,0.19642857142857142,163,325.776,Apex Merchants,1.0,Critical
Shoe Shine Box,0.19696969696969696,0.0,0.3333333333333333,0.0,48,325.72319999999996,ValueLink Distribution,0.5303030303030303,Routine
Triangular Pouffe Vintage,0.0,0.5,0.0,0.2727272727272727,41,325.6348,ValueLink Distribution,0.7727272727272727,Routine
Chrysanthemum Notebook,0.23214285714285715,0.5,0.26785714285714285,0.26785714285714285,3275,325.2575,Summit Procurement,1.2678571428571428,Critical
Vintage Pink Decorative Parasol,0.0,0.5,0.2857142857142857,0.0,76,325.2232,Apex Merchants,0.7857142857142857,Routine
Roll Wrap Vintage Spot,0.10416666666666667,0.0,0.0,0.0,480,325.2,Reliable Imports,0.10416666666666667,Routine
Colour Pencils Dolly Girl,0.5,0.0,0.04411764705882353,0.23529411764705882,664,325.091,Reliable Imports,0.7794117647058822,Routine
Zinc Box Sign Home,0.0,0.5,0.0,0.0,50,324.948,Gulf Source Co.,0.5,Routine
Eucalyptus & Pinecone Wreath,0.5,0.5,0.3148148148148148,0.3148148148148148,196,324.90549999999996,Summit Procurement,1.6296296296296298,Critical
Red Spot Paper Gift Bag,0.21875,0.0,0.109375,0.21875,789,324.1431,Prime Supply Partners,0.546875,Routine
Ceramic Birdhouse Crested Tit Small,0.5,0.5,0.23214285714285715,0.23214285714285715,223,323.6376,Reliable Imports,1.4642857142857144,Critical
Red Polkadot Beaker,0.3181818181818182,0.0,0.0,0.0,1074,323.56649999999996,Metro Wholesale,0.3181818181818182,Routine
Kids Rain Mac Blue,0.5,0.0,0.1282051282051282,0.358974358974359,671,323.28619999999995,Gulf Source Co.,0.9871794871794872,Critical
Set/20 Woodland Paper Napkins,0.17567567567567569,0.0,0.17567567567567569,0.35135135135135137,771,322.94620000000003,Gulf Source Co.,0.7027027027027027,Routine
Porcelain Rose Large,0.0,0.5,0.0,0.2222222222222222,462,322.66799999999995,Global Goods Ltd.,0.7222222222222222,Routine
Knickerbockerglory Magnet,0.31666666666666665,0.0,0.15,0.15,664,322.55519999999996,Summit Procurement,0.6166666666666667,Routine
Mini Jigsaw Circus Parade,0.12857142857142856,0.0,0.0,0.0,1266,322.45680000000004,Global Goods Ltd.,0.12857142857142856,Routine
Jungle Popsicles Ice Lolly Holders,0.20652173913043478,0.0,0.0,0.16304347826086957,428,322.2409,Apex Merchants,0.3695652173913043,Routine
Vintage Notelets Kit,0.3,0.5,0.0,0.0,630,321.7923,Northstar Trading,0.8,Critical
Spaceboy Childrens Bowl,0.5,0.0,0.25,0.3815789473684211,473,321.7214,Northstar Trading,1.131578947368421,Critical
Antique Glass Ridged Hanging Ball,0.5,0.5,0.0,0.5,235,321.6915,Apex Merchants,1.5,Critical
I Love London Cake Cases,0.33636363636363636,0.0,0.12727272727272726,0.12727272727272726,846,321.6768,Northstar Trading,0.5909090909090908,Routine
Silk Purse Babushka Blue,0.3918918918918919,0.0,0.0,0.22972972972972974,147,321.4728,Global Goods Ltd.,0.6216216216216216,Routine
Carnival Bracelet,0.29545454545454547,0.5,0.0,0.5,51,321.28,ValueLink Distribution,1.2954545454545454,Critical
Wicker Wreath Large,0.3333333333333333,0.0,0.3125,0.0,263,320.495,Evergreen Supply,0.6458333333333333,Routine
Vintage Sky Blue Cutlery,0.0,0.5,0.0,0.0,45,320.1525,Reliable Imports,0.5,Routine
Set/3 Christmas Decoupage Candles,0.5,0.5,0.3076923076923077,0.5,614,320.04,Global Goods Ltd.,1.8076923076923077,Critical
Vintage Red Enamel Trim Mug,0.0,0.0,0.0,0.1724137931034483,458,319.8192,Apex Merchants,0.1724137931034483,Routine
Mini Jigsaw Purdey,0.17647058823529413,0.0,0.17647058823529413,0.3235294117647059,1377,319.4822,Reliable Imports,0.6764705882352942,Routine
Eau De Nile Jewelled Photoframe,0.5,0.5,0.19047619047619047,0.0,232,318.70959999999997,Gulf Source Co.,1.1904761904761905,Critical
Glitter Star Garland With Bells,0.0,0.0,0.31666666666666665,0.31666666666666665,128,318.2412,ValueLink Distribution,0.6333333333333333,Routine
Herb Tins Sketchbook,0.0,0.0,0.0,0.31521739130434784,143,318.0125,Apex Merchants,0.31521739130434784,Routine
Madras Notebook Large,0.0,0.5,0.0,0.3181818181818182,288,318.00059999999996,Summit Procurement,0.8181818181818181,Critical
Blue Polkadot Coffee Mug,0.0,0.5,0.26785714285714285,0.0,789,317.9358,Reliable Imports,0.7678571428571428,Routine
White Wicker Star,0.3627450980392157,0.0,0.3137254901960784,0.3235294117647059,249,317.9232,Global Goods Ltd.,1.0,Critical
Tea For One Polkadot,0.5,0.0,0.2916666666666667,0.3611111111111111,113,317.77279999999996,Metro Wholesale,1.152777777777778,Critical
Key Ring Baseball Boot Union Jack,0.5,0.5,0.5,0.5,537,317.52099999999996,Apex Merchants,2.0,Critical
Coffee Mug Pink Paisley,0.5,0.0,0.15625,0.328125,202,317.3436,Evergreen Supply,0.984375,Critical
Polyester Filler Pad 65Cmx65Cm,0.1956521739130435,0.5,0.5,0.30434782608695654,116,317.0048,Reliable Imports,1.5,Critical
Blue White Spots Garden Parasol,0.5,0.5,0.25862068965517243,0.2413793103448276,89,316.5095,Summit Procurement,1.5,Critical
Dinosaurs Writing,0.1746031746031746,0.0,0.20634920634920634,0.11904761904761904,280,316.2025,Metro Wholesale,0.5,Routine
Red Tea Towel Classic,0.1595744680851064,0.0,0.1595744680851064,0.14893617021276595,416,316.1088,Gulf Source Co.,0.46808510638297873,Routine
Mirror Cornice,0.0,0.5,0.0,0.3125,35,316.043,Apex Merchants,0.8125,Critical
Wooden Tree Decorations,0.5,0.0,0.14583333333333334,0.17708333333333334,375,315.86969999999997,Reliable Imports,0.8229166666666667,Critical
Mirror Mosaic Hurricane Lamp,0.30952380952380953,0.5,0.19047619047619047,0.5,196,315.4376,Gulf Source Co.,1.5,Critical
Vintage Kitchen Print Puddings,0.3,0.5,0.0,0.3,1304,315.3816,Metro Wholesale,1.1,Critical
Joy Wooden Block Letters,0.3617021276595745,0.0,0.0,0.0,139,315.276,Northstar Trading,0.3617021276595745,Routine
Triple Hook Antique Ivory Rose,0.27906976744186046,0.0,0.22093023255813954,0.22093023255813954,167,314.9633,Evergreen Supply,0.7209302325581395,Routine
Card Motorbike Santa,0.5,0.0,0.19444444444444445,0.5,1302,313.803,Apex Merchants,1.1944444444444444,Critical
Cowboys And Indians Birthday Card,0.5,0.0,0.15625,0.5,1369,313.0603,Prime Supply Partners,1.15625,Critical
Way Out Metal Sign,0.2413793103448276,0.5,0.2413793103448276,0.0,412,312.7948,Gulf Source Co.,0.9827586206896552,Critical
Mirror Mosaic T-Light Holder,0.2727272727272727,0.5,0.5,0.5,861,312.6909,Prime Supply Partners,1.7727272727272727,Critical
Decorative Plant Pot With Frieze,0.5,0.5,0.0,0.0,61,312.623,Metro Wholesale,1.0,Critical
Tutti Frutti Notebook,0.0,0.5,0.0,0.5,242,312.543,Apex Merchants,1.0,Critical
Wooden Stocking Decoration,0.34615384615384615,0.0,0.3173076923076923,0.0,391,311.7623,ValueLink Distribution,0.6634615384615384,Routine
French Toilet Sign Blue Metal,0.30851063829787234,0.0,0.0,0.1595744680851064,379,311.7275,Global Goods Ltd.,0.46808510638297873,Routine
S/4 Black Dinner Candle Silver Floc,0.2857142857142857,0.5,0.0,0.21428571428571427,577,311.5173,Summit Procurement,1.0,Critical
Single Wire Hook Ivory Heart,0.5,0.5,0.0,0.0,410,311.454,Apex Merchants,1.0,Critical
Ribbon Reel Flora + Fauna,0.1744186046511628,0.0,0.0,0.1511627906976744,309,311.2966,Apex Merchants,0.32558139534883723,Routine
Colour Silk Glasses Case,0.0,0.5,0.0,0.0,911,311.1237,Gulf Source Co.,0.5,Routine
French Style Storage Jar Cafe,0.0,0.5,0.0,0.26,711,310.8789,Prime Supply Partners,0.76,Routine
Silver Lattice Vanilla Candle Pot,0.3387096774193548,0.0,0.16129032258064516,0.0,146,310.707,ValueLink Distribution,0.5,Routine
Traditional Pick Up Sticks Game,0.33695652173913043,0.0,0.0,0.5,387,310.5675,Gulf Source Co.,0.8369565217391304,Critical
Doorstop Football,0.5,0.0,0.3235294117647059,0.35294117647058826,196,310.5416,Evergreen Supply,1.1764705882352942,Critical
Blue Paisley Tissues,0.21428571428571427,0.5,0.0,0.21428571428571427,1776,310.3266,Northstar Trading,0.9285714285714286,Critical
White Christmas Garland Stars Trees,0.5,0.0,0.23333333333333334,0.5,156,310.05,ValueLink Distribution,1.2333333333333334,Critical
Children S Spaceboy Mug,0.2,0.0,0.2,0.0,329,309.85110000000003,Northstar Trading,0.4,Routine
Mrs Robot Soft Toy,0.2826086956521739,0.5,0.21739130434782608,0.2826086956521739,162,309.5102,Apex Merchants,1.2826086956521738,Critical
Angel Decoration Buttons,0.14130434782608695,0.0,0.0,0.33695652173913043,1132,309.48879999999997,ValueLink Distribution,0.4782608695652174,Routine
Milk Bottle With Glass Stopper,0.0,0.5,0.0,0.32142857142857145,73,309.0984,Reliable Imports,0.8214285714285714,Critical
Christmas Hanging Star With Bell,0.34375,0.0,0.0,0.5,1038,308.7244,Reliable Imports,0.84375,Critical
Blue Giant Garden Thermometer,0.5,0.0,0.19736842105263158,0.5,87,307.99739999999997,Global Goods Ltd.,1.1973684210526316,Critical
Filigree Heart Bird White,0.5,0.5,0.0,0.23076923076923078,413,307.87390000000005,Evergreen Supply,1.2307692307692308,Critical
Christmas Gingham Star,0.5,0.0,0.15454545454545454,0.5,670,307.64979999999997,Summit Procurement,1.1545454545454545,Critical
Heart T-Light Holder Willie Winkie,0.32142857142857145,0.0,0.16071428571428573,0.5,296,307.63020000000006,Prime Supply Partners,0.9821428571428572,Critical
White Advent Candle,0.3181818181818182,0.5,0.0,0.3181818181818182,270,307.6188,Metro Wholesale,1.1363636363636362,Critical
White Bell Honeycomb Paper Garland,0.0,0.0,0.1,0.1,320,307.5032,Summit Procurement,0.2,Routine
Jardin Etched Glass Fruitbowl,0.0,0.5,0.0,0.0,68,307.1376,Gulf Source Co.,0.5,Routine
S/2 Beach Hut Treasure Chests,0.0,0.5,0.0,0.2619047619047619,229,307.01169999999996,Reliable Imports,0.7619047619047619,Routine
Folding Umbrella White/Red Polkadot,0.2608695652173913,0.5,0.0,0.0,134,306.9082,Prime Supply Partners,0.7608695652173914,Routine
Vintage Red Cutlery,0.0,0.5,0.3125,0.3125,42,306.8362,Apex Merchants,1.125,Critical
French Enamel Pot W Lid,0.22972972972972974,0.5,0.22972972972972974,0.0,183,306.3045,Global Goods Ltd.,0.9594594594594594,Critical
Childs Garden Spade Blue,0.3375,0.0,0.0,0.2125,294,305.7138,ValueLink Distribution,0.55,Routine
Danish Rose Trinket Trays,0.30434782608695654,0.5,0.0,0.5,218,305.3568,Reliable Imports,1.3043478260869565,Critical
Napkins Red Apples,0.5,0.0,0.17142857142857143,0.42857142857142855,618,305.1018,Gulf Source Co.,1.1,Critical
Red Apples Chopping Board,0.0,0.5,0.0,0.0,108,305.00280000000004,ValueLink Distribution,0.5,Routine
Skulls Storage Box Large,0.0,0.5,0.0,0.5,238,304.8956,ValueLink Distribution,1.0,Critical
Rustic Strawberry Jam Pot Small,0.0,0.5,0.0,0.0,316,304.878,Global Goods Ltd.,0.5,Routine
Bicycle Puncture Repair Kit,0.5,0.0,0.2,0.2,239,304.79359999999997,Summit Procurement,0.8999999999999999,Critical
Pencil Case Life Is Beautiful,0.0,0.0,0.0,0.125,190,304.74240000000003,ValueLink Distribution,0.125,Routine
Pencils Tall Tube Woodland,0.0,0.0,0.0,0.09154929577464789,601,304.4666,Apex Merchants,0.09154929577464789,Routine
Hanging Chick Green Decoration,0.0,0.0,0.0,0.5,379,304.4507,Gulf Source Co.,0.5,Routine
Beach Hut Shelf W Drawers,0.21739130434782608,0.5,0.0,0.0,169,304.44829999999996,Metro Wholesale,0.717391304347826,Routine
French Chateau Small Fruitbowl,0.30952380952380953,0.5,0.0,0.30952380952380953,307,303.9755,Evergreen Supply,1.119047619047619,Critical
French Style Embossed Heart Cabinet,0.0,0.5,0.0,0.5,24,303.9474,ValueLink Distribution,1.0,Critical
Lily Botanical T-Lights,0.5,0.0,0.29411764705882354,0.5,169,303.9079,Northstar Trading,1.2941176470588236,Critical
Wrap Doiley,0.15625,0.0,0.0,0.3333333333333333,1325,303.8225,Evergreen Supply,0.4895833333333333,Routine
Mini Jigsaw Spaceboy,0.0,0.0,0.1326530612244898,0.2653061224489796,1310,302.95050000000003,Gulf Source Co.,0.3979591836734694,Routine
Wildflower Botanical Candles,0.13793103448275862,0.0,0.0,0.1724137931034483,195,302.787,Global Goods Ltd.,0.3103448275862069,Routine
Airline Bag Vintage World Champion,0.16666666666666666,0.0,0.0,0.3333333333333333,109,302.6962,Evergreen Supply,0.5,Routine
Tea Party Wrapping Paper,0.12790697674418605,0.0,0.0,0.1511627906976744,1200,302.4,Northstar Trading,0.27906976744186046,Routine
Rose Morris Boxed Candles,0.21621621621621623,0.5,0.0,0.21621621621621623,285,302.2532,Prime Supply Partners,0.9324324324324325,Critical
Small Purple Babushka Notebook,0.14492753623188406,0.0,0.2463768115942029,0.0,668,302.0646,ValueLink Distribution,0.391304347826087,Routine
Spring Dec Hanging Chick Yellow,0.5,0.0,0.0,0.34615384615384615,399,302.0031,Global Goods Ltd.,0.8461538461538461,Critical
Blue Dinner Candles Silver Flock,0.0,0.5,0.0,0.28846153846153844,392,301.9896,Evergreen Supply,0.7884615384615384,Routine
Classic Cafe Sugar Dispenser,0.32954545454545453,0.0,0.38636363636363635,0.0,404,301.928,Apex Merchants,0.7159090909090908,Routine
Gold Flying Ducks,0.28,0.5,0.0,0.5,143,301.665,Global Goods Ltd.,1.28,Critical
Choc Truffle Gold Trinket Pot,0.0,0.0,0.0,0.5,311,301.5909,Global Goods Ltd.,0.5,Routine
Blue Owl Soft Toy,0.5,0.0,0.11363636363636363,0.11363636363636363,177,301.5633,Prime Supply Partners,0.7272727272727273,Routine
Gift Tags S Christmas,0.5,0.5,0.23,0.5,653,301.3595,Northstar Trading,1.73,Critical
Wire Egg Basket,0.5,0.5,0.0,0.0,63,300.8526,Global Goods Ltd.,1.0,Critical
Small Spotty Chocolate Gift Bag,0.171875,0.0,0.0,0.375,536,300.7656,ValueLink Distribution,0.546875,Routine
Fancy Font Tea Towels,0.3194444444444444,0.5,0.0,0.5,171,300.6522,Apex Merchants,1.3194444444444444,Critical
Pens Spaceball,0.14285714285714285,0.0,0.15714285714285714,0.15714285714285714,1487,300.4425,Global Goods Ltd.,0.45714285714285713,Routine
Round Tins Camembert,0.4125,0.0,0.2125,0.0,166,300.4356,Summit Procurement,0.625,Routine
Small Dolly Mix Orange Bowl,0.5,0.0,0.17682926829268292,0.5,829,300.3684,Northstar Trading,1.1768292682926829,Critical
Hanging Glass Etched Tealight,0.5,0.0,0.1206896551724138,0.5,306,300.114,Prime Supply Partners,1.1206896551724137,Critical
Le Jardin Botanique Cushion Cover,0.5,0.5,0.20270270270270271,0.5,132,299.96999999999997,Gulf Source Co.,1.7027027027027026,Critical
Jardin Etched Glass Large Bell Jar,0.0,0.5,0.0,0.0,55,299.9535,Prime Supply Partners,0.5,Routine
Toadstool Bedside Light,0.3103448275862069,0.0,0.39655172413793105,0.5,51,299.88509999999997,Northstar Trading,1.206896551724138,Critical
Top Secret Pen,0.2826086956521739,0.5,0.2826086956521739,0.0,518,299.83820000000003,Apex Merchants,1.0652173913043477,Critical
White Tea Coffee Sugar Jars,0.18,0.5,0.32,0.0,242,299.56080000000003,Summit Procurement,1.0,Critical
Embroidered Ribbon Reel Rachel,0.0,0.5,0.0,0.2727272727272727,181,299.5348,Global Goods Ltd.,0.7727272727272727,Routine
Christmas Garland Stars Trees,0.5,0.5,0.0,0.5,205,299.46659999999997,Northstar Trading,1.5,Critical
Home Garland Painted Zinc,0.0,0.0,0.3225806451612903,0.3548387096774194,399,299.0988,Reliable Imports,0.6774193548387097,Routine
Ice Cream Fridge Magnets,0.0,0.0,0.0,0.14705882352941177,700,298.722,Global Goods Ltd.,0.14705882352941177,Routine
Kitchen Metal Sign,0.5,0.0,0.0,0.12790697674418605,915,298.1725,Reliable Imports,0.627906976744186,Routine
Empire Tissue Box,0.5,0.0,0.32608695652173914,0.17391304347826086,798,298.1524,ValueLink Distribution,1.0,Critical
Pink And White Christmas Tree,0.5,0.5,0.0,0.5,197,298.0125,Apex Merchants,1.5,Critical
Rustic Strawberry Jam Pot Large,0.22727272727272727,0.5,0.0,0.0,233,297.8859,Global Goods Ltd.,0.7272727272727273,Routine
Large Red Babushka Notebook,0.3333333333333333,0.0,0.0,0.0,501,297.2776,Metro Wholesale,0.3333333333333333,Routine
Floor Cushion Elephant Carnival,0.5,0.5,0.5,0.5,55,297.18,Summit Procurement,2.0,Critical
Vintage Kid Dolly Card,0.16666666666666666,0.0,0.0,0.5,1118,297.1724,Global Goods Ltd.,0.6666666666666666,Routine
Sandcastle Flags,0.33653846153846156,0.0,0.0,0.3269230769230769,530,297.0854,Global Goods Ltd.,0.6634615384615385,Routine
Star T-Light Holder Willie Winkie,0.5,0.0,0.30357142857142855,0.5,289,296.7702,Summit Procurement,1.3035714285714286,Critical
Coloured Party Balloons,0.23958333333333334,0.5,0.2604166666666667,0.0,791,296.6225,Gulf Source Co.,1.0,Critical
Blue Coat Rack Paris Fashion,0.0,0.5,0.2714285714285714,0.5,101,296.244,Evergreen Supply,1.2714285714285714,Critical
Large Round Cutglass Candlestick,0.0,0.5,0.0,0.23809523809523808,67,296.2119,Summit Procurement,0.7380952380952381,Routine
Money Box Housekeeping,0.14864864864864866,0.0,0.17567567567567569,0.0,341,296.09529999999995,Apex Merchants,0.32432432432432434,Routine
Red Spotty Purse,0.2840909090909091,0.0,0.0,0.5,190,295.944,Prime Supply Partners,0.7840909090909092,Routine
Airline Bag Vintage Jet Brown,0.0,0.5,0.0,0.225,121,295.4713,Summit Procurement,0.725,Routine
Vintage Red Enamel Trim Plate,0.0,0.5,0.2,0.3,298,295.4338,ValueLink Distribution,1.0,Critical
Spaceboy Napkins,0.16666666666666666,0.0,0.0,0.34444444444444444,619,295.38,Gulf Source Co.,0.5111111111111111,Routine
Set/4 Skull Badges,0.29069767441860467,0.0,0.0,0.313953488372093,386,295.08799999999997,Gulf Source Co.,0.6046511627906976,Routine
Spaceboy Rocket Lolly Makers,0.0,0.5,0.0,0.5,228,295.074,Apex Merchants,1.0,Critical
Soap Dish Brocante,0.12857142857142856,0.0,0.0,0.17142857142857143,166,294.7994,Northstar Trading,0.3,Routine
Strawberry Honeycomb Garland,0.0,0.0,0.0,0.1,345,294.7104,Global Goods Ltd.,0.1,Routine
Gumball Monochrome Coat Rack,0.18333333333333332,0.0,0.0,0.31666666666666665,402,294.1914,Northstar Trading,0.5,Routine
Clear Milkshake Glass,0.5,0.5,0.2727272727272727,0.0,231,293.86830000000003,Summit Procurement,1.2727272727272727,Critical
Black Candelabra T-Light Holder,0.21739130434782608,0.5,0.21739130434782608,0.21739130434782608,477,293.54970000000003,Reliable Imports,1.1521739130434783,Critical
Large Chinese Style Scissor,0.27586206896551724,0.5,0.27586206896551724,0.5,600,293.53200000000004,Evergreen Supply,1.5517241379310345,Critical
Wood Fan With Flower,0.5,0.5,0.0,0.0,433,293.1418,Prime Supply Partners,1.0,Critical
Sketchbook Magnetic Shopping List,0.2948717948717949,0.5,0.0,0.0,313,293.0688,Evergreen Supply,0.7948717948717949,Critical
Christmas Metal Postcard With Bells,0.5,0.0,0.15517241379310345,0.5,863,292.6921,Prime Supply Partners,1.1551724137931034,Critical
Childs Garden Brush Blue,0.5,0.5,0.0,0.0,230,292.4886,ValueLink Distribution,1.0,Critical
Lipstick Pen Red,0.0,0.0,0.0,0.36538461538461536,1330,292.4338,Summit Procurement,0.36538461538461536,Routine
Ivory Knitted Mug Cosy,0.1774193548387097,0.0,0.14516129032258066,0.0,304,292.1656,Reliable Imports,0.32258064516129037,Routine
Playing Cards Jubilee Union Jack,0.3048780487804878,0.0,0.0,0.15853658536585366,421,292.0477,Evergreen Supply,0.46341463414634143,Routine
Pink Love Heart Shape Cup,0.13157894736842105,0.0,0.0,0.13157894736842105,529,291.87859999999995,Northstar Trading,0.2631578947368421,Routine
Embroidered Ribbon Reel Ruby,0.0,0.5,0.0,0.2857142857142857,141,291.42900000000003,Reliable Imports,0.7857142857142857,Routine
Eight Dinosaur,0.0,0.0,0.0,0.0,400,291.1468,Global Goods Ltd.,0.0,Routine
Mini Jigsaw Bake A Cake,0.18518518518518517,0.5,0.18518518518518517,0.18518518518518517,1158,290.6934,Global Goods Ltd.,1.0555555555555554,Critical
Set/3 Polka Dot Stacking Tins,0.15625,0.0,0.171875,0.15625,88,290.5496,Apex Merchants,0.484375,Routine
Blue Paisley Sketchbook,0.0,0.0,0.0,0.12903225806451613,195,290.3478,Reliable Imports,0.12903225806451613,Routine
T-Light Holder Hanging Love Bird,0.19642857142857142,0.5,0.0,0.5,131,290.33529999999996,Northstar Trading,1.1964285714285714,Critical
Vintage Billboard Love/Hate Mug,0.16666666666666666,0.0,0.0,0.16666666666666666,466,289.6596,Northstar Trading,0.3333333333333333,Routine
Rose Folkart Heart Decorations,0.24242424242424243,0.0,0.12121212121212122,0.24242424242424243,562,289.5958,Metro Wholesale,0.6060606060606061,Routine
Childrens Garden Gloves Blue,0.5,0.0,0.0,0.5,360,289.332,Gulf Source Co.,1.0,Critical
Colour Silk Cosmetic Purse,0.0,0.5,0.2727272727272727,0.0,444,289.266,Gulf Source Co.,0.7727272727272727,Routine
Small Medina Stamped Metal Bowl,0.16666666666666666,0.5,0.0,0.3333333333333333,576,289.2502,ValueLink Distribution,1.0,Critical
Key Ring Baseball Boot,0.25925925925925924,0.5,0.25925925925925924,0.0,459,289.16999999999996,ValueLink Distribution,1.0185185185185186,Critical
Urban Chic Chopsticks Set/5,0.2391304347826087,0.5,0.0,0.5,250,289.14,Evergreen Supply,1.2391304347826086,Critical
Skull Tissues,0.1328125,0.0,0.1328125,0.109375,1611,289.1133,Apex Merchants,0.375,Routine
Red/Cream Stripe Fringe Hammock,0.1206896551724138,0.0,0.0,0.27586206896551724,67,288.9574,Northstar Trading,0.39655172413793105,Routine
T-Lights Easter Chicks,0.5,0.5,0.2708333333333333,0.5,190,288.288,Summit Procurement,1.7708333333333333,Critical
White Soap Rack With Bottles,0.2037037037037037,0.5,0.2962962962962963,0.0,79,288.0932,Gulf Source Co.,1.0,Critical
Cream Slice Flannel Chocolate Spot,0.5,0.0,0.109375,0.390625,169,288.06080000000003,Apex Merchants,1.0,Critical
English Rose Garden Secateurs,0.5,0.0,0.14285714285714285,0.0,394,287.3643,Apex Merchants,0.6428571428571428,Routine
Classic French Style Basket Brown,0.0,0.5,0.0,0.23214285714285715,87,286.8707,Global Goods Ltd.,0.7321428571428572,Routine
Skull Tv Dinner Tray,0.0,0.0,0.12195121951219512,0.12195121951219512,87,286.7961,Metro Wholesale,0.24390243902439024,Routine
White Travel Alarm Clock,0.0,0.5,0.0,0.5,185,286.5205,Apex Merchants,1.0,Critical
Aluminium Stamped Heart,0.16666666666666666,0.0,0.19696969696969696,0.36363636363636365,174,286.3866,Global Goods Ltd.,0.7272727272727273,Routine
Pin Cushion Babushka Red,0.3275862068965517,0.0,0.0,0.0,144,286.2736,Metro Wholesale,0.3275862068965517,Routine
Embroidered Ribbon Reel Rebecca,0.2391304347826087,0.5,0.2391304347826087,0.2608695652173913,184,285.7424,Northstar Trading,1.2391304347826086,Critical
Christmas Craft Heart Stocking,0.5,0.5,0.14473684210526316,0.5,244,285.4068,Prime Supply Partners,1.6447368421052633,Critical
Rocking Horse Green Christmas,0.5,0.0,0.17,0.5,597,285.1008,Reliable Imports,1.17,Critical
Gin & Tonic Diet Greeting Card,0.2569444444444444,0.0,0.375,0.125,1248,284.82239999999996,Reliable Imports,0.7569444444444444,Routine
Swallow Wooden Christmas Decoration,0.5,0.0,0.5,0.5,577,284.6012,Apex Merchants,1.5,Critical
Drawer Knob Crackle Glaze Pink,0.3088235294117647,0.0,0.0,0.22058823529411764,281,283.7538,Prime Supply Partners,0.5294117647058824,Routine
Magic Drawing Slate Dinosaur,0.5,0.0,0.0,0.2403846153846154,1056,283.3824,Northstar Trading,0.7403846153846154,Routine
Bright Blues Ribbons,0.0,0.0,0.16153846153846155,0.16153846153846155,370,283.05,Global Goods Ltd.,0.3230769230769231,Routine
Charlie & Lola Wastepaper Bin Flora,0.0,0.5,0.0,0.5,329,282.90229999999997,Northstar Trading,1.0,Critical
Lolita Cotton Tote Bag,0.25,0.5,0.0,0.5,302,282.846,Evergreen Supply,1.25,Critical
Regency Tea Spoon,0.25,0.5,0.5,0.0,367,282.6621,Global Goods Ltd.,1.25,Critical
Blue Polkadot Washing Up Gloves,0.18,0.0,0.0,0.16,215,282.639,Summit Procurement,0.33999999999999997,Routine
Retro Laundry Tub Pistachio,0.5,0.5,0.2727272727272727,0.5,50,282.625,Metro Wholesale,1.7727272727272727,Critical
Pocket Bag Blue Paisley Red Spot,0.078125,0.0,0.078125,0.328125,251,282.1427,Gulf Source Co.,0.484375,Routine
Home Sweet Home Drawer Cabinet,0.22916666666666666,0.5,0.2708333333333333,0.0,94,281.5018,ValueLink Distribution,1.0,Critical
Hanging Medina Lantern Small,0.13636363636363635,0.0,0.0,0.36363636363636365,142,281.50079999999997,Evergreen Supply,0.5,Routine
Bird Decoration Red Spot,0.5,0.0,0.3472222222222222,0.1111111111111111,504,281.484,Apex Merchants,0.9583333333333333,Critical
Raffia Ribbons S Christmas,0.5,0.0,0.3333333333333333,0.5,617,281.1204,ValueLink Distribution,1.3333333333333333,Critical
Asstd Multicolour Circles Mug,0.5,0.5,0.21739130434782608,0.21739130434782608,793,281.0858,Metro Wholesale,1.4347826086956523,Critical
Charlie+Lola Red Hot Water Bottle,0.3333333333333333,0.0,0.19696969696969696,0.30303030303030304,172,280.7772,Gulf Source Co.,0.8333333333333333,Critical
Shapes Photo Clip Silver,0.16666666666666666,0.5,0.0,0.3333333333333333,976,280.59520000000003,ValueLink Distribution,1.0,Critical
Pink Dinner Candle Silver Flock,0.26,0.5,0.24,0.5,430,280.4622,Northstar Trading,1.5,Critical
Filigree Heart Daisy White,0.0,0.5,0.4,0.4,359,280.4508,Gulf Source Co.,1.3,Critical
Skulls Stickers,0.22,0.0,0.14,0.0,527,280.4167,Evergreen Supply,0.36,Routine
Embroidered Ribbon Reel Sally,0.0,0.5,0.2708333333333333,0.2708333333333333,254,279.7648,Prime Supply Partners,1.0416666666666665,Critical
Poste France Cushion Cover,0.28125,0.0,0.15625,0.375,118,279.66,Summit Procurement,0.8125,Critical
Jazz Hearts Purse Notebook,0.22058823529411764,0.0,0.07352941176470588,0.20588235294117646,1060,279.4545,Gulf Source Co.,0.5,Routine
Mini Madras Notebook,0.0,0.5,0.21739130434782608,0.2826086956521739,589,279.0418,Global Goods Ltd.,1.0,Critical
Flower Fairy Incense Bouquet,0.5,0.5,0.19047619047619047,0.0,1045,279.0091,Global Goods Ltd.,1.1904761904761905,Critical
Joy Large Wood Letters,0.0,0.5,0.2857142857142857,0.2857142857142857,64,278.88960000000003,Apex Merchants,1.0714285714285714,Critical
Angel Decoration Stars On Dress,0.0,0.0,0.15853658536585366,0.5,1085,278.845,Global Goods Ltd.,0.6585365853658537,Routine
Small Chunky Glass Roman Bowl,0.21428571428571427,0.5,0.0,0.21428571428571427,341,278.7976,Metro Wholesale,0.9285714285714286,Critical
S/12 Vanilla Botanical T-Lights,0.5,0.0,0.0,0.5,158,278.7278,Reliable Imports,1.0,Critical
Christmas Table Silver Candle Spike,0.5,0.5,0.0,0.5,582,278.6312,Summit Procurement,1.5,Critical
Jam Jar With Green Lid,0.3977272727272727,0.0,0.10227272727272728,0.2159090909090909,581,278.45810000000006,Evergreen Supply,0.7159090909090909,Routine
Lavender Incense In Tin,0.08333333333333333,0.0,0.0,0.4166666666666667,565,278.2574,Apex Merchants,0.5,Routine
Embroidered Ribbon Reel Sophie,0.0,0.5,0.0,0.22727272727272727,139,278.2341,Metro Wholesale,0.7272727272727273,Routine
Paperweight Save The Planet,0.0,0.5,0.2692307692307692,0.23076923076923078,267,278.1422,Evergreen Supply,1.0,Critical
Set/4 Badges Woodland Animal,0.0,0.5,0.21428571428571427,0.2857142857142857,365,277.71,Gulf Source Co.,1.0,Critical
Pink Heart Shape Photo Frame,0.0,0.5,0.30357142857142855,0.0,276,277.23040000000003,Prime Supply Partners,0.8035714285714286,Critical
Wrap Dolly Girl,0.3472222222222222,0.0,0.3333333333333333,0.1527777777777778,1150,276.965,Evergreen Supply,0.8333333333333334,Critical
Pink Pot Plant Candle,0.1875,0.5,0.0,0.3125,154,276.6996,Reliable Imports,1.0,Critical
Small Round Cut Glass Candlestick,0.25,0.5,0.0,0.25,85,276.5892,Metro Wholesale,1.0,Critical
Black Small Glass Cake Stand,0.5,0.5,0.0,0.5,256,276.46599999999995,Evergreen Supply,1.5,Critical
Pink/White Ribbed Melamine Jug,0.5,0.5,0.1875,0.1875,60,276.352,Gulf Source Co.,1.375,Critical
Snowflake Portable Table Light,0.5,0.0,0.2916666666666667,0.5,153,276.0462,Metro Wholesale,1.2916666666666667,Critical
French Laundry Sign Blue Metal,0.1625,0.0,0.0,0.5,265,275.91799999999995,Metro Wholesale,0.6625,Routine
Cherry Blossom Bathroom Cabinet,0.30434782608695654,0.5,0.0,0.30434782608695654,89,275.78430000000003,Northstar Trading,1.108695652173913,Critical
Elephant Birthday Card,0.5,0.0,0.29605263157894735,0.5,1155,275.6157,Summit Procurement,1.2960526315789473,Critical
Pantry Hook Rolling Pin Hanger,0.5,0.5,0.0,0.0,109,275.4975,Northstar Trading,1.0,Critical
Black Champagne Glass,0.0,0.5,0.0,0.2916666666666667,676,275.40000000000003,Prime Supply Partners,0.7916666666666667,Routine
Childs Garden Rake Blue,0.22727272727272727,0.0,0.2727272727272727,0.4090909090909091,243,275.1447,Apex Merchants,0.9090909090909092,Critical
New Baroque Jewellery Box,0.29545454545454547,0.5,0.29545454545454547,0.0,51,274.9517,Gulf Source Co.,1.0909090909090908,Critical
Magic Drawing Slate Purdey,0.2711864406779661,0.0,0.13559322033898305,0.2288135593220339,1025,274.8861,Metro Wholesale,0.6355932203389831,Routine
Balloon Art Make Your Own Flowers,0.5,0.0,0.11764705882352941,0.3235294117647059,314,274.7859,Prime Supply Partners,0.9411764705882353,Critical
Large Tall Camphor Wood Toadstool,0.22727272727272727,0.5,0.5,0.0,109,274.7053,Metro Wholesale,1.2272727272727273,Critical
Small Stripes Chocolate Gift Bag,0.17307692307692307,0.5,0.3269230769230769,0.0,848,274.456,Northstar Trading,1.0,Critical
Childs Garden Rake Pink,0.5,0.0,0.125,0.21875,269,274.4493,Metro Wholesale,0.84375,Critical
Large Stripes Chocolate Gift Bag,0.0,0.5,0.25,0.25,408,274.3856,Global Goods Ltd.,1.0,Critical
Baby Boom Ribbons,0.5,0.0,0.0,0.18518518518518517,364,274.3468,Gulf Source Co.,0.6851851851851851,Routine
Toy Tidy Dolly Girl,0.5,0.5,0.0,0.0,252,274.23609999999996,Metro Wholesale,1.0,Critical
Ladle Love Heart Red,0.25757575757575757,0.0,0.24242424242424243,0.15151515151515152,1188,273.9354,Summit Procurement,0.6515151515151515,Routine
Ribbons Perfectly Pretty,0.0,0.5,0.0,0.0,170,273.831,Apex Merchants,0.5,Routine
No Junk Mail Metal Sign,0.2857142857142857,0.0,0.23015873015873015,0.2698412698412698,611,273.67,Evergreen Supply,0.7857142857142856,Routine
Magic Sheep Wool Growing From Paper,0.0,0.0,0.19444444444444445,0.19444444444444445,363,273.59290000000004,Evergreen Supply,0.3888888888888889,Routine
Ceramic Painted Hearts,0.28125,0.5,0.21875,0.28125,308,273.4376,Summit Procurement,1.28125,Critical
French Enamel Water Basin,0.29411764705882354,0.0,0.19117647058823528,0.10294117647058823,133,273.4001,Summit Procurement,0.5882352941176471,Routine
White Heart Confetti In Tube,0.0,0.5,0.0,0.3148148148148148,464,273.2528,ValueLink Distribution,0.8148148148148149,Critical
Zinc Heart Flower T-Light Holder,0.5,0.5,0.0,0.5,334,273.1638,Prime Supply Partners,1.5,Critical
Green Gingham Flower Jewellery Box,0.25555555555555554,0.5,0.0,0.0,239,272.8902,Summit Procurement,0.7555555555555555,Routine
Retro Plastic Polka Tray,0.37254901960784315,0.5,0.14705882352941177,0.24509803921568626,843,272.456,Apex Merchants,1.2647058823529411,Critical
Scented Velvet Lounge Candle,0.18518518518518517,0.5,0.0,0.0,971,272.1209,Evergreen Supply,0.6851851851851851,Routine
Lily Botanical Dinner Candles,0.4,0.0,0.0,0.4,177,271.9545,Reliable Imports,0.8,Critical
White With Black Cats Mug,0.15217391304347827,0.5,0.0,0.34782608695652173,2321,271.82099999999997,Evergreen Supply,1.0,Critical
Set/3 Pot Plant Candles,0.5,0.5,0.0,0.2826086956521739,89,271.5755,Gulf Source Co.,1.2826086956521738,Critical
Cross Stitch Alphabet Cushion Cover,0.5,0.5,0.0,0.5,76,271.32,Prime Supply Partners,1.5,Critical
Ivory Dinner Candles Silver Flock,0.16304347826086957,0.0,0.0,0.17391304347826086,284,271.2807,Evergreen Supply,0.33695652173913043,Routine
Ice Cream Bubbles,0.0,0.5,0.16071428571428573,0.16071428571428573,556,270.8832,Metro Wholesale,0.8214285714285714,Critical
Key Fob Front Door,0.38028169014084506,0.0,0.176056338028169,0.23943661971830985,652,270.6879,Global Goods Ltd.,0.7957746478873239,Critical
Teatime Pen Case & Pens,0.15217391304347827,0.5,0.0,0.34782608695652173,4807,270.4251,Metro Wholesale,1.0,Critical
Skulls Flannel,0.5,0.5,0.16666666666666666,0.5,951,270.29499999999996,Summit Procurement,1.6666666666666667,Critical
Silver Bells Table Decoration,0.3181818181818182,0.0,0.09090909090909091,0.09090909090909091,378,270.27,Summit Procurement,0.5,Routine
Opulent Velvet Set/3 Candles,0.5,0.5,0.5,0.0,261,269.53290000000004,Evergreen Supply,1.5,Critical
Set/4 Colourful Mixing Bowls,0.5,0.5,0.1956521739130435,0.0,47,269.2357,Metro Wholesale,1.1956521739130435,Critical
Love Heart Pocket Warmer,0.3815789473684211,0.0,0.15789473684210525,0.2236842105263158,504,269.17470000000003,Metro Wholesale,0.7631578947368421,Routine
Dolly Mixture Children S Umbrella,0.3333333333333333,0.0,0.16666666666666666,0.5,127,268.70660000000004,Prime Supply Partners,1.0,Critical
Bombs Away Metal Sign,0.16216216216216217,0.0,0.0,0.33783783783783783,221,268.6746,Northstar Trading,0.5,Routine
Silver Stars Table Decoration,0.0,0.0,0.15,0.0,540,268.25039999999996,Gulf Source Co.,0.15,Routine
White Newbaroque Candlestick Candle,0.32608695652173914,0.5,0.0,0.32608695652173914,416,267.8208,Summit Procurement,1.1521739130434783,Critical
Pastel Stripe Hammock,0.0,0.5,0.25,0.25,58,267.6636,Prime Supply Partners,1.0,Critical
Boom Box Speaker Boys,0.10344827586206896,0.0,0.0,0.20689655172413793,98,267.6128,Reliable Imports,0.3103448275862069,Routine
Easter Tin Keepsake,0.5,0.0,0.0,0.5,301,267.4381,Global Goods Ltd.,1.0,Critical
Glass Sphere Candle Stand Medium,0.28,0.5,0.22,0.28,96,267.384,Gulf Source Co.,1.28,Critical
French Enamel Utensil Holder,0.0,0.5,0.0,0.0,114,267.0598,ValueLink Distribution,0.5,Routine
Pretty Hanging Quilted Hearts,0.26,0.5,0.26,0.24,554,266.6956,Evergreen Supply,1.26,Critical
French Kitchen Sign Blue Metal,0.32222222222222224,0.0,0.0,0.17777777777777778,349,266.5313,Northstar Trading,0.5,Routine
Bunny Egg Box,0.25,0.5,0.0,0.5,314,266.115,Reliable Imports,1.25,Critical
Card Holder Love Bird Small,0.0,0.5,0.22916666666666666,0.0,109,266.1023,Global Goods Ltd.,0.7291666666666666,Routine
Burgundy Wine Dinner Candles,0.5,0.5,0.15217391304347827,0.34782608695652173,809,265.7317,Global Goods Ltd.,1.5,Critical
Rocket Balloons,0.0,0.0,0.2982456140350877,0.18421052631578946,675,265.42319999999995,Summit Procurement,0.48245614035087714,Routine
Cat Bowl Vintage Cream,0.15151515151515152,0.0,0.15151515151515152,0.25757575757575757,127,265.3919,Global Goods Ltd.,0.5606060606060606,Routine
Beach Hut Blackboard,0.2608695652173913,0.5,0.0,0.0,123,265.0347,Summit Procurement,0.7608695652173914,Routine
Hanging Engraved Metal Heart,0.28846153846153844,0.5,0.0,0.0,108,264.89160000000004,ValueLink Distribution,0.7884615384615384,Routine
Card Dolly Girl,0.15,0.0,0.0,0.13333333333333333,1054,264.0372,Metro Wholesale,0.2833333333333333,Routine
Dinosaur Keyrings,0.3425925925925926,0.0,0.1388888888888889,0.3611111111111111,2545,263.9671,Gulf Source Co.,0.8425925925925926,Critical
Painted Metal Star With Holly Bells,0.0,0.0,0.2972972972972973,0.5,526,263.9332,Reliable Imports,0.7972972972972974,Critical
Angel Decoration With Lace Padded,0.1935483870967742,0.0,0.3064516129032258,0.0,496,263.9216,Apex Merchants,0.5,Routine
Yuletide Images Gift Wrap,0.0,0.5,0.25925925925925924,0.24074074074074073,420,263.7942,Metro Wholesale,1.0,Critical
Vintage Leaf Magnetic Notepad,0.30434782608695654,0.5,0.0,0.0,325,263.5385,Northstar Trading,0.8043478260869565,Critical
Watermelon Bath Sponge,0.16176470588235295,0.0,0.19117647058823528,0.0,302,263.495,Prime Supply Partners,0.3529411764705882,Routine
Vintage Red Trim Enamel Bowl,0.0,0.5,0.5,0.16666666666666666,391,263.3495,Global Goods Ltd.,1.1666666666666667,Critical
Pink Horse Sock Puppet,0.5,0.0,0.14285714285714285,0.5,143,263.01550000000003,Apex Merchants,1.1428571428571428,Critical
Robot Birthday Card,0.35714285714285715,0.0,0.0,0.5,1128,262.9368,Global Goods Ltd.,0.8571428571428572,Critical
Shelf With Hooks Home Sweet Home,0.21428571428571427,0.5,0.0,0.2857142857142857,71,262.7268,Reliable Imports,1.0,Critical
Star Decoration Rustic,0.0,0.0,0.0,0.2391304347826087,989,262.4806,Evergreen Supply,0.2391304347826087,Routine
Decoration Hanging Metal Rabbit,0.17857142857142858,0.5,0.0,0.17857142857142858,325,262.4375,Summit Procurement,0.8571428571428572,Critical
Blue Tv Tray Table,0.2727272727272727,0.5,0.2727272727272727,0.22727272727272727,121,262.423,ValueLink Distribution,1.2727272727272727,Critical
Daisies Honeycomb Garland,0.0,0.0,0.18571428571428572,0.18571428571428572,272,262.3904,Prime Supply Partners,0.37142857142857144,Routine
Zinc T-Light Holder Star Large,0.2,0.0,0.14285714285714285,0.5,454,262.0122,Global Goods Ltd.,0.8428571428571429,Critical
White Tissue Ream,0.34146341463414637,0.0,0.0,0.15853658536585366,48,261.7776,ValueLink Distribution,0.5,Routine
Roll Wrap S Red Christmas,0.5,0.0,0.0,0.5,409,261.47880000000004,Northstar Trading,1.0,Critical
Lilac Diamante Pen In Gift Box,0.0,0.5,0.0,0.5,269,260.9824,Global Goods Ltd.,1.0,Critical
Abstract Circles Sketchbook,0.5,0.0,0.18571428571428572,0.5,123,260.7015,Global Goods Ltd.,1.1857142857142857,Critical
Fridge Magnets La Vie En Rose,0.5,0.5,0.0,0.21153846153846154,480,260.556,Summit Procurement,1.2115384615384615,Critical
Drawer Knob Ceramic Black,0.15384615384615385,0.5,0.0,0.0,271,260.5394,Metro Wholesale,0.6538461538461539,Routine
White Choc Morris Boxed Candles,0.22580645161290322,0.0,0.3709677419354839,0.12903225806451613,216,260.05760000000004,Metro Wholesale,0.7258064516129032,Routine
Vintage Postcard,0.0,0.5,0.0,0.23529411764705882,491,259.7426,Gulf Source Co.,0.7352941176470589,Routine
Christmas Retrospot Tree Wood,0.5,0.0,0.0,0.5,523,259.5799,Summit Procurement,1.0,Critical
Ivory Wire Kitchen Organiser,0.5,0.5,0.19047619047619047,0.30952380952380953,41,259.361,Prime Supply Partners,1.5,Critical
Decorative Rose Bathroom Bottle,0.41379310344827586,0.0,0.0,0.20689655172413793,404,259.01800000000003,Northstar Trading,0.6206896551724138,Routine
Wooden Tree Christmas Scandinavian,0.5,0.0,0.11538461538461539,0.5,1012,258.928,Reliable Imports,1.1153846153846154,Critical
Pink/White Christmas Tree,0.2391304347826087,0.5,0.2608695652173913,0.5,672,258.7128,Reliable Imports,1.5,Critical
White Stitched Cushion Cover,0.375,0.5,0.0,0.5,64,258.6434,Evergreen Supply,1.375,Critical
Wood Stamp Best Wishes,0.0,0.0,0.0,0.3695652173913043,330,258.4915,Prime Supply Partners,0.3695652173913043,Routine
Sweet Heart Cake Carrier,0.20454545454545456,0.5,0.0,0.20454545454545456,43,258.4619,ValueLink Distribution,0.9090909090909092,Critical
Ivory Sweetheart Wire Letter Rack,0.0,0.0,0.0,0.17142857142857143,117,258.4575,Evergreen Supply,0.17142857142857143,Routine
Toast Its - Dinosaur,0.36486486486486486,0.0,0.22972972972972974,0.36486486486486486,333,258.075,ValueLink Distribution,0.9594594594594594,Critical
Fairy Soap Soap Holder,0.17777777777777778,0.0,0.0,0.0,245,257.96049999999997,Evergreen Supply,0.17777777777777778,Routine
Kids Rain Mac Pink,0.32894736842105265,0.0,0.32894736842105265,0.15789473684210525,469,257.5279,Apex Merchants,0.8157894736842106,Critical
Silver Diamante Pen In Gift Box,0.0,0.5,0.25,0.25,194,257.355,Apex Merchants,1.0,Critical
Felt Egg Cosy White Rabbit,0.0,0.0,0.125,0.5,521,257.2729,Reliable Imports,0.625,Routine
Blue Pot Plant Candle,0.0,0.0,0.1896551724137931,0.3620689655172414,137,256.8796,Global Goods Ltd.,0.5517241379310345,Routine
Wood Stocking Christmas Scandispot,0.5,0.0,0.0,0.5,643,256.5108,Summit Procurement,1.0,Critical
Triple Wire Hook Ivory Heart,0.23809523809523808,0.5,0.0,0.23809523809523808,108,256.3411,Gulf Source Co.,0.9761904761904763,Critical
Crazy Daisy Heart Decoration,0.2916666666666667,0.5,0.0,0.2916666666666667,668,256.3128,Northstar Trading,1.0833333333333335,Critical
Basket Flowers Sewing Kit,0.2,0.5,0.0,0.0,422,256.16580000000005,ValueLink Distribution,0.7,Routine
Silver Plate Candle Bowl Large,0.5,0.5,0.25925925925925924,0.5,106,255.99,Evergreen Supply,1.7592592592592593,Critical
Woodland Storage Box Small,0.5,0.5,0.32608695652173914,0.0,232,255.95999999999998,Northstar Trading,1.3260869565217392,Critical
French Blue Metal Door Sign No,0.0,0.0,0.24193548387096775,0.25806451612903225,329,255.8417,Metro Wholesale,0.5,Routine
Green Rose Washbag,0.0,0.5,0.0,0.24074074074074073,99,255.7962,Reliable Imports,0.7407407407407407,Routine
Wrap Cowboys,0.0,0.0,0.0,0.34375,1025,255.30749999999998,Summit Procurement,0.34375,Routine
Embroidered Ribbon Reel Susie,0.25,0.5,0.25,0.25,240,255.2448,Summit Procurement,1.25,Critical
Pink Dog Bowl,0.2777777777777778,0.5,0.0,0.5,225,254.5957,Reliable Imports,1.2777777777777777,Critical
Wrap Circus Parade,0.0,0.0,0.0,0.3157894736842105,1050,254.415,Metro Wholesale,0.3157894736842105,Routine
Storage Tin Vintage Leaf,0.0,0.5,0.16071428571428573,0.0,162,254.412,Evergreen Supply,0.6607142857142857,Routine
Decorative Wicker Heart Medium,0.3048780487804878,0.0,0.0,0.32926829268292684,331,254.2735,ValueLink Distribution,0.6341463414634146,Routine
Dinosaur Height Chart Sticker,0.20689655172413793,0.0,0.0,0.5,152,253.7944,Metro Wholesale,0.7068965517241379,Routine
Lavender Toilette Bottle,0.25,0.5,0.0,0.25,194,253.633,Prime Supply Partners,1.0,Critical
Mirror Mosaic Votive Holder,0.34782608695652173,0.5,0.34782608695652173,0.0,516,253.6128,Apex Merchants,1.1956521739130435,Critical
Paper Chain Kit London,0.0,0.0,0.3235294117647059,0.19117647058823528,151,253.3755,ValueLink Distribution,0.5147058823529411,Routine
Blue Paisley Journal,0.12857142857142856,0.0,0.17142857142857143,0.32857142857142857,165,252.40980000000002,Gulf Source Co.,0.6285714285714286,Routine
Danish Rose Decorative Plate,0.2692307692307692,0.5,0.23076923076923078,0.0,504,252.384,Gulf Source Co.,1.0,Critical
Blue Polkadot Beaker,0.16071428571428573,0.0,0.23214285714285715,0.10714285714285714,845,252.00060000000002,Metro Wholesale,0.5,Routine
Jigsaw Tree With Birdhouse,0.3409090909090909,0.0,0.0,0.3181818181818182,322,251.5369,Evergreen Supply,0.6590909090909091,Routine
Cake Chopsticks,0.5,0.0,0.1935483870967742,0.3870967741935484,299,251.46659999999997,Global Goods Ltd.,1.0806451612903225,Critical
Card I Love London,0.32608695652173914,0.0,0.16304347826086957,0.0,1051,251.3775,Reliable Imports,0.4891304347826087,Routine
Ivory Enchanted Forest Placemat,0.0,0.0,0.3194444444444444,0.5,237,251.05409999999998,Apex Merchants,0.8194444444444444,Critical
Gift Tags Vintage Christmas,0.5,0.0,0.16666666666666666,0.5,559,250.99099999999999,Gulf Source Co.,1.1666666666666665,Critical
Party Invites Woodland,0.22093023255813954,0.0,0.16279069767441862,0.0,502,250.89040000000003,Prime Supply Partners,0.38372093023255816,Routine
Medium Chinese Style Scissor,0.2,0.5,0.3,0.0,943,250.7131,ValueLink Distribution,1.0,Critical
Beaded Pearl Heart White On Stick,0.0,0.5,0.0,0.5,531,250.1142,Evergreen Supply,1.0,Critical
Polkadot Coffee Cup & Saucer Pink,0.26,0.5,0.5,0.5,452,249.3576,ValueLink Distribution,1.76,Critical
Pink Stitched Wall Clock,0.0,0.5,0.0,0.5,375,249.3045,Northstar Trading,1.0,Critical
Ceramic Christmas Reindeer,0.5,0.5,0.0,0.5,328,249.21259999999998,Global Goods Ltd.,1.5,Critical
Fridge Magnets Us Diner,0.26785714285714285,0.0,0.08928571428571429,0.0,464,249.1608,Gulf Source Co.,0.35714285714285715,Routine
Spring Flower Chopsticks Set/5,0.16666666666666666,0.5,0.16666666666666666,0.16666666666666666,241,249.0117,Prime Supply Partners,0.9999999999999999,Critical
Disco Ball Christmas Decoration,0.35964912280701755,0.0,0.0,0.5,3840,248.96639999999996,Summit Procurement,0.8596491228070176,Critical
Pink Glass Candleholder,0.5,0.5,0.0,0.5,127,248.96409999999997,Apex Merchants,1.5,Critical
Apron Modern Vintage Cotton,0.0,0.5,0.2777777777777778,0.2222222222222222,144,248.8008,Evergreen Supply,1.0,Critical
Round Tins Dutch Cheese,0.25,0.5,0.0,0.5,142,248.5048,Apex Merchants,1.25,Critical
Retro Spot Ceramic Toastrack,0.5,0.5,0.0,0.22580645161290322,117,247.84019999999998,Reliable Imports,1.2258064516129032,Critical
New England Coasters,0.21428571428571427,0.5,0.0,0.21428571428571427,1052,247.83759999999998,Evergreen Supply,0.9285714285714286,Critical
Metal Decoration Naughty Children,0.5,0.0,0.1323529411764706,0.25,481,247.7631,Apex Merchants,0.8823529411764706,Critical
Eight Snake,0.1,0.0,0.18571428571428572,0.21428571428571427,353,247.71540000000002,Metro Wholesale,0.5,Routine
Zinc Heart T-Light Holder,0.5,0.5,0.0,0.5,343,247.4468,Northstar Trading,1.5,Critical
Decorative Wicker Heart Large,0.36666666666666664,0.0,0.36666666666666664,0.17777777777777778,243,247.37400000000002,Metro Wholesale,0.9111111111111111,Critical
Love Heart Sock Hanger,0.175,0.5,0.0,0.175,249,247.33169999999998,Metro Wholesale,0.8500000000000001,Critical
White Baroque Wall Clock,0.22727272727272727,0.5,0.0,0.2727272727272727,41,247.2885,Summit Procurement,1.0,Critical
Ceramic Bowl With Love Heart,0.32142857142857145,0.5,0.17857142857142858,0.32142857142857145,237,246.84570000000002,Global Goods Ltd.,1.3214285714285714,Critical
Garland Magic Garden,0.5,0.0,0.0,0.5,208,246.796,Reliable Imports,1.0,Critical
Fairy Cakes Coasters,0.0,0.5,0.0,0.3103448275862069,306,246.75900000000001,Global Goods Ltd.,0.8103448275862069,Critical
Folding Butterfly Mirror Hot Pink,0.13636363636363635,0.5,0.0,0.0,499,246.74179999999998,Prime Supply Partners,0.6363636363636364,Routine
Disco Ball Rotator Battery Operated,0.0,0.0,0.16279069767441862,0.3023255813953488,95,246.696,Reliable Imports,0.46511627906976744,Routine
Airline Bag Vintage Jet White,0.2375,0.0,0.3875,0.3875,89,246.6188,Evergreen Supply,1.0125,Critical
Tea Cosy Blue Stripe,0.32142857142857145,0.0,0.0,0.17857142857142858,155,246.4749,Global Goods Ltd.,0.5,Routine
Psychedelic Wall Thermometer,0.21428571428571427,0.5,0.0,0.0,423,246.24829999999997,Apex Merchants,0.7142857142857143,Routine
Cocktail Parasol Straws,0.0,0.5,0.0,0.19642857142857142,1000,246.0136,Evergreen Supply,0.6964285714285714,Routine
Paperweight Childhood Memories,0.26,0.5,0.26,0.24,213,245.9997,Summit Procurement,1.26,Critical
Posy Candy Bag,0.0,0.5,0.0,0.29545454545454547,503,245.8739,Gulf Source Co.,0.7954545454545454,Critical
Seaside Flying Disc,0.29411764705882354,0.0,0.20588235294117646,0.0,347,245.7448,Gulf Source Co.,0.5,Routine
Romantic Images Notebook,0.0,0.5,0.2727272727272727,0.2727272727272727,327,245.69999999999996,Reliable Imports,1.0454545454545454,Critical
Easter Tree Yellow Birds,0.5,0.0,0.0,0.5,78,245.6974,Evergreen Supply,1.0,Critical
Bath Duck Watering Can,0.17857142857142858,0.0,0.25,0.32142857142857145,206,245.61599999999999,Summit Procurement,0.75,Routine
Home Sweet Home Peg Hanger,0.5,0.5,0.0,0.5,101,245.43,Northstar Trading,1.5,Critical
Squarecushion Cover Pink Union Flag,0.25,0.5,0.25,0.25,81,245.4115,Global Goods Ltd.,1.25,Critical
Ivory Hanging Decoration Bird,0.5,0.0,0.0,0.0,488,245.3608,Evergreen Supply,0.5,Routine
Butterfly Crochet Food Cover,0.15625,0.0,0.25,0.5,105,244.91250000000002,Reliable Imports,0.90625,Critical
Heart Calculator,0.17045454545454544,0.0,0.0,0.0,311,244.9125,Summit Procurement,0.17045454545454544,Routine
Ass Col Small Sand Frog P,0.40476190476190477,0.5,0.40476190476190477,0.5,1057,244.764,Northstar Trading,1.8095238095238095,Critical
Cakes Fridge Magnets,0.0,0.0,0.11428571428571428,0.11428571428571428,563,243.8739,Reliable Imports,0.22857142857142856,Routine
Pink Fairy Cake Cushion Cover,0.2222222222222222,0.5,0.0,0.2777777777777778,145,243.7325,Summit Procurement,1.0,Critical
Painted Metal Tree With Holly Bells,0.24,0.5,0.5,0.26,303,243.68699999999998,Gulf Source Co.,1.5,Critical
Etched Glass Bird Tree Decoration,0.0,0.5,0.24,0.0,316,243.32,Northstar Trading,0.74,Routine
Football Celebration Candles,0.5,0.0,0.19047619047619047,0.30952380952380953,399,242.8944,Reliable Imports,1.0,Critical
Feather Pen Light Pink,0.5,0.0,0.0,0.5,594,242.76569999999998,Northstar Trading,1.0,Critical
Woodland Stickers,0.0,0.0,0.14285714285714285,0.5,476,242.33159999999998,Prime Supply Partners,0.6428571428571428,Routine
Jasmine Votive Candle,0.1875,0.5,0.0,0.1875,1800,242.328,Prime Supply Partners,0.875,Critical
Baking Mould Easter Egg Milk Choc,0.5,0.5,0.35714285714285715,0.5,164,242.06,Prime Supply Partners,1.8571428571428572,Critical
Zinc Heart Lattice T-Light Holder,0.5,0.0,0.0,0.5,297,241.6689,Reliable Imports,1.0,Critical
Felt Egg Cosy Chicken,0.0,0.0,0.13414634146341464,0.2682926829268293,463,241.6397,Northstar Trading,0.4024390243902439,Routine
Red Spotty Washbag,0.11666666666666667,0.0,0.21666666666666667,0.11666666666666667,162,241.40159999999997,Reliable Imports,0.45000000000000007,Routine
Painted Metal Heart With Holly Bell,0.35526315789473684,0.0,0.3157894736842105,0.17105263157894737,414,241.2022,Prime Supply Partners,0.8421052631578947,Critical
Card Billboard Font,0.0,0.0,0.30434782608695654,0.1956521739130435,962,241.08820000000003,Gulf Source Co.,0.5,Routine
Dolly Pegs,0.3157894736842105,0.0,0.0,0.17105263157894737,479,240.9672,Prime Supply Partners,0.48684210526315785,Routine
Blue New Baroque Candlestick Candle,0.0,0.5,0.0,0.25,380,240.944,Global Goods Ltd.,0.75,Routine
Circus Parade Tissues,0.0,0.0,0.11764705882352941,0.2647058823529412,1317,240.8516,Reliable Imports,0.38235294117647056,Routine
Henrietta Hen Mug,0.2857142857142857,0.5,0.2857142857142857,0.0,209,240.7053,Reliable Imports,1.0714285714285714,Critical
Christmas Tree Painted Zinc,0.5,0.0,0.27586206896551724,0.5,1137,240.7002,Metro Wholesale,1.2758620689655173,Critical
Beaded Pearl Heart White Large,0.2692307692307692,0.5,0.0,0.23076923076923078,238,240.4248,Evergreen Supply,1.0,Critical
Cotton Apron Pantry,0.5,0.0,0.0,0.11764705882352941,77,240.4085,Summit Procurement,0.6176470588235294,Routine
Glitter Christmas Star,0.5,0.0,0.0,0.5,765,240.24810000000002,Apex Merchants,1.0,Critical
Pantry Pastry Brush,0.34285714285714286,0.0,0.18571428571428572,0.15714285714285714,269,239.7996,Prime Supply Partners,0.6857142857142857,Routine
Vintage Caravan Gift Wrap,0.0,0.0,0.0,0.34375,996,239.7588,Gulf Source Co.,0.34375,Routine
Tumbler Baroque,0.0,0.5,0.0,0.0,647,239.2246,Summit Procurement,0.5,Routine
Small Hanging Ivory/Red Wood Bird,0.5,0.0,0.18518518518518517,0.3148148148148148,878,238.9916,Northstar Trading,1.0,Critical
S/3 Pink Col Metal Basket W,0.20454545454545456,0.5,0.20454545454545456,0.29545454545454547,48,238.89600000000002,Summit Procurement,1.2045454545454546,Critical
Ivory Pillar Candle Gold Flock,0.0,0.5,0.0,0.21153846153846154,158,238.8168,Reliable Imports,0.7115384615384616,Routine
Wrap Billboard Fonts,0.0,0.5,0.0,0.2727272727272727,915,238.63199999999998,Global Goods Ltd.,0.7727272727272727,Routine
Wood Stamp Flowers,0.5,0.0,0.313953488372093,0.26744186046511625,279,238.46550000000002,Apex Merchants,1.0813953488372092,Critical
Zinc Hearts Plant Pot Holder,0.2391304347826087,0.5,0.2391304347826087,0.0,139,238.0686,Metro Wholesale,0.9782608695652173,Critical
Money Box Pocket Money,0.0,0.0,0.3125,0.5,281,238.03920000000002,Reliable Imports,0.8125,Critical
Vintage Christmas Paper Gift Bag,0.24074074074074073,0.5,0.0,0.5,571,237.9934,Reliable Imports,1.2407407407407407,Critical
Lush Greens Ribbons,0.09649122807017543,0.0,0.09649122807017543,0.10526315789473684,313,237.88000000000002,Metro Wholesale,0.2982456140350877,Routine
Jazz Hearts Address Book,0.22,0.0,0.0,0.0,1840,237.85600000000002,Gulf Source Co.,0.22,Routine
Egg Cup Milkmaid Ingrid,0.5,0.5,0.29545454545454547,0.20454545454545456,271,237.80249999999998,Northstar Trading,1.5,Critical
Felt Toadstool Large,0.12903225806451613,0.0,0.1935483870967742,0.0,317,237.75,Global Goods Ltd.,0.3225806451612903,Routine
Hearts Stickers,0.2,0.0,0.0,0.0,453,237.6224,Global Goods Ltd.,0.2,Routine
Ass Zinc Christmas Decorations,0.5,0.5,0.3541666666666667,0.5,211,237.5016,Summit Procurement,1.8541666666666667,Critical
Drawer Knob Crackle Glaze Blue,0.3387096774193548,0.0,0.16129032258064516,0.16129032258064516,227,237.4647,Gulf Source Co.,0.6612903225806451,Routine
Mini Funky Tapes,0.0,0.0,0.359375,0.21875,452,236.8816,ValueLink Distribution,0.578125,Routine
Polkadot Placemats,0.0,0.5,0.2608695652173913,0.2608695652173913,121,236.5004,Prime Supply Partners,1.0217391304347827,Critical
Scotties Childrens Apron,0.3088235294117647,0.0,0.0,0.5,261,236.1393,Evergreen Supply,0.8088235294117647,Critical
Beaded Love Heart Jewellery,0.21153846153846154,0.5,0.28846153846153844,0.28846153846153844,454,235.985,Apex Merchants,1.2884615384615383,Critical
Cockle Shell Dish,0.5,0.5,0.22916666666666666,0.22916666666666666,240,235.73520000000002,Metro Wholesale,1.4583333333333335,Critical
Kids White Chalk Sticks,0.16666666666666666,0.0,0.0,0.16666666666666666,928,235.43359999999996,Northstar Trading,0.3333333333333333,Routine
Sweetheart Wall Tidy,0.20454545454545456,0.5,0.0,0.20454545454545456,40,235.21599999999998,Metro Wholesale,0.9090909090909092,Critical
Mobile Vintage Hearts,0.0,0.5,0.25,0.0,81,234.9567,Global Goods Ltd.,0.75,Routine
Party Pizza Dish Red Retrospot,0.16666666666666666,0.0,0.0,0.0,689,234.94009999999997,ValueLink Distribution,0.16666666666666666,Routine
Decoration Wobbly Rabbit Metal,0.3088235294117647,0.0,0.10294117647058823,0.10294117647058823,297,234.8057,Apex Merchants,0.5147058823529411,Routine
Next Day Carriage,0.2692307692307692,0.5,0.0,0.2692307692307692,26,234.77999999999997,Metro Wholesale,1.0384615384615383,Critical
Blue Victorian Fabric Oval Box,0.25,0.5,0.0,0.25,1058,234.65800000000002,Prime Supply Partners,1.0,Critical
Ceramic Pirate Chest Money Bank,0.3068181818181818,0.0,0.18181818181818182,0.375,264,234.6432,Global Goods Ltd.,0.8636363636363636,Critical
Star T-Light Holder,0.5,0.5,0.26,0.5,239,234.62630000000001,Evergreen Supply,1.76,Critical
Gold And Silver Fairy Cake Cases,0.3783783783783784,0.0,0.0,0.3783783783783784,770,234.297,Summit Procurement,0.7567567567567568,Routine
Small Glass Sundae Dish Clear,0.5,0.5,0.2692307692307692,0.23076923076923078,304,234.2952,Global Goods Ltd.,1.5,Critical
French Carriage Lantern,0.5,0.5,0.2826086956521739,0.5,55,234.267,Northstar Trading,1.7826086956521738,Critical
Wood Stamp Thank You,0.13157894736842105,0.0,0.3684210526315789,0.13157894736842105,287,233.9629,Gulf Source Co.,0.631578947368421,Routine
Tutti Frutti Large Purse,0.5,0.5,0.5,0.5,233,233.8854,Metro Wholesale,2.0,Critical
Yuletide Images S/6 Paper Boxes,0.22916666666666666,0.5,0.0,0.22916666666666666,353,233.8373,Evergreen Supply,0.9583333333333333,Critical
Small Oriental Blue Folding Stool,0.5,0.5,0.0,0.30952380952380953,172,233.5936,Global Goods Ltd.,1.3095238095238095,Critical
Danish Rose Photo Frame,0.17142857142857143,0.0,0.0,0.21428571428571427,279,233.4776,Reliable Imports,0.3857142857142857,Routine
Wall Art Garden Haven,0.5,0.5,0.2619047619047619,0.0,82,233.4496,Metro Wholesale,1.2619047619047619,Critical
Wrap S Christmas,0.5,0.5,0.0,0.5,950,233.415,Northstar Trading,1.5,Critical
Large White Honeycomb Paper Bell,0.1774193548387097,0.0,0.1935483870967742,0.3225806451612903,210,233.4132,ValueLink Distribution,0.6935483870967742,Routine
Red Rose Peg Place Settings,0.2125,0.0,0.2125,0.0,257,233.22750000000002,Apex Merchants,0.425,Routine
Small Red Babushka Notebook,0.14615384615384616,0.0,0.08461538461538462,0.3153846153846154,641,233.178,Evergreen Supply,0.5461538461538462,Routine
Pink/Purple Retro Radio,0.5,0.5,0.0,0.23809523809523808,125,233.05,Evergreen Supply,1.2380952380952381,Critical
Essential Balm Tin In Envelope,0.0,0.5,0.5,0.32608695652173914,5961,232.9092,Prime Supply Partners,1.3260869565217392,Critical
Glitter Christmas Heart,0.5,0.0,0.0,0.5,662,232.8136,Summit Procurement,1.0,Critical
Union Jack Flag Luggage Tag,0.19444444444444445,0.0,0.0,0.12962962962962962,330,232.79010000000002,Gulf Source Co.,0.32407407407407407,Routine
Black Stitched Wall Clock,0.2727272727272727,0.5,0.0,0.22727272727272727,333,232.7116,Prime Supply Partners,1.0,Critical
Musical Zinc Heart Decoration,0.5,0.0,0.18604651162790697,0.5,809,232.5151,Gulf Source Co.,1.1860465116279069,Critical
Botanical Rose Gift Wrap,0.0,0.5,0.0,0.0,1090,232.26049999999998,Evergreen Supply,0.5,Routine
Enamel Pink Tea Container,0.18333333333333332,0.5,0.31666666666666665,0.31666666666666665,318,232.1865,ValueLink Distribution,1.3166666666666667,Critical
Black Tea Coffee Sugar Jars,0.15217391304347827,0.5,0.0,0.15217391304347827,228,231.80759999999998,Summit Procurement,0.8043478260869565,Critical
Wicker Wreath Small,0.5,0.0,0.0,0.5,282,231.68019999999999,Summit Procurement,1.0,Critical
Picture Book Eggs Easter Bunny,0.5,0.5,0.0,0.5,461,231.1225,Evergreen Supply,1.5,Critical
Candy Heart Hanging Decoration,0.5,0.5,0.0,0.0,484,231.0094,Summit Procurement,1.0,Critical
Wick Christmas Briar Candle,0.5,0.5,0.2708333333333333,0.5,118,230.985,Northstar Trading,1.7708333333333333,Critical
Spots Mug W Pink Inside,0.5,0.5,0.26,0.24,236,230.91400000000002,Apex Merchants,1.5,Critical
Tutti Frutti Fob Notebook,0.0,0.0,0.0,0.5,445,230.7325,Evergreen Supply,0.5,Routine
Classic Bicycle Clips,0.5,0.5,0.0,0.2037037037037037,269,230.6491,Global Goods Ltd.,1.2037037037037037,Critical
Turq+Red Boudicca Large Bracelet,0.2619047619047619,0.5,0.0,0.5,67,230.5001,Summit Procurement,1.2619047619047619,Critical
S/2 Zinc Heart Planters,0.3125,0.5,0.1875,0.0,41,230.3153,Northstar Trading,1.0,Critical
Ice Cream Skittles,0.5,0.5,0.38636363636363635,0.38636363636363635,133,230.3028,Reliable Imports,1.7727272727272725,Critical
Cherry Paperlanterns,0.5,0.0,0.125,0.5,198,230.139,Prime Supply Partners,1.125,Critical
White Goose Feather Christmas Tree,0.5,0.5,0.0,0.5,129,230.0072,ValueLink Distribution,1.5,Critical
Retrospot Candle Medium,0.2,0.5,0.0,0.3,335,229.91389999999998,Apex Merchants,1.0,Critical
White Candystuft Artificial Flower,0.0,0.5,0.35714285714285715,0.35714285714285715,310,229.6102,Summit Procurement,1.2142857142857144,Critical
Lavender Scented Set/9 T-Lights,0.5,0.0,0.15517241379310345,0.5,451,229.5112,Apex Merchants,1.1551724137931034,Critical
Chrysanthemum Sketchbook,0.28125,0.0,0.0,0.390625,165,229.4482,Evergreen Supply,0.671875,Routine
Vintage Glass T-Light Holder,0.28125,0.0,0.0,0.5,444,229.34000000000003,Prime Supply Partners,0.78125,Routine
Childs Garden Brush Pink,0.2976190476190476,0.0,0.0,0.15476190476190477,189,229.0113,Apex Merchants,0.4523809523809524,Routine
Edwardian Heart Photo Frame,0.35714285714285715,0.5,0.0,0.0,89,228.99699999999999,Northstar Trading,0.8571428571428572,Critical
Lipstick Pen Fuschia,0.2127659574468085,0.0,0.40425531914893614,0.40425531914893614,984,228.89360000000002,Prime Supply Partners,1.0212765957446808,Critical
Girls Celebration Candles,0.32558139534883723,0.0,0.1744186046511628,0.0,295,228.6768,Prime Supply Partners,0.5,Routine
Felt Egg Cosy Ladybird,0.5,0.5,0.13636363636363635,0.13636363636363635,506,228.5108,Metro Wholesale,1.2727272727272725,Critical
Beaded Crystal Heart Green Large,0.0,0.5,0.5,0.0,421,228.21040000000002,Summit Procurement,1.0,Critical
Blue Padded Soft Mobile,0.5,0.0,0.12162162162162163,0.32432432432432434,86,227.496,Metro Wholesale,0.9459459459459459,Critical
Cosy Slipper Shoes Large Green,0.19696969696969696,0.0,0.19696969696969696,0.0,122,227.45680000000002,Reliable Imports,0.3939393939393939,Routine
Rainy Ladies Birthday Card,0.5,0.0,0.17307692307692307,0.5,997,227.3992,Evergreen Supply,1.1730769230769231,Critical
Yellow Giant Garden Thermometer,0.5,0.5,0.0,0.2222222222222222,58,226.9705,Northstar Trading,1.2222222222222223,Critical
Gold Mug Bone China Tree Life,0.25862068965517243,0.0,0.10344827586206896,0.0,259,226.8857,Gulf Source Co.,0.3620689655172414,Routine
Cushion Cover Pink Union Jack,0.5,0.5,0.0,0.5,66,226.8385,Summit Procurement,1.5,Critical
Small Parlour Picture Frame,0.5,0.5,0.0,0.0,141,226.83390000000003,Reliable Imports,1.0,Critical
Red Dragonfly Helicopter,0.0,0.5,0.0,0.2,42,226.7202,Global Goods Ltd.,0.7,Routine
Pink New Baroquecandlestick Candle,0.3125,0.5,0.0,0.0,325,226.63799999999998,Global Goods Ltd.,0.8125,Critical
Wrap Red Vintage Doily,0.25925925925925924,0.5,0.0,0.0,975,226.2625,Global Goods Ltd.,0.7592592592592593,Routine
Columbian Candle Round,0.3493150684931507,0.5,0.1780821917808219,0.2602739726027397,509,225.7628,Reliable Imports,1.2876712328767124,Critical
Blue Flying Singing Canary,0.0,0.5,0.2777777777777778,0.0,93,225.2925,ValueLink Distribution,0.7777777777777778,Routine
Set/6 Woodland Paper Plates,0.0,0.5,0.0,0.2857142857142857,493,225.1762,Metro Wholesale,0.7857142857142857,Routine
Rose Scent Candle Jewelled Drawer,0.0,0.5,0.0,0.0,88,224.9664,Evergreen Supply,0.5,Routine
Baby Mouse Red Gingham Dress,0.28125,0.0,0.140625,0.21875,91,224.59619999999998,ValueLink Distribution,0.640625,Routine
Retrospot Candle Small,0.5,0.5,0.25,0.25,393,224.5749,Evergreen Supply,1.5,Critical
Fridge Magnets Les Enfants,0.2222222222222222,0.5,0.0,0.2777777777777778,433,224.49020000000002,Global Goods Ltd.,1.0,Critical
Soft Pink Rose Towel,0.5,0.5,0.21428571428571427,0.21428571428571427,77,224.1393,Gulf Source Co.,1.4285714285714284,Critical
Folkart Star Christmas Decorations,0.5,0.5,0.0,0.5,899,223.9391,Global Goods Ltd.,1.5,Critical
French Chateau Large Platter,0.5,0.5,0.5,0.3409090909090909,123,223.63830000000002,Northstar Trading,1.8409090909090908,Critical
Spaceboy Childrens Egg Cup,0.3142857142857143,0.0,0.0,0.17142857142857143,274,223.26739999999998,Reliable Imports,0.4857142857142857,Routine
Beach Hut Key Cabinet,0.2391304347826087,0.5,0.2391304347826087,0.2608695652173913,155,223.1775,Gulf Source Co.,1.2391304347826086,Critical
Multicolour Confetti In Tube,0.5,0.5,0.5,0.0,247,223.0464,Apex Merchants,1.5,Critical
Grass Hopper Wooden Wall Clock,0.25,0.5,0.25,0.25,239,222.9548,Global Goods Ltd.,1.25,Critical
Medium Parlour Picture Frame,0.5,0.5,0.0,0.19047619047619047,82,222.848,Summit Procurement,1.1904761904761905,Critical
Santa Place Settings,0.5,0.5,0.5,0.5,328,222.6136,Prime Supply Partners,2.0,Critical
Bottle Top Magnets,0.20588235294117646,0.0,0.36764705882352944,0.5,952,222.608,Evergreen Supply,1.0735294117647058,Critical
Funky Beakers,0.3333333333333333,0.0,0.0,0.22727272727272727,114,222.4758,Global Goods Ltd.,0.5606060606060606,Routine
Hyacinth Bulb T-Light Candles,0.19117647058823528,0.0,0.0,0.5,796,222.4436,Apex Merchants,0.6911764705882353,Routine
Silver Jewelled Mirror Trinket Tray,0.5,0.5,0.36363636363636365,0.13636363636363635,49,222.27439999999999,ValueLink Distribution,1.5,Critical
String Stars Card Holder,0.29545454545454547,0.5,0.0,0.20454545454545456,146,221.8178,Evergreen Supply,1.0,Critical
Red Enchanted Forest Placemat,0.13636363636363635,0.0,0.0,0.3484848484848485,203,221.73690000000002,Metro Wholesale,0.48484848484848486,Routine
Glass Jar Peacock Bath Salts,0.32894736842105265,0.5,0.32894736842105265,0.0,122,221.6984,Prime Supply Partners,1.1578947368421053,Critical
Pink Union Jack Luggage Tag,0.38372093023255816,0.0,0.0,0.38372093023255816,285,221.6581,Evergreen Supply,0.7674418604651163,Routine
Roses In White Heart Candle,0.0,0.5,0.0,0.2916666666666667,539,221.4802,Apex Merchants,0.7916666666666667,Routine
Ivory Hanging Decoration Butterfly,0.0,0.5,0.5,0.20967741935483872,390,221.12999999999997,Northstar Trading,1.2096774193548387,Critical
Square Floor Cushion Vintage Red,0.5,0.5,0.30434782608695654,0.5,47,221.0507,Summit Procurement,1.8043478260869565,Critical
Hanging Butterfly T-Light Holder,0.5,0.5,0.24,0.5,278,221.01000000000002,Reliable Imports,1.74,Critical
Black Baroque Wall Clock,0.2619047619047619,0.5,0.23809523809523808,0.5,36,220.9794,Reliable Imports,1.5,Critical
Dolly Girl Childrens Bowl,0.36764705882352944,0.0,0.0,0.19117647058823528,301,220.8437,ValueLink Distribution,0.5588235294117647,Routine
Painted Bird Christmas,0.5,0.5,0.0,0.5,218,220.6814,Northstar Trading,1.5,Critical
Abstract Circle Journal,0.4032258064516129,0.0,0.1774193548387097,0.3225806451612903,160,220.56479999999996,Global Goods Ltd.,0.9032258064516128,Critical
House Wrecking Metal Sign,0.25757575757575757,0.0,0.0,0.24242424242424243,273,220.5315,Apex Merchants,0.5,Routine
Pink Small Glass Cake Stand,0.5,0.5,0.17391304347826086,0.0,165,220.074,Metro Wholesale,1.1739130434782608,Critical
Drawer Knob Ceramic Red,0.0,0.5,0.125,0.375,250,219.893,Global Goods Ltd.,1.0,Critical
Christmas Briar Candles,0.5,0.5,0.30434782608695654,0.5,107,219.88500000000002,Apex Merchants,1.8043478260869565,Critical
Green Fern Sketchbook,0.35,0.0,0.15,0.25,172,219.75119999999998,Evergreen Supply,0.75,Routine
Egg Cup Milkmaid Helga,0.5,0.5,0.0,0.2619047619047619,260,219.70000000000002,Prime Supply Partners,1.2619047619047619,Critical
Blossom Images Notebook,0.0,0.5,0.3333333333333333,0.3333333333333333,290,219.62799999999996,Metro Wholesale,1.1666666666666665,Critical
Patchwork Pencil Case Butterfly,0.0,0.5,0.0,0.19047619047619047,193,219.5523,Apex Merchants,0.6904761904761905,Routine
Hot Baths Soap Holder,0.5,0.0,0.14444444444444443,0.3333333333333333,215,219.47199999999998,Reliable Imports,0.9777777777777776,Critical
Rattle Snake Eggs,0.41935483870967744,0.0,0.0,0.08064516129032258,445,219.0558,Gulf Source Co.,0.5,Routine
Blue Felt Easter Egg Basket,0.5,0.0,0.11627906976744186,0.5,225,219.0375,Global Goods Ltd.,1.1162790697674418,Critical
Lets Go Shopping Cotton Tote Bag,0.1,0.0,0.21428571428571427,0.3142857142857143,152,218.92319999999998,Global Goods Ltd.,0.6285714285714286,Routine
Bendy Skull Straws,0.5,0.5,0.0,0.21428571428571427,325,218.89999999999998,Global Goods Ltd.,1.2142857142857142,Critical
Flower Fairy Summer B Draw Liners,0.5,0.5,0.0,0.0,130,218.452,ValueLink Distribution,1.0,Critical
Pink Heart Confetti In Tube,0.25,0.5,0.0,0.25,266,218.40859999999998,Northstar Trading,1.0,Critical
French Garden Sign Blue Metal,0.16216216216216217,0.0,0.17567567567567569,0.0,305,217.67849999999999,ValueLink Distribution,0.33783783783783783,Routine
Romantic Images Gift Wrap,0.265625,0.0,0.15625,0.15625,514,217.57469999999998,Northstar Trading,0.578125,Routine
Childrens Garden Gloves Pink,0.32608695652173914,0.0,0.13043478260869565,0.17391304347826086,309,217.5633,Metro Wholesale,0.6304347826086957,Routine
Ass Colour Glowing Tiaras,0.17391304347826086,0.5,0.0,0.5,406,217.53199999999998,Evergreen Supply,1.1739130434782608,Critical
Dinosaur Paper Doilies,0.0,0.5,0.30303030303030304,0.19696969696969696,264,217.43040000000002,Gulf Source Co.,1.0,Critical
Snowstorm Photo Frame Fridge Magnet,0.3448275862068966,0.0,0.0,0.0,475,217.0402,Apex Merchants,0.3448275862068966,Routine
Set/4 Badges Balloon Girl,0.20689655172413793,0.0,0.0,0.41379310344827586,259,216.91590000000002,Metro Wholesale,0.6206896551724138,Routine
Pink Honeycomb Paper Ball,0.0,0.5,0.0,0.2826086956521739,225,216.9006,Apex Merchants,0.7826086956521738,Routine
Green Juicy Fruit Photo Frame,0.17857142857142858,0.0,0.0,0.3392857142857143,136,216.87359999999998,Metro Wholesale,0.5178571428571429,Routine
Folkart Bauble Christmas Decoration,0.5,0.5,0.0,0.5,660,216.7968,Northstar Trading,1.5,Critical
Hand Towel Pale Blue W Flowers,0.2619047619047619,0.5,0.0,0.5,190,216.736,Global Goods Ltd.,1.2619047619047619,Critical
Carrot Charlie+Lola Coaster,0.19444444444444445,0.0,0.0,0.18055555555555555,188,216.7212,ValueLink Distribution,0.375,Routine
Pink Disco Handbag,0.29545454545454547,0.5,0.0,0.5,216,216.6555,Gulf Source Co.,1.2954545454545454,Critical
Pink Rose Washbag,0.23214285714285715,0.0,0.23214285714285715,0.23214285714285715,79,216.2625,Northstar Trading,0.6964285714285714,Routine
Candy Spot Hand Bag,0.5,0.5,0.0,0.18181818181818182,145,216.1645,Global Goods Ltd.,1.1818181818181819,Critical
Three Mini Hanging Frames,0.2608695652173913,0.5,0.2391304347826087,0.2391304347826087,83,215.9824,Prime Supply Partners,1.2391304347826086,Critical
White Hearts Wire Plant Pot Holder,0.3125,0.5,0.0,0.1875,126,215.2106,Metro Wholesale,1.0,Critical
Set/4 Spring Flower Decoration,0.5,0.5,0.20967741935483872,0.5,320,215.1206,Northstar Trading,1.7096774193548387,Critical
Union Stripe Cushion Cover,0.0,0.0,0.0,0.25,282,215.02499999999998,Apex Merchants,0.25,Routine
Heart Chopsticks,0.14473684210526316,0.0,0.0,0.23684210526315788,267,214.9915,Evergreen Supply,0.381578947368421,Routine
Enamel Blue Rim Biscuit Bin,0.26785714285714285,0.5,0.5,0.23214285714285715,65,214.97230000000002,Reliable Imports,1.5,Critical
Watering Can Single Hook Pistachio,0.5,0.5,0.20454545454545456,0.5,326,214.8372,ValueLink Distribution,1.7045454545454546,Critical
Glass Chalice Green Large,0.5,0.5,0.35714285714285715,0.35714285714285715,142,214.52679999999998,Global Goods Ltd.,1.7142857142857144,Critical
Mini Jigsaw Bunnies,0.19696969696969696,0.0,0.0,0.30303030303030304,912,214.4988,Prime Supply Partners,0.5,Routine
Red Spotty Egg Cup,0.20833333333333334,0.5,0.0,0.0,278,214.3936,Apex Merchants,0.7083333333333334,Routine
Felt Farm Animal Rabbit,0.24,0.5,0.0,0.0,416,214.38200000000003,Prime Supply Partners,0.74,Routine
Miniature Antique Rose Hook Ivory,0.5,0.0,0.32608695652173914,0.32608695652173914,413,214.37310000000002,Northstar Trading,1.1521739130434783,Critical
Mini Playing Cards Dolly Girl,0.3548387096774194,0.0,0.3387096774193548,0.3064516129032258,791,214.28189999999998,Global Goods Ltd.,1.0,Critical
Vintage Christmas Tissue,0.5,0.0,0.22580645161290322,0.5,997,214.044,Apex Merchants,1.2258064516129032,Critical
Lavender Botanical Dinner Candles,0.36764705882352944,0.0,0.1323529411764706,0.0,171,213.99099999999999,Gulf Source Co.,0.5,Routine
Midnight Glamour Scarf Knitting Kit,0.25,0.5,0.25,0.5,285,213.9833,Apex Merchants,1.5,Critical
Feng Shui Pillar Candle,0.203125,0.0,0.0,0.359375,1714,213.9072,Apex Merchants,0.5625,Routine
Local Cafe Mug,0.296875,0.0,0.0,0.296875,200,213.8682,Prime Supply Partners,0.59375,Routine
Pens Funky Jeweled,0.21428571428571427,0.0,0.21428571428571427,0.125,1333,213.6243,Summit Procurement,0.5535714285714286,Routine
Silver Fishing Gnome,0.20454545454545456,0.5,0.29545454545454547,0.29545454545454547,49,213.2903,Metro Wholesale,1.2954545454545454,Critical
Wooden Sleigh Decorations,0.20408163265306123,0.0,0.1836734693877551,0.0,266,213.25199999999998,Prime Supply Partners,0.3877551020408163,Routine
Cupid Scented Candles,0.5,0.5,0.32,0.0,192,213.1311,Evergreen Supply,1.32,Critical
Picture Frame Stickers,0.13043478260869565,0.5,0.0,0.0,126,213.0938,Metro Wholesale,0.6304347826086957,Routine
Heart Decoration Rustic Hanging,0.16304347826086957,0.0,0.16304347826086957,0.0,946,213.0736,Metro Wholesale,0.32608695652173914,Routine
Large Pink Glass Sundae Dish,0.0,0.5,0.28,0.5,361,213.0154,Northstar Trading,1.28,Critical
Laurel Heart Antique Silver,0.3333333333333333,0.5,0.0,0.3333333333333333,258,212.87040000000002,Global Goods Ltd.,1.1666666666666665,Critical
Urban Black Ribbons,0.0,0.0,0.0,0.18604651162790697,442,212.5742,ValueLink Distribution,0.18604651162790697,Routine
Multicolour Honeycomb Fan,0.2037037037037037,0.5,0.0,0.2037037037037037,481,212.5584,Gulf Source Co.,0.9074074074074074,Critical
Photo Frame Linen And Lace Large,0.25,0.5,0.0,0.0,96,212.39999999999998,Reliable Imports,0.75,Routine
Five Cats Hanging Decoration,0.0,0.5,0.0,0.19642857142857142,118,212.3624,Prime Supply Partners,0.6964285714285714,Routine
Green Goose Feather Christmas Tree,0.5,0.5,0.25,0.5,114,212.08859999999999,Reliable Imports,1.75,Critical
Doilies Spaceboy,0.2222222222222222,0.0,0.0,0.2777777777777778,234,212.05079999999998,Global Goods Ltd.,0.5,Routine
Wrap Green Pears,0.17142857142857143,0.0,0.0,0.14285714285714285,875,212.01250000000002,Gulf Source Co.,0.3142857142857143,Routine
Decoration Wobbly Chicken Metal,0.0,0.5,0.24074074074074073,0.25925925925925924,371,211.61939999999998,Northstar Trading,1.0,Critical
Tutti Frutti Keyring Ball,0.0,0.5,0.0,0.2608695652173913,969,211.5129,Summit Procurement,0.7608695652173914,Routine
Drawer Knob Vintage Glass Ball,0.0,0.5,0.0,0.5,169,211.2703,Apex Merchants,1.0,Critical
Tutti Frutti Heart Box,0.234375,0.0,0.0,0.5,256,210.8672,Reliable Imports,0.734375,Routine
Frog Candle,0.28,0.5,0.0,0.22,531,210.6792,Reliable Imports,1.0,Critical
Retro Tea For One,0.19047619047619047,0.5,0.0,0.19047619047619047,80,210.58919999999998,Gulf Source Co.,0.8809523809523809,Critical
Brown Furry Hot Water Bottle,0.5,0.5,0.0,0.22727272727272727,88,210.10080000000002,Reliable Imports,1.2272727272727273,Critical
Seaside Stripe Hammock,0.2,0.5,0.2,0.2,45,209.997,Metro Wholesale,1.0999999999999999,Critical
Tumbler New England,0.0,0.5,0.0,0.0,476,209.4076,Gulf Source Co.,0.5,Routine
Drawer Knob Vintage Glass Star,0.0,0.5,0.0,0.5,185,209.3275,ValueLink Distribution,1.0,Critical
Green Goose Feather Tree,0.25,0.5,0.0,0.25,173,209.28209999999999,Global Goods Ltd.,1.0,Critical
Skulls Greeting Card,0.20588235294117646,0.0,0.14705882352941177,0.0,864,209.088,Metro Wholesale,0.3529411764705882,Routine
Angel Decoration Painted Zinc,0.24074074074074073,0.5,0.24074074074074073,0.24074074074074073,585,209.0835,Reliable Imports,1.222222222222222,Critical
Paper Pocket Traveling Fan,0.13157894736842105,0.0,0.0,0.3684210526315789,3292,208.8992,Gulf Source Co.,0.5,Routine
Wrap Wedding Day,0.0,0.5,0.17307692307692307,0.17307692307692307,1000,208.76,Evergreen Supply,0.8461538461538463,Critical
Rose Botanical Candles,0.2564102564102564,0.5,0.24358974358974358,0.2564102564102564,179,208.7125,Summit Procurement,1.2564102564102564,Critical
Antique Cream Cutlery Shelf,0.0,0.5,0.0,0.5,39,208.5135,Summit Procurement,1.0,Critical
Small Square Cut Glass Candlestick,0.5,0.5,0.2727272727272727,0.2727272727272727,67,208.27620000000002,Prime Supply Partners,1.5454545454545454,Critical
Rectangular Shaped Mirror,0.5,0.5,0.0,0.22727272727272727,393,207.8976,Prime Supply Partners,1.2272727272727273,Critical
Card Christmas Village,0.5,0.5,0.0,0.5,1008,207.7632,Global Goods Ltd.,1.5,Critical
Daisy Journal,0.0,0.5,0.0,0.0,158,207.5396,Reliable Imports,0.5,Routine
Ridged Glass Finger Bowl,0.5,0.5,0.0,0.25,450,207.4494,Apex Merchants,1.25,Critical
Mushroom Blue Hot Water Bottle,0.0,0.0,0.25,0.25,111,207.2814,Summit Procurement,0.5,Routine
Cinammon T-Lights,0.5,0.0,0.2692307692307692,0.23076923076923078,388,207.272,Northstar Trading,1.0,Critical
Mother S Kitchen Spoon Rest,0.5,0.5,0.0,0.0,77,207.0617,Summit Procurement,1.0,Critical
Vintage Embossed Heart,0.0,0.5,0.0,0.25925925925925924,280,206.864,Apex Merchants,0.7592592592592593,Routine
Set/6 Eau De Nil Bird T-Lights,0.1956521739130435,0.5,0.1956521739130435,0.5,213,206.7426,Metro Wholesale,1.391304347826087,Critical
Brocade Purse Small Arch Button,0.5,0.5,0.0,0.5,1459,206.4196,ValueLink Distribution,1.5,Critical
Lavender Scent Cake Candle,0.16666666666666666,0.5,0.16666666666666666,0.5,1392,206.28,Gulf Source Co.,1.3333333333333333,Critical
Hi Tec Alpine Hand Warmer,0.3448275862068966,0.0,0.0,0.0,357,205.9009,Reliable Imports,0.3448275862068966,Routine
Magic Drawing Slate Bunnies,0.125,0.0,0.0,0.3125,874,205.7092,Summit Procurement,0.4375,Routine
Enamel Pink Coffee Container,0.5,0.0,0.13793103448275862,0.39655172413793105,275,205.1356,Apex Merchants,1.0344827586206897,Critical
Letter Holder Home Sweet Home,0.2,0.0,0.11666666666666667,0.0,86,205.10999999999999,Gulf Source Co.,0.31666666666666665,Routine
Glitter Snow Pear Tree Decoration,0.0,0.0,0.16666666666666666,0.3333333333333333,440,204.8288,Global Goods Ltd.,0.5,Routine
Beaded Crystal Heart Pink Small,0.5,0.5,0.0,0.2962962962962963,262,204.671,Reliable Imports,1.2962962962962963,Critical
Etched Glass Star Tree Decoration,0.23076923076923078,0.5,0.0,0.2692307692307692,268,204.34999999999997,Reliable Imports,1.0,Critical
Home Sweet Home Hanging Heart,0.23076923076923078,0.0,0.2692307692307692,0.0,392,204.2712,Gulf Source Co.,0.5,Routine
Congratulations Bunting,0.0,0.5,0.0,0.24,54,204.2442,Summit Procurement,0.74,Routine
Pantry Apple Corer,0.25,0.5,0.25,0.25,223,204.13429999999997,Evergreen Supply,1.25,Critical
French Bottle Lavender,0.0,0.5,0.2391304347826087,0.0,189,204.02819999999997,Northstar Trading,0.7391304347826086,Routine
Danish Rose Deluxe Coaster,0.2,0.5,0.0,0.0,592,203.98800000000003,ValueLink Distribution,0.7,Routine
Pink Polkadot Kids Bag,0.5,0.5,0.23076923076923078,0.5,147,203.8725,Prime Supply Partners,1.7307692307692308,Critical
Wrap Paisley Park,0.0,0.5,0.3125,0.1875,850,203.83,Metro Wholesale,1.0,Critical
Pink Union Jack Passport Cover,0.10465116279069768,0.0,0.0,0.19767441860465115,143,203.6034,Evergreen Supply,0.3023255813953488,Routine
Christmas Hanging Tree With Bell,0.5,0.0,0.0,0.5,429,203.44230000000002,Northstar Trading,1.0,Critical
Red Shark Helicopter,0.0,0.5,0.3076923076923077,0.19230769230769232,40,202.884,Metro Wholesale,1.0,Critical
Hairclips Forties Fabric,0.5,0.0,0.16216216216216217,0.16216216216216217,796,202.8696,ValueLink Distribution,0.8243243243243243,Critical
Mint Green Rose Towel,0.0,0.5,0.0,0.23809523809523808,73,202.6553,Northstar Trading,0.7380952380952381,Routine
Blue Paisley Pocket Book,0.0,0.5,0.3333333333333333,0.0,421,202.6282,ValueLink Distribution,0.8333333333333333,Critical
Mini Jigsaw Leap Frog,0.22727272727272727,0.5,0.5,0.5,786,202.6217,Evergreen Supply,1.7272727272727273,Critical
Feltcraft Hairband Red And Blue,0.15625,0.0,0.0,0.3541666666666667,442,202.387,Global Goods Ltd.,0.5104166666666667,Routine
Card Holder Love Bird Large,0.0,0.5,0.5,0.2692307692307692,54,202.1598,Apex Merchants,1.2692307692307692,Critical
Strawberry Chopsticks,0.3181818181818182,0.0,0.0,0.0,265,201.8844,Prime Supply Partners,0.3181818181818182,Routine
Set/6 Ivory Bird T-Light Candles,0.25,0.5,0.0,0.25,168,201.8532,Global Goods Ltd.,1.0,Critical
Laurel Heart Antique Gold,0.25,0.5,0.0,0.0,295,201.8334,Prime Supply Partners,0.75,Routine
Blue Tea Towel Classic,0.19047619047619047,0.0,0.0,0.14285714285714285,296,201.5504,Global Goods Ltd.,0.3333333333333333,Routine
Vintage Glass Tea Caddy,0.0,0.5,0.1346153846153846,0.0,61,201.3198,Gulf Source Co.,0.6346153846153846,Routine
Smallfolkart Bauble Christmas Dec,0.5,0.5,0.25,0.5,1404,201.144,Apex Merchants,1.75,Critical
If You Can T Stand The,0.5,0.0,0.0,0.38571428571428573,369,201.0957,Reliable Imports,0.8857142857142857,Critical
Mini Playing Cards Spaceboy,0.0,0.0,0.16666666666666666,0.5,875,200.767,Gulf Source Co.,0.6666666666666666,Routine
Blue Polkadot Kids Bag,0.5,0.5,0.0,0.2,143,200.76639999999998,Reliable Imports,1.2,Critical
Skulls Cotton Tote Bag,0.0,0.0,0.18181818181818182,0.30303030303030304,169,200.6102,ValueLink Distribution,0.48484848484848486,Routine
Penny Farthing Birthday Card,0.5,0.0,0.0,0.5,960,200.472,Metro Wholesale,1.0,Critical
Potting Shed Coffee Mug,0.2413793103448276,0.0,0.15517241379310345,0.25862068965517243,232,200.3024,Gulf Source Co.,0.6551724137931034,Routine
Tree T-Light Holder Willie Winkie,0.14285714285714285,0.5,0.0,0.5,192,200.2498,Summit Procurement,1.1428571428571428,Critical
Spaceboy Tissues,0.23148148148148148,0.5,0.26851851851851855,0.5,978,199.9276,Summit Procurement,1.5,Critical
Cherry Blossom Luggage Tag,0.0,0.5,0.0,0.5,1876,199.4154,Northstar Trading,1.0,Critical
Pink Felt Easter Egg Basket,0.5,0.5,0.17567567567567569,0.5,222,199.14839999999998,Apex Merchants,1.6756756756756757,Critical
Daisy Pegs In Wood Box,0.0,0.0,0.16666666666666666,0.19230769230769232,187,198.7062,Global Goods Ltd.,0.358974358974359,Routine
French Lavender Scent Heart,0.0,0.0,0.15151515151515152,0.0,248,198.49499999999998,Prime Supply Partners,0.15151515151515152,Routine
Home Sweet Home Bottle,0.22916666666666666,0.5,0.0,0.0,144,198.288,Summit Procurement,0.7291666666666666,Routine
Dolly Girl Childrens Egg Cup,0.25806451612903225,0.0,0.0967741935483871,0.25806451612903225,262,198.1991,Global Goods Ltd.,0.6129032258064516,Routine
White Christmas Star Decoration,0.5,0.0,0.0,0.5,841,198.1396,Global Goods Ltd.,1.0,Critical
Star Decoration Painted Zinc,0.0,0.0,0.16666666666666666,0.16666666666666666,994,197.95680000000002,Apex Merchants,0.3333333333333333,Routine
Retro Mod Tray,0.19736842105263158,0.0,0.0,0.0,394,197.63500000000002,Evergreen Supply,0.19736842105263158,Routine
White Stitched Wall Clock,0.0,0.5,0.25,0.25,361,197.4713,Gulf Source Co.,1.0,Critical
Round Storage Tin Vintage Leaf,0.0,0.5,0.1896551724137931,0.1896551724137931,168,197.1842,Northstar Trading,0.8793103448275863,Critical
Ivory String Curtain With Pole,0.22727272727272727,0.5,0.0,0.5,142,196.5136,Prime Supply Partners,1.2272727272727273,Critical
Diamante Bow Brooch Black Colour,0.0,0.5,0.0,0.5,46,195.99679999999998,Metro Wholesale,1.0,Critical
Small Camphor Wood Field Mushroom,0.5,0.5,0.25,0.5,306,195.88559999999998,Gulf Source Co.,1.75,Critical
Ceramic Love Heart Money Bank,0.0,0.5,0.0,0.5,402,195.8853,Metro Wholesale,1.0,Critical
Woodland Bunnies Lolly Makers,0.3076923076923077,0.5,0.19230769230769232,0.0,150,195.84120000000001,Summit Procurement,1.0,Critical
Mum S Kitchen Clock,0.0,0.5,0.0,0.19047619047619047,70,195.82420000000002,Global Goods Ltd.,0.6904761904761905,Routine
Red/Cream Stripe Cushion Cover,0.3235294117647059,0.0,0.17647058823529413,0.5,260,195.64999999999998,Evergreen Supply,1.0,Critical
Heart String Memo Holder Hanging,0.13333333333333333,0.0,0.0,0.35,237,195.4016,Prime Supply Partners,0.4833333333333333,Routine
Embossed Heart Trinket Box,0.0,0.5,0.0,0.0,139,195.392,Gulf Source Co.,0.5,Routine
Vintage Coffee Grinder Box,0.0,0.5,0.2727272727272727,0.0,67,195.3452,Metro Wholesale,0.7727272727272727,Routine
Dog Toy With Pink Crochet Skirt,0.32894736842105265,0.0,0.0,0.32894736842105265,86,195.249,Global Goods Ltd.,0.6578947368421053,Routine
Playing Cards Vintage Doily,0.0,0.5,0.0,0.2962962962962963,272,195.23,Reliable Imports,0.7962962962962963,Critical
Party Invites Balloon Girl,0.265625,0.0,0.0,0.34375,514,195.1614,Gulf Source Co.,0.609375,Routine
Childs Garden Spade Pink,0.36486486486486486,0.0,0.1891891891891892,0.5,147,195.1065,Reliable Imports,1.054054054054054,Critical
Travel Card Wallet Transport,0.0,0.0,0.2261904761904762,0.13095238095238096,755,194.71450000000002,ValueLink Distribution,0.35714285714285715,Routine
Origami Sandlewood Incense/Cand,0.2608695652173913,0.5,0.2391304347826087,0.2391304347826087,356,194.63039999999998,Global Goods Ltd.,1.2391304347826086,Critical
Wrap Alphabet Poster,0.0,0.5,0.0,0.0,800,194.58,Apex Merchants,0.5,Routine
Pink Rose Peg Place Settings,0.25806451612903225,0.0,0.0,0.16129032258064516,215,194.575,Summit Procurement,0.4193548387096774,Routine
Rabbit Cotton Tote Bag,0.5,0.5,0.0,0.0,123,194.2785,Gulf Source Co.,1.0,Critical
Hanging Spring Flower Egg Large,0.25,0.5,0.0,0.25,450,194.2614,Apex Merchants,1.0,Critical
Easter Bunnies On A Stick,0.5,0.5,0.0,0.5,660,193.434,Global Goods Ltd.,1.5,Critical
Garden Path Sketchbook,0.5,0.0,0.171875,0.5,93,193.226,Apex Merchants,1.171875,Critical
Dairy Maid Toastrack,0.0,0.0,0.18181818181818182,0.5,249,193.185,Evergreen Supply,0.6818181818181819,Routine
Blue Vintage Spot Beaker,0.0,0.0,0.0945945945945946,0.3108108108108108,430,193.0814,Gulf Source Co.,0.4054054054054054,Routine
Napkin Charms Leaves,0.28846153846153844,0.5,0.0,0.21153846153846154,156,192.66479999999999,Northstar Trading,1.0,Critical
Card Circus Parade,0.0,0.0,0.0,0.23333333333333334,792,192.61440000000002,Northstar Trading,0.23333333333333334,Routine
Party Invites Football,0.34375,0.0,0.203125,0.203125,514,192.491,ValueLink Distribution,0.75,Routine
Boudoir Square Tissue Box,0.17391304347826086,0.0,0.0,0.30434782608695654,421,192.3195,Evergreen Supply,0.4782608695652174,Routine
Blue Pull Back Racing Car,0.28,0.5,0.5,0.0,640,192.304,Prime Supply Partners,1.28,Critical
Ass Des Phone Sponge Craft Sticker,0.0,0.5,0.14285714285714285,0.0,715,192.2378,Evergreen Supply,0.6428571428571428,Routine
Ping Microwave Plate,0.2826086956521739,0.5,0.0,0.0,101,192.20340000000002,ValueLink Distribution,0.7826086956521738,Routine
Set/9 Christmas T-Lights Scented,0.5,0.5,0.0,0.5,299,191.97540000000004,ValueLink Distribution,1.5,Critical
Blue Sweetheart Bracelet,0.22727272727272727,0.5,0.0,0.5,95,191.7765,Evergreen Supply,1.2272727272727273,Critical
Red Organic Candle In Glass,0.5,0.5,0.22727272727272727,0.0,250,191.6084,Gulf Source Co.,1.2272727272727273,Critical
Reindeer Heart Decoration Silver,0.16129032258064516,0.0,0.0,0.3387096774193548,342,191.44350000000003,Northstar Trading,0.5,Routine
Charlie Lola Blue Hot Water Bottle,0.16666666666666666,0.0,0.0,0.15,99,191.396,Apex Merchants,0.31666666666666665,Routine
Gentleman Shirt Repair Kit,0.38571428571428573,0.0,0.12857142857142856,0.38571428571428573,371,191.24009999999998,Summit Procurement,0.8999999999999999,Critical
White Goose Feather Tree,0.22916666666666666,0.5,0.5,0.22916666666666666,141,191.2228,Prime Supply Partners,1.4583333333333333,Critical
Small Tall Camphor Wood Toadstool,0.2708333333333333,0.5,0.22916666666666666,0.2708333333333333,332,191.0826,Apex Merchants,1.2708333333333333,Critical
Vintage Shells Print,0.0,0.5,0.0,0.0,50,190.463,Metro Wholesale,0.5,Routine
Money Box Biscuits,0.296875,0.0,0.3125,0.0,247,190.2551,Apex Merchants,0.609375,Routine
Pack/12 Xmas Fun Card,0.5,0.5,0.0,0.5,131,190.2355,Evergreen Supply,1.5,Critical
Blue Rose Fabric Mirror,0.5,0.5,0.0,0.5,280,190.13660000000002,Northstar Trading,1.5,Critical
Blue/Cream Stripe Cushion Cover,0.21052631578947367,0.0,0.15789473684210525,0.3684210526315789,259,190.02830000000003,Summit Procurement,0.7368421052631579,Routine
Large Skull Windmill,0.5,0.5,0.10869565217391304,0.391304347826087,140,189.924,ValueLink Distribution,1.5,Critical
Classical Rose Small Vase,0.22,0.5,0.22,0.0,130,189.78959999999998,Gulf Source Co.,0.94,Critical
Vintage Billboard Mug,0.0,0.0,0.0,0.14864864864864866,286,189.78500000000003,Prime Supply Partners,0.14864864864864866,Routine
Feltcraft Hairband Pink And Blue,0.34782608695652173,0.0,0.15217391304347827,0.21739130434782608,403,189.77270000000001,Reliable Imports,0.717391304347826,Routine
Red Coat Rack Paris Fashion,0.1724137931034483,0.0,0.0,0.13793103448275862,62,189.6642,Metro Wholesale,0.3103448275862069,Routine
Cosy Slipper Shoes Small Green,0.5,0.0,0.0,0.5,102,189.54940000000002,Metro Wholesale,1.0,Critical
Pear Botanical T-Lights,0.5,0.5,0.0,0.5,104,189.35799999999998,Apex Merchants,1.5,Critical
Pantry Hook Balloon Whisk,0.0,0.5,0.14285714285714285,0.0,134,189.24820000000003,Apex Merchants,0.6428571428571428,Routine
Edwardian Photo Frame,0.19047619047619047,0.5,0.19047619047619047,0.19047619047619047,50,189.06,ValueLink Distribution,1.0714285714285714,Critical
Cake Shop Sticker Sheet,0.0,0.5,0.0,0.2037037037037037,361,189.01959999999997,ValueLink Distribution,0.7037037037037037,Routine
Polka Dot Pistachio Pail,0.25,0.5,0.0,0.0,155,188.9958,Northstar Trading,0.75,Routine
Childs Garden Trowel Pink,0.1724137931034483,0.0,0.0,0.3103448275862069,392,188.93839999999997,Metro Wholesale,0.4827586206896552,Routine
Large Purple Babushka Notebook,0.0,0.5,0.0,0.0,381,188.6692,Gulf Source Co.,0.5,Routine
Blue Tile Hook,0.0,0.5,0.21428571428571427,0.0,118,188.4882,Northstar Trading,0.7142857142857143,Routine
Airline Lounge Metal Sign,0.16346153846153846,0.0,0.18269230769230768,0.34615384615384615,148,188.3665,Evergreen Supply,0.6923076923076923,Routine
Ivory Dinner Candles Gold Flock,0.5,0.5,0.0,0.20833333333333334,153,188.0835,Northstar Trading,1.2083333333333333,Critical
Felt Farm Animal Chicken,0.2962962962962963,0.5,0.0,0.2962962962962963,226,188.0388,Global Goods Ltd.,1.0925925925925926,Critical
Silver Photo Frame,0.2391304347826087,0.5,0.2391304347826087,0.0,202,187.9956,Reliable Imports,0.9782608695652173,Critical
Tub Hanging Easter Eggs Spotty,0.5,0.5,0.2857142857142857,0.5,93,187.9716,Apex Merchants,1.7857142857142856,Critical
Vintage Caravan Greeting Card,0.1276595744680851,0.0,0.0,0.0,808,187.9157,Global Goods Ltd.,0.1276595744680851,Routine
Origami Jasmine Incense/Candle,0.21739130434782608,0.5,0.0,0.0,310,187.89419999999998,Gulf Source Co.,0.717391304347826,Routine
Pink Paisley Rose Gift Wrap,0.0,0.0,0.22580645161290322,0.27419354838709675,800,187.84,Reliable Imports,0.5,Routine
Paperweight Vintage Collage,0.25925925925925924,0.5,0.0,0.0,200,187.7568,Gulf Source Co.,0.7592592592592593,Routine
Sewing Susan Needle,0.17105263157894737,0.0,0.0,0.14473684210526316,330,187.70400000000004,Reliable Imports,0.3157894736842105,Routine
Camouflage Ear Muff Headphones,0.32608695652173914,0.5,0.0,0.32608695652173914,55,187.6994,Reliable Imports,1.1521739130434783,Critical
Circus Parade Childrens Egg Cup,0.328125,0.0,0.0,0.203125,268,187.59999999999997,Evergreen Supply,0.53125,Routine
Tropical Passport Cover,0.0,0.5,0.0,0.26,247,187.5794,Global Goods Ltd.,0.76,Routine
Door Hanger Mum + Dads Room,0.36363636363636365,0.0,0.0,0.0,246,187.536,Prime Supply Partners,0.36363636363636365,Routine
Red Vintage Spot Beaker,0.0,0.0,0.0,0.5,372,187.3776,Global Goods Ltd.,0.5,Routine
Toybox Wrap,0.5,0.5,0.25,0.5,800,186.89999999999998,Northstar Trading,1.75,Critical
Chunky Silver Necklace Pastel Flowe,0.3409090909090909,0.5,0.0,0.5,38,186.78140000000002,Apex Merchants,1.3409090909090908,Critical
Childrens Toy Cooking Utensil,0.5,0.5,0.0,0.0,144,186.5952,Reliable Imports,1.0,Critical
Ivory Paper Cup Cake Cases,0.1282051282051282,0.0,0.1282051282051282,0.358974358974359,619,186.5666,Global Goods Ltd.,0.6153846153846154,Routine
Glass Jar Kings Choice,0.3194444444444444,0.0,0.0,0.2777777777777778,97,186.428,Prime Supply Partners,0.5972222222222222,Routine
Spaceboy Beaker,0.5,0.0,0.16176470588235295,0.1323529411764706,246,186.345,Reliable Imports,0.7941176470588235,Routine
Childs Garden Trowel Blue,0.22033898305084745,0.0,0.2711864406779661,0.1271186440677966,385,185.878,Prime Supply Partners,0.6186440677966102,Routine
Blue Gingham Rose Cushion Cover,0.22727272727272727,0.5,0.0,0.2727272727272727,54,185.7114,Metro Wholesale,1.0,Critical
Herb Marker Mint,0.24390243902439024,0.0,0.10975609756097561,0.0,439,185.6266,Evergreen Supply,0.35365853658536583,Routine
Asstd Fruit+Flowers Fridge Magnets,0.5,0.5,0.2037037037037037,0.0,706,185.5094,Summit Procurement,1.2037037037037037,Critical
Ping Microwave Apron,0.25,0.5,0.25,0.5,162,185.3287,Global Goods Ltd.,1.5,Critical
Hanging Quilted Patchwork Apples,0.0,0.5,0.17307692307692307,0.17307692307692307,379,184.952,Reliable Imports,0.8461538461538463,Critical
Blue Glass Gems In Bag,0.0,0.5,0.2727272727272727,0.5,401,184.915,Gulf Source Co.,1.2727272727272727,Critical
Raffia Ribbons Vintage Christmas,0.5,0.5,0.5,0.5,412,184.80880000000002,Reliable Imports,2.0,Critical
Laurel Star Antique Gold,0.0,0.5,0.21428571428571427,0.5,244,184.7424,Northstar Trading,1.2142857142857144,Critical
Woodland Water Transfer Tattoos,0.12857142857142856,0.0,0.0,0.15714285714285714,355,184.6824,ValueLink Distribution,0.2857142857142857,Routine
Red Daisy Paper Lampshade,0.5,0.5,0.0,0.5,235,184.55509999999998,ValueLink Distribution,1.5,Critical
Heart Beaded Trellis Decoration,0.25,0.5,0.25,0.25,143,184.1125,Gulf Source Co.,1.25,Critical
Small Pink Magic Christmas Tree,0.5,0.5,0.26785714285714285,0.5,855,184.05270000000002,Global Goods Ltd.,1.7678571428571428,Critical
Blue Teatime Print Bowl,0.3103448275862069,0.0,0.0,0.1896551724137931,237,183.9477,Reliable Imports,0.5,Routine
Beaded Crystal Heart Blue Large,0.0,0.5,0.1875,0.0,256,183.73119999999997,Prime Supply Partners,0.6875,Routine
Vintage Bead Pink Purse,0.5,0.5,0.24,0.5,294,183.2184,Reliable Imports,1.74,Critical
Blue Scottie Dog W Flower Pattern,0.5,0.5,0.5,0.21739130434782608,120,183.1932,ValueLink Distribution,1.7173913043478262,Critical
Large Fruit Straws,0.3548387096774194,0.0,0.0,0.1774193548387097,487,183.1914,Metro Wholesale,0.532258064516129,Routine
Dinosaurs Water Transfer Tattoos,0.2,0.0,0.0,0.37142857142857144,336,182.78400000000002,Gulf Source Co.,0.5714285714285714,Routine
Toast Its - Fairy Flower,0.5,0.0,0.0,0.0,233,182.7775,Reliable Imports,0.5,Routine
Pin Cushion Babushka Pink,0.5,0.5,0.0,0.2037037037037037,101,182.75539999999998,Prime Supply Partners,1.2037037037037037,Critical
Set/6 Frog Prince T-Light Candles,0.5,0.0,0.27586206896551724,0.5,132,182.27880000000002,Reliable Imports,1.2758620689655173,Critical
Vanilla Botanical Candles,0.1891891891891892,0.0,0.1891891891891892,0.0,185,181.99699999999999,Evergreen Supply,0.3783783783783784,Routine
Childs Garden Fork Blue,0.5,0.0,0.17272727272727273,0.5,336,181.9104,Gulf Source Co.,1.1727272727272728,Critical
Red Spotty Luggage Tag,0.0,0.0,0.2,0.5,239,181.64000000000001,Metro Wholesale,0.7,Routine
Decorative Wicker Heart Small,0.24074074074074073,0.5,0.0,0.25925925925925924,465,181.629,Prime Supply Partners,1.0,Critical
Colourful Fishing Gnome,0.5,0.5,0.18181818181818182,0.0,48,181.35840000000002,Summit Procurement,1.1818181818181819,Critical
Magic Drawing Slate Bake A Cake,0.18292682926829268,0.0,0.0,0.0,719,181.2499,Reliable Imports,0.18292682926829268,Routine
Glitter Christmas Tree With Bells,0.5,0.0,0.0,0.5,245,181.0618,ValueLink Distribution,1.0,Critical
Mirrored Wall Art Skulls,0.0,0.5,0.25,0.25,196,180.69,Global Goods Ltd.,1.0,Critical
Vintage Leaf Chopping Board,0.25,0.5,0.0,0.25,67,180.4176,Gulf Source Co.,1.0,Critical
Large Heart Flowers Hook,0.5,0.5,0.20454545454545456,0.29545454545454547,233,180.3168,Evergreen Supply,1.5,Critical
Cherub Heart Decoration Silver,0.24,0.5,0.0,0.0,393,180.3093,Global Goods Ltd.,0.74,Routine
Jigsaw Toadstools,0.3064516129032258,0.0,0.0,0.0967741935483871,244,180.22379999999998,Gulf Source Co.,0.4032258064516129,Routine
S Christmas Paper Gift Bag,0.5,0.5,0.0,0.5,391,180.1728,Metro Wholesale,1.5,Critical
Silver Hearts Table Decoration,0.29411764705882354,0.0,0.20588235294117646,0.1323529411764706,334,180.17100000000002,Northstar Trading,0.6323529411764706,Routine
Wrap Blue Russian Folkart,0.0,0.5,0.0,0.2916666666666667,1125,180.04999999999998,Northstar Trading,0.7916666666666667,Routine
Ceramic Christmas Trees,0.5,0.5,0.0,0.5,213,180.04890000000003,Apex Merchants,1.5,Critical
Blue Dragonfly Helicopter,0.28846153846153844,0.5,0.21153846153846154,0.21153846153846154,34,180.01979999999998,Prime Supply Partners,1.2115384615384615,Critical
Pearlised Ivory Heart Large,0.0,0.5,0.2857142857142857,0.2857142857142857,174,179.83139999999997,Apex Merchants,1.0714285714285714,Critical
Mirrored Dove Wall Decoration,0.0,0.5,0.0,0.22727272727272727,128,179.8311,ValueLink Distribution,0.7272727272727273,Routine
Toxic Area Door Hanger,0.5,0.0,0.31521739130434784,0.31521739130434784,412,179.6604,Metro Wholesale,1.1304347826086958,Critical
Large Yellow Babushka Notebook,0.0,0.0,0.0,0.39473684210526316,300,179.4698,ValueLink Distribution,0.39473684210526316,Routine
Potting Shed Seed Envelopes,0.0,0.0,0.32857142857142857,0.3142857142857143,220,179.2423,Gulf Source Co.,0.6428571428571428,Routine
Heart Mini Portrait Frame,0.0,0.5,0.0,0.0,161,179.06390000000002,Global Goods Ltd.,0.5,Routine
Ridged Glass Storage Jar Cream Lid,0.0,0.5,0.0,0.30434782608695654,69,179.055,Gulf Source Co.,0.8043478260869565,Critical
Silver Glass T-Light,0.2826086956521739,0.5,0.0,0.5,101,178.7362,Reliable Imports,1.2826086956521738,Critical
Chrysanthemum Journal,0.13333333333333333,0.0,0.0,0.36666666666666664,129,178.5864,Reliable Imports,0.5,Routine
Etched Glass Coaster,0.15625,0.0,0.15625,0.1875,394,177.99939999999998,Gulf Source Co.,0.5,Routine
Travel Card Wallet I Love London,0.0,0.0,0.0,0.3684210526315789,753,177.708,Northstar Trading,0.3684210526315789,Routine
Playing Cards I Love London,0.2413793103448276,0.0,0.1206896551724138,0.3793103448275862,242,177.0746,Reliable Imports,0.7413793103448276,Routine
Set/4 Tone Egg Shape Mixing Bowls,0.0,0.5,0.0,0.0,28,177.01479999999998,Apex Merchants,0.5,Routine
Magnets Retro Photo,0.2222222222222222,0.5,0.0,0.2222222222222222,419,176.9946,Summit Procurement,0.9444444444444444,Critical
Small Licorice Des Pink Bowl,0.5,0.0,0.171875,0.203125,294,176.9031,Northstar Trading,0.875,Critical
Ocean Scent Candle Jewelled Drawer,0.11904761904761904,0.5,0.0,0.38095238095238093,68,176.868,Prime Supply Partners,1.0,Critical
Ceramic Birdhouse Crested Tit Large,0.5,0.5,0.0,0.10416666666666667,50,176.715,Apex Merchants,1.1041666666666667,Critical
Kneeling Mat Housework,0.0,0.0,0.0,0.0,193,176.4813,Global Goods Ltd.,0.0,Routine
Pink Oval Jewelled Mirror,0.0,0.5,0.0,0.0,45,176.1795,Summit Procurement,0.5,Routine
Mini Cake Stand T-Light Holder,0.5,0.5,0.0,0.5,740,176.112,Gulf Source Co.,1.5,Critical
Camo Stationery,0.2391304347826087,0.5,0.0,0.5,2212,176.1062,Apex Merchants,1.2391304347826086,Critical
English Rose Scented Hanging Flower,0.5,0.5,0.0,0.0,306,176.0913,Northstar Trading,1.0,Critical
Set/12 Funky Felt Flower Peg In,0.0,0.5,0.0,0.5,131,176.064,Reliable Imports,1.0,Critical
Set/12 Taper Candles,0.5,0.5,0.0,0.30357142857142855,388,176.0,Apex Merchants,1.3035714285714286,Critical
Ivory Paper Doilies,0.0,0.0,0.0,0.15151515151515152,221,175.6066,ValueLink Distribution,0.15151515151515152,Routine
Silver Candlepot Jardin,0.5,0.5,0.0,0.23076923076923078,77,175.56,Summit Procurement,1.2307692307692308,Critical
Rex Cash+Carry Jumbo Shopper,0.08214285714285714,0.0,0.0,0.33214285714285713,297,175.4973,Northstar Trading,0.41428571428571426,Routine
Bohemian Collage Stationery,0.5,0.5,0.27941176470588236,0.0,197,175.4009,Global Goods Ltd.,1.2794117647058822,Critical
Pink Stripe Hot Water Bottle,0.25,0.5,0.0,0.25,107,175.32750000000001,Evergreen Supply,1.0,Critical
Forked Cactus Candle,0.2608695652173913,0.5,0.2608695652173913,0.2391304347826087,122,175.0893,ValueLink Distribution,1.2608695652173914,Critical
Hanging Butterfly Egg,0.0,0.5,0.0,0.0,329,175.0609,Metro Wholesale,0.5,Routine
Party Charms,0.23214285714285715,0.5,0.0,0.0,360,174.55679999999998,Northstar Trading,0.7321428571428572,Routine
Pear Botanical Dinner Candles,0.2222222222222222,0.0,0.1527777777777778,0.5,144,174.2953,Metro Wholesale,0.875,Critical
Card Birthday Cowboy,0.5,0.5,0.0,0.5,734,174.26680000000002,Reliable Imports,1.5,Critical
Felt Egg Cosy Blue Rabbit,0.25806451612903225,0.0,0.08064516129032258,0.41935483870967744,329,174.13060000000002,Reliable Imports,0.7580645161290323,Routine
Round Cactus Candle,0.36363636363636365,0.5,0.13636363636363635,0.0,133,173.9075,Metro Wholesale,1.0,Critical
Mini Zinc Garden Decorations,0.5,0.5,0.0,0.32608695652173914,422,173.863,Global Goods Ltd.,1.3260869565217392,Critical
Gift Bag Psychedelic Apples,0.0,0.0,0.0,0.39655172413793105,385,173.7984,ValueLink Distribution,0.39655172413793105,Routine
Charlie & Lola Wastepaper Bin Blue,0.0,0.0,0.0,0.16666666666666666,200,173.71959999999999,Apex Merchants,0.16666666666666666,Routine
English Rose Notebook A7,0.09859154929577464,0.0,0.0,0.3028169014084507,719,173.3509,Gulf Source Co.,0.4014084507042253,Routine
Black And White Cat Bowl,0.0,0.5,0.2777777777777778,0.2222222222222222,197,173.2455,Global Goods Ltd.,1.0,Critical
Rose Du Sud Washbag,0.2619047619047619,0.5,0.0,0.0,43,173.2126,Northstar Trading,0.7619047619047619,Routine
Blue Scandinavian Paisley Wrap,0.0,0.5,0.0,0.5,775,173.135,Summit Procurement,1.0,Critical
Ivory Hanging Bird Planter,0.5,0.5,0.0,0.22727272727272727,112,173.0736,Prime Supply Partners,1.2272727272727273,Critical
Pink & White Breakfast Tray,0.5,0.5,0.0,0.5,67,172.8601,Reliable Imports,1.5,Critical
Classical Rose Candlestand,0.30952380952380953,0.5,0.0,0.19047619047619047,326,172.5812,Apex Merchants,1.0,Critical
Ass Col Small Sand Gecko P,0.3076923076923077,0.5,0.0,0.5,657,172.3536,Global Goods Ltd.,1.3076923076923077,Critical
Empire Birthday Card,0.5,0.0,0.0,0.5,777,172.2739,Prime Supply Partners,1.0,Critical
Cubic Mug Pink Polkadot,0.0,0.5,0.0,0.0,332,172.20600000000002,Reliable Imports,0.5,Routine
Silver Glitter Flower Votive Holder,0.0,0.5,0.0,0.1875,880,171.9296,Northstar Trading,0.6875,Routine
Gingham Babushka Doorstop,0.5,0.5,0.0,0.0,120,171.704,Evergreen Supply,1.0,Critical
English Rose Spirit Level,0.27586206896551724,0.0,0.1724137931034483,0.3275862068965517,326,171.6722,ValueLink Distribution,0.7758620689655172,Routine
Rose Scent Candles In Glass,0.30434782608695654,0.5,0.30434782608695654,0.0,326,171.5672,Summit Procurement,1.108695652173913,Critical
Loo Roll Metal Sign,0.2708333333333333,0.5,0.22916666666666666,0.2708333333333333,158,171.5406,Summit Procurement,1.2708333333333333,Critical
Vintage Bead Pink Evening Bag,0.0,0.5,0.0,0.21739130434782608,229,171.4075,Northstar Trading,0.717391304347826,Routine
Purple Sweetheart Bracelet,0.20454545454545456,0.5,0.0,0.29545454545454547,75,171.16500000000002,Gulf Source Co.,1.0,Critical
Hawaiian Grass Skirt,0.5,0.5,0.0,0.2916666666666667,187,170.72070000000002,Gulf Source Co.,1.2916666666666667,Critical
Coney Island Oval Boxes,0.0,0.5,0.0,0.0,60,170.69469999999998,Metro Wholesale,0.5,Routine
Blue Square Compact Mirror,0.16666666666666666,0.5,0.0,0.3333333333333333,216,170.385,Global Goods Ltd.,1.0,Critical
Romantic Images Scrap Book,0.20454545454545456,0.5,0.29545454545454547,0.20454545454545456,152,170.2793,ValueLink Distribution,1.2045454545454546,Critical
Blue Calculator Ruler,0.2727272727272727,0.0,0.0,0.0,246,170.01760000000002,Summit Procurement,0.2727272727272727,Routine
Jigsaw Rabbit And Birdhouse,0.30303030303030304,0.5,0.30303030303030304,0.0,227,169.787,Prime Supply Partners,1.106060606060606,Critical
Blue Spotty Purse,0.22727272727272727,0.5,0.0,0.5,384,169.5942,Northstar Trading,1.2272727272727273,Critical
Pencils Tall Tube Posy,0.13333333333333333,0.0,0.0,0.16666666666666666,843,169.5083,Gulf Source Co.,0.3,Routine
Vintage Bead Pink Scarf,0.5,0.5,0.0,0.5,191,169.50279999999998,Gulf Source Co.,1.5,Critical
Yellow Dragonfly Helicopter,0.5,0.5,0.2608695652173913,0.0,33,168.9534,Metro Wholesale,1.2608695652173914,Critical
Easter Decoration Egg Bunny,0.5,0.0,0.0,0.5,310,168.787,Metro Wholesale,1.0,Critical
Mirror Mosaic Candle Plate,0.25,0.5,0.0,0.25,268,168.666,Evergreen Supply,1.0,Critical
Flowers Stickers,0.0,0.0,0.17857142857142858,0.14285714285714285,430,168.257,Apex Merchants,0.3214285714285714,Routine
Magic Tree -Paper Flowers,0.3382352941176471,0.0,0.3382352941176471,0.3382352941176471,333,168.1317,ValueLink Distribution,1.0147058823529411,Critical
Candy Spot Egg Warmer Hare,0.5,0.5,0.0,0.5,437,167.7173,Northstar Trading,1.5,Critical
Green Spotty Cup,0.0,0.0,0.0,0.1590909090909091,310,167.58599999999998,Northstar Trading,0.1590909090909091,Routine
Ridged Glass T-Light Holder,0.22,0.5,0.0,0.5,451,167.5651,Gulf Source Co.,1.22,Critical
Glass Bonbon Jar Parfume Aux Fleure,0.5,0.5,0.2962962962962963,0.2037037037037037,208,167.52939999999998,Northstar Trading,1.5,Critical
Childs Garden Fork Pink,0.17543859649122806,0.0,0.0,0.32456140350877194,328,167.4532,Apex Merchants,0.5,Routine
Vintage Glass Coffee Caddy,0.0,0.5,0.0,0.2692307692307692,50,167.19500000000002,Evergreen Supply,0.7692307692307692,Routine
Birthday Banquet Gift Wrap,0.5,0.0,0.0,0.5,725,167.185,Evergreen Supply,1.0,Critical
Daisy Garden Marker,0.5,0.0,0.0,0.375,222,167.05499999999998,Reliable Imports,0.875,Critical
Vintage Notebook Paris Days,0.0,0.5,0.30952380952380953,0.30952380952380953,111,167.03519999999997,Global Goods Ltd.,1.119047619047619,Critical
Green Square Compact Mirror,0.23809523809523808,0.5,0.23809523809523808,0.2619047619047619,211,166.829,Metro Wholesale,1.2380952380952381,Critical
More Butter Metal Sign,0.5,0.5,0.5,0.5,209,166.5906,Global Goods Ltd.,2.0,Critical
Set/6 Gingerbread Star T-Lights,0.5,0.5,0.2391304347826087,0.5,194,166.35500000000002,Global Goods Ltd.,1.7391304347826086,Critical
Red Spotty Candy Bag,0.3,0.5,0.2,0.2,195,166.2945,Reliable Imports,1.2,Critical
Gold Photo Frame,0.17391304347826086,0.5,0.0,0.32608695652173914,160,166.1832,Prime Supply Partners,1.0,Critical
Pink Rose Fabric Mirror,0.5,0.5,0.0,0.5,398,166.0104,ValueLink Distribution,1.5,Critical
Origami Vanilla Incense/Candle,0.5,0.5,0.0,0.2857142857142857,272,165.376,Gulf Source Co.,1.2857142857142856,Critical
Christmas Tree T-Light Holder,0.3181818181818182,0.5,0.0,0.5,210,165.333,Metro Wholesale,1.3181818181818181,Critical
Asstd 3D Paper Stickers,0.0,0.5,0.2826086956521739,0.21739130434782608,602,164.962,Evergreen Supply,0.9999999999999999,Critical
Holly Top Christmas Stocking,0.5,0.5,0.0,0.5,338,164.9102,Metro Wholesale,1.5,Critical
Poppy Fields Chopping Board,0.0,0.5,0.0,0.0,50,164.835,Reliable Imports,0.5,Routine
Tea Towels Ping Microwave,0.29545454545454547,0.5,0.0,0.5,116,164.4474,Northstar Trading,1.2954545454545454,Critical
Keep Out Girls Door Hanger,0.5,0.5,0.0,0.0,470,164.3598,ValueLink Distribution,1.0,Critical
Butterflies Stickers,0.19444444444444445,0.5,0.0,0.19444444444444445,321,164.35569999999998,Summit Procurement,0.8888888888888888,Critical
Gingham Heart Wreath,0.18181818181818182,0.5,0.0,0.0,88,164.3312,Northstar Trading,0.6818181818181819,Routine
Ridged Glass Posy Vase,0.24074074074074073,0.5,0.0,0.0,188,164.2732,Gulf Source Co.,0.7407407407407407,Routine
Black Silouette Candle Plate,0.5,0.5,0.5,0.20454545454545456,300,164.226,Evergreen Supply,1.7045454545454546,Critical
Herb Marker Parsley,0.1375,0.0,0.3625,0.175,418,164.1304,Evergreen Supply,0.675,Routine
Pink/Yellow Flowers Handbag,0.0,0.5,0.17391304347826086,0.0,183,164.082,Reliable Imports,0.6739130434782609,Routine
Wrap Monster Fun,0.0,0.5,0.25,0.25,675,163.89,Evergreen Supply,1.0,Critical
Bunny Wooden Painted With Bird,0.5,0.5,0.0,0.23684210526315788,342,163.7504,Metro Wholesale,1.236842105263158,Critical
Bubble Gum Scarf Knitting Kit,0.22727272727272727,0.5,0.22727272727272727,0.22727272727272727,153,163.3734,Apex Merchants,1.1818181818181819,Critical
Gingham Oven Glove Red Heart,0.3269230769230769,0.5,0.5,0.0,72,163.3464,Metro Wholesale,1.3269230769230769,Critical
Rose Du Sud Cosmetics Bag,0.0,0.5,0.0,0.22727272727272727,60,163.20000000000002,Metro Wholesale,0.7272727272727273,Routine
Envelope Romantic Images,0.0,0.5,0.5,0.0,502,162.9502,Prime Supply Partners,1.0,Critical
Heart/Ice-Cream Patches,0.0,0.5,0.19642857142857142,0.0,196,162.8024,Metro Wholesale,0.6964285714285714,Routine
Cosy Slipper Shoes Small Red,0.5,0.0,0.0,0.1206896551724138,93,162.6849,Northstar Trading,0.6206896551724138,Routine
T-Light Holder White Lace,0.5,0.5,0.0,0.5,341,162.6773,Evergreen Supply,1.5,Critical
Small Yellow Babushka Notebook,0.2711864406779661,0.0,0.3305084745762712,0.2627118644067797,374,162.5391,Summit Procurement,0.8644067796610169,Critical
Mini Playing Cards Fun Fair,0.2826086956521739,0.5,0.0,0.5,668,162.45759999999999,Summit Procurement,1.2826086956521738,Critical
Fairy Cakes Notebook A6,0.0,0.0,0.19791666666666666,0.1875,452,162.1776,ValueLink Distribution,0.38541666666666663,Routine
French Style Storage Jar Bonbons,0.0,0.5,0.25,0.25,835,162.0797,Apex Merchants,1.0,Critical
Jam Clock Magnet,0.0,0.5,0.30434782608695654,0.5,104,161.9851,Global Goods Ltd.,1.3043478260869565,Critical
3D Sheet Dog Stickers,0.0,0.5,0.24285714285714285,0.5,312,161.9663,Metro Wholesale,1.2428571428571429,Critical
Elvis Wallhanging / Curtain,0.30952380952380953,0.5,0.19047619047619047,0.30952380952380953,211,161.9425,Prime Supply Partners,1.3095238095238095,Critical
Flag St George,0.5,0.5,0.20454545454545456,0.20454545454545456,150,161.865,Reliable Imports,1.4090909090909092,Critical
S Christmas Tissues,0.5,0.0,0.2857142857142857,0.5,869,161.76919999999998,Summit Procurement,1.2857142857142856,Critical
Zinc Sweetheart Wire Letter Rack,0.25,0.5,0.5,0.25,66,161.6142,Metro Wholesale,1.5,Critical
Red Rose And Lace C/Cover,0.32608695652173914,0.5,0.0,0.32608695652173914,82,161.58919999999998,Summit Procurement,1.1521739130434783,Critical
Set/4 Red Mini Rose Candle In,0.25925925925925924,0.5,0.24074074074074073,0.25925925925925924,195,161.0025,Reliable Imports,1.2592592592592593,Critical
Swallow Square Tissue Box,0.1590909090909091,0.0,0.19318181818181818,0.5,403,160.9992,Reliable Imports,0.8522727272727273,Critical
Danish Rose Planters,0.5,0.5,0.2619047619047619,0.2619047619047619,58,160.96740000000003,Reliable Imports,1.5238095238095237,Critical
Stars Gift Tape,0.14864864864864866,0.0,0.3783783783783784,0.35135135135135137,544,160.9274,Gulf Source Co.,0.8783783783783785,Critical
Hanging Bauble T-Light Holder Large,0.2916666666666667,0.5,0.0,0.5,84,160.8264,Metro Wholesale,1.2916666666666667,Critical
Enamel Blue Rim Oval Tray Set/2,0.22727272727272727,0.5,0.0,0.0,29,160.77599999999998,Summit Procurement,0.7272727272727273,Routine
Sleeping Cat Erasers,0.0,0.0,0.0,0.5,1437,160.767,Summit Procurement,0.5,Routine
Vintage Bead Pink Shade,0.0,0.5,0.0,0.0,212,160.59,Metro Wholesale,0.5,Routine
Hilda Candy Spot Rabbit,0.0,0.5,0.2826086956521739,0.2826086956521739,63,160.4169,Global Goods Ltd.,1.0652173913043477,Critical
Toast Its - Happy Birthday,0.5,0.0,0.0,0.5,254,160.3732,Gulf Source Co.,1.0,Critical
Glass Chalice Green Small,0.0,0.5,0.2608695652173913,0.0,170,160.02800000000002,Gulf Source Co.,0.7608695652173914,Routine
Silver Fabric Mirror,0.5,0.5,0.29545454545454547,0.20454545454545456,438,159.9281,Northstar Trading,1.5,Critical
White Christmas Tree Decoration,0.5,0.5,0.0,0.5,771,159.7683,Summit Procurement,1.5,Critical
Retrospot Babushka Doorstop,0.5,0.5,0.3103448275862069,0.5,98,159.7204,Summit Procurement,1.8103448275862069,Critical
Wrap Blue Reindeer,0.0,0.5,0.0,0.5,650,159.70499999999998,Reliable Imports,1.0,Critical
Felt Farm Animal White Bunny,0.5,0.5,0.2962962962962963,0.0,655,159.6049,ValueLink Distribution,1.2962962962962963,Critical
Crochet Rose Purse With Suede Back,0.0,0.5,0.0,0.5,97,159.3807,Global Goods Ltd.,1.0,Critical
Skull Wall Stickers,0.0,0.5,0.21739130434782608,0.2826086956521739,88,158.9496,ValueLink Distribution,1.0,Critical
Folkart Zinc Star Christmas Dec,0.5,0.5,0.0,0.5,345,158.9415,Summit Procurement,1.5,Critical
Money Box Confectionery,0.19230769230769232,0.5,0.3076923076923077,0.5,220,158.916,Apex Merchants,1.5,Critical
Beaded Crystal Heart Blue Small,0.1956521739130435,0.5,0.1956521739130435,0.0,212,158.88559999999998,Prime Supply Partners,0.8913043478260869,Critical
Ribbons Shimmering Pinks,0.5,0.0,0.0,0.4166666666666667,294,158.6324,Gulf Source Co.,0.9166666666666667,Critical
Orange Scented Set/9 T-Lights,0.5,0.0,0.1744186046511628,0.36046511627906974,308,158.628,Gulf Source Co.,1.0348837209302326,Critical
Pink Love Bird Candle,0.0,0.5,0.5,0.2727272727272727,204,158.5524,Apex Merchants,1.2727272727272727,Critical
Purple Flock Dinner Candles,0.23076923076923078,0.5,0.23076923076923078,0.23076923076923078,152,158.3857,Evergreen Supply,1.1923076923076925,Critical
Pink Cat Bowl,0.0,0.5,0.25,0.25,128,158.1649,Metro Wholesale,1.0,Critical
Beach Hut Mirror,0.23809523809523808,0.5,0.2619047619047619,0.2619047619047619,127,158.09369999999998,Apex Merchants,1.2619047619047619,Critical
Lighthouse Printed Metal Sign,0.5,0.5,0.0,0.5,50,157.66,Global Goods Ltd.,1.5,Critical
Card Psychedelic Apples,0.0,0.0,0.21621621621621623,0.10810810810810811,660,157.62120000000002,ValueLink Distribution,0.32432432432432434,Routine
Flying Pig Watering Can,0.5,0.5,0.0,0.25,123,157.47629999999998,Prime Supply Partners,1.25,Critical
White Honeycomb Paper Garland,0.0,0.5,0.0,0.22916666666666666,169,157.2714,Metro Wholesale,0.7291666666666666,Routine
Red + White Bendy Straws,0.2962962962962963,0.0,0.2037037037037037,0.5,185,157.02800000000002,ValueLink Distribution,1.0,Critical
Card Gingham Rose,0.1282051282051282,0.0,0.0,0.0,613,156.7693,Metro Wholesale,0.1282051282051282,Routine
Party Time Flannel,0.30952380952380953,0.5,0.19047619047619047,0.30952380952380953,484,156.5311,Evergreen Supply,1.3095238095238095,Critical
Classical Rose Dish,0.0,0.5,0.22727272727272727,0.5,109,156.4474,Summit Procurement,1.2272727272727273,Critical
Banquet Birthday Card,0.5,0.0,0.0,0.5,660,156.216,Global Goods Ltd.,1.0,Critical
Rose Du Sud Oven Glove,0.0,0.5,0.3125,0.0,87,155.6137,Metro Wholesale,0.8125,Critical
Baking Mould Easter Egg White Choc,0.5,0.5,0.0,0.5,98,155.5358,ValueLink Distribution,1.5,Critical
Silver Mini Tape Measure,0.5,0.5,0.22,0.28,290,155.287,Global Goods Ltd.,1.5,Critical
Blue Rocking Singing Canary,0.2619047619047619,0.5,0.0,0.2619047619047619,70,155.141,Gulf Source Co.,1.0238095238095237,Critical
Scented Candle In Digitalis Tin,0.0,0.5,0.2727272727272727,0.0,114,155.13119999999998,Gulf Source Co.,0.7727272727272727,Routine
French Bottle Brasserie Des Artist,0.23809523809523808,0.5,0.2619047619047619,0.0,152,155.0992,Apex Merchants,1.0,Critical
Silver Skull Hot Water Bottle,0.23076923076923078,0.5,0.0,0.2692307692307692,72,154.9848,Prime Supply Partners,1.0,Critical
Pocket Bag Pink Paisely Brown Spot,0.0,0.5,0.0,0.5,147,154.8004,Gulf Source Co.,1.0,Critical
Frying Pan Blue Polkadot,0.3448275862068966,0.0,0.1896551724137931,0.0,59,154.652,Reliable Imports,0.5344827586206897,Routine
Egg Cup Natural Chicken,0.11428571428571428,0.0,0.3142857142857143,0.11428571428571428,319,154.5801,Global Goods Ltd.,0.5428571428571428,Routine
Glitter Christmas Tree,0.5,0.0,0.1875,0.5,415,154.55259999999998,Metro Wholesale,1.1875,Critical
Storage Tin Home Sweet Home,0.0,0.5,0.0,0.0,132,154.5093,Global Goods Ltd.,0.5,Routine
Standing Fairy Pole Support,0.0,0.5,0.2391304347826087,0.2608695652173913,290,154.477,ValueLink Distribution,1.0,Critical
Mini Cake Stand Hanging Hearts,0.2391304347826087,0.5,0.2391304347826087,0.0,158,154.4296,Summit Procurement,0.9782608695652173,Critical
Party Invites Spaceman,0.28125,0.5,0.5,0.28125,281,154.2971,Reliable Imports,1.5625,Critical
Birdhouse Decoration Magic Garden,0.5,0.0,0.0,0.20512820512820512,196,153.7928,Northstar Trading,0.7051282051282051,Routine
Small Pop Box Funky Monkey,0.5,0.5,0.23076923076923078,0.2692307692307692,202,153.78740000000002,Global Goods Ltd.,1.5,Critical
Retro Pink Ball Ashtray,0.0,0.5,0.0,0.5,185,153.0875,Reliable Imports,1.0,Critical
Mummy Mouse Red Gingham Ribbon,0.0,0.5,0.3076923076923077,0.3076923076923077,49,153.0172,Gulf Source Co.,1.1153846153846154,Critical
Reindeer Heart Decoration Gold,0.0,0.5,0.0,0.5,280,152.9806,Prime Supply Partners,1.0,Critical
Pink Felt Easter Rabbit Garland,0.5,0.5,0.0,0.5,108,152.8416,Gulf Source Co.,1.5,Critical
Mini Painted Garden Decoration,0.5,0.5,0.0,0.3392857142857143,652,152.82930000000002,ValueLink Distribution,1.3392857142857144,Critical
Pastel Colour Honeycomb Fan,0.0,0.5,0.0,0.0,298,152.66580000000002,Prime Supply Partners,0.5,Routine
Frog King Watering Can,0.5,0.5,0.0,0.5,120,152.28,Evergreen Supply,1.5,Critical
Birdcage Decoration Tealight Holder,0.5,0.0,0.12903225806451613,0.5,172,152.06740000000002,Apex Merchants,1.129032258064516,Critical
Red Flock Love Heart Photo Frame,0.13793103448275862,0.0,0.0,0.29310344827586204,398,152.0031,Metro Wholesale,0.43103448275862066,Routine
Do Not Touch My Stuff Door,0.32954545454545453,0.0,0.0,0.13636363636363635,341,151.9323,Summit Procurement,0.4659090909090909,Routine
Carousel Des Child S Overall,0.5,0.5,0.23809523809523808,0.2619047619047619,116,151.7628,Reliable Imports,1.5,Critical
Ring Roses Birthday Card,0.5,0.0,0.1951219512195122,0.5,660,151.7364,Apex Merchants,1.1951219512195121,Critical
Feltcraft Hairband Pink And Purple,0.3541666666666667,0.0,0.0,0.3333333333333333,378,151.68079999999998,Evergreen Supply,0.6875,Routine
3D Sheet Cat Stickers,0.0,0.0,0.0,0.2714285714285714,284,151.59920000000002,Global Goods Ltd.,0.2714285714285714,Routine
White Christmas Heart Decoration,0.5,0.0,0.0,0.5,650,151.50140000000002,Apex Merchants,1.0,Critical
Small Pink Glass Sundae Dish,0.25,0.5,0.0,0.25,359,151.4383,Apex Merchants,1.0,Critical
Yellow Shark Helicopter,0.2,0.5,0.3,0.0,31,151.0754,Metro Wholesale,1.0,Critical
Black Sweetheart Bracelet,0.2727272727272727,0.5,0.2727272727272727,0.2727272727272727,63,151.01099999999997,Prime Supply Partners,1.3181818181818181,Critical
Pink Juicy Fruit Photo Frame,0.0,0.5,0.5,0.24,97,150.846,Global Goods Ltd.,1.24,Critical
Ivory Sweetheart Soap Dish,0.0,0.5,0.2727272727272727,0.2727272727272727,87,150.5622,Gulf Source Co.,1.0454545454545454,Critical
Green Metal Swinging Bunny,0.28846153846153844,0.5,0.0,0.21153846153846154,280,150.41600000000003,ValueLink Distribution,1.0,Critical
Floral Soft Car Toy,0.5,0.5,0.0,0.2619047619047619,70,150.409,Evergreen Supply,1.2619047619047619,Critical
Embroidered Ribbon Reel Daisy,0.0,0.5,0.5,0.14583333333333334,120,150.26399999999998,Apex Merchants,1.1458333333333333,Critical
Ivory Wire Sweetheart Letter Tray,0.5,0.5,0.3181818181818182,0.5,63,150.01080000000002,Prime Supply Partners,1.8181818181818181,Critical
Felt Farm Animal Hen,0.21428571428571427,0.5,0.0,0.0,342,149.9886,Apex Merchants,0.7142857142857143,Routine
Wrap Blizzard,0.30952380952380953,0.5,0.19047619047619047,0.30952380952380953,625,149.875,Summit Procurement,1.3095238095238095,Critical
Blue Circles Monkey Doll,0.5,0.5,0.2708333333333333,0.5,162,149.68200000000002,Gulf Source Co.,1.7708333333333333,Critical
Small Fruit Straws,0.25925925925925924,0.5,0.0,0.0,614,149.6344,Prime Supply Partners,0.7592592592592593,Routine
Country Cottage Doorstop Green,0.0,0.0,0.0,0.1206896551724138,61,149.328,Gulf Source Co.,0.1206896551724138,Routine
Enamel Pink Sugar Container,0.5,0.5,0.0,0.2391304347826087,168,149.22,Prime Supply Partners,1.2391304347826086,Critical
Set/4 Badges Dogs,0.5,0.5,0.5,0.18518518518518517,187,149.1325,Summit Procurement,1.6851851851851851,Critical
Retro Pink Spot Washing Up Gloves,0.5,0.5,0.0,0.0,114,149.10060000000001,Summit Procurement,1.0,Critical
Ivory Wicker Heart Small,0.0,0.5,0.2413793103448276,0.0,401,149.05169999999998,ValueLink Distribution,0.7413793103448276,Routine
Feltcraft Hairbands Pink And White,0.5,0.0,0.20454545454545456,0.20454545454545456,325,149.0089,Evergreen Supply,0.9090909090909092,Critical
Silver Hanging T-Light Holder Dome,0.5,0.5,0.35714285714285715,0.5,148,148.962,ValueLink Distribution,1.8571428571428572,Critical
Vintage Bead Notebook,0.0,0.5,0.5,0.1875,85,148.9455,Apex Merchants,1.1875,Critical
Pin Cushion Babushka Blue,0.2826086956521739,0.5,0.2826086956521739,0.0,84,148.8552,Apex Merchants,1.0652173913043477,Critical
Set/4 Badges Beetles,0.18518518518518517,0.5,0.0,0.18518518518518517,188,148.853,Summit Procurement,0.8703703703703702,Critical
Photo Frame Linen And Lace Small,0.16666666666666666,0.5,0.0,0.3333333333333333,124,148.8248,Summit Procurement,1.0,Critical
Egg Frying Pan Red,0.18518518518518517,0.5,0.0,0.5,104,148.824,Global Goods Ltd.,1.1851851851851851,Critical
Pair Padded Hangers Pink Check,0.5,0.5,0.0,0.1590909090909091,65,148.6875,Global Goods Ltd.,1.1590909090909092,Critical
Laurel Star Antique Silver,0.0,0.5,0.5,0.2608695652173913,177,148.5201,Prime Supply Partners,1.2608695652173914,Critical
Christmas Tree Heart Decoration,0.5,0.5,0.0,0.5,676,148.5172,Metro Wholesale,1.5,Critical
Travel Card Wallet Union Jack,0.0,0.0,0.16666666666666666,0.3333333333333333,598,148.42360000000002,Prime Supply Partners,0.5,Routine
Wrap Friendship On Green,0.0,0.5,0.32608695652173914,0.17391304347826086,625,147.8125,Global Goods Ltd.,1.0,Critical
Ass Floral Print Multi Screwdriver,0.0,0.0,0.0,0.175,429,147.6313,Apex Merchants,0.175,Routine
Circle Friends Candle Holder,0.0,0.5,0.23809523809523808,0.0,207,147.51989999999998,Summit Procurement,0.7380952380952381,Routine
Herb Marker Thyme,0.12195121951219512,0.0,0.1951219512195122,0.0,354,147.5118,Evergreen Supply,0.3170731707317073,Routine
White Sage Incense,0.1956521739130435,0.5,0.0,0.30434782608695654,1129,147.3742,ValueLink Distribution,1.0,Critical
Clam Shell Small,0.0,0.5,0.2708333333333333,0.22916666666666666,125,146.97629999999998,Global Goods Ltd.,0.9999999999999999,Critical
Sweetheart Bird House,0.5,0.5,0.0,0.25925925925925924,60,146.91,Summit Procurement,1.2592592592592593,Critical
Cheese Fridge Magnets,0.1956521739130435,0.5,0.30434782608695654,0.1956521739130435,394,146.7002,Prime Supply Partners,1.1956521739130435,Critical
Party Pizza Dish Green Polkadot,0.0,0.5,0.25,0.0,389,146.696,Evergreen Supply,0.75,Routine
Teatime Round Pencil Sharpener,0.0,0.5,0.0,0.34,2026,146.44310000000002,Reliable Imports,0.8400000000000001,Critical
Natural Hanging Quilted Hearts,0.0,0.5,0.0,0.32,270,146.12400000000002,Northstar Trading,0.8200000000000001,Critical
Christmas Musical Zinc Tree,0.5,0.5,0.0,0.5,517,145.9047,Metro Wholesale,1.5,Critical
Magic Garden Mount Fuji,0.5,0.5,0.2619047619047619,0.0,93,145.8426,Prime Supply Partners,1.2619047619047619,Critical
Magnets Home Sweet Home,0.35555555555555557,0.0,0.14444444444444443,0.35555555555555557,361,145.69840000000002,Summit Procurement,0.8555555555555556,Critical
Wrap Pink Flock,0.0,0.5,0.0,0.0,600,145.67999999999998,Prime Supply Partners,0.5,Routine
Blue Charlie+Lola Personal Doorsign,0.3125,0.0,0.140625,0.171875,428,145.6674,Evergreen Supply,0.625,Routine
Mixed Nuts Light Green Bowl,0.5,0.5,0.26,0.5,366,145.6562,Reliable Imports,1.76,Critical
Standing Metal Rabbit With Egg,0.5,0.5,0.0,0.3,112,145.5888,Summit Procurement,1.3,Critical
Pink Hearts Paper Garland,0.0,0.5,0.0,0.2962962962962963,159,145.584,ValueLink Distribution,0.7962962962962963,Critical
New England Placemats,0.3409090909090909,0.5,0.0,0.1590909090909091,66,145.53,Apex Merchants,0.9999999999999999,Critical
Wrap Flower Shop,0.0,0.5,0.0,0.0,625,145.4375,Reliable Imports,0.5,Routine
Wrap Carousel,0.0,0.5,0.21428571428571427,0.0,575,145.36,Global Goods Ltd.,0.7142857142857143,Routine
Stripy Shower Cap,0.25,0.5,0.0,0.25,535,145.0847,Evergreen Supply,1.0,Critical
Multicolour 3D Balls Garland,0.08064516129032258,0.0,0.0,0.25806451612903225,98,144.942,Gulf Source Co.,0.3387096774193548,Routine
Square Mini Portrait Frame,0.0,0.5,0.0,0.0,122,144.7974,Global Goods Ltd.,0.5,Routine
Sticky Bunnies,0.1625,0.0,0.1375,0.1625,328,144.7792,Global Goods Ltd.,0.4625,Routine
Wrap Christmas Screen Print,0.5,0.0,0.27419354838709675,0.5,850,144.745,Summit Procurement,1.2741935483870968,Critical
Hello Sailor Blue Soap Holder,0.5,0.5,0.24,0.24,140,144.6708,ValueLink Distribution,1.48,Critical
Decoration Hanging Metal Chicken,0.2608695652173913,0.5,0.2608695652173913,0.2391304347826087,180,144.666,Apex Merchants,1.2608695652173914,Critical
Pink Pillar Candle Silver Flock,0.0,0.5,0.0,0.3181818181818182,137,144.5898,Metro Wholesale,0.8181818181818181,Critical
Candy Shop Sticker Sheet,0.0,0.5,0.0,0.0,311,144.5839,Global Goods Ltd.,0.5,Routine
Strawberries Flannel,0.0,0.5,0.0,0.5,309,143.7585,Reliable Imports,1.0,Critical
Travel Card Wallet Retrospot,0.3611111111111111,0.0,0.0,0.125,639,143.5833,Summit Procurement,0.4861111111111111,Routine
Envelope Blossom Images,0.40625,0.0,0.234375,0.0,393,143.5417,Summit Procurement,0.640625,Routine
Garden Path Journal,0.22727272727272727,0.0,0.2727272727272727,0.42424242424242425,114,143.208,Apex Merchants,0.9242424242424243,Critical
Glass Chalice Blue Small,0.5,0.5,0.0,0.2692307692307692,322,143.077,Reliable Imports,1.2692307692307692,Critical
Scotties Washbag,0.0,0.5,0.18518518518518517,0.5,103,143.0052,Northstar Trading,1.1851851851851851,Critical
Oval Mini Portrait Frame,0.0,0.5,0.0,0.2608695652173913,124,142.9272,Gulf Source Co.,0.7608695652173914,Routine
Tub Pink Flower Pegs,0.5,0.0,0.0,0.36764705882352944,137,142.8636,Global Goods Ltd.,0.8676470588235294,Critical
Jingle Bells Tree Decoration,0.0,0.5,0.0,0.5,127,142.5779,Apex Merchants,1.0,Critical
Green Sweetheart Bracelet,0.21739130434782608,0.5,0.2826086956521739,0.2826086956521739,74,142.4738,Apex Merchants,1.2826086956521738,Critical
Bird Decoration Green Spot,0.5,0.5,0.2857142857142857,0.21428571428571427,265,142.358,Metro Wholesale,1.4999999999999998,Critical
Folkart Crown Table Decorations,0.1590909090909091,0.5,0.0,0.5,315,142.3065,Global Goods Ltd.,1.1590909090909092,Critical
Pink Flower Fabric Pony,0.32608695652173914,0.5,0.0,0.17391304347826086,64,142.26,Metro Wholesale,1.0,Critical
Daisy Folkart Heart Decoration,0.32608695652173914,0.5,0.32608695652173914,0.0,177,141.83010000000002,Gulf Source Co.,1.1521739130434783,Critical
Ivory Love Bird Candle,0.1896551724137931,0.0,0.0,0.1206896551724138,223,141.5909,Global Goods Ltd.,0.3103448275862069,Routine
Mirrored Wall Art Poppies,0.0,0.5,0.0,0.22727272727272727,209,141.4985,Northstar Trading,0.7272727272727273,Routine
Black Tea Towel Classic,0.0,0.0,0.14864864864864866,0.5,245,141.4968,Summit Procurement,0.6486486486486487,Routine
Starfish Soap Dish,0.23809523809523808,0.5,0.0,0.0,95,141.46540000000002,Summit Procurement,0.7380952380952381,Routine
Blue Diamante Pen In Gift Box,0.0,0.5,0.0,0.5,121,141.375,Gulf Source Co.,1.0,Critical
Funky Monkey Mug,0.18,0.5,0.32,0.0,209,141.1715,Gulf Source Co.,1.0,Critical
Tea Time Paper Lanterns,0.2826086956521739,0.5,0.5,0.5,120,141.096,Summit Procurement,1.7826086956521738,Critical
Lovely Bonbon Sticker Sheet,0.0,0.5,0.0,0.23214285714285715,276,140.75639999999999,Prime Supply Partners,0.7321428571428572,Routine
Christmas Musical Zinc Star,0.5,0.5,0.0,0.5,452,140.7189,Reliable Imports,1.5,Critical
Christmas Tree Star Decoration,0.5,0.0,0.1724137931034483,0.5,604,140.5508,Gulf Source Co.,1.1724137931034484,Critical
House Shape Pencil Sharpener,0.0,0.5,0.0,0.2,1896,140.4348,Gulf Source Co.,0.7,Routine
Red Charlie+Lola Personal Doorsign,0.35294117647058826,0.0,0.14705882352941177,0.35294117647058826,469,140.3643,Evergreen Supply,0.8529411764705883,Critical
Caravan Square Tissue Box,0.0,0.0,0.3409090909090909,0.3409090909090909,244,140.356,Northstar Trading,0.6818181818181818,Routine
Sweeties Stickers,0.25,0.0,0.25,0.5,280,140.168,Reliable Imports,1.0,Critical
Folding Butterfly Mirror Red,0.19642857142857142,0.5,0.30357142857142855,0.19642857142857142,281,140.0669,Reliable Imports,1.1964285714285714,Critical
String Butterflies Pink,0.22916666666666666,0.5,0.0,0.5,180,139.8713,Global Goods Ltd.,1.2291666666666665,Critical
Party Invites Dinosaurs,0.0,0.0,0.13414634146341464,0.2804878048780488,269,139.6917,Metro Wholesale,0.41463414634146345,Routine
Victorian Metal Postcard Christmas,0.5,0.5,0.0,0.5,153,139.5972,Metro Wholesale,1.5,Critical
Party Pizza Dish Pink Polkadot,0.0,0.5,0.0,0.0,536,139.417,Gulf Source Co.,0.5,Routine
Wood Stamp Happy Birthday,0.5,0.0,0.0,0.5,211,139.2508,Apex Merchants,1.0,Critical
Floral Secateurs,0.23809523809523808,0.5,0.23809523809523808,0.5,118,139.2046,Northstar Trading,1.4761904761904763,Critical
Red Salad Servers,0.20833333333333334,0.5,0.5,0.0,157,139.1805,Evergreen Supply,1.2083333333333335,Critical
Pink Sweetheart Bracelet,0.0,0.5,0.0,0.2608695652173913,66,139.128,Reliable Imports,0.7608695652173914,Routine
Decoration White Chick Magic Garden,0.5,0.0,0.0,0.0,270,139.0818,Prime Supply Partners,0.5,Routine
Birthday Card Retro Spot,0.5,0.0,0.17567567567567569,0.5,569,138.8974,Global Goods Ltd.,1.1756756756756757,Critical
Herb Marker Chives,0.0,0.0,0.34210526315789475,0.0,344,138.632,Summit Procurement,0.34210526315789475,Routine
Christmas Tree Hanging Gold,0.5,0.5,0.0,0.5,269,138.5431,Global Goods Ltd.,1.5,Critical
Black Pirate Treasure Chest,0.24358974358974358,0.5,0.2564102564102564,0.24358974358974358,145,138.47650000000002,Global Goods Ltd.,1.2435897435897436,Critical
Botanical Lavender Gift Wrap,0.0,0.5,0.0,0.5,575,138.4525,Gulf Source Co.,1.0,Critical
Easter Decoration Hanging Bunny,0.5,0.0,0.10606060606060606,0.5,567,138.2367,Summit Procurement,1.106060606060606,Critical
New Baroque Black Photo Album,0.5,0.5,0.0,0.5,36,137.8932,Summit Procurement,1.5,Critical
Green Fern Journal,0.3225806451612903,0.0,0.22580645161290322,0.0967741935483871,109,137.85299999999998,Reliable Imports,0.6451612903225806,Routine
Flowers Tile Coaster,0.5,0.5,0.2826086956521739,0.21739130434782608,486,137.8416,Summit Procurement,1.5,Critical
Paperweight Kings Choice,0.2391304347826087,0.5,0.0,0.0,155,137.4687,Evergreen Supply,0.7391304347826086,Routine
Felt Toadstool Small,0.24074074074074073,0.5,0.0,0.24074074074074073,260,137.462,Metro Wholesale,0.9814814814814814,Critical
Strawbry Scented Votive Candle,0.0,0.5,0.3,0.2,789,137.2794,Metro Wholesale,1.0,Critical
Ant Copper Lime Boudicca Bracelet,0.35714285714285715,0.5,0.0,0.5,53,137.2117,Global Goods Ltd.,1.3571428571428572,Critical
Food/Drink Sponge Stickers,0.0,0.5,0.0,0.5,1191,137.1387,Prime Supply Partners,1.0,Critical
Set/4 Badges Cute Creatures,0.5,0.5,0.0,0.2708333333333333,183,137.03040000000001,Apex Merchants,1.2708333333333333,Critical
Card Wedding Day,0.0,0.0,0.0,0.28378378378378377,618,136.99859999999998,Apex Merchants,0.28378378378378377,Routine
Iron On Dog Patches,0.5,0.5,0.0,0.28,161,136.863,Gulf Source Co.,1.28,Critical
Stripes Monkey Doll,0.2777777777777778,0.5,0.0,0.5,126,136.8624,Metro Wholesale,1.2777777777777777,Critical
Retro Plastic Elephant Tray,0.21212121212121213,0.0,0.0,0.13636363636363635,250,136.85,Global Goods Ltd.,0.3484848484848485,Routine
Red Retrospot Tape,0.17142857142857143,0.0,0.18571428571428572,0.0,497,136.8214,Metro Wholesale,0.35714285714285715,Routine
Robin Christmas Card,0.5,0.5,0.2037037037037037,0.5,585,136.7631,Evergreen Supply,1.7037037037037037,Critical
Cinnamon Scented Votive Candle,0.22,0.5,0.28,0.0,792,136.5984,Northstar Trading,1.0,Critical
Snack Tray Red Vintage Doily,0.23809523809523808,0.5,0.0,0.2619047619047619,139,136.5378,Evergreen Supply,1.0,Critical
Herb Marker Rosemary,0.3048780487804878,0.5,0.0,0.0,335,136.077,Reliable Imports,0.8048780487804879,Critical
Moody Girl Door Hanger,0.0,0.0,0.0,0.12,370,136.05360000000002,Evergreen Supply,0.12,Routine
Mousey Long Legs Soft Toy,0.1590909090909091,0.5,0.1590909090909091,0.5,89,135.9386,Gulf Source Co.,1.3181818181818181,Critical
Multi Hearts Stickers,0.18181818181818182,0.0,0.3181818181818182,0.3181818181818182,316,135.7324,Gulf Source Co.,0.8181818181818181,Critical
Beaded Crystal Heart Pink Large,0.0,0.5,0.0,0.0,178,135.5778,Prime Supply Partners,0.5,Routine
Silver Teddy Bear,0.0,0.5,0.0,0.5,74,135.5062,Prime Supply Partners,1.0,Critical
Alphabet Hearts Sticker Sheet,0.0,0.5,0.0,0.19642857142857142,288,135.35999999999999,Evergreen Supply,0.6964285714285714,Routine
Card Suki Birthday,0.5,0.0,0.0,0.5,561,135.3105,Apex Merchants,1.0,Critical
Wrap Daisy Carpet,0.0,0.5,0.0,0.125,625,135.3025,Global Goods Ltd.,0.625,Routine
Black Ear Muff Headphones,0.2916666666666667,0.5,0.0,0.5,41,135.2795,Global Goods Ltd.,1.2916666666666667,Critical
Heart Ear Muff Headphones,0.5,0.5,0.2857142857142857,0.21428571428571427,41,135.2795,Global Goods Ltd.,1.4999999999999998,Critical
Triangular Ridged Glass Posy Holder,0.0,0.5,0.0,0.0,358,135.1242,Metro Wholesale,0.5,Routine
Wrap Folk Art,0.0,0.5,0.2916666666666667,0.5,625,134.74,Metro Wholesale,1.2916666666666667,Critical
Decorative Cats Bathroom Bottle,0.36666666666666664,0.0,0.2,0.13333333333333333,241,134.7184,Northstar Trading,0.7,Routine
Origami Lavender Incense/Candl,0.5,0.5,0.25,0.25,191,134.669,Global Goods Ltd.,1.5,Critical
Woodland Small Red Felt Heart,0.22727272727272727,0.5,0.0,0.0,267,134.5146,Metro Wholesale,0.7272727272727273,Routine
Daisy Sketchbook,0.14583333333333334,0.5,0.0,0.14583333333333334,99,133.7262,Metro Wholesale,0.7916666666666667,Routine
Magnets Vintage Labels,0.0,0.0,0.16666666666666666,0.2222222222222222,371,133.3433,Summit Procurement,0.38888888888888884,Routine
Strawberry Candy Bag,0.18181818181818182,0.5,0.3181818181818182,0.18181818181818182,171,133.17,Reliable Imports,1.1818181818181819,Critical
Frappucino Scarf Knitting Kit,0.25,0.5,0.0,0.5,167,132.9931,Evergreen Supply,1.25,Critical
Funky Monkey Gift Bag Medium,0.2826086956521739,0.5,0.0,0.0,728,132.8648,Apex Merchants,0.7826086956521738,Routine
White And Blue Ceramic Oil Burner,0.0,0.5,0.0,0.0,189,132.6081,Global Goods Ltd.,0.5,Routine
Mirrored Wall Art Stars,0.5,0.5,0.0,0.2708333333333333,153,132.5985,Prime Supply Partners,1.2708333333333333,Critical
Gold Mini Tape Measure,0.0,0.0,0.3103448275862069,0.1896551724137931,287,132.4878,Evergreen Supply,0.5,Routine
Painted Pink Rabbit,0.0,0.5,0.0,0.24074074074074073,238,132.30419999999998,ValueLink Distribution,0.7407407407407407,Routine
Heart Shape Wireless Doorbell,0.5,0.0,0.16176470588235295,0.17647058823529413,100,132.29999999999998,Summit Procurement,0.8382352941176471,Critical
Cakes And Bows Gift Tape,0.16,0.5,0.0,0.16,704,132.1904,ValueLink Distribution,0.8200000000000001,Critical
Yellow Pot Plant Candle,0.25,0.5,0.0,0.5,77,131.9432,Apex Merchants,1.25,Critical
Botanical Lily Gift Wrap,0.0,0.5,0.30952380952380953,0.0,550,131.66,Metro Wholesale,0.8095238095238095,Critical
Silver Paper Doilies,0.28,0.5,0.0,0.0,158,131.2664,ValueLink Distribution,0.78,Routine
Small Chocolates Pink Bowl,0.14444444444444443,0.0,0.0,0.0,376,131.0488,Summit Procurement,0.14444444444444443,Routine
Giant Pink Heart Memo Holder,0.0,0.5,0.29545454545454547,0.5,50,130.945,Evergreen Supply,1.2954545454545454,Critical
Candy Spot Apron,0.5,0.5,0.2857142857142857,0.5,46,130.9068,Gulf Source Co.,1.7857142857142856,Critical
Wrap Keep Calm Birthday,0.5,0.5,0.0,0.5,550,130.73499999999999,Apex Merchants,1.5,Critical
Scottie Dogs Baby Bib,0.5,0.0,0.0,0.2878787878787879,412,130.6584,Summit Procurement,0.7878787878787878,Routine
Enamel Blue Rim Coffee Container,0.2826086956521739,0.5,0.0,0.21739130434782608,157,130.6029,Summit Procurement,0.9999999999999999,Critical
Easter Tin Chicks In Garden,0.5,0.5,0.0,0.5,151,130.5546,ValueLink Distribution,1.5,Critical
Vintage Kitchen Print Fruits,0.0,0.5,0.20833333333333334,0.2916666666666667,84,130.2336,Apex Merchants,1.0,Critical
Ceramic Love Hearts Mug,0.21428571428571427,0.5,0.0,0.2857142857142857,138,130.1616,Metro Wholesale,1.0,Critical
Green Paper Doilies,0.328125,0.0,0.296875,0.125,155,130.1225,Metro Wholesale,0.75,Routine
Buttons And Stripes Notebook,0.30952380952380953,0.5,0.30952380952380953,0.19047619047619047,60,130.04999999999998,Summit Procurement,1.3095238095238095,Critical
French Paisley Cushion Cover,0.5,0.5,0.3125,0.5,211,130.0135,Global Goods Ltd.,1.8125,Critical
English Rose Ironing Board Cover,0.29545454545454547,0.5,0.0,0.5,53,129.98250000000002,Global Goods Ltd.,1.2954545454545454,Critical
Blue Juicy Fruit Photo Frame,0.2962962962962963,0.5,0.0,0.2037037037037037,85,129.829,Apex Merchants,1.0,Critical
Frosted Box White T-Light Candles,0.4146341463414634,0.0,0.17073170731707318,0.5,490,129.748,Metro Wholesale,1.0853658536585367,Critical
Wrap Bird Garden,0.0,0.5,0.5,0.0,575,129.20250000000001,Reliable Imports,1.0,Critical
Travel Card Wallet Suki,0.3076923076923077,0.0,0.20512820512820512,0.10256410256410256,575,128.9725,Apex Merchants,0.6153846153846153,Routine
Envelope Curious Images,0.20833333333333334,0.5,0.2916666666666667,0.0,284,128.9371,Metro Wholesale,1.0,Critical
Skulls Storage Box Small,0.0,0.5,0.2692307692307692,0.2692307692307692,99,128.7996,Reliable Imports,1.0384615384615383,Critical
Silver Disco Handbag,0.0,0.5,0.2826086956521739,0.2826086956521739,104,128.77190000000002,Global Goods Ltd.,1.0652173913043477,Critical
Lipstick Pen Baby Pink,0.5,0.0,0.0,0.0,552,128.7624,Gulf Source Co.,0.5,Routine
Gift Bag Birthday,0.5,0.5,0.0,0.5,344,128.6563,Prime Supply Partners,1.5,Critical
Biscuits Small Bowl Light Blue,0.5,0.0,0.18181818181818182,0.5,317,128.5302,Summit Procurement,1.1818181818181819,Critical
Orange Votive Candle,0.1590909090909091,0.5,0.0,0.3409090909090909,792,128.5272,Metro Wholesale,1.0,Critical
Party Invites Jazz Hearts,0.2073170731707317,0.5,0.0,0.2073170731707317,236,128.07319999999999,Prime Supply Partners,0.9146341463414633,Critical
Easter Gift Tags,0.5,0.5,0.0,0.5,284,127.94200000000001,Global Goods Ltd.,1.5,Critical
Mini Jigsaw Dinosaur,0.25,0.5,0.0,0.25,529,127.78769999999999,Reliable Imports,1.0,Critical
Animal Stickers,0.0,0.0,0.0,0.2833333333333333,1067,127.7199,Summit Procurement,0.2833333333333333,Routine
Columbian Candle Rectangle,0.2916666666666667,0.5,0.20833333333333334,0.20833333333333334,215,127.69179999999999,ValueLink Distribution,1.2083333333333333,Critical
Ass Col Large Sand Gecko P,0.20833333333333334,0.5,0.2916666666666667,0.2916666666666667,213,127.64249999999998,ValueLink Distribution,1.2916666666666667,Critical
Pink Metal Swinging Bunny,0.0,0.5,0.0,0.15217391304347827,245,127.449,Summit Procurement,0.6521739130434783,Routine
Napkin Charms Crowns,0.2708333333333333,0.5,0.0,0.5,90,127.14,Metro Wholesale,1.2708333333333333,Critical
Noel Garland Painted Zinc,0.5,0.5,0.0,0.5,390,126.98740000000001,ValueLink Distribution,1.5,Critical
Frog Sock Puppet,0.25,0.5,0.0,0.0,67,126.9125,Apex Merchants,0.75,Routine
Curious Images Gift Wrap,0.2413793103448276,0.0,0.3275862068965517,0.41379310344827586,213,126.6507,Global Goods Ltd.,0.9827586206896552,Critical
Wrap Magic Forest,0.20454545454545456,0.5,0.0,0.20454545454545456,550,126.61,Summit Procurement,0.9090909090909092,Critical
Basket/8 Scented Love Token Candles,0.5,0.5,0.2727272727272727,0.5,52,126.55239999999999,ValueLink Distribution,1.7727272727272727,Critical
Dark Bird House Tree Decoration,0.5,0.5,0.23214285714285715,0.26785714285714285,566,126.5196,Summit Procurement,1.5,Critical
Hanging Spring Flower Egg Small,0.23214285714285715,0.5,0.0,0.26785714285714285,569,126.4402,ValueLink Distribution,1.0,Critical
Bird Light Pink Feather,0.1511627906976744,0.0,0.0,0.5,374,126.32350000000001,ValueLink Distribution,0.6511627906976745,Routine
Vintage Notebook Travelogue,0.0,0.5,0.0,0.0,79,126.31309999999999,Northstar Trading,0.5,Routine
Pink Scottie Dog W Flower Pattern,0.5,0.5,0.2608695652173913,0.2391304347826087,84,126.054,Reliable Imports,1.5,Critical
Elephant Toy With Blue T-Shirt,0.0,0.5,0.0,0.5,56,125.9288,Summit Procurement,1.0,Critical
Beaded Crystal Heart Pink On Stick,0.5,0.5,0.0,0.0,377,125.718,Summit Procurement,1.0,Critical
Blue & White Breakfast Tray,0.0,0.5,0.19047619047619047,0.30952380952380953,51,125.286,Gulf Source Co.,1.0,Critical
Round Pink Heart Mirror,0.20454545454545456,0.5,0.20454545454545456,0.0,97,125.27550000000001,Global Goods Ltd.,0.9090909090909092,Critical
Decoration Pink Chick Magic Garden,0.37037037037037035,0.5,0.0,0.0,224,125.104,Evergreen Supply,0.8703703703703703,Critical
Mini Bunnies In A Bucket,0.0,0.5,0.0,0.3076923076923077,104,124.7952,Evergreen Supply,0.8076923076923077,Critical
Summer Fun Shower Cap,0.0,0.5,0.2826086956521739,0.5,514,124.6984,Northstar Trading,1.2826086956521738,Critical
S/4 Sky Blue Dinner Candles,0.21739130434782608,0.5,0.0,0.0,329,124.6944,Northstar Trading,0.717391304347826,Routine
Opium Scented Votive Candle,0.21739130434782608,0.5,0.0,0.5,720,124.43759999999999,Metro Wholesale,1.2173913043478262,Critical
Pink Honeycomb Paper Fan,0.2916666666666667,0.5,0.5,0.0,187,124.3867,Evergreen Supply,1.2916666666666667,Critical
Paperweight Home Sweet Home,0.2608695652173913,0.5,0.0,0.0,136,124.3629,Gulf Source Co.,0.7608695652173914,Routine
Party Pizza Dish Blue Polkadot,0.2962962962962963,0.5,0.0,0.0,512,124.35619999999999,Northstar Trading,0.7962962962962963,Critical
Eau De Nil Love Bird Candle,0.25,0.5,0.25,0.0,187,124.30449999999999,Metro Wholesale,1.0,Critical
Coffee Scent Pillar Candle,0.0,0.5,0.0,0.23214285714285715,206,124.07379999999999,Summit Procurement,0.7321428571428572,Routine
Panda And Bunnies Sticker Sheet,0.22727272727272727,0.5,0.0,0.0,254,123.698,Reliable Imports,0.7272727272727273,Routine
Folkart Heart Napkin Rings,0.2692307692307692,0.5,0.0,0.0,138,123.52550000000001,Prime Supply Partners,0.7692307692307692,Routine
Embroidered Ribbon Reel Emily,0.0,0.5,0.0,0.2777777777777778,104,123.1672,Reliable Imports,0.7777777777777778,Routine
Brown Pirate Treasure Chest,0.2777777777777778,0.5,0.2222222222222222,0.2777777777777778,149,123.14429999999999,Gulf Source Co.,1.2777777777777777,Critical
Blue Spotty Luggage Tag,0.0,0.5,0.5,0.5,314,123.03759999999998,ValueLink Distribution,1.5,Critical
Swiss Chalet Tree Decoration,0.15,0.0,0.35,0.16666666666666666,430,122.9258,Reliable Imports,0.6666666666666666,Routine
Strawberry Scented Set/9 T-Lights,0.25,0.5,0.0,0.5,244,122.90320000000001,Evergreen Supply,1.25,Critical
Space Owl,0.5,0.5,0.2708333333333333,0.2708333333333333,170,122.78989999999999,Metro Wholesale,1.5416666666666665,Critical
Ladle Love Heart Pink,0.0,0.0,0.0,0.1896551724137931,527,122.7164,Global Goods Ltd.,0.1896551724137931,Routine
Mirrored Wall Art Snowflakes,0.0,0.5,0.0,0.2916666666666667,229,122.7015,ValueLink Distribution,0.7916666666666667,Routine
Moody Boy Door Hanger,0.5,0.0,0.3953488372093023,0.1511627906976744,305,122.5862,Northstar Trading,1.0465116279069768,Critical
Set/4 Butterfly Mirror Magnets,0.2608695652173913,0.5,0.0,0.2608695652173913,142,122.46600000000001,Reliable Imports,1.0217391304347827,Critical
Blue Patch Pencil Case Pink Heart,0.0,0.5,0.22727272727272727,0.0,106,122.28059999999999,Global Goods Ltd.,0.7272727272727273,Routine
English Rose Metal Waste Bin,0.5,0.5,0.0,0.0,61,122.1891,Evergreen Supply,1.0,Critical
Rose Du Sud Childs Apron,0.5,0.5,0.2391304347826087,0.2608695652173913,47,122.0496,Gulf Source Co.,1.5,Critical
Paperweight Vintage Paisley,0.16666666666666666,0.5,0.0,0.3333333333333333,163,121.6927,Evergreen Supply,1.0,Critical
Flower/Butterfly Patches,0.5,0.5,0.5,0.32608695652173914,158,121.66,Metro Wholesale,1.8260869565217392,Critical
Decoration Butterfly Magic Garden,0.5,0.0,0.0,0.3225806451612903,240,121.584,Apex Merchants,0.8225806451612903,Critical
Picture Book Eggs Easter Ducks,0.21739130434782608,0.5,0.21739130434782608,0.5,187,121.32560000000001,Global Goods Ltd.,1.434782608695652,Critical
Bathroom Scales Rubber Ducks,0.5,0.5,0.3409090909090909,0.0,55,121.2843,Evergreen Supply,1.3409090909090908,Critical
Wrap Green Russian Folkart,0.0,0.5,0.0,0.5,625,121.24,Global Goods Ltd.,1.0,Critical
Pistachio Lovebird Coaster,0.5,0.5,0.25,0.0,195,121.1805,Global Goods Ltd.,1.25,Critical
Retro Plastic S Tray,0.0,0.5,0.13043478260869565,0.13043478260869565,322,121.1752,Reliable Imports,0.7608695652173914,Routine
Set/6 Collage Paper Plates,0.18055555555555555,0.0,0.3194444444444444,0.0,422,121.1404,Metro Wholesale,0.5,Routine
Pearlised Ivory Heart Small,0.19047619047619047,0.5,0.0,0.5,153,121.0689,Summit Procurement,1.1904761904761905,Critical
S/4 Rose Pink Dinner Candles,0.5,0.5,0.2391304347826087,0.2391304347826087,266,120.8836,Northstar Trading,1.4782608695652173,Critical
Folkart Clip On Stars,0.3125,0.5,0.0,0.3125,365,120.714,Evergreen Supply,1.125,Critical
Decorative Flore Bathroom Bottle,0.23076923076923078,0.5,0.0,0.5,174,120.6384,Prime Supply Partners,1.2307692307692308,Critical
Set/6 Black Bird T-Light Candles,0.5,0.5,0.0,0.5,175,120.31949999999999,Reliable Imports,1.5,Critical
Blue Shark Helicopter,0.0,0.5,0.25,0.0,25,120.045,Summit Procurement,0.75,Routine
Vintage Rose Bead Bracelet Black,0.0,0.5,0.5,0.5,51,119.646,Reliable Imports,1.5,Critical
Set/6 Bead Coasters Gauze Bag Gold,0.0,0.5,0.5,0.0,325,119.46430000000001,Northstar Trading,1.0,Critical
Green Fairy Cake Cases,0.359375,0.0,0.5,0.0,329,118.90060000000001,Global Goods Ltd.,0.859375,Critical
Christmas Craft Heart Decorations,0.5,0.5,0.1956521739130435,0.5,96,118.7424,ValueLink Distribution,1.6956521739130435,Critical
Home Sweet Home Hook,0.3181818181818182,0.5,0.0,0.0,144,118.1789,ValueLink Distribution,0.8181818181818181,Critical
Picture Book Eggs Easter Chicks,0.5,0.5,0.21739130434782608,0.5,175,118.12500000000003,ValueLink Distribution,1.7173913043478262,Critical
Psychedelic Tile Coaster,0.30952380952380953,0.5,0.19047619047619047,0.30952380952380953,397,117.9914,Metro Wholesale,1.3095238095238095,Critical
Tea Time Breakfast Basket,0.0,0.5,0.2727272727272727,0.0,84,117.8352,Global Goods Ltd.,0.7727272727272727,Routine
First Class Passport Cover,0.19230769230769232,0.5,0.0,0.19230769230769232,91,117.4797,Evergreen Supply,0.8846153846153846,Critical
Citrus Garland Felt Flowers,0.5,0.5,0.0,0.5,101,117.38219999999998,ValueLink Distribution,1.5,Critical
Fairy Cake Paper Napkins,0.22916666666666666,0.5,0.0,0.0,225,117.045,Gulf Source Co.,0.7291666666666666,Routine
Ninja Rabbit Pink,0.5,0.5,0.0,0.2391304347826087,147,116.7931,Global Goods Ltd.,1.2391304347826086,Critical
Motoring Tissue Box,0.3404255319148936,0.0,0.0,0.13829787234042554,307,116.3856,Prime Supply Partners,0.4787234042553191,Routine
Gold Ear Muff Headphones,0.5,0.5,0.29545454545454547,0.20454545454545456,45,116.12349999999999,Metro Wholesale,1.5,Critical
Bird L Blue Feather,0.5,0.5,0.0,0.0,161,115.722,Northstar Trading,1.0,Critical
Nightingale Coathook White,0.0,0.5,0.25,0.0,105,115.3488,Summit Procurement,0.75,Routine
S/4 Black Mini Rose Candle In,0.5,0.5,0.0,0.5,262,115.1682,ValueLink Distribution,1.5,Critical
Fairy Cakes Notebook A7,0.35555555555555557,0.0,0.3,0.14444444444444443,475,115.0372,Metro Wholesale,0.8,Critical
Origami Rose Incense/Candle,0.30434782608695654,0.5,0.0,0.0,187,114.9982,Metro Wholesale,0.8043478260869565,Critical
Carousel Washbag,0.2692307692307692,0.5,0.0,0.23076923076923078,90,114.948,Apex Merchants,1.0,Critical
Napkin Charms Instrument,0.5,0.5,0.0,0.5,77,114.44720000000001,Summit Procurement,1.5,Critical
Black Face Lamb With Pants,0.5,0.5,0.0,0.0,44,114.0882,Prime Supply Partners,1.0,Critical
Ribbons Purse,0.5,0.5,0.0,0.5,110,113.88300000000001,ValueLink Distribution,1.5,Critical
Card Party Games,0.5,0.0,0.19696969696969696,0.3787878787878788,502,113.8558,ValueLink Distribution,1.0757575757575757,Critical
Christmas Tree Decoration With Bell,0.5,0.5,0.0,0.5,541,113.82639999999999,Apex Merchants,1.5,Critical
Dairy Maid Small Milk Jug,0.0,0.5,0.0,0.22916666666666666,83,113.8179,Evergreen Supply,0.7291666666666666,Routine
Cosy Slipper Shoes Large Red,0.2391304347826087,0.5,0.0,0.5,65,113.70450000000001,Reliable Imports,1.2391304347826086,Critical
Dairy Maid Pudding Bowl,0.18181818181818182,0.5,0.3181818181818182,0.0,44,113.52000000000001,Apex Merchants,1.0,Critical
English Rose Tape Measure,0.2608695652173913,0.5,0.0,0.5,144,113.39999999999999,Summit Procurement,1.2608695652173914,Critical
Skulls Square Tissue Box,0.0,0.5,0.0,0.5,295,113.3535,Global Goods Ltd.,1.0,Critical
Easter Tin Chicks Pink Daisy,0.5,0.5,0.0,0.5,125,113.025,Summit Procurement,1.5,Critical
Pink Gingham Cat With Scarf,0.2391304347826087,0.5,0.0,0.5,91,113.0038,Northstar Trading,1.2391304347826086,Critical
Dairy Maid Sugar Jam Bowl,0.0,0.5,0.0,0.0,81,112.6062,Prime Supply Partners,0.5,Routine
Tutti Frutti Bracelet,0.13333333333333333,0.0,0.0,0.0,875,112.56819999999999,Summit Procurement,0.13333333333333333,Routine
Set/6 Fruit Salad Paper Plates,0.1724137931034483,0.0,0.1724137931034483,0.3275862068965517,507,112.5127,Summit Procurement,0.6724137931034483,Routine
Green Birdhouse Decoration,0.5,0.5,0.0,0.0,264,112.4688,Metro Wholesale,1.0,Critical
Eau De Nile Heart Shape Photo,0.3,0.5,0.2,0.0,105,111.405,Apex Merchants,1.0,Critical
Easter Decoration Natural Chick,0.5,0.0,0.0,0.5,338,110.62260000000002,ValueLink Distribution,1.0,Critical
Mini Toadstool Pegs,0.24074074074074073,0.5,0.0,0.0,133,110.5629,Prime Supply Partners,0.7407407407407407,Routine
Hearts Gift Tape,0.0,0.5,0.0,0.23214285714285715,431,110.5192,Gulf Source Co.,0.7321428571428572,Routine
Madras Notebook Medium,0.0,0.5,0.24074074074074073,0.25925925925925924,248,110.39240000000001,Apex Merchants,1.0,Critical
Pink Paisley Square Tissue Box,0.13513513513513514,0.0,0.25675675675675674,0.5,241,110.0135,Gulf Source Co.,0.8918918918918919,Critical
Set/4 Bird Mirror Magnets,0.5,0.5,0.5,0.0,228,109.96560000000001,Apex Merchants,1.5,Critical
Set/6 Pink Bird T-Light Candles,0.1346153846153846,0.5,0.0,0.1346153846153846,92,109.788,Northstar Trading,0.7692307692307692,Routine
Travel Card Wallet Vintage Leaf,0.23076923076923078,0.5,0.0,0.5,446,109.5822,Evergreen Supply,1.2307692307692308,Critical
Magic Drawing Slate Leap Frog,0.16666666666666666,0.0,0.0,0.375,504,109.5456,Northstar Trading,0.5416666666666666,Routine
Mini Playing Cards Gymkhana,0.0,0.5,0.26785714285714285,0.23214285714285715,483,109.5444,Evergreen Supply,1.0,Critical
Small Folkart Star Christmas Dec,0.5,0.5,0.32,0.5,681,109.455,Evergreen Supply,1.82,Critical
Bunny Decoration Magic Garden,0.5,0.0,0.0,0.0,219,108.96879999999999,Summit Procurement,0.5,Routine
Premium Church Candle,0.25,0.5,0.25,0.25,86,108.5406,Gulf Source Co.,1.25,Critical
Blue Knitted Hen,0.30952380952380953,0.5,0.0,0.0,106,108.43799999999999,Apex Merchants,0.8095238095238095,Critical
Porcelain Budah Incense Holder,0.2857142857142857,0.5,0.0,0.0,1842,108.10379999999999,Apex Merchants,0.7857142857142857,Routine
Card Cat And Tree,0.0,0.0,0.0,0.2972972972972973,480,107.85600000000001,Summit Procurement,0.2972972972972973,Routine
French Lattice Cushion Cover,0.29545454545454547,0.5,0.0,0.5,186,107.4445,Metro Wholesale,1.2954545454545454,Critical
Hen Party Cordon Barrier Tape,0.5,0.5,0.2619047619047619,0.0,127,107.315,Northstar Trading,1.2619047619047619,Critical
Birthday Party Cordon Barrier Tape,0.5,0.0,0.0,0.5,161,107.3038,Global Goods Ltd.,1.0,Critical
S/4 Groovy Cat Magnets,0.0,0.5,0.2391304347826087,0.0,114,107.0307,Prime Supply Partners,0.7391304347826086,Routine
Metal Sign His Dinner Is Served,0.4090909090909091,0.0,0.0,0.19696969696969696,147,106.9901,Metro Wholesale,0.6060606060606061,Routine
Fire Engine/Car Patches,0.16666666666666666,0.5,0.3333333333333333,0.16666666666666666,143,106.89250000000001,Global Goods Ltd.,1.1666666666666667,Critical
Cherub Heart Decoration Gold,0.20833333333333334,0.5,0.0,0.20833333333333334,212,106.7184,Apex Merchants,0.9166666666666667,Critical
Retro Longboard Ironing Board Cover,0.22916666666666666,0.5,0.0,0.22916666666666666,125,106.7084,Northstar Trading,0.9583333333333333,Critical
Money Box First Ade,0.0,0.5,0.0,0.3,146,106.4838,Apex Merchants,0.8,Critical
Red Heart Luggage Tag,0.0,0.0,0.14705882352941177,0.22058823529411764,156,106.47,ValueLink Distribution,0.36764705882352944,Routine
Black Lovebird Coasters,0.3409090909090909,0.5,0.0,0.1590909090909091,163,106.3984,Reliable Imports,0.9999999999999999,Critical
Mini Jigsaw Go To The Fair,0.5,0.5,0.5,0.22916666666666666,415,105.4567,ValueLink Distribution,1.7291666666666667,Critical
Pink Hen+Chicks In Basket,0.0,0.5,0.2619047619047619,0.5,57,105.3759,Northstar Trading,1.2619047619047619,Critical
First Class Luggage Tag,0.0,0.5,0.0,0.0,140,105.33239999999999,Prime Supply Partners,0.5,Routine
Recycled Pencil With Rabbit Eraser,0.0,0.0,0.17567567567567569,0.0,844,104.7404,ValueLink Distribution,0.17567567567567569,Routine
Photo Clip Line,0.5,0.5,0.0,0.2608695652173913,124,104.3212,Gulf Source Co.,1.2608695652173914,Critical
Vintage Doily Tissues,0.0,0.5,0.0,0.0,476,104.1488,Metro Wholesale,0.5,Routine
Dinosaur Birthday Card,0.5,0.0,0.0,0.5,468,103.9968,Prime Supply Partners,1.0,Critical
Toothpaste Tube Pen,0.0,0.5,0.0,0.2222222222222222,343,103.58619999999999,Gulf Source Co.,0.7222222222222222,Routine
Botanical Rose Greeting Card,0.1206896551724138,0.0,0.0,0.0,444,103.2744,Gulf Source Co.,0.1206896551724138,Routine
Ass Col Large Sand Frog P,0.26785714285714285,0.5,0.0,0.0,171,102.54780000000001,Prime Supply Partners,0.7678571428571428,Routine
Retro Plastic Daisy Tray,0.0,0.5,0.2717391304347826,0.2717391304347826,299,102.33070000000001,Prime Supply Partners,1.0434782608695652,Critical
White Snow Scandinavian Stocking,0.0,0.5,0.0,0.5,307,102.0893,Northstar Trading,1.0,Critical
Colour Metal Cat,0.0,0.5,0.0,0.0,143,101.75,Gulf Source Co.,0.5,Routine
Wire Flower T-Light Holder,0.5,0.5,0.20454545454545456,0.29545454545454547,132,101.30999999999999,Global Goods Ltd.,1.5,Critical
Kittens Flannel,0.21153846153846154,0.5,0.0,0.0,227,101.11250000000001,Gulf Source Co.,0.7115384615384616,Routine
Blossom Images Gift Wrap,0.0,0.0,0.3620689655172414,0.15517241379310345,232,101.0832,Northstar Trading,0.5172413793103449,Routine
Blue Birdhouse Decoration,0.2962962962962963,0.5,0.0,0.2962962962962963,234,101.03710000000001,Prime Supply Partners,1.0925925925925926,Critical
Yellow Easter Egg Hunt Start Post,0.5,0.5,0.21428571428571427,0.5,100,101.01,ValueLink Distribution,1.7142857142857142,Critical
Black Love Bird Candle,0.22727272727272727,0.5,0.5,0.0,154,100.91260000000001,Gulf Source Co.,1.2272727272727273,Critical
Travel Card Wallet Pantry,0.203125,0.0,0.140625,0.203125,437,100.822,Evergreen Supply,0.546875,Routine
Bunny Wooden Painted With Flower,0.5,0.0,0.203125,0.15625,193,100.6348,Global Goods Ltd.,0.859375,Critical
Funky Monkey Cushion Cover,0.0,0.5,0.0,0.21428571428571427,203,100.4241,Reliable Imports,0.7142857142857143,Routine
Cakes And Rabbits Flannel,0.0,0.5,0.25,0.25,210,100.347,Gulf Source Co.,1.0,Critical
Christmas Tree Hanging Silver,0.5,0.5,0.0,0.5,228,100.2108,Reliable Imports,1.5,Critical
Napkin Charms Keys,0.5,0.5,0.22,0.0,75,100.0402,Northstar Trading,1.22,Critical
La Palmiera Tile Coaster,0.0,0.5,0.5,0.18181818181818182,388,100.023,Gulf Source Co.,1.1818181818181819,Critical
Popart Wooden Pencils Asst,0.0,0.5,0.0,0.0,3800,99.94000000000001,Metro Wholesale,0.5,Routine
Bunny Egg Garland,0.2777777777777778,0.5,0.0,0.0,386,99.8582,Apex Merchants,0.7777777777777778,Routine
Magic Drawing Slate Go To The,0.1323529411764706,0.0,0.0,0.1323529411764706,399,99.5505,Global Goods Ltd.,0.2647058823529412,Routine
Fairy Dreams Incense,0.3,0.5,0.3,0.0,800,99.44,Apex Merchants,1.1,Critical
Wake Up Cockerel Tile Coaster,0.2727272727272727,0.5,0.0,0.22727272727272727,401,99.15,ValueLink Distribution,1.0,Critical
Decoupage Greeting Card,0.0,0.5,0.14814814814814814,0.0,408,99.0624,Summit Procurement,0.6481481481481481,Routine
Christmas Hanging Snowflake,0.5,0.5,0.0,0.5,216,98.34510000000002,Northstar Trading,1.5,Critical
White/Blue Pull Back Racing Car,0.3125,0.0,0.0,0.328125,296,98.3312,Evergreen Supply,0.640625,Routine
Card Dog And Ball,0.15714285714285714,0.0,0.34285714285714286,0.0,432,98.15039999999999,Gulf Source Co.,0.5,Routine
Jigsaw Tree With Watering Can,0.359375,0.0,0.21875,0.5,346,98.1426,Reliable Imports,1.078125,Critical
Paisley Park Tissues,0.5,0.5,0.0,0.23214285714285715,376,97.94800000000001,Evergreen Supply,1.2321428571428572,Critical
Wake Up Cockerel Calendar Sign,0.0,0.5,0.20454545454545456,0.5,39,97.474,Prime Supply Partners,1.2045454545454546,Critical
Yellow Flowers Felt Handbag Kit,0.5,0.5,0.0,0.2608695652173913,68,97.3896,Global Goods Ltd.,1.2608695652173914,Critical
Easter Bunny Garland Flowers,0.5,0.5,0.0,0.5,397,97.3841,Evergreen Supply,1.5,Critical
Purple/Turq Flowers Handbag,0.0,0.5,0.0,0.2391304347826087,107,97.3769,Global Goods Ltd.,0.7391304347826086,Routine
Monkey Suction Cup Hook,0.0,0.5,0.26,0.0,357,96.7905,Northstar Trading,0.76,Routine
Christmas Card Singing Angel,0.5,0.5,0.21428571428571427,0.5,432,96.4512,Apex Merchants,1.7142857142857142,Critical
Green Petit Four Cases,0.18181818181818182,0.0,0.5,0.19696969696969696,352,96.37759999999999,Apex Merchants,0.8787878787878789,Critical
Space Frog,0.16666666666666666,0.5,0.0,0.0,128,96.21719999999999,ValueLink Distribution,0.6666666666666666,Routine
Bathroom Scales Footprints In Sand,0.0,0.5,0.5,0.0,39,96.0857,Prime Supply Partners,1.0,Critical
Mirrored Wall Art Gents,0.22727272727272727,0.5,0.0,0.2727272727272727,144,95.86500000000001,Evergreen Supply,1.0,Critical
White Pearl Beaded Heart Small,0.28,0.5,0.0,0.5,117,94.6296,Northstar Trading,1.28,Critical
Small Folding Scissor Pointed Edge,0.24074074074074073,0.5,0.0,0.0,1141,93.8119,Apex Merchants,0.7407407407407407,Routine
Ivory Hanging Decoration Egg,0.3333333333333333,0.5,0.0,0.3333333333333333,270,93.6318,Northstar Trading,1.1666666666666665,Critical
Light Bird House Tree Decoration,0.5,0.5,0.0,0.5,226,93.50840000000001,Apex Merchants,1.5,Critical
Hanging Heart Bonheur,0.2708333333333333,0.5,0.0,0.0,169,93.2204,Gulf Source Co.,0.7708333333333333,Routine
Egg Frying Pan Pink,0.5,0.5,0.0,0.20833333333333334,71,92.9837,Metro Wholesale,1.2083333333333333,Critical
Travel Card Wallet Flower Meadow,0.0,0.5,0.0,0.0,382,92.4058,Northstar Trading,0.5,Routine
Dairy Maid Ceramic Butter Dish,0.22,0.5,0.0,0.5,37,92.3039,ValueLink Distribution,1.22,Critical
Camphor Wood Portobello Mushroom,0.5,0.5,0.0,0.0,142,91.8912,Northstar Trading,1.0,Critical
Denim Patch Purse Pink Butterfly,0.5,0.5,0.0,0.25925925925925924,104,91.80080000000001,Metro Wholesale,1.2592592592592593,Critical
Bank Account Greeting Card,0.22,0.5,0.0,0.22,396,91.6212,Metro Wholesale,0.94,Critical
Easter Decoration Sitting Bunny,0.5,0.0,0.0,0.5,385,91.1358,Metro Wholesale,1.0,Critical
Cute Cats Tape,0.26,0.5,0.24,0.24,307,90.2604,ValueLink Distribution,1.24,Critical
Multicolour Rabbit Egg Warmer,0.5,0.5,0.22727272727272727,0.0,103,90.1673,Evergreen Supply,1.2272727272727273,Critical
Embroidered Ribbon Reel Rosie,0.0,0.5,0.0,0.5,81,89.703,Global Goods Ltd.,1.0,Critical
Eight Creepy Crawlie,0.36363636363636365,0.0,0.0,0.22727272727272727,112,89.60000000000001,Global Goods Ltd.,0.5909090909090909,Routine
Pink Chick Egg Warmer + Egg,0.23809523809523808,0.5,0.5,0.23809523809523808,114,89.4996,Gulf Source Co.,1.4761904761904763,Critical
Skulls Tape,0.0,0.5,0.0,0.32,291,88.89150000000001,Apex Merchants,0.8200000000000001,Critical
Ninja Rabbit Black,0.0,0.5,0.29545454545454547,0.29545454545454547,122,88.8596,Apex Merchants,1.0909090909090908,Critical
S/6 Sew On Crochet Flowers,0.3333333333333333,0.5,0.5,0.5,114,88.78320000000001,Northstar Trading,1.8333333333333333,Critical
Rainbow Pegs Photo Clip String,0.5,0.5,0.25,0.5,295,88.666,Evergreen Supply,1.75,Critical
Beaded Crystal Heart Green Small,0.2619047619047619,0.5,0.0,0.2619047619047619,127,88.4274,Prime Supply Partners,1.0238095238095237,Critical
Stripes Teddy,0.0,0.5,0.0,0.24,58,88.2934,Reliable Imports,0.74,Routine
Black Fairy Cake Cases,0.0,0.5,0.0,0.18181818181818182,228,88.2816,Reliable Imports,0.6818181818181819,Routine
New England Teatowels,0.2727272727272727,0.5,0.5,0.5,62,87.7424,Apex Merchants,1.7727272727272727,Critical
Egg Frying Pan Mint,0.5,0.5,0.20833333333333334,0.0,67,87.5154,Metro Wholesale,1.2083333333333333,Critical
Smokey Grey Colour D O F,0.21739130434782608,0.5,0.0,0.2826086956521739,361,86.9986,Gulf Source Co.,1.0,Critical
Set/6 Collage Paper Cups,0.0,0.0,0.36764705882352944,0.2647058823529412,519,86.6606,Prime Supply Partners,0.6323529411764706,Routine
Painted Yellow Wooden Daisy,0.0,0.5,0.0,0.0,150,86.58000000000001,Global Goods Ltd.,0.5,Routine
Botanical Lily Greeting Card,0.0,0.5,0.2692307692307692,0.5,337,86.3394,Reliable Imports,1.2692307692307692,Critical
Fairy Cake Notebook A5,0.1724137931034483,0.0,0.1896551724137931,0.3103448275862069,177,86.0574,Prime Supply Partners,0.6724137931034483,Routine
Space Cadet Red,0.25,0.5,0.25,0.0,114,85.23559999999999,Global Goods Ltd.,1.0,Critical
Dolly Girl Tissues,0.5,0.5,0.0,0.19230769230769232,332,84.42760000000001,Apex Merchants,1.1923076923076923,Critical
Polyester Filler Pad 30Cmx30Cm,0.32608695652173914,0.5,0.0,0.17391304347826086,110,84.15,Northstar Trading,1.0,Critical
Scandinavian Hearts Napkin Ring,0.2222222222222222,0.5,0.0,0.2222222222222222,616,84.1486,Gulf Source Co.,0.9444444444444444,Critical
Set/20 Collage Paper Napkin,0.17307692307692307,0.5,0.17307692307692307,0.17307692307692307,163,84.108,Reliable Imports,1.0192307692307694,Critical
Fawn And Mushroom Greeting Card,0.0,0.5,0.0,0.0,336,83.26079999999999,Global Goods Ltd.,0.5,Routine
Funky Girlz Asst Magnetic Memo Pad,0.23809523809523808,0.5,0.0,0.2619047619047619,206,83.1622,Metro Wholesale,1.0,Critical
Egg Frying Pan Ivory,0.2692307692307692,0.5,0.0,0.2692307692307692,61,82.8502,Global Goods Ltd.,1.0384615384615383,Critical
Old Doc Russel Metal Sign,0.0,0.5,0.0,0.0,61,82.7526,Summit Procurement,0.5,Routine
Space Cadet White,0.5,0.5,0.0,0.21428571428571427,100,82.47080000000001,Metro Wholesale,1.2142857142857142,Critical
Blue Paisley Tissue Box,0.0,0.0,0.0,0.0,198,82.3194,Global Goods Ltd.,0.0,Routine
Christmas Card Stack Presents,0.5,0.5,0.0,0.5,588,82.31400000000001,ValueLink Distribution,1.5,Critical
Christmas Card Screen Print,0.30357142857142855,0.5,0.30357142857142855,0.5,576,82.2456,Gulf Source Co.,1.6071428571428572,Critical
Cocktail Swords,0.26,0.5,0.26,0.0,176,82.0896,Gulf Source Co.,1.02,Critical
Mock Lobster Fridge Magnet,0.0,0.5,0.0,0.2608695652173913,211,81.6761,Prime Supply Partners,0.7608695652173914,Routine
Vintage Doily Chalk,0.0,0.5,0.0,0.0,366,81.61800000000001,Global Goods Ltd.,0.5,Routine
Hanging Wood And Felt Butterfly,0.0,0.0,0.203125,0.15625,319,81.2593,ValueLink Distribution,0.359375,Routine
Kitty Pencil Erasers,0.0,0.5,0.0,0.5,614,81.1094,Evergreen Supply,1.0,Critical
Vippassport Cover,0.2692307692307692,0.5,0.0,0.2692307692307692,57,80.5581,Apex Merchants,1.0384615384615383,Critical
Paisley Pattern Stickers,0.0,0.5,0.0,0.25,188,80.49879999999999,Global Goods Ltd.,0.75,Routine
Doily Thank You Card,0.25,0.5,0.25,0.0,318,80.256,Global Goods Ltd.,1.0,Critical
Candy Spot Heart Decoration,0.2391304347826087,0.5,0.2608695652173913,0.0,159,80.136,Summit Procurement,1.0,Critical
Polkadot Coasters,0.5,0.5,0.0,0.26,93,79.29010000000001,Global Goods Ltd.,1.26,Critical
Booze & Women Greeting Card,0.0,0.5,0.18,0.0,301,78.8021,Global Goods Ltd.,0.6799999999999999,Routine
Swirly Circular Rubbers In Bag,0.25,0.5,0.25,0.25,318,78.74210000000001,Apex Merchants,1.25,Critical
Blue Fly Swat,0.5,0.5,0.0,0.2692307692307692,174,78.6471,Evergreen Supply,1.2692307692307692,Critical
Red Apple Tissues,0.2826086956521739,0.5,0.21739130434782608,0.2826086956521739,306,78.642,Summit Procurement,1.2826086956521738,Critical
New England Ceramic Cake Server,0.5,0.5,0.3181818181818182,0.0,47,78.1422,Apex Merchants,1.3181818181818181,Critical
Blue Rose Patch Purse Pink Butterfl,0.0,0.5,0.0,0.25,87,77.6562,Evergreen Supply,0.75,Routine
Blue Circles Teddy,0.3333333333333333,0.5,0.5,0.5,50,77.39,ValueLink Distribution,1.8333333333333333,Critical
Mini Playing Cards Buffalo Bill,0.0,0.5,0.0,0.2,302,77.3724,Apex Merchants,0.7,Routine
Box/12 Chick & Egg In Basket,0.2777777777777778,0.5,0.0,0.2777777777777778,60,77.34,Gulf Source Co.,1.0555555555555556,Critical
Tropical Luggage Tag,0.0,0.5,0.0,0.5,180,77.1203,Reliable Imports,1.0,Critical
Red Victorian Fabric Oval Box,0.32142857142857145,0.5,0.32142857142857145,0.0,262,77.02799999999999,Gulf Source Co.,1.1428571428571428,Critical
English Rose Small Scented Flower,0.2391304347826087,0.5,0.2608695652173913,0.0,140,76.87400000000001,Prime Supply Partners,1.0,Critical
Blue Pudding Spoon,0.25,0.5,0.5,0.5,464,76.8224,Global Goods Ltd.,1.75,Critical
Blue Patch Purse Pink Heart,0.5,0.5,0.0,0.25925925925925924,96,76.50240000000001,Summit Procurement,1.2592592592592593,Critical
Acrylic Hanging Jewel Blue,0.3333333333333333,0.5,0.16666666666666666,0.3333333333333333,292,76.3814,Metro Wholesale,1.3333333333333333,Critical
Fairy Cake Greetings Card,0.0,0.5,0.0,0.34782608695652173,324,76.3344,Apex Merchants,0.8478260869565217,Critical
Red Bird House Tree Decoration,0.5,0.5,0.25,0.0,224,76.32,Global Goods Ltd.,1.25,Critical
Folding Butterfly Mirror Ivory,0.3448275862068966,0.0,0.0,0.3448275862068966,149,76.0556,Metro Wholesale,0.6896551724137931,Routine
Set/4 Modern Vintage Cotton Napkins,0.0,0.5,0.15217391304347827,0.15217391304347827,55,75.2557,Northstar Trading,0.8043478260869565,Critical
Pink Knitted Cow Stuffed Toy,0.5,0.5,0.40476190476190477,0.09523809523809523,34,74.9656,Northstar Trading,1.5,Critical
Flag St George Car Flag,0.18181818181818182,0.5,0.0,0.0,292,74.5768,Apex Merchants,0.6818181818181819,Routine
Vintage Leaf Tissues,0.0,0.5,0.28,0.0,342,74.41919999999999,Reliable Imports,0.78,Routine
Icon Placemat Pop Art Elvis,0.14285714285714285,0.5,0.0,0.0,769,74.2528,Prime Supply Partners,0.6428571428571428,Routine
Candy Spot Egg Warmer Rabbit,0.20454545454545456,0.5,0.20454545454545456,0.0,397,73.9148,Northstar Trading,0.9090909090909092,Critical
Carousel Ponies Baby Bib,0.5,0.5,0.0,0.0,103,73.8703,Gulf Source Co.,1.0,Critical
S/12 Mini Rabbit Easter,0.5,0.5,0.5,0.5,89,73.8611,Gulf Source Co.,2.0,Critical
Carousel Des Child S Apron,0.5,0.5,0.0,0.2619047619047619,72,73.65599999999999,Northstar Trading,1.2619047619047619,Critical
Charlie+Lola My Room Door Sign,0.0,0.5,0.0,0.25925925925925924,144,73.5845,Evergreen Supply,0.7592592592592593,Routine
Folk Art Metal Star T-Light Holder,0.20833333333333334,0.5,0.20833333333333334,0.5,322,73.0038,Evergreen Supply,1.4166666666666667,Critical
Cartoon Pencil Sharpeners,0.3,0.5,0.3,0.0,1366,72.57719999999999,Northstar Trading,1.1,Critical
Set/4 Daisy Mirror Magnets,0.0,0.5,0.0,0.22916666666666666,257,72.5703,ValueLink Distribution,0.7291666666666666,Routine
Jasmine Tea Incense In Tin,0.22727272727272727,0.5,0.0,0.0,93,72.5172,Reliable Imports,0.7272727272727273,Routine
Travel Card Wallet Vintage Rose,0.2826086956521739,0.5,0.0,0.21739130434782608,304,72.1392,Northstar Trading,0.9999999999999999,Critical
Travel Card Wallet Skulls,0.0,0.0,0.14705882352941177,0.17647058823529413,300,71.94,Prime Supply Partners,0.3235294117647059,Routine
Vintage Blue Tinsel Reel,0.0,0.5,0.0,0.5,181,71.6142,Evergreen Supply,1.0,Critical
Botanical Lavender Birthday Card,0.5,0.5,0.21153846153846154,0.5,317,70.1813,Reliable Imports,1.7115384615384615,Critical
Pack/12 Blue Folkart Cards,0.25,0.5,0.0,0.0,44,69.96000000000001,Evergreen Supply,0.75,Routine
Pink Poodle Hanging Decoration,0.22727272727272727,0.5,0.0,0.22727272727272727,270,69.61760000000001,Gulf Source Co.,0.9545454545454546,Critical
Queen The Skies Passport Cover,0.17307692307692307,0.5,0.0,0.17307692307692307,57,69.2127,Northstar Trading,0.8461538461538463,Critical
Halloween Ghost T-Lights,0.5,0.0,0.05172413793103448,0.5,296,68.6128,Global Goods Ltd.,1.0517241379310345,Critical
Red Daisy Pocket Book,0.1875,0.5,0.0,0.3125,129,68.5248,Evergreen Supply,1.0,Critical
Party Time Pencil Erasers,0.19117647058823528,0.0,0.0,0.0,548,68.4893,Reliable Imports,0.19117647058823528,Routine
Green Fern Notebook,0.2692307692307692,0.5,0.0,0.0,77,68.222,Global Goods Ltd.,0.7692307692307692,Routine
Robot Mug In Display Box,0.15217391304347827,0.5,0.15217391304347827,0.5,82,66.83,ValueLink Distribution,1.3043478260869565,Critical
Blue Paisley Notebook,0.0,0.5,0.0,0.26785714285714285,64,66.208,Gulf Source Co.,0.7678571428571428,Routine
Set/6 Angel T-Lights White/Gold,0.5,0.5,0.0,0.5,253,65.934,Reliable Imports,1.5,Critical
Sweet Pudding Sticker Sheet,0.0,0.5,0.2727272727272727,0.22727272727272727,136,65.7696,Global Goods Ltd.,1.0,Critical
Folk Art Metal Heart T-Light Holder,0.5,0.5,0.0,0.5,267,64.92360000000001,Northstar Trading,1.5,Critical
Blue Egg Spoon,0.1896551724137931,0.0,0.1206896551724138,0.1206896551724138,526,64.886,Apex Merchants,0.4310344827586207,Routine
Set/6 Silver Reindeer T-Lights,0.5,0.5,0.2727272727272727,0.5,100,64.4954,Summit Procurement,1.7727272727272727,Critical
Pencils Small Tube Posy,0.16666666666666666,0.5,0.0,0.0,159,64.39500000000001,ValueLink Distribution,0.6666666666666666,Routine
Daisy Notebook,0.0,0.5,0.2608695652173913,0.0,65,63.596000000000004,Apex Merchants,0.7608695652173914,Routine
Colour Lizard Suction Hook,0.23076923076923078,0.5,0.0,0.0,241,63.57579999999999,Metro Wholesale,0.7307692307692308,Routine
Giant Black Sunglasses,0.0,0.5,0.21428571428571427,0.21428571428571427,47,63.5158,Summit Procurement,0.9285714285714286,Critical
Blue Polkadot Passport Cover,0.5,0.5,0.15384615384615385,0.15384615384615385,73,63.341699999999996,Evergreen Supply,1.3076923076923075,Critical
Set/3 Rabbits Flower Skippping Rope,0.5,0.5,0.0,0.18181818181818182,118,63.2834,Summit Procurement,1.1818181818181819,Critical
Abstract Circles Pocket Book,0.3076923076923077,0.5,0.19230769230769232,0.0,114,63.281400000000005,Apex Merchants,1.0,Critical
Abstract Circles Notebook,0.2608695652173913,0.5,0.2391304347826087,0.0,64,62.0928,Reliable Imports,1.0,Critical
Mirrored Wall Art Table Lamp,0.38095238095238093,0.5,0.0,0.5,80,61.4884,Reliable Imports,1.380952380952381,Critical
Hearts Wrapping Tape,0.0,0.5,0.1590909090909091,0.0,290,60.971999999999994,Northstar Trading,0.6590909090909091,Routine
Egg Frying Pan Blue,0.5,0.5,0.0,0.1875,47,60.90260000000001,Evergreen Supply,1.1875,Critical
Pencils Tube Posy,0.25,0.5,0.25,0.25,84,60.48,Prime Supply Partners,1.25,Critical
Jelly Babies Yellow Small Bowl,0.0,0.5,0.0,0.5,75,59.527499999999996,Apex Merchants,1.0,Critical
Garden Path Notebook,0.3076923076923077,0.5,0.0,0.0,60,59.496,Gulf Source Co.,0.8076923076923077,Critical
Circular Mobile,0.0,0.5,0.0,0.29545454545454547,457,59.3327,Northstar Trading,0.7954545454545454,Critical
Charlie+Lola Extremely Busy Sign,0.0,0.0,0.0,0.0,126,58.703199999999995,Gulf Source Co.,0.0,Routine
Psychedelic Tile Hook,0.0,0.5,0.2608695652173913,0.2391304347826087,135,57.9255,Evergreen Supply,1.0,Critical
Pink Flock Christmas Balls,0.5,0.5,0.0,0.5,80,57.696,Evergreen Supply,1.5,Critical
Popart Rect Pencil Sharpener Asst,0.0,0.5,0.5,0.21428571428571427,797,57.54879999999999,Metro Wholesale,1.2142857142857142,Critical
Cherry Blossom Passport Cover,0.0,0.5,0.0,0.0,63,57.479499999999994,Summit Procurement,0.5,Routine
Ass Floral Print Spirit Level,0.0,0.5,0.0,0.2608695652173913,63,57.0066,ValueLink Distribution,0.7608695652173914,Routine
Pocket Mirror Glamorous,0.21428571428571427,0.5,0.0,0.0,75,56.625,Summit Procurement,0.7142857142857143,Routine
Hanging Wood And Felt Flower,0.5,0.5,0.28846153846153844,0.0,536,55.89280000000001,Apex Merchants,1.2884615384615383,Critical
French Style Storage Jar Jam,0.2857142857142857,0.5,0.2857142857142857,0.2857142857142857,244,55.6168,Evergreen Supply,1.3571428571428572,Critical
Pink Small Jewelled Photoframe,0.3181818181818182,0.5,0.3181818181818182,0.5,54,55.242,ValueLink Distribution,1.6363636363636362,Critical
Bird Box Christmas Tree Decoration,0.5,0.5,0.1590909090909091,0.5,123,54.1569,Evergreen Supply,1.6590909090909092,Critical
Set/6 Black Snowflake T-Lights,0.5,0.5,0.0,0.5,185,52.166399999999996,Northstar Trading,1.5,Critical
Red Egg Spoon,0.29310344827586204,0.0,0.0,0.1206896551724138,458,51.2284,Northstar Trading,0.41379310344827586,Routine
Chrysanthemum Pocket Book,0.0,0.5,0.29545454545454547,0.29545454545454547,99,50.23259999999999,Northstar Trading,1.0909090909090908,Critical
Pink Patch Purse Blue Heart,0.0,0.5,0.0,0.2391304347826087,60,49.698,Metro Wholesale,0.7391304347826086,Routine
English Rose Notebook A6,0.0,0.5,0.0,0.1956521739130435,135,48.789,Gulf Source Co.,0.6956521739130435,Routine
Mirrored Wall Art Ladies,0.25,0.5,0.0,0.5,93,48.4419,Evergreen Supply,1.25,Critical
Icon Mug Revolutionary,0.5,0.5,0.0,0.19230769230769232,187,48.1338,ValueLink Distribution,1.1923076923076923,Critical
Economy Luggage Tag,0.0,0.5,0.0,0.16666666666666666,64,48.1135,Evergreen Supply,0.6666666666666666,Routine
Round Purple Clock With Sucker,0.21428571428571427,0.5,0.21428571428571427,0.2857142857142857,272,47.882999999999996,Metro Wholesale,1.2142857142857144,Critical
Blue Knitted Egg Cosy,0.0,0.5,0.29545454545454547,0.29545454545454547,105,47.7245,Apex Merchants,1.0909090909090908,Critical
Metal String With Clips,0.0,0.5,0.23809523809523808,0.0,106,46.9474,Prime Supply Partners,0.7380952380952381,Routine
Jacobs Ladder Small,0.0,0.5,0.20454545454545456,0.5,1281,45.3474,Evergreen Supply,1.2045454545454546,Critical
Texrio Tomatoes Candle+Cup,0.0,0.5,0.2857142857142857,0.2857142857142857,56,44.172799999999995,Prime Supply Partners,1.0714285714285714,Critical
Hanging Wood And Felt Heart,0.0,0.5,0.0,0.21428571428571427,168,44.1,ValueLink Distribution,0.7142857142857143,Routine
Vanilla Incense Cones In Tin,0.21428571428571427,0.5,0.0,0.2857142857142857,59,43.9901,Metro Wholesale,1.0,Critical
Pink Knitted Egg Cosy,0.0,0.5,0.25,0.25,95,43.6855,Apex Merchants,1.0,Critical
Red Pudding Spoon,0.1875,0.5,0.0,0.1875,333,43.632600000000004,Reliable Imports,0.875,Critical
Doggy Rubber,0.1875,0.5,0.0,0.3125,299,41.561,Evergreen Supply,1.0,Critical
Letter S Bling Key Ring,0.23809523809523808,0.5,0.0,0.0,79,40.652800000000006,Reliable Imports,0.7380952380952381,Routine
Letter Shape Pencil Sharpener,0.0,0.5,0.0,0.19230769230769232,848,40.623200000000004,Gulf Source Co.,0.6923076923076923,Routine
Black Petit Four Cases,0.3269230769230769,0.5,0.0,0.0,136,40.446400000000004,Global Goods Ltd.,0.8269230769230769,Critical
Black Orange Squeezer,0.5,0.5,0.19047619047619047,0.5,153,40.2849,Evergreen Supply,1.6904761904761905,Critical
Queen Skies Luggage Tag,0.32142857142857145,0.5,0.32142857142857145,0.0,52,39.26,Metro Wholesale,1.1428571428571428,Critical
Easter Bunny With Basket On Back,0.5,0.5,0.30952380952380953,0.5,118,38.6568,Summit Procurement,1.8095238095238095,Critical
Pink Fly Swat,0.22,0.5,0.28,0.22,88,38.3856,ValueLink Distribution,1.22,Critical
Gold Fabric Mirror,0.0,0.5,0.0,0.5,86,38.381,Northstar Trading,1.0,Critical
Painted Lightbulb Star+ Moon,0.5,0.5,0.0,0.5,156,38.202,Apex Merchants,1.5,Critical
Black Mini Tape Measure,0.5,0.5,0.0,0.0,84,36.9272,Northstar Trading,1.0,Critical
Letter A Bling Key Ring,0.29545454545454547,0.5,0.0,0.20454545454545456,58,34.5142,Evergreen Supply,1.0,Critical
Wrap Bad Hair Day,0.21428571428571427,0.5,0.21428571428571427,0.0,650,34.385,Apex Merchants,0.9285714285714286,Critical
Letter C Bling Key Ring,0.5,0.5,0.21428571428571427,0.5,73,34.0974,Summit Procurement,1.7142857142857142,Critical
Set/6 Green Spring Paper Cups,0.5,0.5,0.0,0.5,191,31.0114,Reliable Imports,1.5,Critical
Glow In Dark Dolphins,0.5,0.5,0.28,0.0,217,29.687800000000003,ValueLink Distribution,1.28,Critical
Colour Suction Cup Hook,0.3333333333333333,0.5,0.3333333333333333,0.5,246,28.708199999999998,Apex Merchants,1.6666666666666665,Critical
Vintage Gold Tinsel Reel,0.5,0.5,0.1956521739130435,0.1956521739130435,114,28.133,Prime Supply Partners,1.391304347826087,Critical
Blue Stones On Wire For Candle,0.5,0.5,0.0,0.23809523809523808,553,26.3564,Metro Wholesale,1.2380952380952381,Critical
Letter K Bling Key Ring,0.25,0.5,0.0,0.5,48,24.6645,Gulf Source Co.,1.25,Critical
Greeting Card Overcrowded Pool,0.0,0.5,0.5,0.0,212,23.807599999999997,Global Goods Ltd.,1.0,Critical
Letter J Bling Key Ring,0.0,0.5,0.0,0.30952380952380953,45,23.6172,ValueLink Distribution,0.8095238095238095,Critical
Greeting Card Rita,0.19047619047619047,0.5,0.19047619047619047,0.0,212,22.9172,Summit Procurement,0.8809523809523809,Critical
Letter E Bling Key Ring,0.5,0.5,0.0,0.5,41,22.0989,Prime Supply Partners,1.5,Critical
